{"authorDailyContributionsMap":{"chenguo3125":[],"CYW2004":[],"ZhuRong818":[{"date":"2025-09-21T00:00:00","commitResults":[{"hash":"7fed37b7dbffa954442f497de10a1db5712bc4cb","isMergeCommit":true,"messageTitle":"Merge pull request #1 from ZhuRong818/switch-docs-to-markbind","messageBody":"Switch docs to markbind","fileTypesAndContributionMap":{}},{"hash":"2c86a4d0fd774c58799e6fb253792756bedce70f","isMergeCommit":false,"messageTitle":"Update name baseUrl and site title to match ClubHub","messageBody":"","fileTypesAndContributionMap":{"docs":{"insertions":3,"deletions":2}}}]},{"date":"2025-09-26T00:00:00","commitResults":[{"hash":"13db05e4341e8bd055dbef2afcdc618978039edf","isMergeCommit":false,"messageTitle":"Fix AboutUs photo path and reference for zhurong818","messageBody":"","fileTypesAndContributionMap":{"docs":{"insertions":2,"deletions":2}}}]},{"date":"2025-09-30T00:00:00","commitResults":[{"hash":"8704614c8ad5e93bc826688dbaa29d6a9492ceb2","isMergeCommit":true,"messageTitle":"Merge pull request #4 from ZhuRong818/add-photo-zhurong","messageBody":"Add zhurong818 profile photo","fileTypesAndContributionMap":{}}]},{"date":"2025-10-01T00:00:00","commitResults":[{"hash":"38e630cf09004b554c1ed0dc4be34206459c3076","isMergeCommit":false,"messageTitle":"Add PR to milestone v 1.1 as practice","messageBody":"","fileTypesAndContributionMap":{"functional-code":{"insertions":1,"deletions":1},"docs":{"insertions":5,"deletions":5}}},{"hash":"d88c07164cadf1893136a8ddaa33440acbc0a12e","isMergeCommit":true,"messageTitle":"Merge pull request #9 from ZhuRong818/add-photo-zhurong","messageBody":"Add PR to milestone v 1.1 as practice","fileTypesAndContributionMap":{}}]}],"xiaotong0329":[],"jooh6969":[{"date":"2025-09-30T00:00:00","commitResults":[{"hash":"a6ac88c16633cb69f1cbec77144b8fc09f03add6","isMergeCommit":false,"messageTitle":"Add Remark command as tutorial exercise","messageBody":"","fileTypesAndContributionMap":{"functional-code":{"insertions":302,"deletions":56},"test-code":{"insertions":132,"deletions":38}}},{"hash":"5965d6fde452f0cbaa4fba44192efa68a85cd09a","isMergeCommit":false,"messageTitle":"Add RemarkCommand feature","messageBody":"","fileTypesAndContributionMap":{"functional-code":{"insertions":101,"deletions":95},"test-code":{"insertions":21,"deletions":22}}},{"hash":"03c16182c6a188056007300da51a6dcb36ba7d26","isMergeCommit":false,"messageTitle":"Fix Checkstyle errors in test files","messageBody":"","fileTypesAndContributionMap":{"test-code":{"insertions":51,"deletions":17}}}]},{"date":"2025-10-01T00:00:00","commitResults":[{"hash":"fe7da12e157e6e5360512595901c279b65b80f2a","isMergeCommit":true,"messageTitle":"Merge pull request #11 from jooh6969/add-photo-teckwee","messageBody":"Add photo teckwee","fileTypesAndContributionMap":{}}]}]},"authorFileTypeContributionMap":{"chenguo3125":{"docs":0,"functional-code":0,"test-code":0},"CYW2004":{"docs":0,"functional-code":0,"test-code":0},"ZhuRong818":{"docs":7,"functional-code":1,"test-code":0},"xiaotong0329":{"docs":0,"functional-code":0,"test-code":0},"jooh6969":{"docs":0,"functional-code":268,"test-code":147}},"authorContributionVariance":{"chenguo3125":0.0,"CYW2004":0.0,"ZhuRong818":11.621301,"xiaotong0329":0.0,"jooh6969":49507.098},"authorDisplayNameMap":{"chenguo3125":"CS2103T-T10-3 CHEN.. GUO","CYW2004":"CS2103T-T10-3 CAO ..EWEI","ZhuRong818":"CS2103T-T10-3 ZHU ..RONG","xiaotong0329":"CS2103T-T10-3 HUAN..TONG","jooh6969":"CS2103T-T10-3 TONG.. WEE"}}
