{"authorDailyContributionsMap":{"chenguo3125":[{"date":"2025-10-01T00:00:00","commitResults":[{"hash":"1b191cc3ae346330efc10d5cb6f8a105688b36fa","isMergeCommit":false,"messageTitle":"Update the AboutUs page","messageBody":"","fileTypesAndContributionMap":{"docs":{"insertions":4,"deletions":3}}}]},{"date":"2025-10-06T00:00:00","commitResults":[{"hash":"c9d5da018e35873b140df935b2a1c4ced1331d52","isMergeCommit":false,"messageTitle":"Modify AddPerson and EditPerson command","messageBody":"","fileTypesAndContributionMap":{"functional-code":{"insertions":750,"deletions":147}}},{"hash":"b3e13e35cfe11c38000d850a2d1d2f9a26f18d15","isMergeCommit":false,"messageTitle":"Add tests for member commands","messageBody":"","fileTypesAndContributionMap":{"functional-code":{"insertions":25,"deletions":316},"test-code":{"insertions":2256,"deletions":266}}},{"hash":"4e6e789e97d3ab88659791efc0a65371e842caba","isMergeCommit":false,"messageTitle":"Fix the style and test bugs","messageBody":"","fileTypesAndContributionMap":{"functional-code":{"insertions":50,"deletions":42},"docs":{"insertions":48,"deletions":48},"test-code":{"insertions":278,"deletions":294}}},{"hash":"deb11f00d0b6bf75492e48f71060558c7a753933","isMergeCommit":false,"messageTitle":"Fix whitespace","messageBody":"","fileTypesAndContributionMap":{"test-code":{"insertions":34,"deletions":94}}},{"hash":"2a1308563d12095ea28ba9017f703ec01844280a","isMergeCommit":false,"messageTitle":"Fix whitespace","messageBody":"","fileTypesAndContributionMap":{"test-code":{"insertions":1,"deletions":1}}},{"hash":"6e2f61b605c1e4f7be8b2bc90112975662348af4","isMergeCommit":false,"messageTitle":"Fix whitespace","messageBody":"","fileTypesAndContributionMap":{"test-code":{"insertions":11,"deletions":13}}},{"hash":"ae6ee15fbbdfd95042c29f6f0407e3d35155c636","isMergeCommit":false,"messageTitle":"Fix whitespace","messageBody":"","fileTypesAndContributionMap":{"test-code":{"insertions":12,"deletions":12}}},{"hash":"e071e4d9c07284afbc528d1c7b4ea5b0d3808a53","isMergeCommit":false,"messageTitle":"Fix whitespace","messageBody":"","fileTypesAndContributionMap":{"test-code":{"insertions":1,"deletions":1}}},{"hash":"4d879de986a06858dc36c4f997e5c91db6496685","isMergeCommit":false,"messageTitle":"Fix Stylecheck","messageBody":"","fileTypesAndContributionMap":{"test-code":{"insertions":268,"deletions":359}}},{"hash":"9b551c1d89472ec69d75bd1fc22f70b7446ccfdc","isMergeCommit":false,"messageTitle":"Fix tests","messageBody":"","fileTypesAndContributionMap":{"test-code":{"insertions":35,"deletions":98}}},{"hash":"aaaa5b8d597245826afb2a3f126ce28d10e79f99","isMergeCommit":false,"messageTitle":"Fix tests","messageBody":"","fileTypesAndContributionMap":{"test-code":{"insertions":37,"deletions":17}}}]},{"date":"2025-10-13T00:00:00","commitResults":[{"hash":"ec9610565036cc3548c2d6619bb652fb35f27272","isMergeCommit":false,"messageTitle":"Add basic task features","messageBody":"","fileTypesAndContributionMap":{"functional-code":{"insertions":1243,"deletions":8},"test-code":{"insertions":104,"deletions":4}}},{"hash":"eefc1ab5cdb8cf2b5046c06f18a2256a12c437d7","isMergeCommit":false,"messageTitle":"Add more tests","messageBody":"","fileTypesAndContributionMap":{"functional-code":{"insertions":9,"deletions":3},"test-code":{"insertions":1501,"deletions":0}}},{"hash":"42920141293893b993964b06472d28df8b4f20af","isMergeCommit":false,"messageTitle":"Add more logic tests","messageBody":"","fileTypesAndContributionMap":{"test-code":{"insertions":15,"deletions":0}}}]}],"CYW2004":[{"date":"2025-10-02T00:00:00","commitResults":[{"hash":"22e667da18981395c9121a4c178badc7064d0668","isMergeCommit":false,"messageTitle":"Update profile photo","messageBody":"","fileTypesAndContributionMap":{"docs":{"insertions":3,"deletions":3}}},{"hash":"8c9886e1f797d9eec2685fb9cd85d48b5d410240","isMergeCommit":true,"messageTitle":"Merge pull request #21 from CYW2004/master","messageBody":"Update profile photo","fileTypesAndContributionMap":{}},{"hash":"71034f36413795092f932391f5178fdf11876628","isMergeCommit":false,"messageTitle":"Update profile photo","messageBody":"","fileTypesAndContributionMap":{"docs":{"insertions":1,"deletions":1}}},{"hash":"feea432c1f2e8284eb53dbe2737b09ab7f9db748","isMergeCommit":true,"messageTitle":"Merge pull request #23 from CYW2004/master","messageBody":"Update profile photo","fileTypesAndContributionMap":{}},{"hash":"ef84b988521ab028e9d46ce30858c9b92e5a1880","isMergeCommit":false,"messageTitle":"Update photo","messageBody":"","fileTypesAndContributionMap":{"docs":{"insertions":1,"deletions":0}}},{"hash":"bb60ddfdf042418f57eb333de951cf190760702b","isMergeCommit":true,"messageTitle":"Merge pull request #27 from CYW2004/update-photo","messageBody":"Update photo","fileTypesAndContributionMap":{}}]},{"date":"2025-10-03T00:00:00","commitResults":[{"hash":"053960a7dfb8ffc1e1b0c14512ed27440619ab7d","isMergeCommit":false,"messageTitle":"Update photo","messageBody":"","fileTypesAndContributionMap":{"docs":{"insertions":2,"deletions":2}}},{"hash":"5a30e078945e1626bebfef93aa095d3967e7994a","isMergeCommit":true,"messageTitle":"Merge pull request #28 from CYW2004/update-photo","messageBody":"Update photo","fileTypesAndContributionMap":{}}]},{"date":"2025-10-04T00:00:00","commitResults":[{"hash":"80a927f9948b9c22d648e70aedebce0e57535d25","isMergeCommit":false,"messageTitle":"Add event class","messageBody":"Add event class and implement relevant code changes\n- Create addEventCommand, deleteEventCommand, and their relevant parsers\n- Update model, ui, and storage\n- Create relevant tests for new classes and commands\n","fileTypesAndContributionMap":{"functional-code":{"insertions":1073,"deletions":11},"test-code":{"insertions":897,"deletions":60}}},{"hash":"c307b952f2b715a88c350e980f11165bdc21a696","isMergeCommit":false,"messageTitle":"Fix build failure issues","messageBody":"","fileTypesAndContributionMap":{"functional-code":{"insertions":5,"deletions":4},"test-code":{"insertions":11,"deletions":9}}},{"hash":"e4937af55b1ff8cee122ecd53a5d6f4ebd0367c2","isMergeCommit":false,"messageTitle":"Fix checkstyle issues","messageBody":"","fileTypesAndContributionMap":{"test-code":{"insertions":31,"deletions":32}}},{"hash":"9c377e0587c6d5564b212463b0ebf55cacdfb97e","isMergeCommit":false,"messageTitle":"Fix command checkstyle issues","messageBody":"","fileTypesAndContributionMap":{"test-code":{"insertions":0,"deletions":48}}},{"hash":"f93853d601d39cbd03870bdf43169bf2819c1716","isMergeCommit":false,"messageTitle":"Fix command checkstyle issues","messageBody":"","fileTypesAndContributionMap":{"test-code":{"insertions":14,"deletions":9}}},{"hash":"a46a39df12b18768ec82801095b9140304dae6f8","isMergeCommit":false,"messageTitle":"Fix command checkstyle issues","messageBody":"","fileTypesAndContributionMap":{"functional-code":{"insertions":6,"deletions":6}}},{"hash":"4862c6a3fa8af001f3dcd644a19ecf866639278c","isMergeCommit":false,"messageTitle":"Fix command checkstyle issues","messageBody":"","fileTypesAndContributionMap":{"functional-code":{"insertions":0,"deletions":5},"other":{"insertions":2,"deletions":2},"test-code":{"insertions":2,"deletions":3}}},{"hash":"c823ad829e9cbb405465cdb1b1ebb37b09e411fb","isMergeCommit":false,"messageTitle":"Add tests for event feature methods","messageBody":"","fileTypesAndContributionMap":{"functional-code":{"insertions":1,"deletions":1},"test-code":{"insertions":940,"deletions":0}}},{"hash":"e90220663a81cb9706a75febefdc9db3be82a9a6","isMergeCommit":false,"messageTitle":"Solve checkstyle issues","messageBody":"","fileTypesAndContributionMap":{"test-code":{"insertions":0,"deletions":2}}},{"hash":"2daea585302db8b3a28a2f518e374b77479e70f6","isMergeCommit":true,"messageTitle":"Merge pull request #39 from CYW2004/add-event-class","messageBody":"Add event feature","fileTypesAndContributionMap":{}}]},{"date":"2025-10-14T00:00:00","commitResults":[{"hash":"c2f35d0a2c8fba6dd381214f7fd139be9646fc7c","isMergeCommit":true,"messageTitle":"Merge pull request #53 from ZhuRong818/Update-Attendancestats","messageBody":"Implement attendance stats update and event summary","fileTypesAndContributionMap":{}}]}],"ZhuRong818":[{"date":"2025-09-21T00:00:00","commitResults":[{"hash":"7fed37b7dbffa954442f497de10a1db5712bc4cb","isMergeCommit":true,"messageTitle":"Merge pull request #1 from ZhuRong818/switch-docs-to-markbind","messageBody":"Switch docs to markbind","fileTypesAndContributionMap":{}},{"hash":"2c86a4d0fd774c58799e6fb253792756bedce70f","isMergeCommit":false,"messageTitle":"Update name baseUrl and site title to match ClubHub","messageBody":"","fileTypesAndContributionMap":{"docs":{"insertions":3,"deletions":2}}}]},{"date":"2025-09-26T00:00:00","commitResults":[{"hash":"13db05e4341e8bd055dbef2afcdc618978039edf","isMergeCommit":false,"messageTitle":"Fix AboutUs photo path and reference for zhurong818","messageBody":"","fileTypesAndContributionMap":{"docs":{"insertions":2,"deletions":2}}}]},{"date":"2025-09-30T00:00:00","commitResults":[{"hash":"8704614c8ad5e93bc826688dbaa29d6a9492ceb2","isMergeCommit":true,"messageTitle":"Merge pull request #4 from ZhuRong818/add-photo-zhurong","messageBody":"Add zhurong818 profile photo","fileTypesAndContributionMap":{}}]},{"date":"2025-10-01T00:00:00","commitResults":[{"hash":"38e630cf09004b554c1ed0dc4be34206459c3076","isMergeCommit":false,"messageTitle":"Add PR to milestone v 1.1 as practice","messageBody":"","fileTypesAndContributionMap":{"functional-code":{"insertions":1,"deletions":1},"docs":{"insertions":5,"deletions":5}}},{"hash":"d88c07164cadf1893136a8ddaa33440acbc0a12e","isMergeCommit":true,"messageTitle":"Merge pull request #9 from ZhuRong818/add-photo-zhurong","messageBody":"Add PR to milestone v 1.1 as practice","fileTypesAndContributionMap":{}}]},{"date":"2025-10-03T00:00:00","commitResults":[{"hash":"1eb9fa30830b57192cd1d9d796f5764c1cc997cb","isMergeCommit":false,"messageTitle":"Refine Aboutus.md","messageBody":"","fileTypesAndContributionMap":{"docs":{"insertions":3,"deletions":2}}},{"hash":"73fd2a7112c85b66fe9d023389f4d8580aec39b3","isMergeCommit":true,"messageTitle":"Merge branch \u0027master\u0027 of https://github.com/ZhuRong818/tp","messageBody":"","fileTypesAndContributionMap":{}},{"hash":"51137f53b77ac7f8fb3410ce1afc6fca29b08363","isMergeCommit":false,"messageTitle":"Update README.md with CI badge and remove AB3 traces","messageBody":"","fileTypesAndContributionMap":{"docs":{"insertions":12,"deletions":12}}},{"hash":"096adc189ea76c0d8f896db951fa5586f1d9966b","isMergeCommit":true,"messageTitle":"Merge pull request #33 from ZhuRong818/update-readme","messageBody":"Update readme","fileTypesAndContributionMap":{}}]},{"date":"2025-10-08T00:00:00","commitResults":[{"hash":"bc3392618eddc6e7cae6469c7c182c187dd83a85","isMergeCommit":false,"messageTitle":"Add mark attendance feature","messageBody":"","fileTypesAndContributionMap":{"functional-code":{"insertions":623,"deletions":4},"docs":{"insertions":29,"deletions":0},"test-code":{"insertions":512,"deletions":0}}},{"hash":"75a2660394452f9d214f7bf4aa154dff41d390a7","isMergeCommit":false,"messageTitle":"Implement mark attendance and view attendance features","messageBody":"","fileTypesAndContributionMap":{"functional-code":{"insertions":53,"deletions":27},"test-code":{"insertions":40,"deletions":151}}}]},{"date":"2025-10-14T00:00:00","commitResults":[{"hash":"a201923348c0e12deac7915f1a041289d2b0edb1","isMergeCommit":true,"messageTitle":"Merge pull request #51 from chenguo3125/branch-task","messageBody":"Add basic task features","fileTypesAndContributionMap":{}},{"hash":"c4bd16632879bf39e9900e74cdd8ed1ad6cb4ef3","isMergeCommit":false,"messageTitle":"Implement attendance stats update and event summary","messageBody":"","fileTypesAndContributionMap":{"functional-code":{"insertions":572,"deletions":47},"test-code":{"insertions":76,"deletions":20}}}]}],"xiaotong0329":[{"date":"2025-10-01T00:00:00","commitResults":[{"hash":"7958b001227356676fb9ec4d4074ed4e8293481f","isMergeCommit":false,"messageTitle":"Update the AboutUs pagefor xiaotong0329","messageBody":"","fileTypesAndContributionMap":{"docs":{"insertions":3,"deletions":3}}},{"hash":"8bc3595be922398c89497200feea46566644687b","isMergeCommit":true,"messageTitle":"Merge pull request #15 from chenguo3125/branch-AboutUs","messageBody":"Update the AboutUs Page - Chen Guo","fileTypesAndContributionMap":{}},{"hash":"b146ef601a8be5b8f812173a02005fc3c615bb83","isMergeCommit":true,"messageTitle":"Merge pull request #17 from xiaotong0329/add-profile-photo","messageBody":"Add profile photo for xiaotong0329","fileTypesAndContributionMap":{}},{"hash":"8fca51af5a6e9479456b9bf39e3547b3b85d0285","isMergeCommit":true,"messageTitle":"Merge pull request #19 from xiaotong0329/update-aboutus","messageBody":"Update AboutUs page - xiaotong","fileTypesAndContributionMap":{}}]},{"date":"2025-10-03T00:00:00","commitResults":[{"hash":"5fa73a3561abf584a872ada264812e141ead7ec8","isMergeCommit":false,"messageTitle":"Add new line at the end of README","messageBody":"","fileTypesAndContributionMap":{"docs":{"insertions":1,"deletions":1}}},{"hash":"4c60ed089fd8e4a950086c0a7669e310ed74245d","isMergeCommit":true,"messageTitle":"Merge pull request #35 from xiaotong0329/master","messageBody":"Update member photo","fileTypesAndContributionMap":{}}]},{"date":"2025-10-06T00:00:00","commitResults":[{"hash":"d8a954d658dc1bcb0fc75dd17cb1214719c8e32c","isMergeCommit":false,"messageTitle":"Add redo and undo command to support reversible actions in address book","messageBody":"","fileTypesAndContributionMap":{"functional-code":{"insertions":350,"deletions":11},"docs":{"insertions":77,"deletions":0},"test-code":{"insertions":428,"deletions":0}}},{"hash":"57cd5a0ddd8e0b18d1b2ab83474477f486ec9897","isMergeCommit":false,"messageTitle":"Add redo and undo command to support reversible actions in address book","messageBody":"","fileTypesAndContributionMap":{"functional-code":{"insertions":7,"deletions":7},"docs":{"insertions":3,"deletions":3},"test-code":{"insertions":45,"deletions":45}}},{"hash":"970da0a0d52baa74783130738f7e2a5787f0a94a","isMergeCommit":false,"messageTitle":"Fix wrong lexicographical order for imports and the delete the unused imports","messageBody":"","fileTypesAndContributionMap":{"functional-code":{"insertions":1,"deletions":3}}},{"hash":"cc7feb60a2cb5f284d422ce9a6e18fa222d6416e","isMergeCommit":true,"messageTitle":"Merge pull request #44 from xiaotong0329/undo-command-feature","messageBody":"Undo command feature","fileTypesAndContributionMap":{}},{"hash":"42e644d849225ebdef3e5f449e9906c419a97e5d","isMergeCommit":true,"messageTitle":"Merge branch \u0027master\u0027 into branch-member","messageBody":"","fileTypesAndContributionMap":{}},{"hash":"945540a674a5b3eecceb6eb1749c18d613f383e1","isMergeCommit":true,"messageTitle":"Merge pull request #45 from chenguo3125/branch-member","messageBody":"Modify Add and Edit Commands with tests","fileTypesAndContributionMap":{}}]}],"jooh6969":[{"date":"2025-09-30T00:00:00","commitResults":[{"hash":"a6ac88c16633cb69f1cbec77144b8fc09f03add6","isMergeCommit":false,"messageTitle":"Add Remark command as tutorial exercise","messageBody":"","fileTypesAndContributionMap":{"functional-code":{"insertions":302,"deletions":56},"test-code":{"insertions":132,"deletions":38}}},{"hash":"5965d6fde452f0cbaa4fba44192efa68a85cd09a","isMergeCommit":false,"messageTitle":"Add RemarkCommand feature","messageBody":"","fileTypesAndContributionMap":{"functional-code":{"insertions":101,"deletions":95},"test-code":{"insertions":21,"deletions":22}}},{"hash":"03c16182c6a188056007300da51a6dcb36ba7d26","isMergeCommit":false,"messageTitle":"Fix Checkstyle errors in test files","messageBody":"","fileTypesAndContributionMap":{"test-code":{"insertions":51,"deletions":17}}}]},{"date":"2025-10-01T00:00:00","commitResults":[{"hash":"fe7da12e157e6e5360512595901c279b65b80f2a","isMergeCommit":true,"messageTitle":"Merge pull request #11 from jooh6969/add-photo-teckwee","messageBody":"Add photo teckwee","fileTypesAndContributionMap":{}}]},{"date":"2025-10-02T00:00:00","commitResults":[{"hash":"b18a3704eaacab08737a14498c22c85ac5baa9ec","isMergeCommit":false,"messageTitle":"Update AboutUs","messageBody":"","fileTypesAndContributionMap":{"docs":{"insertions":10,"deletions":0}}},{"hash":"05c4c3cce63f2a6d073f9471f2682ac380799842","isMergeCommit":true,"messageTitle":"Merge pull request #24 from jooh6969/master","messageBody":"Update AboutUs","fileTypesAndContributionMap":{}},{"hash":"8e8176f6b2eb0fc55b6741ba6eb5f861184cc271","isMergeCommit":false,"messageTitle":"Update name in AboutUs","messageBody":"","fileTypesAndContributionMap":{"docs":{"insertions":1,"deletions":1}}},{"hash":"0daa7115f3b2d28fd4e5f95b3c108306398e2d6a","isMergeCommit":true,"messageTitle":"Merge pull request #26 from jooh6969/add-photo","messageBody":"Update name in AboutUs","fileTypesAndContributionMap":{}}]},{"date":"2025-10-03T00:00:00","commitResults":[{"hash":"4f62e072dc3a0f739f4db028fb323af283a999c1","isMergeCommit":false,"messageTitle":"Update DeveloperGuide","messageBody":"","fileTypesAndContributionMap":{"docs":{"insertions":434,"deletions":49}}},{"hash":"b886922758aafc81f212ed851171678f8ba2c1f0","isMergeCommit":true,"messageTitle":"Merge pull request #32 from jooh6969/add-photo","messageBody":"Update DeveloperGuide","fileTypesAndContributionMap":{}}]},{"date":"2025-10-08T00:00:00","commitResults":[{"hash":"e09155275ddaed177eac1a853a49189b29adb593","isMergeCommit":true,"messageTitle":"Merge pull request #47 from ZhuRong818/mark-attendence","messageBody":"Add mark attendance feature","fileTypesAndContributionMap":{}},{"hash":"5481930b84b682ee66695f53c1ae78729e920e9a","isMergeCommit":false,"messageTitle":"Add import and export feature","messageBody":"","fileTypesAndContributionMap":{"functional-code":{"insertions":438,"deletions":4},"test-code":{"insertions":276,"deletions":0}}},{"hash":"1e7accb8b1e0ee9f9066f7243912a84f6b789753","isMergeCommit":true,"messageTitle":"Merge branch \u0027master\u0027 into feature/import-export","messageBody":"MERGE CONFLICTS\n","fileTypesAndContributionMap":{}}]},{"date":"2025-10-09T00:00:00","commitResults":[{"hash":"2d70f9206f68b18a65900edd3dd830ab56b6403c","isMergeCommit":false,"messageTitle":"Fix for Windows CI","messageBody":"","fileTypesAndContributionMap":{"test-code":{"insertions":1,"deletions":1}}},{"hash":"ed8ed3e75817ebde38b34c1c2a707da2f03428df","isMergeCommit":true,"messageTitle":"Merge pull request #49 from jooh6969/feature/import-export","messageBody":"Feature/import export","fileTypesAndContributionMap":{}}]}]},"authorFileTypeContributionMap":{"chenguo3125":{"docs":3,"functional-code":1954,"test-code":3807},"CYW2004":{"docs":4,"functional-code":1059,"test-code":1768,"other":2},"ZhuRong818":{"docs":49,"functional-code":1174,"test-code":472},"xiaotong0329":{"docs":80,"functional-code":335,"test-code":428},"jooh6969":{"docs":420,"functional-code":456,"test-code":305}},"authorContributionVariance":{"chenguo3125":1385384.5,"CYW2004":372450.72,"ZhuRong818":92159.26,"xiaotong0329":35496.0,"jooh6969":49405.83},"authorDisplayNameMap":{"chenguo3125":"CS2103T-T10-3 CHEN.. GUO","CYW2004":"CS2103T-T10-3 CAO ..EWEI","ZhuRong818":"CS2103T-T10-3 ZHU ..RONG","xiaotong0329":"CS2103T-T10-3 HUAN..TONG","jooh6969":"CS2103T-T10-3 TONG.. WEE"}}
