{"authorDailyContributionsMap":{"Cleaach":[{"date":"2025-10-01T00:00:00","commitResults":[{"hash":"22166856f5410a6adb4d5db697875dec624ceedf","isMergeCommit":false,"messageTitle":"Update Clement\u0027s AboutUs page","messageBody":"","fileTypesAndContributionMap":{"docs":{"insertions":5,"deletions":44}}},{"hash":"504c9170760dbab27b6c4d9cac609d251ee2529c","isMergeCommit":false,"messageTitle":"Update site-wide settings","messageBody":"","fileTypesAndContributionMap":{"other":{"insertions":2,"deletions":2}}}]},{"date":"2025-10-02T00:00:00","commitResults":[{"hash":"fc033177f8c3d4e4e190a48fa751ff665833d455","isMergeCommit":false,"messageTitle":"Update AboutUs.md","messageBody":"","fileTypesAndContributionMap":{"docs":{"insertions":2,"deletions":1}}},{"hash":"0415c184e814ee7ff04560be16dab51a00aecc0c","isMergeCommit":true,"messageTitle":"Merge branch \u0027master\u0027 into update-aboutus","messageBody":"","fileTypesAndContributionMap":{}},{"hash":"5f1f218743d844423db074b85d4d8321de991e1d","isMergeCommit":true,"messageTitle":"Merge pull request #22 from dylandaaa/update-aboutus","messageBody":"Update Dylan\u0027s AboutUs page","fileTypesAndContributionMap":{}},{"hash":"4856708cd165acd1d9c4a4e4ca74880de69a7af1","isMergeCommit":true,"messageTitle":"Merge pull request #16 from xxdydx/update-dg-nfr-stories","messageBody":"Added user stories and NFRs","fileTypesAndContributionMap":{}}]},{"date":"2025-10-09T00:00:00","commitResults":[{"hash":"28098cc234d81b10673b34ebb32e82f61a047cea","isMergeCommit":true,"messageTitle":"Merge pull request #37 from CelineTj16/add-date-celine","messageBody":"Add WeddingDate object + parser","fileTypesAndContributionMap":{}},{"hash":"c4f9f24f85ea77e116758cba99ee87d461d6cdbf","isMergeCommit":false,"messageTitle":"Add wedding dates to GUI","messageBody":"","fileTypesAndContributionMap":{"functional-code":{"insertions":146,"deletions":28},"test-code":{"insertions":44,"deletions":11}}}]},{"date":"2025-10-10T00:00:00","commitResults":[{"hash":"2fdefa840cc53fd27f6a2eaa4e0b19c394c83be7","isMergeCommit":false,"messageTitle":"Delete duplicate WeddingDate implementation","messageBody":"","fileTypesAndContributionMap":{"functional-code":{"insertions":22,"deletions":82},"other":{"insertions":581,"deletions":0},"test-code":{"insertions":38,"deletions":20}}},{"hash":"ee1310a1c974b3de57c3a9f69f2924092ccccf5c","isMergeCommit":false,"messageTitle":"Remove bin","messageBody":"","fileTypesAndContributionMap":{"other":{"insertions":0,"deletions":581}}},{"hash":"8263bf6849d793f04d3e0ebcd73254a60837d58f","isMergeCommit":false,"messageTitle":"Fix failed tests","messageBody":"","fileTypesAndContributionMap":{"test-code":{"insertions":60,"deletions":33}}}]},{"date":"2025-10-11T00:00:00","commitResults":[{"hash":"d00074225b840820f1df426dfdef1bda28a94813","isMergeCommit":true,"messageTitle":"Merge pull request #47 from dylandaaa/list-add-contact-counter","messageBody":"Add result counter to list command","fileTypesAndContributionMap":{}},{"hash":"15121217af0806eb9bcf70c4b4992b74a59e6198","isMergeCommit":false,"messageTitle":"Add sync to GitHub workflow","messageBody":"","fileTypesAndContributionMap":{"other":{"insertions":4,"deletions":1}}}]},{"date":"2025-10-13T00:00:00","commitResults":[{"hash":"45b87fe0707f8b59cd45b13af0991888787805b0","isMergeCommit":true,"messageTitle":"Merge branch \u0027master\u0027 into add-date-to-ui-3-clement","messageBody":"","fileTypesAndContributionMap":{}},{"hash":"b8b511902732b9aef8ec2eb0ae8e189d3bf9eb89","isMergeCommit":false,"messageTitle":"Remove trailing whitespace","messageBody":"","fileTypesAndContributionMap":{"functional-code":{"insertions":1,"deletions":1}}},{"hash":"26edbbc324937b2a81c5617e11f2902f2ea7a4ba","isMergeCommit":false,"messageTitle":"Remove trailing whitespace","messageBody":"","fileTypesAndContributionMap":{"functional-code":{"insertions":1,"deletions":1}}},{"hash":"37807d839fe96434f204f8515abcd919caf56682","isMergeCommit":false,"messageTitle":"Remove trailing whitespace","messageBody":"","fileTypesAndContributionMap":{"functional-code":{"insertions":1,"deletions":1}}},{"hash":"25e3ab910587e2e821626d04a889818bf52373be","isMergeCommit":false,"messageTitle":"Add missing comma","messageBody":"","fileTypesAndContributionMap":{"functional-code":{"insertions":3,"deletions":7}}},{"hash":"d3651d46c6e6948bf73ff9e5f51cecc4d5c060b2","isMergeCommit":false,"messageTitle":"Fix checkstyle","messageBody":"","fileTypesAndContributionMap":{"functional-code":{"insertions":17,"deletions":11},"test-code":{"insertions":66,"deletions":33}}}]},{"date":"2025-10-14T00:00:00","commitResults":[{"hash":"18705501b2c36c741167dbbfe025f1382f877763","isMergeCommit":false,"messageTitle":"Fix test errors","messageBody":"","fileTypesAndContributionMap":{"functional-code":{"insertions":3,"deletions":2},"other":{"insertions":1,"deletions":4},"test-code":{"insertions":48,"deletions":23}}}]},{"date":"2025-10-15T00:00:00","commitResults":[{"hash":"f3d070e729a6ec7e417c2772975ad141b9b17dd8","isMergeCommit":true,"messageTitle":"Merge pull request #54 from CelineTj16/type-field-celine","messageBody":"Type field celine","fileTypesAndContributionMap":{}},{"hash":"114242c7bc66914994082e1f1d596a4d63e17637","isMergeCommit":false,"messageTitle":"Update DG","messageBody":"","fileTypesAndContributionMap":{"docs":{"insertions":260,"deletions":1}}}]},{"date":"2025-10-16T00:00:00","commitResults":[{"hash":"bc37c6cf0da99523f44cec61d900db8e5523bb37","isMergeCommit":false,"messageTitle":"Remove F1 and fix type/","messageBody":"","fileTypesAndContributionMap":{"docs":{"insertions":5,"deletions":5}}},{"hash":"a37df940182c4928dfd28e4f03f4628e3f98c2e0","isMergeCommit":false,"messageTitle":"Add tag \u003d category note","messageBody":"","fileTypesAndContributionMap":{"docs":{"insertions":1,"deletions":1}}},{"hash":"47c1ec25a2d0da529e27d5264887593be6468393","isMergeCommit":false,"messageTitle":"Fix client and vendor linking syntax","messageBody":"","fileTypesAndContributionMap":{"docs":{"insertions":10,"deletions":10}}},{"hash":"5270d5e1e6b523540277330ab725a60a9e0ab0b8","isMergeCommit":false,"messageTitle":"Enhance help window (#56)","messageBody":"","fileTypesAndContributionMap":{"functional-code":{"insertions":80,"deletions":88}}},{"hash":"a00b4b60a86433dc972fbc2a9dade830048a2daa","isMergeCommit":true,"messageTitle":"Merge pull request #65 from javierlimt6/javier-add-link-unlink-command","messageBody":"Add Link Unlink command","fileTypesAndContributionMap":{}}]},{"date":"2025-10-22T00:00:00","commitResults":[{"hash":"f897ac3ae8f2adcb995bd9e5463ba364c509f735","isMergeCommit":false,"messageTitle":"Update User Guide","messageBody":"","fileTypesAndContributionMap":{"docs":{"insertions":324,"deletions":81}}}]},{"date":"2025-10-23T00:00:00","commitResults":[{"hash":"3d32279587514f11f823d7aeb68839643b9f00e0","isMergeCommit":false,"messageTitle":"Fix image imports for User Guide","messageBody":"","fileTypesAndContributionMap":{"docs":{"insertions":2,"deletions":2}}},{"hash":"f8c47e52cca999e24f297e133c4a3f874e0f7b6f","isMergeCommit":true,"messageTitle":"Merge pull request #106 from xxdydx/inconsistency-date-formats","messageBody":"Standardize wedding date format to YYYY-MM-DD","fileTypesAndContributionMap":{}},{"hash":"ad88b1ecdc435dfb6fa292a3c7f0896e0aaf6f27","isMergeCommit":false,"messageTitle":"Make input textbox wrap around and taller","messageBody":"","fileTypesAndContributionMap":{"functional-code":{"insertions":24,"deletions":8}}},{"hash":"c0bc710ddb31cdb4f6d5a977e9b4d4ac1214178a","isMergeCommit":false,"messageTitle":"Enable assertions in run configuration","messageBody":"","fileTypesAndContributionMap":{"other":{"insertions":4,"deletions":0}}},{"hash":"ead8535cdafbd426c127f6ac6bd2bf87cc667aa7","isMergeCommit":true,"messageTitle":"Merge branch \u0027master\u0027 into remove-wedding-date-vendor","messageBody":"","fileTypesAndContributionMap":{}},{"hash":"c850a59b373da09ee6e3d0e17f8f8a971f23827d","isMergeCommit":true,"messageTitle":"Merge pull request #93 from xxdydx/remove-wedding-date-vendor","messageBody":"Remove wedding date from vendor model","fileTypesAndContributionMap":{}},{"hash":"d0b01918f13c6835c461252156ee13103838db51","isMergeCommit":false,"messageTitle":"Remove trailing whitespace","messageBody":"","fileTypesAndContributionMap":{"functional-code":{"insertions":3,"deletions":3}}},{"hash":"e8a76645bc0b54e46078ffd726c9f905f110e649","isMergeCommit":false,"messageTitle":"Change price/budget display format to include $ and ,","messageBody":"","fileTypesAndContributionMap":{"functional-code":{"insertions":78,"deletions":28},"test-code":{"insertions":48,"deletions":29}}},{"hash":"189af83e06ad59f896ee0cb357ddf0b3e6e95bf5","isMergeCommit":true,"messageTitle":"Merge pull request #98 from dylandaaa/bug-tag-special-character","messageBody":"Bug tag special character","fileTypesAndContributionMap":{}},{"hash":"d94e668788f76a9e73bcb56d873b39f941dd6cae","isMergeCommit":true,"messageTitle":"Merge pull request #85 from dylandaaa/update-user-guide","messageBody":"Update user guide","fileTypesAndContributionMap":{}},{"hash":"9a199b03f4131c5f08d34ec42671fe1dfa9726da","isMergeCommit":true,"messageTitle":"Merge branch \u0027master\u0027 into ca3-draft-clement","messageBody":"","fileTypesAndContributionMap":{}},{"hash":"3b071b024f366a2471a25fa13f207420c78b4515","isMergeCommit":false,"messageTitle":"Update 3-15 to 8 digits","messageBody":"","fileTypesAndContributionMap":{"docs":{"insertions":2,"deletions":2}}},{"hash":"923279d0b356b63ed8eb193a6b848ded280c3393","isMergeCommit":false,"messageTitle":"Add negative testcase for prices with whitespace","messageBody":"","fileTypesAndContributionMap":{"test-code":{"insertions":2,"deletions":0}}},{"hash":"611edae42e83377eb0360d486fd918891630e95b","isMergeCommit":true,"messageTitle":"Merge pull request #100 from dylandaaa/bug-name-special-character","messageBody":"Update the name to allow certain special characters","fileTypesAndContributionMap":{}},{"hash":"14a7174bd8252b08b10361231b04785632cfaf30","isMergeCommit":false,"messageTitle":"Remove tag from clients","messageBody":"","fileTypesAndContributionMap":{"functional-code":{"insertions":36,"deletions":4},"test-code":{"insertions":64,"deletions":53}}},{"hash":"e0502294625e03999e5c22d1b152c26d3ec7dc47","isMergeCommit":true,"messageTitle":"Merge pull request #121 from dylandaaa/bug-sample-data","messageBody":"Update Sample Data to match the more recent format","tags":["v1.4"],"fileTypesAndContributionMap":{}}]},{"date":"2025-10-29T00:00:00","commitResults":[{"hash":"5301a50986041bcabf123d034fb730c0cfa41b9b","isMergeCommit":false,"messageTitle":"Fix cat and find message pluralization","messageBody":"","fileTypesAndContributionMap":{"functional-code":{"insertions":9,"deletions":5},"test-code":{"insertions":8,"deletions":8}}},{"hash":"bfaf09255bafc400331db6ab3d824b9d345fb591","isMergeCommit":false,"messageTitle":"Add partners to vendors\u0027 linked clients info","messageBody":"","fileTypesAndContributionMap":{"functional-code":{"insertions":3,"deletions":2}}},{"hash":"b00b498e5f7d9cf91c9ee02fa5f0887061d4fff3","isMergeCommit":false,"messageTitle":"Add instruction to use list after cat and find","messageBody":"","fileTypesAndContributionMap":{"functional-code":{"insertions":15,"deletions":5},"test-code":{"insertions":14,"deletions":9}}},{"hash":"fe3ab3a8cca00687b38597347899811e369dde59","isMergeCommit":false,"messageTitle":"Add different response when clear is used on a cleared address book","messageBody":"","fileTypesAndContributionMap":{"functional-code":{"insertions":7,"deletions":0},"test-code":{"insertions":2,"deletions":2}}},{"hash":"18963b3bb6a963d130b1d58ae3cea6f4f6f799e0","isMergeCommit":false,"messageTitle":"Add different response when clear is used on a cleared address book (#164)","messageBody":"","fileTypesAndContributionMap":{"functional-code":{"insertions":7,"deletions":0},"test-code":{"insertions":2,"deletions":2}}},{"hash":"3e95a3e6e005566cc7a6a9a91b09d8bd7e819ec8","isMergeCommit":false,"messageTitle":"Rename JAR (#166)","messageBody":"* Add different response when clear is used on a cleared address book\n\n* Rename addressbook.jar to KnotBook.jar","fileTypesAndContributionMap":{"other":{"insertions":1,"deletions":1}}},{"hash":"e5cfdfe5e5e24ff6dcdb7de02b7d44fd023dac7b","isMergeCommit":true,"messageTitle":"Merge branch \u0027master\u0027 of https://github.com/Cleaach/tp","messageBody":"","fileTypesAndContributionMap":{}},{"hash":"3a0d0440888509ec8e9b7d2be16b76552786b573","isMergeCommit":true,"messageTitle":"Merge pull request #165 from javierlimt6/wrong-wedding-format-javier","messageBody":"fix wrong wedding format","fileTypesAndContributionMap":{}},{"hash":"aa4974de936c9f4892386aa02f1cc06f4201d0da","isMergeCommit":true,"messageTitle":"Merge pull request #163 from javierlimt6/wrong-tags-formatting-javier","messageBody":"fix wrong tag format","fileTypesAndContributionMap":{}},{"hash":"4abf964a70a7efe2eb8e911b03f1218dc4a2cc9f","isMergeCommit":true,"messageTitle":"Merge branch \u0027master\u0027 of https://github.com/Cleaach/tp","messageBody":"","fileTypesAndContributionMap":{}},{"hash":"d8fd2e437dcdd983c2e1c672e850d56f1ec6b70c","isMergeCommit":false,"messageTitle":"Make type labels uncollapsible","messageBody":"","fileTypesAndContributionMap":{"functional-code":{"insertions":5,"deletions":1}}},{"hash":"e4dd7f5e3da60fac3c8a430a6031cfe434f5e1c8","isMergeCommit":false,"messageTitle":"Make contact list have a minimum width (#175)","messageBody":"* Add different response when clear is used on a cleared address book\n\n* Add minWidth to personList","fileTypesAndContributionMap":{"functional-code":{"insertions":1,"deletions":0}}},{"hash":"7dbff74d9d23989b47aa0a8f53fd45f3b64678f2","isMergeCommit":false,"messageTitle":"Add help info for unknown command errors (#169)","messageBody":"* Add different response when clear is used on a cleared address book\n\n* Add help info for unknown command errors\n\n* Split long line into 2","fileTypesAndContributionMap":{"functional-code":{"insertions":2,"deletions":1}}},{"hash":"563d3160e0d6e9b22ddd5ff420d7f88b0d0b8241","isMergeCommit":false,"messageTitle":"Separated out of bounds and wrong type error messages for link/unlink (#168)","messageBody":"* Add different response when clear is used on a cleared address book\n\n* Make a new out of bounds error message","fileTypesAndContributionMap":{"functional-code":{"insertions":12,"deletions":4},"test-code":{"insertions":4,"deletions":4}}},{"hash":"88e82ecd50deed17c6e3ae03203d04fca1afe0af","isMergeCommit":true,"messageTitle":"Merge branch \u0027master\u0027 into cat-find-plural-clement","messageBody":"","fileTypesAndContributionMap":{}},{"hash":"535327c6fc2a49ebe37d4ed786c57257f4a0fda7","isMergeCommit":false,"messageTitle":"Remove duplicate method definition","messageBody":"","fileTypesAndContributionMap":{"functional-code":{"insertions":0,"deletions":7}}},{"hash":"d29ebd1d5449a54267ae582c57012e70916d46cf","isMergeCommit":false,"messageTitle":"Add partners to vendors\u0027 linked clients info","messageBody":"","fileTypesAndContributionMap":{"functional-code":{"insertions":3,"deletions":2}}},{"hash":"f94e9d3d1323755e51e954e7d2e187306309d1a6","isMergeCommit":false,"messageTitle":"Add instruction to use list after cat and find","messageBody":"","fileTypesAndContributionMap":{"functional-code":{"insertions":15,"deletions":5},"test-code":{"insertions":14,"deletions":9}}},{"hash":"d361d1d8ee62716d3109be7620fa6ce64ad6dfab","isMergeCommit":true,"messageTitle":"Merge pull request #183 from javierlimt6/list-cat-help-javier","messageBody":"Update MESSAGE_USAGE in CatCommand to include note about \u0027list\u0027 command","fileTypesAndContributionMap":{}}]}],"javierlimt6":[{"date":"2025-10-01T00:00:00","commitResults":[{"hash":"6cead007e35716d67dc8b5f65d17f66079bd5aea","isMergeCommit":false,"messageTitle":"Update About Us","messageBody":"","fileTypesAndContributionMap":{"docs":{"insertions":5,"deletions":44}}}]},{"date":"2025-10-02T00:00:00","commitResults":[{"hash":"348204d4d92f3b3b285eb52d37bd5d2e70c2edb6","isMergeCommit":false,"messageTitle":"add glossary details for development and details specific to the codebase","messageBody":"","fileTypesAndContributionMap":{"docs":{"insertions":42,"deletions":0}}},{"hash":"dbcdbfebc7f695c6e254833eba80f8dc8dbfdef6","isMergeCommit":false,"messageTitle":"update user stories","messageBody":"","fileTypesAndContributionMap":{"docs":{"insertions":17,"deletions":21}}},{"hash":"6c656c9fde005d1c3c1ae8acbb916153255425c9","isMergeCommit":true,"messageTitle":"Merge pull request #15 from Cleaach/update-site-wide-settings","messageBody":"Update site-wide settings","fileTypesAndContributionMap":{}},{"hash":"f68709b0a0bad5ea3cbbc1d082f3bb73c1180e5e","isMergeCommit":true,"messageTitle":"Merge pull request #6 from CelineTj16/add-photo","messageBody":"Add Celine\u0027s photo","fileTypesAndContributionMap":{}},{"hash":"426c6d6f13b3c28201eb186a1ca8c9413cdca22f","isMergeCommit":true,"messageTitle":"Merge pull request #7 from CelineTj16/update-about-us","messageBody":"Update Celine\u0027s AboutUs page","fileTypesAndContributionMap":{}},{"hash":"ef8e75101a1514f8040ab73c75ffacf5bbddb79f","isMergeCommit":true,"messageTitle":"Merge pull request #9 from CelineTj16/update-readme","messageBody":"Update README","fileTypesAndContributionMap":{}},{"hash":"f2cf79a9e691c5aabf9905c906a85b55208637db","isMergeCommit":false,"messageTitle":"fix duplicate glossary","messageBody":"","fileTypesAndContributionMap":{"docs":{"insertions":1,"deletions":20}}},{"hash":"051446caf687d5f222a86cfc46596125bbbe8482","isMergeCommit":false,"messageTitle":"fix duplicate glossary","messageBody":"","fileTypesAndContributionMap":{"docs":{"insertions":0,"deletions":2}}},{"hash":"40e6f1278215fad744096f06ee0800f86b814619","isMergeCommit":true,"messageTitle":"Merge branch \u0027master\u0027 into add-glossary-DG","messageBody":"","fileTypesAndContributionMap":{}}]},{"date":"2025-10-09T00:00:00","commitResults":[{"hash":"ab1a6e88f1f6c4f45663521930c33ff1ff8a8150","isMergeCommit":false,"messageTitle":"Pull Request: Add LinkCommand and UnlinkCommand Classes Description Implements the foundational LinkCommand and UnlinkCommand classes to support linking/unlinking clients to vendors by index. This is the first incremental step towards the full link/unlink feature specified in the MVP.","messageBody":"Changes Made\n✅ Created LinkCommand.java with:\n\nCommand word: link\nParameters: client:INDEX, vendor:INDEX\nSuccess/error messages as per feature specification\nIndex validation for both client and vendor\n✅ Created UnlinkCommand.java with:\n\nCommand word: unlink\nParameters: client:INDEX, vendor:INDEX\nSuccess/error messages as per feature specification\nIndex validation for both client and vendor\n\nImplementation Details\nBoth commands extend the Command abstract class following existing patterns\nUse Index objects for type-safe index handling\nValidate indexes against filtered person list\nInclude TODO comments for future linking logic (requires Person class modifications)\nImplement equals() and toString() for testing support\n","fileTypesAndContributionMap":{"functional-code":{"insertions":190,"deletions":0}}},{"hash":"96849fc9237f1c8932831444391db85dc643ab62","isMergeCommit":true,"messageTitle":"Merge pull request #39 from xxdydx/pull-request-template","messageBody":"Add pull request template","fileTypesAndContributionMap":{}},{"hash":"1cd6dca5b4a0c26fa62c9b7c68fc7233b9ee262e","isMergeCommit":false,"messageTitle":"fix checkstyle errors","messageBody":"","fileTypesAndContributionMap":{"functional-code":{"insertions":8,"deletions":6}}},{"hash":"9a45d1730110c6908ec89a5df377c35a605b4f66","isMergeCommit":true,"messageTitle":"Merge pull request #35 from CelineTj16/add-type-celine","messageBody":"Add type/ to specify client or vendor","fileTypesAndContributionMap":{}},{"hash":"254c2c05878efd4692748547664fe5d618387ca0","isMergeCommit":false,"messageTitle":"Fix Checkstyle","messageBody":"","fileTypesAndContributionMap":{"functional-code":{"insertions":19,"deletions":12}}},{"hash":"235c03d1cc2df6b4afe11ad0c7b5c2967f283cfa","isMergeCommit":false,"messageTitle":"Fix Checkstyle","messageBody":"","fileTypesAndContributionMap":{"functional-code":{"insertions":34,"deletions":19}}}]},{"date":"2025-10-16T00:00:00","commitResults":[{"hash":"5f48179d5d4f46aa27f92752cad0406dcc9e094a","isMergeCommit":false,"messageTitle":"Add Link \u0026 Unlink Command","messageBody":"","fileTypesAndContributionMap":{"functional-code":{"insertions":252,"deletions":9},"test-code":{"insertions":567,"deletions":1}}},{"hash":"979e6fb3c6750f02a70f98040347c1c87a16c2e7","isMergeCommit":false,"messageTitle":"Fix CheckStyle","messageBody":"","fileTypesAndContributionMap":{"functional-code":{"insertions":45,"deletions":46},"test-code":{"insertions":126,"deletions":126}}},{"hash":"2b523cad95ee2f756cfe77715c46e3aef3e5733e","isMergeCommit":false,"messageTitle":"Fix Checkstyle","messageBody":"","fileTypesAndContributionMap":{"functional-code":{"insertions":35,"deletions":31},"test-code":{"insertions":126,"deletions":126}}},{"hash":"30840772590f7899f41f6e67dfe5f602a7c7789d","isMergeCommit":true,"messageTitle":"Merge pull request #64 from dylandaaa/add-command-price","messageBody":"Add command price","fileTypesAndContributionMap":{}},{"hash":"36ff9fee64e0c9e22b507b9418142213f9d79c18","isMergeCommit":true,"messageTitle":"Merge branch \u0027master\u0027 into javier-add-link-unlink-command","messageBody":"","fileTypesAndContributionMap":{}},{"hash":"c718d16191e6c5c7bd8374955e618fd89067baf5","isMergeCommit":false,"messageTitle":"Add JavaFx changes to display links; modify prefix format to align with default command structure","messageBody":"","fileTypesAndContributionMap":{"functional-code":{"insertions":87,"deletions":65},"test-code":{"insertions":44,"deletions":42}}},{"hash":"6e4d6d6d66fc30b87e0b05daa46cb962e297915d","isMergeCommit":true,"messageTitle":"Merge pull request #70 from dylandaaa/add-command-budget","messageBody":"Add command budget","tags":["v1.3"],"fileTypesAndContributionMap":{}}]},{"date":"2025-10-23T00:00:00","commitResults":[{"hash":"86aab4747c7faaee9244bcd895eca4292fc64980","isMergeCommit":false,"messageTitle":"fix: linked client vendor data not persisting","messageBody":"","fileTypesAndContributionMap":{"functional-code":{"insertions":62,"deletions":1},"test-code":{"insertions":17,"deletions":17}}},{"hash":"45a6d08577e4752922bf64fa98683765f3cf29ab","isMergeCommit":false,"messageTitle":"fix ui for client vendor","messageBody":"","fileTypesAndContributionMap":{"functional-code":{"insertions":29,"deletions":4}}}]},{"date":"2025-10-24T00:00:00","commitResults":[{"hash":"6b7fad33894ab788518bc844ef6fd93741d3ebc5","isMergeCommit":true,"messageTitle":"Merge pull request #122 from xxdydx/update-dg-uml-arul","messageBody":"Update commit activity diagram for KnotBook","fileTypesAndContributionMap":{}}]},{"date":"2025-10-29T00:00:00","commitResults":[{"hash":"2399080df15fc506beef39e241187e9003f521b9","isMergeCommit":true,"messageTitle":"Merge pull request #125 from xxdydx/email-bug-arul","messageBody":"Strengthen email validation to require TLD","fileTypesAndContributionMap":{}},{"hash":"64f4c01a5bb726f0d2767625b72a46f8ce6121e9","isMergeCommit":true,"messageTitle":"Merge pull request #127 from xxdydx/change-email-error-msg-arul","messageBody":"Simplify email validation error message","fileTypesAndContributionMap":{}},{"hash":"7228bead10260c8e403451fc175471ae8666db1c","isMergeCommit":true,"messageTitle":"Merge pull request #126 from xxdydx/change-contact-uniqueness-arul","messageBody":"Enforce contact uniqueness by phone number, not name","fileTypesAndContributionMap":{}},{"hash":"723d03ce08da7dfdc739e255be05f40504bfda70","isMergeCommit":false,"messageTitle":"added scroll bar to details","messageBody":"","fileTypesAndContributionMap":{"functional-code":{"insertions":32,"deletions":12}}},{"hash":"6f6d8af833af29b5dbdbd59074cdacee12ba28ac","isMergeCommit":false,"messageTitle":"remove trailing whitespaces","messageBody":"","fileTypesAndContributionMap":{"functional-code":{"insertions":2,"deletions":2},"docs":{"insertions":7,"deletions":7}}},{"hash":"7153519187c3f59d16f8e6b3df27408cb907f3a2","isMergeCommit":false,"messageTitle":"fix wrong tag format","messageBody":"","fileTypesAndContributionMap":{"functional-code":{"insertions":5,"deletions":2}}},{"hash":"7827f9e0b05b7ffd9041bc6eed4c60415c59095d","isMergeCommit":false,"messageTitle":"fix wrong wedding format","messageBody":"","fileTypesAndContributionMap":{"functional-code":{"insertions":5,"deletions":3}}},{"hash":"fb92f9cb131a4fcadc74b37c238644763962c2b6","isMergeCommit":false,"messageTitle":"clean up tags showing unnecessarily","messageBody":"","fileTypesAndContributionMap":{"functional-code":{"insertions":15,"deletions":8}}},{"hash":"c141f1b889c4aaa091211893fdd34e4bd51b29f9","isMergeCommit":true,"messageTitle":"Merge pull request #161 from Cleaach/show-partner-in-info-clement","messageBody":"Add partners to vendors\u0027 linked clients info","fileTypesAndContributionMap":{}},{"hash":"623dc92f73adf77a04769a9df3ad3f730051c5cd","isMergeCommit":true,"messageTitle":"Merge pull request #162 from Cleaach/list-after-find-or-cat-clement","messageBody":"Add instruction to use list after cat and find","fileTypesAndContributionMap":{}},{"hash":"8df74f48d843eda169356ff1f2649aa967666741","isMergeCommit":true,"messageTitle":"Merge pull request #176 from xxdydx/ug-update-newline-not-acc","messageBody":"Clarify single-line command input requirement in UG","fileTypesAndContributionMap":{}},{"hash":"27bc244285895d49ddf5f8b8366944d17992d487","isMergeCommit":false,"messageTitle":"Improve tag display logic in PersonDetailsPanel to handle cases with no tags","messageBody":"","fileTypesAndContributionMap":{"functional-code":{"insertions":8,"deletions":2}}},{"hash":"228d6431e3bcc7beae1513bda0c8df2c2372fd87","isMergeCommit":false,"messageTitle":"Update MESSAGE_USAGE in CatCommand to include note about \u0027list\u0027 command","messageBody":"","fileTypesAndContributionMap":{"functional-code":{"insertions":2,"deletions":1}}},{"hash":"c0adb327620a261aa76aa0c51df99c108e4a20e5","isMergeCommit":true,"messageTitle":"Merge branch \u0027master\u0027 into redundant-person-type-javier","messageBody":"","fileTypesAndContributionMap":{}},{"hash":"972ecac47b5222cce5868372e6033de8e6ffe2f7","isMergeCommit":true,"messageTitle":"Merge pull request #179 from javierlimt6/redundant-person-type-javier","messageBody":"Redundant person type javier","fileTypesAndContributionMap":{}}]}],"xxdydx":[{"date":"2025-09-20T00:00:00","commitResults":[{"hash":"5ef51cbb9cb46951d2b89abc5035b02d029ad200","isMergeCommit":false,"messageTitle":"Update README.md","messageBody":"","fileTypesAndContributionMap":{"docs":{"insertions":0,"deletions":13}}}]},{"date":"2025-10-01T00:00:00","commitResults":[{"hash":"fce495f4e6742d11ba5bea1c900fbf32fe72a1a7","isMergeCommit":false,"messageTitle":"Added user stories and NFRs","messageBody":"","fileTypesAndContributionMap":{"docs":{"insertions":269,"deletions":27}}},{"hash":"71303f7d104c74e2ea360913eefbdb3b78994a01","isMergeCommit":false,"messageTitle":"Update Arul\u0027s AboutUs page","messageBody":"","fileTypesAndContributionMap":{"docs":{"insertions":6,"deletions":44}}}]},{"date":"2025-10-02T00:00:00","commitResults":[{"hash":"1c1e06853e5cd026f0a997737d367c64a7e52387","isMergeCommit":false,"messageTitle":"Update AboutUs.md","messageBody":"","fileTypesAndContributionMap":{"docs":{"insertions":0,"deletions":1}}},{"hash":"0cf226264cfae48a066c796273dfbac289794aba","isMergeCommit":true,"messageTitle":"Merge pull request #11 from Cleaach/add-photo","messageBody":"Add Clement\u0027s photo","fileTypesAndContributionMap":{}},{"hash":"d5c11a012d867cee78a3c9aa69483fdf9b186813","isMergeCommit":true,"messageTitle":"Merge branch \u0027master\u0027 into add-readme","messageBody":"","fileTypesAndContributionMap":{}},{"hash":"79109636b2c17b9be2036db7fd890de3668b44f9","isMergeCommit":false,"messageTitle":"removed notes","messageBody":"","fileTypesAndContributionMap":{"docs":{"insertions":1,"deletions":28}}}]},{"date":"2025-10-08T00:00:00","commitResults":[{"hash":"4a7162ab03b0e5d465812f26bd6792be944e5d4c","isMergeCommit":false,"messageTitle":"Add CatCommand for category-based filtering","messageBody":"","fileTypesAndContributionMap":{"functional-code":{"insertions":83,"deletions":0}}},{"hash":"08d0b3bc9269b20d7c423374c1dbac5d44dcf89f","isMergeCommit":false,"messageTitle":"Add pull request template","messageBody":"","fileTypesAndContributionMap":{"docs":{"insertions":61,"deletions":0}}}]},{"date":"2025-10-15T00:00:00","commitResults":[{"hash":"c286413b453447491da0316e400081976b6206d6","isMergeCommit":false,"messageTitle":"Implement category-based person filtering and tests","messageBody":"","fileTypesAndContributionMap":{"functional-code":{"insertions":65,"deletions":11},"test-code":{"insertions":247,"deletions":0}}},{"hash":"f810155533ca7a87707b183d95c79313df14bd33","isMergeCommit":false,"messageTitle":"Update AddCommand for vendor/client contact types","messageBody":"","fileTypesAndContributionMap":{"functional-code":{"insertions":20,"deletions":9}}}]},{"date":"2025-10-21T00:00:00","commitResults":[{"hash":"ec91b74155158acb41d159148d4dd078612766fc","isMergeCommit":false,"messageTitle":"Enforce 8-digit phone number validation","messageBody":"","fileTypesAndContributionMap":{"functional-code":{"insertions":2,"deletions":2},"test-code":{"insertions":19,"deletions":15}}}]},{"date":"2025-10-22T00:00:00","commitResults":[{"hash":"5ccb9f1af70df2ed5ac1ac5037a909aa0e7a7aac","isMergeCommit":false,"messageTitle":"Refactor Person model to distinguish clients and vendors","messageBody":"","fileTypesAndContributionMap":{"functional-code":{"insertions":159,"deletions":53},"test-code":{"insertions":97,"deletions":35}}},{"hash":"196fba664bc2b898abe3d3e8fafc7e69a2c61cab","isMergeCommit":false,"messageTitle":"Style refactor for Person handling for vendor type and wedding date","messageBody":"","fileTypesAndContributionMap":{"functional-code":{"insertions":8,"deletions":5},"test-code":{"insertions":5,"deletions":1}}},{"hash":"49ac50d74d638beccdbf0ec4692d8eae71a8de70","isMergeCommit":false,"messageTitle":"Fixed bug that does not handle editing contacts logic for wedding date removal for vendors","messageBody":"","fileTypesAndContributionMap":{"functional-code":{"insertions":43,"deletions":10},"test-code":{"insertions":3,"deletions":3}}},{"hash":"e30b548cbc7f8084c15f41b7a731cc225c126c68","isMergeCommit":false,"messageTitle":"Style fix","messageBody":"","fileTypesAndContributionMap":{"functional-code":{"insertions":3,"deletions":3}}},{"hash":"0ef87eb9f2a7ccef5add52bf980554daa4172150","isMergeCommit":false,"messageTitle":"Style fix","messageBody":"","fileTypesAndContributionMap":{"functional-code":{"insertions":4,"deletions":2}}}]},{"date":"2025-10-23T00:00:00","commitResults":[{"hash":"45365f87e3a30f6cece9b81dcf45213b1508a36a","isMergeCommit":true,"messageTitle":"Merge upstream/master into remove-wedding-date-vendor","messageBody":"Resolved conflicts by:\n- Keeping vendor/client distinction for wedding dates (vendors don\u0027t have wedding dates)\n- Adding partner field from master (clients require partners, vendors cannot have partners)\n- Using appropriate Person constructors based on type\n- Merging test cases for both features\n","fileTypesAndContributionMap":{}},{"hash":"76d3a3ef0ae8f2a7c0eea295f45e68da6780e51a","isMergeCommit":false,"messageTitle":"Fix compilation errors after merge","messageBody":"- Initialize partner field in vendor constructors\n- Remove duplicate test method parse_vendorWithWeddingDate_failure\n","fileTypesAndContributionMap":{"functional-code":{"insertions":2,"deletions":0},"test-code":{"insertions":0,"deletions":8}}},{"hash":"102eb395867e7ff8c118cb4c6a03574e1e14b924","isMergeCommit":false,"messageTitle":"Fix test data and tests after merge","messageBody":"- Remove wedding dates from all vendor test data in TypicalPersons\n- Fix AddCommandParserTest to set wedding date when converting BOB to client\n- Add missing import for VALID_WEDDING_DATE_BOB\n","fileTypesAndContributionMap":{"test-code":{"insertions":15,"deletions":12}}},{"hash":"0e60d6f20957d4558c4508928954b5b4e0ba8ee7","isMergeCommit":false,"messageTitle":"Remove unused import to fix checkstyle","messageBody":"","fileTypesAndContributionMap":{"test-code":{"insertions":0,"deletions":1}}},{"hash":"14f8a235f780d01df76b5ed82d3956d75b61a5c7","isMergeCommit":true,"messageTitle":"Merge branch \u0027master\u0027 into remove-wedding-date-vendor","messageBody":"","fileTypesAndContributionMap":{}},{"hash":"74a78ccb5f4ad7683142ccea9d2539ef423a81d8","isMergeCommit":false,"messageTitle":"Standardize wedding date format to YYYY-MM-DD","messageBody":"","fileTypesAndContributionMap":{"functional-code":{"insertions":10,"deletions":10},"docs":{"insertions":1,"deletions":1},"test-code":{"insertions":28,"deletions":28}}},{"hash":"1abe29ee57a2a96a39a2e749ad101cc105d37f09","isMergeCommit":false,"messageTitle":"Enforce wedding date rules for clients and vendors","messageBody":"","fileTypesAndContributionMap":{"functional-code":{"insertions":38,"deletions":13},"test-code":{"insertions":2,"deletions":4}}},{"hash":"f2b080920c73020fd5162cdfc331e8687150080c","isMergeCommit":true,"messageTitle":"Merge remote-tracking branch \u0027upstream/master\u0027 into remove-wedding-date-vendor","messageBody":"","fileTypesAndContributionMap":{}},{"hash":"f92f8ae9ebe07962b1f88348cbf28cd79e811956","isMergeCommit":true,"messageTitle":"Resolve merge conflicts with upstream master","messageBody":"- Remove wedding dates from vendors in test data to maintain consistency with remove-wedding-date-vendor branch\n- Keep wedding dates for clients as required\n- Resolve conflicts in:\n  - typicalPersonsAddressBook.json\n  - LinkCommandTest.java\n  - UnlinkCommandTest.java\n  - AddCommandParserTest.java\n  - TypicalPersons.java\n","fileTypesAndContributionMap":{}},{"hash":"f8650b5613b84188b50089dba630cf84033ef192","isMergeCommit":false,"messageTitle":"Fix date format in UnlinkCommandTest to match upstream changes","messageBody":"","fileTypesAndContributionMap":{"test-code":{"insertions":1,"deletions":1}}}]},{"date":"2025-10-24T00:00:00","commitResults":[{"hash":"a58b06f953e95dcf33990d74833601f460e863ac","isMergeCommit":false,"messageTitle":"Update commit activity diagram for KnotBook","messageBody":"","fileTypesAndContributionMap":{"docs":{"insertions":4,"deletions":1}}}]},{"date":"2025-10-26T00:00:00","commitResults":[{"hash":"2590a9f59740cd7a4e9e2c2df7c0c558db988f8a","isMergeCommit":false,"messageTitle":"Strengthen email validation to require TLD","messageBody":"","fileTypesAndContributionMap":{"functional-code":{"insertions":1,"deletions":1},"test-code":{"insertions":9,"deletions":6}}},{"hash":"b406b490c05600af3e0f1303f4f11e1da6eb4e48","isMergeCommit":false,"messageTitle":"Enforce contact uniqueness by phone number, not name","messageBody":"","fileTypesAndContributionMap":{"functional-code":{"insertions":9,"deletions":9},"test-code":{"insertions":24,"deletions":11}}},{"hash":"4b91be1feae2cd996f8f372aaed66fe200ef3f7e","isMergeCommit":false,"messageTitle":"Simplify email validation error message","messageBody":"","fileTypesAndContributionMap":{"functional-code":{"insertions":1,"deletions":11}}},{"hash":"8836f64cc35853966eae392dd14c1265400ee3b6","isMergeCommit":false,"messageTitle":"Checkstyle fix","messageBody":"","fileTypesAndContributionMap":{"functional-code":{"insertions":8,"deletions":4}}},{"hash":"a174ec74c5f193e9164fd09b48db57fecc070c90","isMergeCommit":false,"messageTitle":"checkstyle fix","messageBody":"","fileTypesAndContributionMap":{"test-code":{"insertions":2,"deletions":1}}},{"hash":"bc0d68b40dbbffe44d43e4e0536006e0c0d97a2e","isMergeCommit":false,"messageTitle":"Improve tag display styling and layout in PersonCard","messageBody":"","fileTypesAndContributionMap":{"functional-code":{"insertions":32,"deletions":10}}},{"hash":"49db622e988d68dedcd7950f025cf29f7df65cb1","isMergeCommit":false,"messageTitle":"checkstyle","messageBody":"","fileTypesAndContributionMap":{"functional-code":{"insertions":3,"deletions":3}}}]},{"date":"2025-10-29T00:00:00","commitResults":[{"hash":"fa6a0b3f02a5eaefe58071f9dd93a1b4720ed23d","isMergeCommit":false,"messageTitle":"A simpler email validation regex that is used in production","messageBody":"","fileTypesAndContributionMap":{"functional-code":{"insertions":2,"deletions":10}}},{"hash":"fe5a90ac9e2964cdaa97f6a1cc252e6cab161aee","isMergeCommit":false,"messageTitle":"Use Apache Commons Validator for email validation","messageBody":"","fileTypesAndContributionMap":{"functional-code":{"insertions":4,"deletions":3},"other":{"insertions":1,"deletions":0},"test-code":{"insertions":4,"deletions":4}}},{"hash":"f31acd5a5e44ffedc8654226610cb0c6d59362d9","isMergeCommit":false,"messageTitle":"Update EmailTest.java","messageBody":"","fileTypesAndContributionMap":{"test-code":{"insertions":1,"deletions":1}}},{"hash":"46ac4316de28a005e2d12ae4290582cc7fd3ccc0","isMergeCommit":false,"messageTitle":"Clarify single-line command input requirement","messageBody":"","fileTypesAndContributionMap":{"docs":{"insertions":4,"deletions":0}}},{"hash":"01036db8d1a2f157d7d9e137c1d4e6cc8a622eb3","isMergeCommit":false,"messageTitle":"Clarify single-line command input requirement","messageBody":"","fileTypesAndContributionMap":{"docs":{"insertions":4,"deletions":0}}}]}],"dylandaaa":[{"date":"2025-10-01T00:00:00","commitResults":[{"hash":"a7e9f024fc46b960b2c328b5f8438b3229cbdaa8","isMergeCommit":false,"messageTitle":"Update Dylan\u0027s AboutUs page","messageBody":"","fileTypesAndContributionMap":{"docs":{"insertions":4,"deletions":43}}}]},{"date":"2025-10-02T00:00:00","commitResults":[{"hash":"c753c31a4ecff8afee5ac4218b0c1e81597a5ab9","isMergeCommit":false,"messageTitle":"Add newline at the end of AboutUs.md","messageBody":"","fileTypesAndContributionMap":{"docs":{"insertions":1,"deletions":1}}},{"hash":"86adcebd8978bb7f4f2c5d0259283eda23371c41","isMergeCommit":true,"messageTitle":"Merge pull request #23 from javierlimt6/add-javier-pic","messageBody":"LGTM!","fileTypesAndContributionMap":{}},{"hash":"cdc9ac8de9911f10c31b966351b8a5424760dcfe","isMergeCommit":true,"messageTitle":"Merge branch \u0027master\u0027 into update-about-us","messageBody":"","fileTypesAndContributionMap":{}},{"hash":"97f8c0522ab7b9ffbb5586cd5c56356a781b5a0c","isMergeCommit":true,"messageTitle":"Merge pull request #26 from javierlimt6/update-about-us","messageBody":"Update Javier\u0027s About Us Page","fileTypesAndContributionMap":{}}]},{"date":"2025-10-03T00:00:00","commitResults":[{"hash":"9f7870aa2f7af3a6c7f0e78e72281c42a75d60ce","isMergeCommit":false,"messageTitle":"Add remark command","messageBody":"","fileTypesAndContributionMap":{"functional-code":{"insertions":207,"deletions":11}}}]},{"date":"2025-10-10T00:00:00","commitResults":[{"hash":"e66650e85016778bd13aab9f4f8cecc4342a328b","isMergeCommit":false,"messageTitle":"Add a result counter to the list command","messageBody":"","fileTypesAndContributionMap":{"functional-code":{"insertions":26,"deletions":3},"other":{"insertions":581,"deletions":0}}},{"hash":"c51ef92e158f23c1ff71dbc97d90c37593e3ecaa","isMergeCommit":false,"messageTitle":"Add unit tests for list result counter","messageBody":"","fileTypesAndContributionMap":{"test-code":{"insertions":17,"deletions":3}}},{"hash":"ed2437fd8e2afea01a547844192dd6c5ae24e45e","isMergeCommit":false,"messageTitle":"Remove bin files and added /bin/ to .gitignore","messageBody":"","fileTypesAndContributionMap":{"other":{"insertions":0,"deletions":581}}},{"hash":"794afbffb2ad8c423e7fa86dcd6736dc30270883","isMergeCommit":true,"messageTitle":"Merge pull request #42 from javierlimt6/add-link-commands","messageBody":"Add LinkCommand and UnlinkCommand Classes","fileTypesAndContributionMap":{}},{"hash":"85c88d5dcb0e3f803c053733c9a877dac807bca9","isMergeCommit":true,"messageTitle":"Merge pull request #5 from AY2526S1-CS2103T-T16-3/master","messageBody":"Update repo to match upstream repo","fileTypesAndContributionMap":{}},{"hash":"63d46c2656fee3a98021f94b8be7ea8543bedb5f","isMergeCommit":true,"messageTitle":"Resolve merge conflicts","messageBody":"","fileTypesAndContributionMap":{}},{"hash":"1438299b87c5cd035dce83f9ca1042dbb83b7d71","isMergeCommit":false,"messageTitle":"Revert remark command changes","messageBody":"","fileTypesAndContributionMap":{"functional-code":{"insertions":0,"deletions":164}}},{"hash":"09c59b355ea8bae3702485589f8f8811451dfe24","isMergeCommit":false,"messageTitle":"Revert remark command changes","messageBody":"","fileTypesAndContributionMap":{"functional-code":{"insertions":72,"deletions":94}}},{"hash":"b22c23cea5da9447ee4ea0ceb4faefa501875317","isMergeCommit":false,"messageTitle":"Remove trailing whitespace from README.md","messageBody":"","fileTypesAndContributionMap":{"docs":{"insertions":2,"deletions":2}}},{"hash":"539038639168d61b7ab17a71ec57e13af8c0c027","isMergeCommit":false,"messageTitle":"Remove trailing whitespace from AddCommandParser","messageBody":"","fileTypesAndContributionMap":{"functional-code":{"insertions":1,"deletions":1}}},{"hash":"061893d51fe376b4ae4f3d4f78631bf33444a704","isMergeCommit":false,"messageTitle":"Fix checkstyle error","messageBody":"","fileTypesAndContributionMap":{"functional-code":{"insertions":21,"deletions":21}}},{"hash":"c4a8d1b8cc4ca668ca73b2e233a3b6c3ac7cec36","isMergeCommit":false,"messageTitle":"Fix checkstyle errors","messageBody":"","fileTypesAndContributionMap":{"functional-code":{"insertions":6,"deletions":6}}},{"hash":"6ae60a9a4e41b1cc3310bcc25a5e797dcd24b2bc","isMergeCommit":false,"messageTitle":"Fix import ordering","messageBody":"","fileTypesAndContributionMap":{"test-code":{"insertions":2,"deletions":2}}},{"hash":"d4d234e4b67e3f0054cec411f9e8b297737fb62a","isMergeCommit":false,"messageTitle":"Fix import ordering","messageBody":"","fileTypesAndContributionMap":{"test-code":{"insertions":0,"deletions":1}}},{"hash":"7591955c2ef5cb143d308f45ab057034b26eedc6","isMergeCommit":false,"messageTitle":"Fix failing test case","messageBody":"","fileTypesAndContributionMap":{"test-code":{"insertions":14,"deletions":1}}}]},{"date":"2025-10-14T00:00:00","commitResults":[{"hash":"7d619622132b84c34748263f77bcac57f230b8b4","isMergeCommit":true,"messageTitle":"Merge pull request #52 from CelineTj16/update-ui-celine","messageBody":"Update UI celine","fileTypesAndContributionMap":{}}]},{"date":"2025-10-15T00:00:00","commitResults":[{"hash":"696ee48b8289ee4b9e4ab3eca50ec6c735568c2a","isMergeCommit":true,"messageTitle":"Merge pull request #61 from CelineTj16/celine-bugfix-type","messageBody":"Celine bugfix type","fileTypesAndContributionMap":{}}]},{"date":"2025-10-16T00:00:00","commitResults":[{"hash":"ec105592c46b7449a85eb35f1d424efcf8d75560","isMergeCommit":false,"messageTitle":"Update add command to include price for vendors","messageBody":"","fileTypesAndContributionMap":{"functional-code":{"insertions":165,"deletions":19}}},{"hash":"73bb777f6567e02268ead516928420e91d1c6d67","isMergeCommit":false,"messageTitle":"Add tests for the price feature","messageBody":"","fileTypesAndContributionMap":{"test-code":{"insertions":255,"deletions":17}}},{"hash":"83abe456fba42bd1a0f4b89559193edc321a5d28","isMergeCommit":true,"messageTitle":"Merge branch \u0027add-command-price\u0027","messageBody":"","fileTypesAndContributionMap":{}},{"hash":"705462493e1f49e2f15558b4565e136b3e03094c","isMergeCommit":false,"messageTitle":"Update UI to display price for vendors","messageBody":"","fileTypesAndContributionMap":{"functional-code":{"insertions":39,"deletions":2}}},{"hash":"27eff9d8f3f96acc004733d033c078fd015ff69a","isMergeCommit":false,"messageTitle":"Remove trailing whitespace to adhere to checkstyle","messageBody":"","fileTypesAndContributionMap":{"functional-code":{"insertions":5,"deletions":5}}},{"hash":"08f3c1d325e7d77087edd27cef3fd77f6e80cabd","isMergeCommit":false,"messageTitle":"Fix import grouping and add line breaks","messageBody":"","fileTypesAndContributionMap":{"functional-code":{"insertions":11,"deletions":4}}},{"hash":"e8f43ba20e5d897a3cb6cfcdf4b5ffe132af3d7a","isMergeCommit":false,"messageTitle":"Remove unused import","messageBody":"","fileTypesAndContributionMap":{"test-code":{"insertions":0,"deletions":1}}},{"hash":"0f5244be3d0e8946bed635930c276e150bbc3289","isMergeCommit":true,"messageTitle":"Merge branch \u0027add-command-price\u0027","messageBody":"","fileTypesAndContributionMap":{}},{"hash":"5e09de1c51f7cee08023f2f1558bcd71dc055ed4","isMergeCommit":false,"messageTitle":"Add budget class and integrate budget into add command","messageBody":"","fileTypesAndContributionMap":{"functional-code":{"insertions":196,"deletions":15}}},{"hash":"31310635c43cbe12955b8d914d7be0a1c5d926d3","isMergeCommit":false,"messageTitle":"Add tests for the budget feature","messageBody":"","fileTypesAndContributionMap":{"functional-code":{"insertions":20,"deletions":6},"test-code":{"insertions":266,"deletions":17}}},{"hash":"d2e8ff987f1a428663357688915750813f9064ba","isMergeCommit":false,"messageTitle":"Update UI to reflect the budget for clients","messageBody":"","fileTypesAndContributionMap":{"functional-code":{"insertions":42,"deletions":3}}},{"hash":"ea2c3dc18026e2d8ec094914f3c6ae2824c75e43","isMergeCommit":false,"messageTitle":"Fix checkstyle errors","messageBody":"","fileTypesAndContributionMap":{"functional-code":{"insertions":2,"deletions":2},"test-code":{"insertions":7,"deletions":7}}},{"hash":"b59de7757d79a5bee556322b4ec37180465dcdcf","isMergeCommit":true,"messageTitle":"Merge branch \u0027add-command-budget\u0027","messageBody":"","fileTypesAndContributionMap":{}},{"hash":"94564e20c7e8602811fe20541fa5409a2637c6c8","isMergeCommit":true,"messageTitle":"Merge branch \u0027master\u0027 of https://github.com/dylandaaa/tp","messageBody":"","fileTypesAndContributionMap":{}},{"hash":"8700fc147267e950e967686706e6253bbaed7cba","isMergeCommit":false,"messageTitle":"Fix missing parameter in constructor","messageBody":"","fileTypesAndContributionMap":{"functional-code":{"insertions":4,"deletions":2}}},{"hash":"23d72b0e2284686c3e557181638e76ed1e49e247","isMergeCommit":false,"messageTitle":"Remove trailing whitespace","messageBody":"","fileTypesAndContributionMap":{"functional-code":{"insertions":1,"deletions":1}}},{"hash":"64efddfcca29627f576175fd54ee8cb930ea910d","isMergeCommit":false,"messageTitle":"Fix checkstyle errors","messageBody":"","fileTypesAndContributionMap":{"functional-code":{"insertions":33,"deletions":25}}},{"hash":"c05a3ecb89fd39f163e1c93337107d3b60b9c045","isMergeCommit":false,"messageTitle":"Fix failing test cacse","messageBody":"","fileTypesAndContributionMap":{"functional-code":{"insertions":0,"deletions":1}}}]},{"date":"2025-10-21T00:00:00","commitResults":[{"hash":"d53726bd808b082285cc78df074c4c39a365cf6a","isMergeCommit":false,"messageTitle":"Update the user guide to match KnotBook","messageBody":"","fileTypesAndContributionMap":{"docs":{"insertions":53,"deletions":20}}},{"hash":"4a5e3ad5583518371c0543351b00d8fe48267ec7","isMergeCommit":false,"messageTitle":"Rename AddressBook to KnotBook and fix command summary formatting","messageBody":"","fileTypesAndContributionMap":{"docs":{"insertions":71,"deletions":21}}}]},{"date":"2025-10-22T00:00:00","commitResults":[{"hash":"c69ebf84316e24b84a3121991ecedc71f641c7cb","isMergeCommit":false,"messageTitle":"Update tag validation to allow certain special characters","messageBody":"","fileTypesAndContributionMap":{"functional-code":{"insertions":3,"deletions":2}}},{"hash":"55d0a96c7f68f9e4839529af08430c66b0755bb9","isMergeCommit":false,"messageTitle":"Add tests for new tag format","messageBody":"","fileTypesAndContributionMap":{"test-code":{"insertions":32,"deletions":1}}},{"hash":"1d280d92d70a7e095b80187b457a831f0e24bbb7","isMergeCommit":false,"messageTitle":"Update the name to allow certain special characters","messageBody":"","fileTypesAndContributionMap":{"functional-code":{"insertions":6,"deletions":4},"test-code":{"insertions":20,"deletions":2}}},{"hash":"59d4cf3414ec00b8d1d220d77b689e5a8b7697fa","isMergeCommit":true,"messageTitle":"Merge pull request #99 from CelineTj16/partner-field-celine","messageBody":"Add Partner Field + Fix Edit Command","fileTypesAndContributionMap":{}}]},{"date":"2025-10-23T00:00:00","commitResults":[{"hash":"d8afd69b2ee0259dab7fc85653ae4adba66e45c7","isMergeCommit":true,"messageTitle":"Merge pull request #109 from Cleaach/input-wrap-around-clement","messageBody":"Make input textbox wrap around and taller","fileTypesAndContributionMap":{}},{"hash":"4a05162767a8742a38a51296573ce00edcc6ca85","isMergeCommit":false,"messageTitle":"Update message constraint for name","messageBody":"","fileTypesAndContributionMap":{"functional-code":{"insertions":2,"deletions":1}}},{"hash":"33a1e05cacf08ca14252eed522250e9f3f8b5ada","isMergeCommit":true,"messageTitle":"Merge pull request #107 from Cleaach/ca3-draft-clement","messageBody":"Write CS2101 CA3 draft","fileTypesAndContributionMap":{}},{"hash":"be4749c77680e2b1bbefe209cf34d3bfe334caef","isMergeCommit":false,"messageTitle":"Fix minor checkstyle error","messageBody":"","fileTypesAndContributionMap":{"functional-code":{"insertions":2,"deletions":2}}},{"hash":"a69888be478ece8bd2e06234d5da90af3d642468","isMergeCommit":true,"messageTitle":"Merge pull request #113 from Cleaach/price-budget-format-clement","messageBody":"Change price/budget display format to include $ and ,","fileTypesAndContributionMap":{}},{"hash":"ce6fbc455d735b1760d406bc75fafd8e68c984a5","isMergeCommit":true,"messageTitle":"Merge pull request #119 from Cleaach/remove-client-tag-2-clement","messageBody":"Remove tag from clients","fileTypesAndContributionMap":{}},{"hash":"c1958bba146cc7e29c9b6f1b73e8f12f1aca2e06","isMergeCommit":false,"messageTitle":"Update Sample Data to match the more recent format","messageBody":"","fileTypesAndContributionMap":{"functional-code":{"insertions":6,"deletions":6}}}]}],"CelineTj16":[{"date":"2025-09-21T00:00:00","commitResults":[{"hash":"30c4adb95a39351f017c7ff4fa4e1150ba0a757e","isMergeCommit":false,"messageTitle":"Add remark feature","messageBody":"","fileTypesAndContributionMap":{"functional-code":{"insertions":298,"deletions":84},"test-code":{"insertions":203,"deletions":50}}},{"hash":"fb154dce79beced3bafb8811081ea0880c37775c","isMergeCommit":true,"messageTitle":"Merge pull request #1 from CelineTj16/tutorial-adding-command","messageBody":"Add remark feature","fileTypesAndContributionMap":{}}]},{"date":"2025-10-01T00:00:00","commitResults":[{"hash":"51e7741b16dfa22dee1d156f20f0588e28a2abba","isMergeCommit":false,"messageTitle":"Revert \"Merge pull request #1 from CelineTj16/tutorial-adding-command\"","messageBody":"This reverts commit fb154dce79beced3bafb8811081ea0880c37775c, reversing\nchanges made to 5ef51cbb9cb46951d2b89abc5035b02d029ad200.\n","fileTypesAndContributionMap":{"functional-code":{"insertions":84,"deletions":298},"test-code":{"insertions":50,"deletions":203}}},{"hash":"d071db9998fd529d3a803d19ca1453ab36884a98","isMergeCommit":false,"messageTitle":"Update Celine\u0027s AboutUs page","messageBody":"","fileTypesAndContributionMap":{"docs":{"insertions":4,"deletions":44}}},{"hash":"92d756bbabea518b78b867af14fc945f62e66465","isMergeCommit":false,"messageTitle":"Update README","messageBody":"","fileTypesAndContributionMap":{"docs":{"insertions":15,"deletions":0}}}]},{"date":"2025-10-02T00:00:00","commitResults":[{"hash":"762f0500e7f73c6d74fdaffcfb4e24a2bb75b361","isMergeCommit":true,"messageTitle":"Merge pull request #17 from xxdydx/add-my-photo","messageBody":"Add Arul\u0027s photo","fileTypesAndContributionMap":{}},{"hash":"68a869e4cb7b10fc4c755078712f833878a30c2e","isMergeCommit":true,"messageTitle":"Merge branch \u0027master\u0027 into update-aboutus","messageBody":"","fileTypesAndContributionMap":{}},{"hash":"dc61cb0e10fb635d59914d6958eaad017022402c","isMergeCommit":true,"messageTitle":"Merge pull request #18 from xxdydx/add-readme","messageBody":"Update Arul\u0027s AboutUs page","fileTypesAndContributionMap":{}},{"hash":"2827a19da7b0f083dfe4664f6b1946e81040094f","isMergeCommit":true,"messageTitle":"Merge branch \u0027master\u0027 into update-aboutus","messageBody":"","fileTypesAndContributionMap":{}},{"hash":"283e7a7e8e76ed7bf0c990591ff06797c2f989d4","isMergeCommit":true,"messageTitle":"Merge pull request #13 from Cleaach/update-aboutus","messageBody":"Update Clement\u0027s AboutUs page","fileTypesAndContributionMap":{}},{"hash":"d16e62c63d608e9dfc2ae33f6cee1b78bcb05188","isMergeCommit":true,"messageTitle":"Merge pull request #28 from javierlimt6/add-glossary-DG","messageBody":"Add glossary details for development and codebase terms","fileTypesAndContributionMap":{}}]},{"date":"2025-10-05T00:00:00","commitResults":[{"hash":"da1b855ff687d00fadf59e554b8d4761fc24cba6","isMergeCommit":false,"messageTitle":"Add type/ to specify client or vendor","messageBody":"","fileTypesAndContributionMap":{"functional-code":{"insertions":15,"deletions":1},"test-code":{"insertions":32,"deletions":0}}},{"hash":"b5c46b956da538607e5ecfc88f6814e6854c550a","isMergeCommit":false,"messageTitle":"Fix CheckStyle","messageBody":"","fileTypesAndContributionMap":{"functional-code":{"insertions":2,"deletions":1}}},{"hash":"90521e7d087a1030c5d8266c9d1b2cde3bf3f995","isMergeCommit":false,"messageTitle":"Fix CheckStyle","messageBody":"","fileTypesAndContributionMap":{"test-code":{"insertions":3,"deletions":3}}},{"hash":"baf9c2bcf27ffbbe0adcc91a7ecfc63f106feb2d","isMergeCommit":false,"messageTitle":"Fix CheckStyle","messageBody":"","fileTypesAndContributionMap":{"test-code":{"insertions":4,"deletions":4}}},{"hash":"87e44db882fcf212e899f7b314196d5359a80381","isMergeCommit":false,"messageTitle":"Add WeddingDate object + parser","messageBody":"","fileTypesAndContributionMap":{"functional-code":{"insertions":85,"deletions":0},"test-code":{"insertions":50,"deletions":0}}},{"hash":"8a1c92183157dd01976155158a072648a36069d5","isMergeCommit":false,"messageTitle":"Fix CheckStyle","messageBody":"","fileTypesAndContributionMap":{"functional-code":{"insertions":19,"deletions":2}}},{"hash":"47bec69086da5fe1e1f47a117e1140cd4173c471","isMergeCommit":false,"messageTitle":"Fix CheckStyle","messageBody":"","fileTypesAndContributionMap":{"functional-code":{"insertions":3,"deletions":3}}}]},{"date":"2025-10-09T00:00:00","commitResults":[{"hash":"18c1f54f4469fc4afff159468a38d06968d28a64","isMergeCommit":true,"messageTitle":"Merge pull request #38 from xxdydx/increment-arul-1.2","messageBody":"Add CatCommand for category-based filtering","fileTypesAndContributionMap":{}},{"hash":"67a7de2d5d1723d989091a821e729ab9dcd110c2","isMergeCommit":false,"messageTitle":"Include type/ in duplicate-prefix check (#45)","messageBody":"* Include type/ in duplicate check\n\n* Add test for duplicate type/","fileTypesAndContributionMap":{"functional-code":{"insertions":1,"deletions":1},"test-code":{"insertions":11,"deletions":1}}}]},{"date":"2025-10-14T00:00:00","commitResults":[{"hash":"cec38a8ba401b13f138aed5bff0dd68f979a316b","isMergeCommit":false,"messageTitle":"Change UI to resemble mockup","messageBody":"","fileTypesAndContributionMap":{"functional-code":{"insertions":335,"deletions":353}}},{"hash":"0803a87116d9f42e4bd4ab19328caedd151fdc0f","isMergeCommit":false,"messageTitle":"Add Person Details Panel for selected contact","messageBody":"","fileTypesAndContributionMap":{"functional-code":{"insertions":106,"deletions":9}}},{"hash":"bc2bf2944c421e7c77ad08f9905bc007e2d1066f","isMergeCommit":false,"messageTitle":"Fix Checkstyle","messageBody":"","fileTypesAndContributionMap":{"functional-code":{"insertions":2,"deletions":2}}},{"hash":"9190c52bab51d3b60c4a61d8ed1226bd73ec23c2","isMergeCommit":true,"messageTitle":"Merge pull request #50 from Cleaach/add-date-to-ui-3-clement","messageBody":"Add date to UI 3 clement","fileTypesAndContributionMap":{}},{"hash":"935bc4f7a6841a41e158ae1a7855fe9742f9573a","isMergeCommit":false,"messageTitle":"Change to JavaFX 17","messageBody":"","fileTypesAndContributionMap":{"functional-code":{"insertions":1,"deletions":1}}}]},{"date":"2025-10-15T00:00:00","commitResults":[{"hash":"11a9607e20ca10dddc35a1081cddfdda14549788","isMergeCommit":false,"messageTitle":"Add type field","messageBody":"","fileTypesAndContributionMap":{"functional-code":{"insertions":169,"deletions":38}}},{"hash":"b1840f5b802c36889263830ec15b38386e9a522d","isMergeCommit":false,"messageTitle":"Fix Checkstyle","messageBody":"","fileTypesAndContributionMap":{"functional-code":{"insertions":15,"deletions":6}}},{"hash":"d1b1c7c03633b2f914182f44331f6981a95a0d77","isMergeCommit":false,"messageTitle":"Fix Tests","messageBody":"","fileTypesAndContributionMap":{"functional-code":{"insertions":8,"deletions":8},"test-code":{"insertions":58,"deletions":31}}},{"hash":"35f1cef503cf4c54d31e16e269a1e98b3aed79e6","isMergeCommit":false,"messageTitle":"Fix Tests","messageBody":"","fileTypesAndContributionMap":{"functional-code":{"insertions":22,"deletions":17},"test-code":{"insertions":4,"deletions":3}}},{"hash":"b6d7cc5a869966dfed1273a99f0fcda147bf1dd3","isMergeCommit":false,"messageTitle":"Fix Checkstyle","messageBody":"","fileTypesAndContributionMap":{"functional-code":{"insertions":2,"deletions":1}}},{"hash":"bc1c8e799f98e7ae1ed42081740c8732e5f19b06","isMergeCommit":false,"messageTitle":"Fix Checkstyle","messageBody":"","fileTypesAndContributionMap":{"test-code":{"insertions":6,"deletions":6}}},{"hash":"8950860f4eb1665ba8bdb8ebfa6d0c831ee88318","isMergeCommit":false,"messageTitle":"Fix bug where edit ignores type/","messageBody":"","fileTypesAndContributionMap":{"functional-code":{"insertions":20,"deletions":2},"test-code":{"insertions":113,"deletions":0}}},{"hash":"c197ce7874f7453ca4989ac9c153c6cd8d85c6e7","isMergeCommit":false,"messageTitle":"Fix CheckStyle","messageBody":"","fileTypesAndContributionMap":{"test-code":{"insertions":4,"deletions":4}}}]},{"date":"2025-10-16T00:00:00","commitResults":[{"hash":"1f4550539ceb7e30c60be8adf7ca9d607379718e","isMergeCommit":true,"messageTitle":"Merge pull request #58 from Cleaach/update-dg-1.3-clement","messageBody":"Update Developer Guide (to milestone 1.3)","fileTypesAndContributionMap":{}},{"hash":"23020650d75ba6ea76ee3ebc7bcec5a768e46f59","isMergeCommit":false,"messageTitle":"Ensure predicate is non-null in CatCommand","messageBody":"","fileTypesAndContributionMap":{"functional-code":{"insertions":1,"deletions":1}}},{"hash":"8b2ec725ec3a205f381b94107d99e688c09c5a63","isMergeCommit":true,"messageTitle":"Merge pull request #63 from xxdydx/master","messageBody":"Implemented category based filtering of contacts","fileTypesAndContributionMap":{}}]},{"date":"2025-10-21T00:00:00","commitResults":[{"hash":"55e0deef25c30e36e70e303cc363b4b307c943fc","isMergeCommit":false,"messageTitle":"Make height of result display + details panel bigger (#90)","messageBody":"","fileTypesAndContributionMap":{"functional-code":{"insertions":4,"deletions":3}}}]},{"date":"2025-10-22T00:00:00","commitResults":[{"hash":"7213cf5035a895b49406c02dad0a94bddc2b4b94","isMergeCommit":false,"messageTitle":"Add partner field + Fix missing type guard in edit command","messageBody":"","fileTypesAndContributionMap":{"functional-code":{"insertions":183,"deletions":26},"test-code":{"insertions":316,"deletions":76}}},{"hash":"e00fd65840ce7ba12f830fa1045d7bae41091117","isMergeCommit":false,"messageTitle":"Fix CheckStyle","messageBody":"","fileTypesAndContributionMap":{"functional-code":{"insertions":29,"deletions":9}}},{"hash":"a5532503c2fb22e9a0d32a73424b0eaf9e20c212","isMergeCommit":false,"messageTitle":"Fix CheckStyle","messageBody":"","fileTypesAndContributionMap":{"functional-code":{"insertions":4,"deletions":5}}},{"hash":"49a12bea20eac35324216b5c1cc01d48900b2665","isMergeCommit":false,"messageTitle":"Fix CheckStyle","messageBody":"","fileTypesAndContributionMap":{"test-code":{"insertions":22,"deletions":10}}},{"hash":"590d098e4c58659c5c48cafc635e40e5b82d685a","isMergeCommit":false,"messageTitle":"Fix CheckStyle","messageBody":"","fileTypesAndContributionMap":{"test-code":{"insertions":2,"deletions":1}}},{"hash":"3bd4e9b2294b7b5adb1bc4db4a4b925ea0c48316","isMergeCommit":true,"messageTitle":"Merge pull request #91 from xxdydx/arul-phone-number-validation","messageBody":"Enforce 8-digit phone number validation","fileTypesAndContributionMap":{}},{"hash":"3adfe0387ab1343d958987292c6d4c583e0cd4b6","isMergeCommit":true,"messageTitle":"Merged master into add-partner-celine","messageBody":"","fileTypesAndContributionMap":{}},{"hash":"9902c4d58a4553c31df9e54dcf84ee41260ad1e5","isMergeCommit":false,"messageTitle":"Add Partner Field + Fix Edit Command","messageBody":"","fileTypesAndContributionMap":{"functional-code":{"insertions":0,"deletions":1}}}]},{"date":"2025-10-23T00:00:00","commitResults":[{"hash":"e2451ed6ccedb1d76c95d7436daf700604a8017a","isMergeCommit":true,"messageTitle":"Merge pull request #104 from javierlimt6/fix/linked-data-persistence","messageBody":"fix: linked client vendor data not persisting","fileTypesAndContributionMap":{}},{"hash":"b646cfdf29e444744dc570858765ec35148cd199","isMergeCommit":true,"messageTitle":"Merge pull request #105 from javierlimt6/ui-change-linked-client-vendor","messageBody":"UI change linked client vendor","fileTypesAndContributionMap":{}},{"hash":"198e1c5257066c7cd71e8088db894d85b51bd833","isMergeCommit":false,"messageTitle":"Enable substring matching and partner-name search for clients (#101)","messageBody":"* Enable substring matching and partner-name search for clients\n\n* Fix Checkstyle\n\n* Add Tests for new Find Command\n\n* Fix CheckStyle","fileTypesAndContributionMap":{"functional-code":{"insertions":23,"deletions":14},"test-code":{"insertions":38,"deletions":0}}},{"hash":"3b869a84aa0508c1d1ae5b2aa0d2b24416773c9d","isMergeCommit":false,"messageTitle":"Update ParserClasses.uml (#102)","messageBody":"* Update ParserClasses.uml\n\n* Fix mistakes in ParserClasses.puml","fileTypesAndContributionMap":{"docs":{"insertions":77,"deletions":21}}},{"hash":"54c33f7f8aa6025ed43f7b0122a878f1e687f58c","isMergeCommit":false,"messageTitle":"Add address to contact details panel + Fix UI (#87)","messageBody":"","fileTypesAndContributionMap":{"functional-code":{"insertions":12,"deletions":3}}},{"hash":"9a042156b9597cf4d6208414bb76d601c01d1c5d","isMergeCommit":false,"messageTitle":"Make message for Add Command clearer (#89)","messageBody":"","fileTypesAndContributionMap":{"functional-code":{"insertions":7,"deletions":6}}}]},{"date":"2025-10-29T00:00:00","commitResults":[{"hash":"664d0fea51652fd95920e950ee8e6767b64f9341","isMergeCommit":false,"messageTitle":"Simplify tag label creation in PersonCard","messageBody":"Refactor tag display logic for vendors in PersonCard.","fileTypesAndContributionMap":{"functional-code":{"insertions":1,"deletions":8}}},{"hash":"a611160adf91e6e3fc88f992e2e23832a49da978","isMergeCommit":false,"messageTitle":"Remove preferred width from tag","messageBody":"Removed the preferred width setting for tag.","fileTypesAndContributionMap":{"functional-code":{"insertions":0,"deletions":1}}},{"hash":"b685260101c321ddf9efe7a1f687459517ab132c","isMergeCommit":true,"messageTitle":"Merge pull request #128 from xxdydx/issue-112-arul","messageBody":"Improve tag display styling and layout in PersonCard","fileTypesAndContributionMap":{}},{"hash":"93e75359008671ca4c486a1a46a2327cb5b2303b","isMergeCommit":true,"messageTitle":"Merge pull request #174 from Cleaach/uncollapsible-type-clement","messageBody":"Make type labels non-collapsible","fileTypesAndContributionMap":{}},{"hash":"f6bc8d03f13cf59453ecc2bb551725bf84b78d6e","isMergeCommit":false,"messageTitle":"Enhance email format validation message","messageBody":"","fileTypesAndContributionMap":{"functional-code":{"insertions":4,"deletions":1}}},{"hash":"99ccbe299c5cf2299b651ab710ebb9ede45ec4ba","isMergeCommit":false,"messageTitle":"Fix formatting of email constraints message","messageBody":"","fileTypesAndContributionMap":{"functional-code":{"insertions":3,"deletions":3}}},{"hash":"dd2151e9a80760ced19ac7567c3085538e57e4fc","isMergeCommit":false,"messageTitle":"Fix Checkstyle","messageBody":"","fileTypesAndContributionMap":{"functional-code":{"insertions":1,"deletions":1}}},{"hash":"9c7aabba2652a161d25ae52a0efca6c18a712c3d","isMergeCommit":false,"messageTitle":"Fix Checkstyle","messageBody":"","fileTypesAndContributionMap":{"functional-code":{"insertions":3,"deletions":3}}},{"hash":"ef18389f5716141c0990139d42484028ef13c1f0","isMergeCommit":true,"messageTitle":"Merge pull request #170 from xxdydx/email-validation-btr","messageBody":"A simpler email validator to fix email issues","fileTypesAndContributionMap":{}},{"hash":"dd42b52681cad8b97f26c2b6e8e8cfa7e3bf6531","isMergeCommit":true,"messageTitle":"Merge pull request #160 from javierlimt6/make-details-scrollable-javier","messageBody":"added scroll bar to details","fileTypesAndContributionMap":{}}]}]},"authorFileTypeContributionMap":{"Cleaach":{"docs":581,"functional-code":305,"test-code":260,"other":8},"javierlimt6":{"docs":39,"functional-code":606,"test-code":560},"xxdydx":{"docs":289,"functional-code":368,"test-code":403,"other":1},"dylandaaa":{"docs":3,"functional-code":460,"test-code":526},"CelineTj16":{"docs":83,"functional-code":873,"test-code":527}},"authorContributionVariance":{"Cleaach":55459.293,"javierlimt6":72434.83,"xxdydx":10638.73,"dylandaaa":93116.16,"CelineTj16":49608.39},"authorDisplayNameMap":{"Cleaach":"CS2103T-T16-3 CLEM..NDRA","javierlimt6":"CS2103T-T16-3 JAVI..N YI","xxdydx":"CS2103T-T16-3 R AR..ARAN","dylandaaa":"CS2103T-T16-3 DYLA..TONO","CelineTj16":"CS2103T-T16-3 JOSE..NDRA"}}
