{"authorDailyContributionsMap":{"hui-x1ng":[{"date":"2025-10-01T00:00:00","commitResults":[{"hash":"b52b5f05179e07bd9a7f7f496eae24c234ed3669","isMergeCommit":false,"messageTitle":"Update AboutUs.md","messageBody":"","fileTypesAndContributionMap":{"docs":{"insertions":7,"deletions":6}}},{"hash":"07748896a054630d75d657289eb1737466a43a03","isMergeCommit":false,"messageTitle":"Update AboutUs.md","messageBody":"","fileTypesAndContributionMap":{"docs":{"insertions":0,"deletions":0}}},{"hash":"af50ceb213fcaf15b4ddbab3b7bfa266067db0a0","isMergeCommit":false,"messageTitle":"Update AboutUs.md","messageBody":"","fileTypesAndContributionMap":{"docs":{"insertions":1,"deletions":1}}},{"hash":"89fee653545a413dd9250140a6e8013c6d8294c6","isMergeCommit":true,"messageTitle":"Merge pull request #22 from lvbrobinhood/w7-AboutUs","messageBody":"Update Robin AboutUs page","fileTypesAndContributionMap":{}},{"hash":"7516c9347feec714c06c93ce4952815538f68a68","isMergeCommit":true,"messageTitle":"Merge branch \u0027master\u0027 of https://github.com/AY2526S1-CS2103T-F11-2/tp into branch-AboutUs","messageBody":"","fileTypesAndContributionMap":{}},{"hash":"c78d4eafb9fa717310dc536a1d7092b053d3f179","isMergeCommit":false,"messageTitle":"Add glossary","messageBody":"","fileTypesAndContributionMap":{"docs":{"insertions":13,"deletions":1}}},{"hash":"2c9ac84fb9cd38ade64f31a12d55c1d5151f2fb3","isMergeCommit":true,"messageTitle":"Merge pull request #41 from lvbrobinhood/w7-nfr-glossary","messageBody":"Edit Non-functional requirements in DeveloperGuide.md","fileTypesAndContributionMap":{}},{"hash":"a94832794624618f7e7a611f8fd11c7195260eac","isMergeCommit":false,"messageTitle":"Update Aboutus page and fix the bug","messageBody":"","fileTypesAndContributionMap":{"docs":{"insertions":3,"deletions":3}}},{"hash":"2342944d30600f5a2a3aa2326d42439f45f166b0","isMergeCommit":true,"messageTitle":"Merge pull request #42 from siangjun2/update-readme","messageBody":"Update README","fileTypesAndContributionMap":{}},{"hash":"4b15cc0eab1a7aa85a9893de70d03df6fb6db337","isMergeCommit":true,"messageTitle":"Merge branch \u0027master\u0027 of https://github.com/AY2526S1-CS2103T-F11-2/tp into branch-glossary","messageBody":"","fileTypesAndContributionMap":{}},{"hash":"77e01ed3805ceaae552fd40f46723f1149e5d73e","isMergeCommit":true,"messageTitle":"Update Aboutus","messageBody":"","fileTypesAndContributionMap":{}}]},{"date":"2025-10-02T00:00:00","commitResults":[{"hash":"f60c88ba2321e6c1d355f2e359e34dedf95c6427","isMergeCommit":true,"messageTitle":"Merge pull request #49 from hui-x1ng/branch-Aboutus","messageBody":"Update aboutus","fileTypesAndContributionMap":{}}]},{"date":"2025-10-09T00:00:00","commitResults":[{"hash":"c0e470b0b7697c3f8785a1694ebfc7df48fa3086","isMergeCommit":false,"messageTitle":"Add basic payment feature","messageBody":"","fileTypesAndContributionMap":{"functional-code":{"insertions":172,"deletions":4}}},{"hash":"e5775db07ac7d754a841604524e9dd137ee85f5d","isMergeCommit":false,"messageTitle":"Fix the format problem","messageBody":"","fileTypesAndContributionMap":{"functional-code":{"insertions":4,"deletions":5}}},{"hash":"a8b6304af8fddefb5221a25ad08dee9d293f9d9d","isMergeCommit":false,"messageTitle":"Fix the format problem","messageBody":"","fileTypesAndContributionMap":{"functional-code":{"insertions":2,"deletions":2}}}]},{"date":"2025-10-10T00:00:00","commitResults":[{"hash":"7086d67bcda9422fc12cd291f52b576b4d74e405","isMergeCommit":false,"messageTitle":"Fix the format problem","messageBody":"","fileTypesAndContributionMap":{"functional-code":{"insertions":3,"deletions":0}}},{"hash":"0b0dfe57df6185c39d22c7232208a043500948d2","isMergeCommit":false,"messageTitle":"Fix the format problem","messageBody":"","fileTypesAndContributionMap":{"functional-code":{"insertions":2,"deletions":5}}},{"hash":"d98754a06262ceb5a0c3fa17d13b7e50ce07a415","isMergeCommit":false,"messageTitle":"Fix the format problem","messageBody":"","fileTypesAndContributionMap":{"functional-code":{"insertions":2,"deletions":3}}},{"hash":"4f1346fae15faffe287b994d15d85f37030b3502","isMergeCommit":false,"messageTitle":"Fix the format problem","messageBody":"","fileTypesAndContributionMap":{"functional-code":{"insertions":1,"deletions":1}}},{"hash":"6373c80aa0d5a08de1b928dc23b6ed4d3aa89d22","isMergeCommit":false,"messageTitle":"Fix the bug within PaymentCommand","messageBody":"","fileTypesAndContributionMap":{"functional-code":{"insertions":1,"deletions":0}}},{"hash":"759f08398c6132bf756011ad52d0299dde45ca29","isMergeCommit":false,"messageTitle":"Fix the bug within PaymentCommand","messageBody":"","fileTypesAndContributionMap":{"test-code":{"insertions":4,"deletions":3}}},{"hash":"7582c01cce1b62f88d555f77cbe4eb2a2052c3f7","isMergeCommit":false,"messageTitle":"fix the bug in test","messageBody":"","fileTypesAndContributionMap":{"test-code":{"insertions":4,"deletions":4}}},{"hash":"780900f67008daea5d2f69e8a62d6720b78fa163","isMergeCommit":false,"messageTitle":"fix the bug in test","messageBody":"","fileTypesAndContributionMap":{"test-code":{"insertions":1,"deletions":1}}},{"hash":"2de85b2736e32d19d48e6986be0bef8f7191a781","isMergeCommit":false,"messageTitle":"Rename Paymentcommand.java to PaymentCommand.java","messageBody":"","fileTypesAndContributionMap":{"other":{"insertions":0,"deletions":0}}}]},{"date":"2025-10-11T00:00:00","commitResults":[{"hash":"bd2c8ccc18e6ca35f20bd26abc9f95eea9e39061","isMergeCommit":true,"messageTitle":"Merge pull request #78 from lvbrobinhood/w9-payment-command","messageBody":"Refactor Payment Command","fileTypesAndContributionMap":{}}]},{"date":"2025-10-15T00:00:00","commitResults":[{"hash":"94cf70a4c3a7403c3ccabf82425a7e3c998c0728","isMergeCommit":false,"messageTitle":"Add mark attendance feature","messageBody":"","fileTypesAndContributionMap":{"functional-code":{"insertions":197,"deletions":78}}},{"hash":"5adf45538ca38372eeaf5d5e4d8c33256ba2abea","isMergeCommit":false,"messageTitle":"Add mark attendance feature","messageBody":"","fileTypesAndContributionMap":{"functional-code":{"insertions":39,"deletions":8}}},{"hash":"e71265e9e663b56e608adb134dce1c9ae9139aa1","isMergeCommit":false,"messageTitle":"Add mark attendance feature","messageBody":"","fileTypesAndContributionMap":{"functional-code":{"insertions":46,"deletions":45}}},{"hash":"16706d6e5d03e31f58564ba0826c7a4be72d479c","isMergeCommit":false,"messageTitle":"Add mark attendance feature","messageBody":"","fileTypesAndContributionMap":{"test-code":{"insertions":9,"deletions":9}}},{"hash":"3d1b123270123f2f7a3664fac20650aa4be42bef","isMergeCommit":false,"messageTitle":"Fix format bug in  mark attendance feature","messageBody":"","fileTypesAndContributionMap":{"test-code":{"insertions":1,"deletions":1}}},{"hash":"1e2ff854df7da84a79ef76ec555bea57f067bdee","isMergeCommit":false,"messageTitle":"Fix format bug in mark attendance feature","messageBody":"","fileTypesAndContributionMap":{"test-code":{"insertions":9,"deletions":9}}},{"hash":"de82bea810fd6bbee2c54fb5cd9720393b44969a","isMergeCommit":false,"messageTitle":"Fix format bug in mark attendance feature","messageBody":"","fileTypesAndContributionMap":{"test-code":{"insertions":1,"deletions":1}}},{"hash":"dc1840112ad043723e826b86e1e9f537b9a4eb78","isMergeCommit":false,"messageTitle":"Fix format bug in mark attendance feature","messageBody":"","fileTypesAndContributionMap":{"test-code":{"insertions":1,"deletions":1}}}]},{"date":"2025-10-21T00:00:00","commitResults":[{"hash":"a215801f18df7fe4a71e1e9a73566758fae34899","isMergeCommit":true,"messageTitle":"Merge pull request #90 from siangjun2/other-stuff","messageBody":"Updating tests","fileTypesAndContributionMap":{}}]}],"leechongrui":[{"date":"2025-10-01T00:00:00","commitResults":[{"hash":"489cbe181160f1b508ec5f37a3af1e06e83a9c06","isMergeCommit":false,"messageTitle":"Update About Us Page","messageBody":"","fileTypesAndContributionMap":{"docs":{"insertions":13,"deletions":13}}},{"hash":"781e3a2785296361ceba92ceac1715ae7f56e53a","isMergeCommit":false,"messageTitle":"Update AboutUs.md","messageBody":"","fileTypesAndContributionMap":{"docs":{"insertions":9,"deletions":9}}},{"hash":"357d8269327dcf0615b9ab60400272684cbb4eeb","isMergeCommit":true,"messageTitle":"Merge pull request #24 from hui-x1ng/branch-AboutUs","messageBody":"Update Aboutus Page","fileTypesAndContributionMap":{}},{"hash":"8bb915a2558d5b42f4c0fa6a112f57600de8f200","isMergeCommit":true,"messageTitle":"Merge pull request #44 from lvbrobinhood/w7-AboutUs","messageBody":"Change names in AboutUs.md","fileTypesAndContributionMap":{}}]},{"date":"2025-10-02T00:00:00","commitResults":[{"hash":"6a5e957de10977f66411ae7a96bebd0b3ac0d780","isMergeCommit":true,"messageTitle":"Merge pull request #53 from Miloepeng/branch-about-us","messageBody":"Remove more AB3 references","fileTypesAndContributionMap":{}}]},{"date":"2025-10-08T00:00:00","commitResults":[{"hash":"8c071e998a567bb491affdf5990a14102fbe07ac","isMergeCommit":false,"messageTitle":"Add Role class for student/tutor distinction","messageBody":"The system needs to differentiate between students and tutors\nto support tuition centre management features.\n\nThis commit introduces a Role class that:\n* Validates role input to accept only \u0027student\u0027 or \u0027tutor\u0027\n* Stores role in lowercase for consistency\n* Follows the same pattern as other Person attributes (Phone, Email)\n* Provides clear error message for invalid role entries\n","fileTypesAndContributionMap":{"functional-code":{"insertions":67,"deletions":0}}},{"hash":"0ed8349b1674234115b8b0b886975c76712d09ac","isMergeCommit":false,"messageTitle":"Add Class entity for tuition centre class management","messageBody":"Students and tutors need to be associated with classes they\nattend or teach, formatted with level, day, and time.\n\nThis commit introduces a Class class that:\n* Validates class format: s[1-5][day][time] (e.g., s4mon1600)\n* Supports standard week days (mon-sun)\n* Enforces 24-hour time format (0000-2359)\n* Stores class in lowercase for consistency\n* Will support multiple classes per person via Set\u003cClass\u003e\n","fileTypesAndContributionMap":{"functional-code":{"insertions":74,"deletions":0}}},{"hash":"1babb40eff0cc0e8acc5a7c1db295e13ab7c7c26","isMergeCommit":false,"messageTitle":"Update Phone validation to require exactly 8 digits","messageBody":"Generic phone validation (3+ digits) allows invalid entries\nthat don\u0027t match Singapore phone number format.\n\nThis commit updates Phone validation to:\n* Require exactly 8 digits for Singapore phone numbers\n* Update error message to reflect Singapore number requirement\n* Prevent invalid phone numbers like \u0027123\u0027 or \u0027123456789\u0027\n","fileTypesAndContributionMap":{"functional-code":{"insertions":3,"deletions":2}}},{"hash":"7ad15c9e64ff6d4dde585613a861f46ddecc7d7a","isMergeCommit":false,"messageTitle":"Add PREFIX_ROLE and PREFIX_CLASS to CliSyntax","messageBody":"The add command needs to support role (r/) and class (c/) prefixes\nfor the new student/tutor management features.\n\nThis commit adds:\n* PREFIX_ROLE for r/ prefix\n* PREFIX_CLASS for c/ prefix\nThese will be used in command parsing to identify role and class\nparameters from user input.\n","fileTypesAndContributionMap":{"functional-code":{"insertions":2,"deletions":0}}},{"hash":"a00f346e19e5c8390491f9a586c173f94ad4c62f","isMergeCommit":false,"messageTitle":"Add Role and Class fields to Person entity","messageBody":"Person needs to be extended to support student/tutor roles\nand associated class information for tuition centre management.\n\nThis commit updates Person class to:\n* Add Role field to distinguish between students and tutors\n* Add Set\u003cClass\u003e to support multiple classes per person\n* Update constructor to accept role and classes parameters\n* Add getRole() and getClasses() getter methods\n* Update equals(), hashCode(), and toString() to include new fields\n* Update isSamePerson() to check both name AND phone for duplicates\n  (allows siblings with same name but different phone numbers)\n","fileTypesAndContributionMap":{"functional-code":{"insertions":27,"deletions":5}}},{"hash":"8e4bffdb13d853e148903620e2da90909aeebdc4","isMergeCommit":false,"messageTitle":"Add parseRole and parseClasses to ParserUtil","messageBody":"AddCommandParser needs utility methods to parse role and class\nparameters from user input strings.\n\nThis commit adds to ParserUtil:\n* parseRole() - parses and validates role strings\n* parseClass() - parses and validates individual class strings\n* parseClasses() - parses collection of class strings into Set\u003cClass\u003e\nAll methods follow the same pattern as existing parse methods\n(parseName, parsePhone, etc.) with trimming and validation.\n","fileTypesAndContributionMap":{"functional-code":{"insertions":44,"deletions":0}}},{"hash":"3bcf9f04786e058b4495ae1b235f81091535bc5a","isMergeCommit":false,"messageTitle":"Update AddCommandParser for role and class support","messageBody":"AddCommandParser needs to parse the new role and class parameters\nand make address optional per feature requirements.\n\nThis commit updates AddCommandParser to:\n* Import PREFIX_ROLE and PREFIX_CLASS constants\n* Import Role and Class entity classes\n* Add role and class to tokenization\n* Require role (r/) as mandatory field (student/tutor)\n* Require at least one class (c/) - validate non-empty\n* Make address (a/) optional (defaults to \u0027-\u0027 placeholder)\n* Update Person constructor call with all new parameters\n* Add @Override annotation for consistency\n* Fix formatting (blank lines after imports)\n\nCommand format now: add r/{role} n/{name} p/{phone} e/{email} [a/{address}] c/{class} [c/{class}]...\n","fileTypesAndContributionMap":{"functional-code":{"insertions":28,"deletions":15}}},{"hash":"de1263dc781d2421cb642476a0b5825f8b43625c","isMergeCommit":false,"messageTitle":"Update AddCommand messages for student/tutor system","messageBody":"Success and error messages need to reflect the new student/tutor\nrole-based system instead of generic \u0027person\u0027 terminology.\n\nThis commit updates AddCommand to:\n* Add PREFIX_ROLE and PREFIX_CLASS imports\n* Update MESSAGE_USAGE with new command format including role and class\n* Update example to show student with multiple classes\n* Change success message to: \u0027Student/Tutor {name} added successfully\u0027\n* Capitalize role in success message for better display\n* Update duplicate message to reference student/tutor\n* Remove unused Messages import\n\nExample output: \u0027Student kevin added successfully\u0027\n","fileTypesAndContributionMap":{"functional-code":{"insertions":21,"deletions":12}}},{"hash":"d282505a0b2c0f6e7a9c33895a413281da49cc52","isMergeCommit":false,"messageTitle":"Fix compilation errors for new Person constructor","messageBody":"The Person constructor was updated to include Role and Set\u003cClass\u003e,\nwhich broke existing code that used the old constructor signature.\n\nThis commit fixes all compilation errors by:\n* Update EditCommand to preserve role and classes when editing\n* Update JsonAdaptedPerson to serialize/deserialize role and classes\n* Create JsonAdaptedClass for JSON serialization of Class objects\n* Update SampleDataUtil with sample students and tutors with classes\n* Update PersonBuilder test utility to include role and classes\n* Update JsonAdaptedPersonTest to use new constructor signature\n\nAll files now compile successfully with the new Person model.\n","fileTypesAndContributionMap":{"functional-code":{"insertions":106,"deletions":18},"test-code":{"insertions":38,"deletions":15}}},{"hash":"f49c5a156d0f2981e9b8e93978ced957d4852fd2","isMergeCommit":false,"messageTitle":"Fix checkstyle import ordering errors","messageBody":"","fileTypesAndContributionMap":{"functional-code":{"insertions":12,"deletions":13},"test-code":{"insertions":5,"deletions":4}}},{"hash":"4bfa3d2eeee95e046a597c5f7a1af5b474548cbc","isMergeCommit":false,"messageTitle":"Fix all tests for new Person model with role and classes","messageBody":"Tests were failing due to Person constructor changes and new\nvalidation rules (8-digit phone, role, classes required).\n\nThis commit updates all test files to:\n* Add withRole() and withClasses() methods to PersonBuilder\n* Update TypicalPersons with valid 8-digit phones, roles, and classes\n* Add VALID_ROLE, VALID_CLASS constants to CommandTestUtil\n* Add INVALID_ROLE, INVALID_CLASS test cases\n* Fix AddCommandTest success message format (role + name)\n* Fix PhoneTest validation (exactly 8 digits, not 3+)\n* Fix PersonTest isSamePerson() to check name AND phone\n* Update PersonUtil.getPersonDetails() to include role and classes\n* Update all JSON test data files with role and classes fields\n* Fix AddCommandParserTest with role and class in all test commands\n* Fix LogicManagerTest to include role and class in add command\n* Remove unused imports\n","fileTypesAndContributionMap":{"test-code":{"insertions":154,"deletions":64}}}]},{"date":"2025-10-09T00:00:00","commitResults":[{"hash":"1143ddf32b3d1cb82c71dd01377bbd5dd5528c1a","isMergeCommit":true,"messageTitle":"Merge pull request #65 from Miloepeng/branch-list","messageBody":"Enhance List command","fileTypesAndContributionMap":{}}]},{"date":"2025-10-11T00:00:00","commitResults":[{"hash":"3784c039abfd6a7aad0b175dcb67ae00937b6de5","isMergeCommit":false,"messageTitle":"Update UI to display role, class, and payment status attributes","messageBody":"","fileTypesAndContributionMap":{"functional-code":{"insertions":14,"deletions":0}}},{"hash":"1fb461ea031d755f9fa4bb6804f52e52a5897d97","isMergeCommit":false,"messageTitle":"Reorder UI attributes: show role, class, payment status first","messageBody":"- Move role, classes, and paymentStatus to top of display\n","fileTypesAndContributionMap":{"functional-code":{"insertions":3,"deletions":3}}}]},{"date":"2025-10-12T00:00:00","commitResults":[{"hash":"b14cb4beb9798fe9101f7096453d70b0b28e092b","isMergeCommit":false,"messageTitle":"Add color coding and enhanced styling for role-based UI","messageBody":"- Implement role-specific styling with distinct color schemes:\n  * Tutors: Blue theme\n  * Students: Red theme\n- Style role labels with matching colors and bold formatting\n- Improve visual distinction between different user types\n","fileTypesAndContributionMap":{"functional-code":{"insertions":93,"deletions":4}}},{"hash":"16d94d88568433eadac6cfb9e5faa4c2a89ac221","isMergeCommit":false,"messageTitle":"Fix bugs: handle Payment object type conversion","messageBody":"","fileTypesAndContributionMap":{"functional-code":{"insertions":1,"deletions":1}}}]}],"Miloepeng":[{"date":"2025-09-21T00:00:00","commitResults":[{"hash":"ad8944bbd79b935569a584044cb52594152feefc","isMergeCommit":true,"messageTitle":"Merge remote-tracking branch \u0027upstream/switch-docs-to-markbind\u0027","messageBody":"","fileTypesAndContributionMap":{}},{"hash":"861c47b3d030af6492343ead2c87ea8a634f5564","isMergeCommit":false,"messageTitle":"Update site configs to match fork","messageBody":"","fileTypesAndContributionMap":{"docs":{"insertions":1,"deletions":1}}},{"hash":"5899ab2ae8df2d02672d60e1fe6cf70d3bac3a2d","isMergeCommit":false,"messageTitle":"Redeploy website","messageBody":"","fileTypesAndContributionMap":{"docs":{"insertions":1,"deletions":1}}},{"hash":"55b554e9f94ae64c4919b36696386fbf3f3c97d9","isMergeCommit":true,"messageTitle":"Merge branch \u0027master\u0027 of https://github.com/AY2526S1-2103T-F11-2/tp","messageBody":"","fileTypesAndContributionMap":{}},{"hash":"f8c7861cac2342baec4252abe083540261d38567","isMergeCommit":false,"messageTitle":"Rename organization","messageBody":"","fileTypesAndContributionMap":{"docs":{"insertions":1,"deletions":1}}}]},{"date":"2025-10-01T00:00:00","commitResults":[{"hash":"6cafd21ad5f9a091fc832e62461101a6a644e9ba","isMergeCommit":false,"messageTitle":"Update AboutUs page","messageBody":"","fileTypesAndContributionMap":{"docs":{"insertions":6,"deletions":6}}},{"hash":"907bea3d83fe4445085703d927aabb9b1ac73e76","isMergeCommit":true,"messageTitle":"Merge pull request #25 from leechongrui/aboutus-update","messageBody":"Aboutus update","fileTypesAndContributionMap":{}},{"hash":"59de084b7fa79b61288c71a9a7fd5c5b43634473","isMergeCommit":false,"messageTitle":"Update user profile","messageBody":"","fileTypesAndContributionMap":{"docs":{"insertions":22,"deletions":12}}},{"hash":"2160f90a1e99488bd96437d62360fc33096820de","isMergeCommit":false,"messageTitle":"Configure site-wide settings","messageBody":"","fileTypesAndContributionMap":{"docs":{"insertions":1,"deletions":1}}},{"hash":"cf01b28e2aee5621bb70c7186513a67767af49c4","isMergeCommit":false,"messageTitle":"Configure default.md","messageBody":"","fileTypesAndContributionMap":{"docs":{"insertions":3,"deletions":4}}},{"hash":"64a3e58f30d76c856ca86337591723a1a349235f","isMergeCommit":true,"messageTitle":"Merge pull request #37 from siangjun2/add-ui-mockup","messageBody":"Update Ui.png","fileTypesAndContributionMap":{}},{"hash":"8f4bdb3d0cfe4a42baa1c21cf9c2a36e52cb6fd0","isMergeCommit":true,"messageTitle":"Merge pull request #39 from siangjun2/add-status-badge","messageBody":"Add status badge","fileTypesAndContributionMap":{}},{"hash":"aa59461b9fadbaeae3f5abb8a458e936e9e97bfd","isMergeCommit":true,"messageTitle":"Merge branch \u0027master\u0027 into add-acknowledgement","messageBody":"","fileTypesAndContributionMap":{}},{"hash":"3fdde05c2b64d2c3da1aa789d596dbe91e97ec4a","isMergeCommit":true,"messageTitle":"Merge pull request #40 from siangjun2/add-acknowledgement","messageBody":"Add README.md acknowledgement message","fileTypesAndContributionMap":{}},{"hash":"e6a18b921974eceffcb1cf91325a65925298ed40","isMergeCommit":true,"messageTitle":"Merge pull request #48 from lvbrobinhood/leechongrui-use-cases","messageBody":"Merge changes from Chong Rui","fileTypesAndContributionMap":{}}]},{"date":"2025-10-02T00:00:00","commitResults":[{"hash":"a919f980b522015aec0f8bffd3c401050b85a3a2","isMergeCommit":false,"messageTitle":"Fix wrong image link","messageBody":"","fileTypesAndContributionMap":{"docs":{"insertions":2,"deletions":2}}},{"hash":"08a7aab22cd135c0ec7f99dc54d2dfb74770d9e5","isMergeCommit":false,"messageTitle":"Remove more AB3 references","messageBody":"","fileTypesAndContributionMap":{"docs":{"insertions":0,"deletions":10}}}]},{"date":"2025-10-09T00:00:00","commitResults":[{"hash":"1f6c6d76b0f28698c53bb13e212de419787e3fd3","isMergeCommit":true,"messageTitle":"Merge pull request #63 from lvbrobinhood/w8-delete","messageBody":"Week 8 work on MVP feature delete","fileTypesAndContributionMap":{}},{"hash":"13469c25ecbf3b013ea47117f8b6a3db1fe07886","isMergeCommit":true,"messageTitle":"Merge pull request #64 from leechongrui/add-studentTutor","messageBody":"Week 8 work on MVP feature add","fileTypesAndContributionMap":{}},{"hash":"67e04a92f5ed8f2b53420e8b022712d93dfee03c","isMergeCommit":false,"messageTitle":"Enhance List command","messageBody":"","fileTypesAndContributionMap":{"functional-code":{"insertions":165,"deletions":3},"test-code":{"insertions":135,"deletions":2}}},{"hash":"d230e28c871e9e90aa05a9678fb4ce09dcaf9ace","isMergeCommit":false,"messageTitle":"Remove trailing whitespace","messageBody":"","fileTypesAndContributionMap":{"functional-code":{"insertions":1,"deletions":3},"docs":{"insertions":6,"deletions":6},"test-code":{"insertions":0,"deletions":4}}},{"hash":"1b533148919fcfac3e97ba32cc420aab0da5a71b","isMergeCommit":false,"messageTitle":"Remove trailing whitespace from ListCommandTest","messageBody":"","fileTypesAndContributionMap":{"test-code":{"insertions":1,"deletions":2}}},{"hash":"288bc9e6a64b33cb11103bd0e31f480cd0684c9e","isMergeCommit":false,"messageTitle":"Remove trailing whitespace from DeveloperGuide","messageBody":"","fileTypesAndContributionMap":{"functional-code":{"insertions":1,"deletions":1},"docs":{"insertions":1,"deletions":1},"test-code":{"insertions":2,"deletions":2}}},{"hash":"a9db504581ea7ce786e1c9cbdc770b01555c0b21","isMergeCommit":false,"messageTitle":"Break up long lines","messageBody":"","fileTypesAndContributionMap":{"test-code":{"insertions":13,"deletions":5}}},{"hash":"c4b2636e18ad0b7b5ec8e7b1bd703e8cd8feafcd","isMergeCommit":false,"messageTitle":"Amend CheckStyle violations in ListCommandParserTest","messageBody":"","fileTypesAndContributionMap":{"test-code":{"insertions":6,"deletions":5}}},{"hash":"65e57c3d4a72fbcb686eddfcffd493b655a6be79","isMergeCommit":false,"messageTitle":"Amend lines starting with ,","messageBody":"","fileTypesAndContributionMap":{"test-code":{"insertions":4,"deletions":4}}},{"hash":"ed1ef2bd02d9e45700e30bb6490f5ff261c99512","isMergeCommit":false,"messageTitle":"Amend String indentation levels","messageBody":"","fileTypesAndContributionMap":{"test-code":{"insertions":2,"deletions":2}}},{"hash":"67f4a3ef9cc5d80ab79fe1da964889ecbd9da38f","isMergeCommit":true,"messageTitle":"Merge pull request #66 from siangjun2/M1.2-Find","messageBody":"Edit FindCommand","fileTypesAndContributionMap":{}}]},{"date":"2025-10-10T00:00:00","commitResults":[{"hash":"61594b9b72aca1a37daf59ef7f22cdeef68c1351","isMergeCommit":true,"messageTitle":"Merge pull request #69 from hui-x1ng/branch-payment2","messageBody":"Branch payment2","fileTypesAndContributionMap":{}}]},{"date":"2025-10-15T00:00:00","commitResults":[{"hash":"0d25b9d38967bd9d1654a2b1d4d0a06093557a63","isMergeCommit":false,"messageTitle":"Add new CLI Syntax /tu","messageBody":"","fileTypesAndContributionMap":{"functional-code":{"insertions":165,"deletions":19}}},{"hash":"049f4d630858aed7d6ac5e219df8564d4258e31d","isMergeCommit":false,"messageTitle":"Remove trailing white spaces","messageBody":"","fileTypesAndContributionMap":{"functional-code":{"insertions":1,"deletions":9}}},{"hash":"46b5761558839369c955e4522781585052255fb9","isMergeCommit":false,"messageTitle":"Add new line at EOF","messageBody":"","fileTypesAndContributionMap":{"functional-code":{"insertions":1,"deletions":1}}},{"hash":"eedf8fb44caa7e4c0e7d026ad14ee4455eef6789","isMergeCommit":false,"messageTitle":"Add missing Javadoc comment","messageBody":"","fileTypesAndContributionMap":{"functional-code":{"insertions":14,"deletions":9}}},{"hash":"27e9d420a43de68112df858f67f7101da442f931","isMergeCommit":false,"messageTitle":"Fix import order","messageBody":"","fileTypesAndContributionMap":{"functional-code":{"insertions":3,"deletions":3}}},{"hash":"a41199da652093ef02eb4bfd59f8076d0e3273d9","isMergeCommit":false,"messageTitle":"Fix static imports","messageBody":"","fileTypesAndContributionMap":{"functional-code":{"insertions":4,"deletions":4}}},{"hash":"6a64112d83fea38c2cc1488e589c3ded75a060b9","isMergeCommit":false,"messageTitle":"Fix gradlew test case","messageBody":"","fileTypesAndContributionMap":{"test-code":{"insertions":1,"deletions":1}}}]},{"date":"2025-10-16T00:00:00","commitResults":[{"hash":"9300c2c379f2065cd8a27df3df9c464bd9b2a2f4","isMergeCommit":true,"messageTitle":"Merge pull request #82 from siangjun2/Add-Checks","messageBody":"Edit error checking and updated User Guide","fileTypesAndContributionMap":{}}]}],"siangjun2":[{"date":"2025-10-01T00:00:00","commitResults":[{"hash":"62db748192cc1b7f40af757272130472d13731ed","isMergeCommit":false,"messageTitle":"Update AboutUs.md","messageBody":"","fileTypesAndContributionMap":{"docs":{"insertions":6,"deletions":6}}},{"hash":"0f70dd8b36788bfbb3e50dfe93b70c2d9dc2eec6","isMergeCommit":true,"messageTitle":"Merge pull request #19 from Miloepeng/branch-about-us","messageBody":"Update AboutUs page","fileTypesAndContributionMap":{}},{"hash":"b3bc0af766a9ae69311edeecdbbabe28a8aa3421","isMergeCommit":false,"messageTitle":"Update CI Status","messageBody":"","fileTypesAndContributionMap":{"docs":{"insertions":1,"deletions":1}}},{"hash":"9b51ae9dc43f817357f13c353c807d0e1472743c","isMergeCommit":false,"messageTitle":"Improve formatting","messageBody":"","fileTypesAndContributionMap":{"docs":{"insertions":1,"deletions":1}}},{"hash":"7bead0cc097626924915824c8b4a0e113356c73f","isMergeCommit":false,"messageTitle":"Add acknowledgement","messageBody":"","fileTypesAndContributionMap":{"docs":{"insertions":2,"deletions":0}}},{"hash":"3a0f18eddcc767be5ea0a93cbb9fa822043ef34b","isMergeCommit":false,"messageTitle":"Update README","messageBody":"","fileTypesAndContributionMap":{"docs":{"insertions":28,"deletions":10}}},{"hash":"995f8bbf41013ddec7b04a66d09f500d8d7ad252","isMergeCommit":false,"messageTitle":"Edit formatting","messageBody":"","fileTypesAndContributionMap":{"docs":{"insertions":1,"deletions":0}}},{"hash":"c4c97ca68775da43dc8c911cf122d64617938fc5","isMergeCommit":false,"messageTitle":"ADD EOF line","messageBody":"","fileTypesAndContributionMap":{"docs":{"insertions":1,"deletions":1}}},{"hash":"cba14c6a6674920cfb71a3124c4fa9adaebf2100","isMergeCommit":true,"messageTitle":"Merge pull request #36 from siangjun2/add-siangjun-photo","messageBody":"Edit photo format","fileTypesAndContributionMap":{}},{"hash":"a8a1fcc69a4678a25545294f0c24c6518c96165b","isMergeCommit":true,"messageTitle":"Merge pull request #46 from siangjun2/add-siangjun-photo","messageBody":"Update Siang jun photo name","fileTypesAndContributionMap":{}}]},{"date":"2025-10-02T00:00:00","commitResults":[{"hash":"021eef2c1d9b5bf97cbf5c024546a65d2682e74f","isMergeCommit":true,"messageTitle":"Merge pull request #52 from Miloepeng/branch-add-photo","messageBody":"","fileTypesAndContributionMap":{}}]},{"date":"2025-10-09T00:00:00","commitResults":[{"hash":"7e10cd55340cc6aa956ad2361a3ddd935db8a1b4","isMergeCommit":false,"messageTitle":"Edit FindCommand","messageBody":"","fileTypesAndContributionMap":{"functional-code":{"insertions":3,"deletions":3}}}]},{"date":"2025-10-15T00:00:00","commitResults":[{"hash":"566b7cdde077963486f9535257136ae5ca2e576f","isMergeCommit":false,"messageTitle":"Update AddCommand test","messageBody":"","fileTypesAndContributionMap":{"functional-code":{"insertions":1,"deletions":1},"docs":{"insertions":20,"deletions":20},"test-code":{"insertions":65,"deletions":0}}}]},{"date":"2025-10-16T00:00:00","commitResults":[{"hash":"3d7afb5d63709e32e37a96447fd6967bbc04d91b","isMergeCommit":false,"messageTitle":"Update AddCommandParserTest","messageBody":"","fileTypesAndContributionMap":{"functional-code":{"insertions":6,"deletions":2},"test-code":{"insertions":36,"deletions":9}}},{"hash":"e73592f30dda80258e2b24dff7e9f3579f7bc5b7","isMergeCommit":false,"messageTitle":"Update Help documentation","messageBody":"","fileTypesAndContributionMap":{"functional-code":{"insertions":1,"deletions":1},"docs":{"insertions":7,"deletions":6},"test-code":{"insertions":109,"deletions":0}}},{"hash":"99c350e6c754b43832a0fe9c29f9cf7d60631920","isMergeCommit":false,"messageTitle":"Modify DeletCommandTest","messageBody":"","fileTypesAndContributionMap":{"functional-code":{"insertions":1,"deletions":1},"test-code":{"insertions":16,"deletions":153}}},{"hash":"43459b1ca97e5e7ed258ba89cc98ac1c40747c76","isMergeCommit":false,"messageTitle":"Edit AddCommandIntegrationTest","messageBody":"","fileTypesAndContributionMap":{"functional-code":{"insertions":2,"deletions":1},"test-code":{"insertions":7,"deletions":23}}},{"hash":"6d4ccb1b2ca23332136e6864b8e5451c8e6a2288","isMergeCommit":false,"messageTitle":"Update AddParserTest style","messageBody":"","fileTypesAndContributionMap":{"test-code":{"insertions":5,"deletions":5}}},{"hash":"ec1b7b96471d22d76a916499c10d7809feacdc7d","isMergeCommit":false,"messageTitle":"Update checkstyle","messageBody":"","fileTypesAndContributionMap":{"functional-code":{"insertions":2,"deletions":1},"test-code":{"insertions":1,"deletions":4}}},{"hash":"f9243ade34fafcb4194b00300bd3ed8cbe65199d","isMergeCommit":false,"messageTitle":"Fix typo","messageBody":"","fileTypesAndContributionMap":{"test-code":{"insertions":3,"deletions":1}}}]},{"date":"2025-10-19T00:00:00","commitResults":[{"hash":"cea28c186a321fbdaf2ae22b8421892283a549c5","isMergeCommit":false,"messageTitle":"Rename package","messageBody":"","fileTypesAndContributionMap":{"other":{"insertions":950,"deletions":950},"docs":{"insertions":5,"deletions":5},"test-code":{"insertions":3,"deletions":3}}},{"hash":"677a4fd9dc51ed7a8027ff01e1ec989ad6d22d6f","isMergeCommit":true,"messageTitle":"Merge pull request #1 from siangjun2/refactoring","messageBody":"Rename package","fileTypesAndContributionMap":{}},{"hash":"979921336e22ea25941f34809a81a79807d83249","isMergeCommit":false,"messageTitle":"Revert \"Rename package\"","messageBody":"","fileTypesAndContributionMap":{"other":{"insertions":950,"deletions":950},"docs":{"insertions":5,"deletions":5},"test-code":{"insertions":3,"deletions":3}}},{"hash":"09fbc38d8fcdaac34a1bf6b1032aabdb1065a864","isMergeCommit":true,"messageTitle":"Merge pull request #87 from AY2526S1-CS2103T-F11-2/revert-86-refactoring","messageBody":"Revert \"Rename package\"\nmb gang","fileTypesAndContributionMap":{}},{"hash":"d6b5ea6f4836440d872301ef63d3f24fa1d8957d","isMergeCommit":false,"messageTitle":"Rename packages","messageBody":"","fileTypesAndContributionMap":{"other":{"insertions":875,"deletions":875},"docs":{"insertions":5,"deletions":6},"test-code":{"insertions":3,"deletions":3}}},{"hash":"2e4d9bc019d9be0d592d976e811217772c555d8c","isMergeCommit":false,"messageTitle":"Update Index tests","messageBody":"","fileTypesAndContributionMap":{"test-code":{"insertions":25,"deletions":0}}},{"hash":"86b422d118f52eef1710c571c23375a90792b07b","isMergeCommit":false,"messageTitle":"Remove Settingup.md","messageBody":"","fileTypesAndContributionMap":{"docs":{"insertions":0,"deletions":62}}},{"hash":"7c7c5cda60b0c3944e98c47a06696244bd270872","isMergeCommit":false,"messageTitle":"Update Version","messageBody":"","fileTypesAndContributionMap":{"functional-code":{"insertions":3,"deletions":2}}},{"hash":"276994323a0905f026e469d0aa8e3d4e97581ae4","isMergeCommit":false,"messageTitle":"Update AppUtilTest","messageBody":"","fileTypesAndContributionMap":{"test-code":{"insertions":2,"deletions":0}}},{"hash":"1074dfc42bd52f5e80521873e7a603263fba9c55","isMergeCommit":false,"messageTitle":"Update CollectionUtilTest","messageBody":"","fileTypesAndContributionMap":{"test-code":{"insertions":6,"deletions":0}}}]},{"date":"2025-10-20T00:00:00","commitResults":[{"hash":"99e5eee080a8a59e4634fb6e12b1006fbade7762","isMergeCommit":false,"messageTitle":"Add ToStringBuilderTest","messageBody":"","fileTypesAndContributionMap":{"test-code":{"insertions":51,"deletions":0}}},{"hash":"16a4ae226f96e8883886b809c943fda275cf4df2","isMergeCommit":false,"messageTitle":"Add Class tests","messageBody":"","fileTypesAndContributionMap":{"test-code":{"insertions":125,"deletions":0}}},{"hash":"12348cc4332cbe81d7a7eecf004028e84a8fe1b9","isMergeCommit":false,"messageTitle":"Update StringUtilTest","messageBody":"","fileTypesAndContributionMap":{"test-code":{"insertions":8,"deletions":1}}},{"hash":"f6fb86a85408510eab761b926781432e0c746d35","isMergeCommit":false,"messageTitle":"Update NameContainsKeywordsPredicate","messageBody":"","fileTypesAndContributionMap":{"functional-code":{"insertions":4,"deletions":0},"test-code":{"insertions":7,"deletions":0}}},{"hash":"3d04d0885f1480d5c182e41651a634383981b0ff","isMergeCommit":false,"messageTitle":"Update ClassContainsKeywordsPredicate","messageBody":"","fileTypesAndContributionMap":{"functional-code":{"insertions":3,"deletions":0},"test-code":{"insertions":7,"deletions":0}}},{"hash":"6cb755e0cb6b65cae4eefe32d435c2ab1fca15b5","isMergeCommit":false,"messageTitle":"Add Role test","messageBody":"","fileTypesAndContributionMap":{"functional-code":{"insertions":2,"deletions":1},"test-code":{"insertions":142,"deletions":0}}},{"hash":"45dc8d318afa5ea0b2866bdbc126b15c75b7f7df","isMergeCommit":true,"messageTitle":"Merge pull request #89 from siangjun2/renaming-package","messageBody":"Rename packages","fileTypesAndContributionMap":{}},{"hash":"87b79c2025f8de69dd7188ad21311ef519b5258e","isMergeCommit":false,"messageTitle":"Update TagTest","messageBody":"","fileTypesAndContributionMap":{"test-code":{"insertions":100,"deletions":3}}},{"hash":"64d303e573932ec99d85d747fca812cb937b7679","isMergeCommit":false,"messageTitle":"Update ClassContainsKeywordsPredicate","messageBody":"","fileTypesAndContributionMap":{"functional-code":{"insertions":2,"deletions":1}}}]}],"lvbrobinhood":[{"date":"2025-09-21T00:00:00","commitResults":[{"hash":"3f2c5c583ba02d2baf475f18ee2057552ff47014","isMergeCommit":false,"messageTitle":"codecov changes in README.md","messageBody":"","fileTypesAndContributionMap":{"docs":{"insertions":2,"deletions":0}}}]},{"date":"2025-10-01T00:00:00","commitResults":[{"hash":"4a20647ecdd3024828f31596616ff6b7865a766e","isMergeCommit":false,"messageTitle":"Update AboutUs.md","messageBody":"","fileTypesAndContributionMap":{"docs":{"insertions":3,"deletions":3}}},{"hash":"222b3b57af54bcdc4c98c093663ff9438479b8ac","isMergeCommit":true,"messageTitle":"Merge branch \u0027master\u0027 into w7-AboutUs","messageBody":"","fileTypesAndContributionMap":{}},{"hash":"d8940a27782b4e1978057b478a3392e73b87bd6a","isMergeCommit":true,"messageTitle":"Merge pull request #21 from siangjun2/update-about-us","messageBody":"Update AboutUs.md","fileTypesAndContributionMap":{}},{"hash":"f72489051a1628f28bb85764939b6e99f2cbcb29","isMergeCommit":true,"messageTitle":"Merge pull request #12 from leechongrui/w7","messageBody":"Add Chong Rui\u0027s image","fileTypesAndContributionMap":{}},{"hash":"3c55d84b8c0e8479755a712d74d43a81be5e1a89","isMergeCommit":false,"messageTitle":"Edit Non-functional requirements in DeveloperGuide.md","messageBody":"","fileTypesAndContributionMap":{"docs":{"insertions":7,"deletions":4}}},{"hash":"58b2a2c298a7a4f735ea0bd3880cae39e62be43f","isMergeCommit":true,"messageTitle":"Merge pull request #38 from hui-x1ng/branch-glossary","messageBody":"Add glossary","fileTypesAndContributionMap":{}},{"hash":"f9b4c80b90977f4304f6d67356fe168bd1cbde25","isMergeCommit":false,"messageTitle":"Change names in AboutUs.md","messageBody":"","fileTypesAndContributionMap":{"docs":{"insertions":2,"deletions":2}}},{"hash":"0e9e288b845b124a93027b0b6845548721059c9a","isMergeCommit":true,"messageTitle":"Merge pull request #43 from Miloepeng/branch-project-scope","messageBody":"Update site-wide settings and Project Scope","fileTypesAndContributionMap":{}},{"hash":"ae74e803c9e8eb62dec31d586a06856e81dc9868","isMergeCommit":true,"messageTitle":"Merge branch \u0027master\u0027 into w7-AboutUs","messageBody":"","fileTypesAndContributionMap":{}},{"hash":"97bc3c3ca6ccce212a1a391f1a08405d60d6ba7e","isMergeCommit":false,"messageTitle":"Merge changes from Chong Rui","messageBody":"","fileTypesAndContributionMap":{"docs":{"insertions":87,"deletions":20}}}]},{"date":"2025-10-08T00:00:00","commitResults":[{"hash":"738dd7cfcfb3ed968a7463aa7a9305f8c01e9de7","isMergeCommit":false,"messageTitle":"Week 8 work on MVP feature delete","messageBody":"","fileTypesAndContributionMap":{"functional-code":{"insertions":2,"deletions":1}}},{"hash":"1b994606735cddf2537db46b9b52822f20a5d59c","isMergeCommit":false,"messageTitle":"Format whitespace to pass check","messageBody":"","fileTypesAndContributionMap":{"functional-code":{"insertions":1,"deletions":1}}}]},{"date":"2025-10-11T00:00:00","commitResults":[{"hash":"784f9e9b1a5e7cc503205d5c444b20bf093fcaa2","isMergeCommit":false,"messageTitle":"First push","messageBody":"","fileTypesAndContributionMap":{"functional-code":{"insertions":3,"deletions":3}}},{"hash":"de604e33a07ad1e6751460170cdc88db29c99fa6","isMergeCommit":false,"messageTitle":"Remove constructor overload in Person","messageBody":"","fileTypesAndContributionMap":{"functional-code":{"insertions":11,"deletions":17},"test-code":{"insertions":1,"deletions":1}}},{"hash":"df20958f0c658100a6265b6ab7240736579ee416","isMergeCommit":false,"messageTitle":"Add Payment.java without usage","messageBody":"","fileTypesAndContributionMap":{"functional-code":{"insertions":66,"deletions":0}}},{"hash":"a0edcfce8a74b67cb85ae3fc221b0ba7ce494d32","isMergeCommit":false,"messageTitle":"Payment.java Change 1","messageBody":"","fileTypesAndContributionMap":{"functional-code":{"insertions":27,"deletions":19},"test-code":{"insertions":3,"deletions":2}}},{"hash":"02ffcfe4291db1eb57eb7824b23b9f54da57336b","isMergeCommit":false,"messageTitle":"Payment.java Change 2","messageBody":"","fileTypesAndContributionMap":{"functional-code":{"insertions":13,"deletions":2},"test-code":{"insertions":31,"deletions":21}}},{"hash":"6f72d45e89e69f5d66304a736079f28039263c0e","isMergeCommit":false,"messageTitle":"Fix code to pass tests","messageBody":"","fileTypesAndContributionMap":{"test-code":{"insertions":3,"deletions":0}}},{"hash":"bdc5105412014752edc651b076534daf5a07f0da","isMergeCommit":false,"messageTitle":"Payment.java Change 3","messageBody":"","fileTypesAndContributionMap":{"functional-code":{"insertions":15,"deletions":2},"test-code":{"insertions":2,"deletions":1}}},{"hash":"eab28c54378910e4341cd7bc3fcd7bcf75ee3b4f","isMergeCommit":false,"messageTitle":"Payment.java Change 4","messageBody":"","fileTypesAndContributionMap":{"functional-code":{"insertions":22,"deletions":2}}},{"hash":"cb3957927ec02ec2b005b6f2d3b1df2c874fe8df","isMergeCommit":false,"messageTitle":"Payment.java Change 5","messageBody":"","fileTypesAndContributionMap":{"functional-code":{"insertions":7,"deletions":7}}},{"hash":"598ac3974f11e3af1ca755bd06edc9b9f22d9de4","isMergeCommit":false,"messageTitle":"Fix code to pass tests","messageBody":"","fileTypesAndContributionMap":{"functional-code":{"insertions":6,"deletions":1}}}]},{"date":"2025-10-15T00:00:00","commitResults":[{"hash":"c95f1969589c0ae8bdce72a3e59b2b61bc0338cd","isMergeCommit":true,"messageTitle":"Merge pull request #77 from leechongrui/add-UI","messageBody":"Update UI with role labels, class labels and payment status labels","fileTypesAndContributionMap":{}},{"hash":"e19ae79b6097b9a2ac7c7e308381c7558013a1c1","isMergeCommit":true,"messageTitle":"Merge pull request #79 from Miloepeng/branch-list","messageBody":"Add new CLI Syntax /tu","fileTypesAndContributionMap":{}}]},{"date":"2025-10-16T00:00:00","commitResults":[{"hash":"c0b23eb7f9bf5b177643c837710a582759fdfe35","isMergeCommit":true,"messageTitle":"Merge pull request #81 from hui-x1ng/branch-mark","messageBody":"Add mark feature","tags":["v1.3"],"fileTypesAndContributionMap":{}}]}]},"authorFileTypeContributionMap":{"hui-x1ng":{"docs":19,"functional-code":301,"test-code":12},"leechongrui":{"docs":6,"functional-code":424,"test-code":144},"Miloepeng":{"docs":32,"functional-code":285,"test-code":128},"siangjun2":{"docs":61,"functional-code":440,"test-code":1004,"other":1},"lvbrobinhood":{"docs":91,"functional-code":123,"test-code":26}},"authorContributionVariance":{"hui-x1ng":6962.049,"leechongrui":15741.421,"Miloepeng":5645.723,"siangjun2":954300.1,"lvbrobinhood":2846.512},"authorDisplayNameMap":{"hui-x1ng":"CS2103T-F11-2 JIAN..CHEN","leechongrui":"CS2103T-F11-2 LEE .. RUI","Miloepeng":"CS2103T-F11-2 YEO ..HENG","siangjun2":"CS2103T-F11-2 LEE .. JUN","lvbrobinhood":"CS2103T-F11-2 LOW ..OBIN"}}
