{"authorDailyContributionsMap":{"learningcoding-pixel":[{"date":"2025-09-28T00:00:00","commitResults":[{"hash":"f3f975f8751a6fa5578e31313ac1aec84f80e78a","isMergeCommit":false,"messageTitle":"update aboutUs","messageBody":"","fileTypesAndContributionMap":{"docs":{"insertions":3,"deletions":3}}},{"hash":"f5d651f2c86372dcf63530696257b72e4eccd170","isMergeCommit":true,"messageTitle":"Merge pull request #28 from learningcoding-pixel/branch-aboutUs","messageBody":"update aboutUs","fileTypesAndContributionMap":{}},{"hash":"598094de8affe1df26c7f92050cc6e9c8ed30cc9","isMergeCommit":false,"messageTitle":"Commit Ui.png and README","messageBody":"","fileTypesAndContributionMap":{"docs":{"insertions":98,"deletions":11}}}]},{"date":"2025-09-30T00:00:00","commitResults":[{"hash":"649c574210afb9d0048de4ac0a1d193fb060e4bb","isMergeCommit":false,"messageTitle":"Update Ui.png and README.md","messageBody":"","fileTypesAndContributionMap":{"docs":{"insertions":10,"deletions":84}}},{"hash":"33deee61d8f7b90d1113c4e4b95d5df4bd219398","isMergeCommit":false,"messageTitle":"Update README.md","messageBody":"","fileTypesAndContributionMap":{"docs":{"insertions":7,"deletions":9}}},{"hash":"6b520dfa171017b4c80500add9da4ea3c3af8b81","isMergeCommit":true,"messageTitle":"Merge pull request #30 from learningcoding-pixel/branch-UiMockup","messageBody":"Commit Ui.png and README","fileTypesAndContributionMap":{}}]},{"date":"2025-10-01T00:00:00","commitResults":[{"hash":"362635f07aa3f11d5b7abda99da3ef11bcd3ad84","isMergeCommit":false,"messageTitle":"Add Glossary","messageBody":"","fileTypesAndContributionMap":{"docs":{"insertions":4,"deletions":1}}},{"hash":"991d4e7596f40bf85e90b13eb48508d7d6cc6451","isMergeCommit":false,"messageTitle":"Add Glossary","messageBody":"","fileTypesAndContributionMap":{"docs":{"insertions":1,"deletions":1}}},{"hash":"178c03a168c9ccd1cd29d4127defbb1312553f51","isMergeCommit":false,"messageTitle":"Add Glossary","messageBody":"","fileTypesAndContributionMap":{"docs":{"insertions":3,"deletions":0}}},{"hash":"21e0160504a735cc4f11ac49f64b7612837fc0fb","isMergeCommit":true,"messageTitle":"Merge pull request #40 from learningcoding-pixel/branch-Glossary","messageBody":"Add Glossary","fileTypesAndContributionMap":{}}]},{"date":"2025-10-09T00:00:00","commitResults":[{"hash":"d61d2b6f23b13d091884d55d7abc708d6eea6719","isMergeCommit":false,"messageTitle":"Change Person card","messageBody":"","fileTypesAndContributionMap":{"functional-code":{"insertions":7,"deletions":3}}},{"hash":"5d102d337c23ff5b25046a3b7353bf3259c6dc43","isMergeCommit":false,"messageTitle":"Add Height and Weight","messageBody":"","fileTypesAndContributionMap":{"functional-code":{"insertions":6,"deletions":0}}},{"hash":"4157557e09e7908c53a3345fffe4f828c452e4e7","isMergeCommit":true,"messageTitle":"Merge pull request #54 from learningcoding-pixel/branch-list","messageBody":"Change Personcard","fileTypesAndContributionMap":{}}]},{"date":"2025-10-13T00:00:00","commitResults":[{"hash":"61433847276d8b6724d7dbf8c78e995b3348c922","isMergeCommit":false,"messageTitle":"Edit PersonTest and Person","messageBody":"","fileTypesAndContributionMap":{"functional-code":{"insertions":1,"deletions":1},"test-code":{"insertions":1,"deletions":0}}},{"hash":"fb52c4582d43aaaebd31a381ab17244649adfd21","isMergeCommit":false,"messageTitle":"Update FindCommandParserTest","messageBody":"","fileTypesAndContributionMap":{"test-code":{"insertions":15,"deletions":8}}},{"hash":"4e84f6b5d04ade12030f67ca7a3dc4397698ccf6","isMergeCommit":true,"messageTitle":"Merge pull request #68 from learningcoding-pixel/branch-FindCommandParserTest","messageBody":"Branch find command parser test","fileTypesAndContributionMap":{}},{"hash":"6241605f615d45fc97faa12c8d5c0b71e583c6cb","isMergeCommit":false,"messageTitle":"Edit LogicManagerTest \u0026 CommandTestUtil","messageBody":"","fileTypesAndContributionMap":{"test-code":{"insertions":7,"deletions":9}}},{"hash":"70b8fc07dcb3138d414d790ade02854fee99f05d","isMergeCommit":false,"messageTitle":"Edit LogicManagerTest","messageBody":"","fileTypesAndContributionMap":{"test-code":{"insertions":9,"deletions":1}}}]},{"date":"2025-10-14T00:00:00","commitResults":[{"hash":"15c457a9e17f3af40844cfbd48bdfd8305dea457","isMergeCommit":false,"messageTitle":"Edit Import lexicographical order","messageBody":"","fileTypesAndContributionMap":{"test-code":{"insertions":2,"deletions":2}}},{"hash":"55e5da9ce03b078e0c00a979b116cec1a1275033","isMergeCommit":false,"messageTitle":"Edit AddCommandParserTest \u0026 CommandTestUtil","messageBody":"","fileTypesAndContributionMap":{"test-code":{"insertions":14,"deletions":10}}},{"hash":"c2a34384298c43fb7e0f4f0df3787138cd28f467","isMergeCommit":false,"messageTitle":"Edit for CheckStyle","messageBody":"","fileTypesAndContributionMap":{"test-code":{"insertions":6,"deletions":4}}},{"hash":"19e5e58fb2a2b675e427994f299075371e7d48ec","isMergeCommit":false,"messageTitle":"Add whitespace","messageBody":"","fileTypesAndContributionMap":{"test-code":{"insertions":1,"deletions":1}}},{"hash":"a0703749082f1a4af5ab560c533b7909705dbd0f","isMergeCommit":true,"messageTitle":"Merge pull request #74 from learningcoding-pixel/branch-AddCommandParserTest","messageBody":"Branch add command parser test","fileTypesAndContributionMap":{}},{"hash":"7da9b13060ceb0c5c0aa268a81d8811498de997a","isMergeCommit":true,"messageTitle":"Merge pull request #76 from learningcoding-pixel/branch-JsonSerializableAddressBookTest","messageBody":"Branch json serializable address book test","fileTypesAndContributionMap":{}},{"hash":"c03342a0f32b8d90cd0ba3667c488565a46fbe01","isMergeCommit":false,"messageTitle":"Edit CommandTestUtil","messageBody":"","fileTypesAndContributionMap":{"test-code":{"insertions":2,"deletions":2}}},{"hash":"a9b569ac0c786d7f06068cd63358b34d7e27cbe3","isMergeCommit":false,"messageTitle":"Edit PersonUtil","messageBody":"","fileTypesAndContributionMap":{"test-code":{"insertions":2,"deletions":0}}},{"hash":"7a37d96f27c87642c71052d72d8a0083a6997968","isMergeCommit":true,"messageTitle":"Merge pull request #80 from learningcoding-pixel/branch-JsonSerializableAddressBookTest-v2","messageBody":"Fix bug in JsonSerializableAddessBookTest","fileTypesAndContributionMap":{}}]},{"date":"2025-10-15T00:00:00","commitResults":[{"hash":"c4a89369dc39e3c9a6b9ea3991dae4021ae23dd7","isMergeCommit":false,"messageTitle":"Update tag example","messageBody":"","fileTypesAndContributionMap":{"functional-code":{"insertions":1,"deletions":1}}},{"hash":"9d0f801f11bff803b55d3a3623a51be785d046d9","isMergeCommit":false,"messageTitle":"Edit Tag in message","messageBody":"","fileTypesAndContributionMap":{"functional-code":{"insertions":1,"deletions":1}}},{"hash":"50eb0d2e4ebc9038c148f7b282db07382449989c","isMergeCommit":true,"messageTitle":"Merge pull request #86 from learningcoding-pixel/branch-AddCommandMESSAGE_USAGE","messageBody":"Update AddCommand message tag example","fileTypesAndContributionMap":{}}]}],"livtarsillapoh":[{"date":"2025-09-28T00:00:00","commitResults":[{"hash":"6a088964cc6b9f298d38a22bb9d70fd51b58baed","isMergeCommit":false,"messageTitle":"Edit AboutUs","messageBody":"","fileTypesAndContributionMap":{"docs":{"insertions":3,"deletions":4}}},{"hash":"b6a191101b478e20df50e9d69f7f78221d4483d9","isMergeCommit":false,"messageTitle":"Edit Tara\u0027s AboutUs","messageBody":"","fileTypesAndContributionMap":{"docs":{"insertions":2,"deletions":2}}},{"hash":"7344e9d633e8c0ca62b00a7a098ef114d88f3d4c","isMergeCommit":true,"messageTitle":"Merge pull request #26 from livtarsillapoh/branch_Aboutus","messageBody":"Edit Tara\u0027s AboutUs","fileTypesAndContributionMap":{}}]},{"date":"2025-09-29T00:00:00","commitResults":[{"hash":"3b72e0318769bef325a9167641f1ed8d3afa9707","isMergeCommit":false,"messageTitle":"Add NFRs to DG","messageBody":"","fileTypesAndContributionMap":{"docs":{"insertions":11,"deletions":2}}}]},{"date":"2025-09-30T00:00:00","commitResults":[{"hash":"731d4301c7cabb96c408867efe52d4a53fc96a85","isMergeCommit":false,"messageTitle":"Remove mention of tablet from NFRs","messageBody":"","fileTypesAndContributionMap":{"docs":{"insertions":1,"deletions":1}}}]},{"date":"2025-10-01T00:00:00","commitResults":[{"hash":"1b920ee9213209d5d009c7302230c0c983834dcf","isMergeCommit":true,"messageTitle":"Merge pull request #34 from livtarsillapoh/branch_Dg_Nfrs","messageBody":"Add NFRs to DG","fileTypesAndContributionMap":{}}]},{"date":"2025-10-09T00:00:00","commitResults":[{"hash":"e609e60e8d75ce1a1058c1d9a645d28dde29c2bf","isMergeCommit":false,"messageTitle":"Delete athlete feature","messageBody":"","fileTypesAndContributionMap":{"functional-code":{"insertions":3,"deletions":3}}},{"hash":"48203d009b36c2b6ceeb282d7994115f8dcde239","isMergeCommit":true,"messageTitle":"Merge pull request #53 from livtarsillapoh/branch_Feature_5_Delete","messageBody":"Delete athlete feature","fileTypesAndContributionMap":{}}]},{"date":"2025-10-12T00:00:00","commitResults":[{"hash":"e55a1295d3808d16ecaa81a340b1863277a7714b","isMergeCommit":false,"messageTitle":"Remove $ and add field labels to PersonCard","messageBody":"","fileTypesAndContributionMap":{"functional-code":{"insertions":53,"deletions":11}}},{"hash":"c1e66c2433691e7e35f5fe0ea6f36947b59f68f5","isMergeCommit":false,"messageTitle":"Clean up UI","messageBody":"","fileTypesAndContributionMap":{"functional-code":{"insertions":75,"deletions":46}}},{"hash":"e6dbfe3cbae5cd9667d739600646871c1568c09c","isMergeCommit":false,"messageTitle":"Edit PersonBuilder.java to include Dob","messageBody":"","fileTypesAndContributionMap":{"test-code":{"insertions":14,"deletions":12}}},{"hash":"192658d1024808d23bbd125cd76250203d392142","isMergeCommit":false,"messageTitle":"Add PersonCardTest and ResultDisplayTest","messageBody":"","fileTypesAndContributionMap":{"functional-code":{"insertions":18,"deletions":0},"test-code":{"insertions":298,"deletions":0}}}]},{"date":"2025-10-13T00:00:00","commitResults":[{"hash":"21814f320aa4aefb7cd6cfb070f42c9a06c71ff6","isMergeCommit":false,"messageTitle":"Edit to pass checkstyle","messageBody":"","fileTypesAndContributionMap":{"functional-code":{"insertions":36,"deletions":14},"test-code":{"insertions":17,"deletions":9}}},{"hash":"a6cc7d475ce77e776bc9044121fd0ab414919fc9","isMergeCommit":false,"messageTitle":"Resolve merge conflict","messageBody":"","fileTypesAndContributionMap":{"test-code":{"insertions":1,"deletions":1}}}]},{"date":"2025-10-15T00:00:00","commitResults":[{"hash":"fac15f1fda9bc08197f33e250e647fdb5b7ef40d","isMergeCommit":false,"messageTitle":"Resolve merge conflict","messageBody":"","fileTypesAndContributionMap":{"test-code":{"insertions":1,"deletions":1}}},{"hash":"f1d0077724c06daa929fbec93b7cf6491cc3f478","isMergeCommit":true,"messageTitle":"Merge pull request #59 from livtarsillapoh/branch_UI","messageBody":"Add UI changes","fileTypesAndContributionMap":{}}]}],"jordanloh":[{"date":"2025-09-28T00:00:00","commitResults":[{"hash":"1f1adcd89ca4009b4620ed732394cf6f3d8ad2a0","isMergeCommit":false,"messageTitle":"Update About Us","messageBody":"","fileTypesAndContributionMap":{"docs":{"insertions":3,"deletions":3}}},{"hash":"dbde98f20fa6e66aeb7998e23ff48e6541d8a034","isMergeCommit":true,"messageTitle":"Merge pull request #24 from jordanloh/branch-aboutus","messageBody":"Update Jordan\u0027s About Us","fileTypesAndContributionMap":{}},{"hash":"8d86ed788b7f1b3ea546da8065680353be4f1923","isMergeCommit":false,"messageTitle":"Update Developer Guide","messageBody":"Update Developer Guide with user profile, value proposition and some user stories.\n","fileTypesAndContributionMap":{"docs":{"insertions":24,"deletions":13}}}]},{"date":"2025-09-30T00:00:00","commitResults":[{"hash":"45bdc5d760981ab4d500a8088361ed2f044883df","isMergeCommit":true,"messageTitle":"Merge pull request #32 from jordanloh/branch-dg","messageBody":"Update Developer Guide","fileTypesAndContributionMap":{}}]},{"date":"2025-10-05T00:00:00","commitResults":[{"hash":"95a623fd72f8890c4b89e6b56ffab7d19459811d","isMergeCommit":false,"messageTitle":"Add basic find functionality","messageBody":"Find functionality now supports searching via prefixes.\nCurrently supports name and school only, with School using simple String as placeholders.\nRole and Tag finding has not been implemented.\n","fileTypesAndContributionMap":{"functional-code":{"insertions":91,"deletions":7}}},{"hash":"46fa85013f0015e6f4ce37aaeb418475101bdbad","isMergeCommit":false,"messageTitle":"Edit files to pass checkstyle","messageBody":"","fileTypesAndContributionMap":{"functional-code":{"insertions":3,"deletions":6}}},{"hash":"b28bb855230526208895c3e68a3587b0f785f06a","isMergeCommit":false,"messageTitle":"Update find command and parser tests","messageBody":"","fileTypesAndContributionMap":{"functional-code":{"insertions":1,"deletions":1},"test-code":{"insertions":26,"deletions":10}}},{"hash":"a3914436092406a618cdc05d3fe56ab538f390c2","isMergeCommit":false,"messageTitle":"Edit FindCommandParserTest to pass checkstyle","messageBody":"","fileTypesAndContributionMap":{"test-code":{"insertions":0,"deletions":5}}},{"hash":"9876653c1454c268b85e3a0d857fcdba7e2ec1d9","isMergeCommit":false,"messageTitle":"Update find functionality tests","messageBody":"","fileTypesAndContributionMap":{"functional-code":{"insertions":4,"deletions":0},"test-code":{"insertions":30,"deletions":0}}},{"hash":"ae7c019b4f6a4b9b60d059a9366ec9b6d13a8661","isMergeCommit":false,"messageTitle":"Edit test files to pass checkstyle","messageBody":"","fileTypesAndContributionMap":{"test-code":{"insertions":5,"deletions":2}}}]},{"date":"2025-10-09T00:00:00","commitResults":[{"hash":"c1c006f1eb01770a4751317676b8d0a954b17333","isMergeCommit":true,"messageTitle":"Merge pull request #46 from jordanloh/branch-find","messageBody":"Add basic find functionality","fileTypesAndContributionMap":{}},{"hash":"df08436b61e5ed05c01e00264c40b9f814a39041","isMergeCommit":false,"messageTitle":"Edit Dob.java to pass checkstyle","messageBody":"","fileTypesAndContributionMap":{"functional-code":{"insertions":1,"deletions":1}}},{"hash":"8000d89b3af43513195f359b25538dc43426387c","isMergeCommit":true,"messageTitle":"Merge pull request #56 from jordanloh/branch-checkstyle","messageBody":"Edit Dob.java to pass checkstyle","fileTypesAndContributionMap":{}}]},{"date":"2025-10-11T00:00:00","commitResults":[{"hash":"d936e8c076eff958758815435c68da6fb18ca4fd","isMergeCommit":false,"messageTitle":"Edit find functionality","messageBody":"","fileTypesAndContributionMap":{"functional-code":{"insertions":110,"deletions":5}}},{"hash":"cb75df01671dee6c38b305def5e978feb2512e0d","isMergeCommit":false,"messageTitle":"Edit Predicate files to pass checkstyle","messageBody":"","fileTypesAndContributionMap":{"functional-code":{"insertions":7,"deletions":1}}},{"hash":"92389048426374a29aaf3ada1db9588557960558","isMergeCommit":true,"messageTitle":"Merge pull request #57 from jordanloh/branch-find2","messageBody":"Edit find functionality","fileTypesAndContributionMap":{}}]},{"date":"2025-10-15T00:00:00","commitResults":[{"hash":"b09d0ab3e30e14e0c060fa894899fcf415353607","isMergeCommit":false,"messageTitle":"Fix PersonBuilder.java","messageBody":"","fileTypesAndContributionMap":{"test-code":{"insertions":0,"deletions":8}}},{"hash":"510f90db5804975095c8309861970a9529578c78","isMergeCommit":false,"messageTitle":"Update FindCommand message usage","messageBody":"","fileTypesAndContributionMap":{"functional-code":{"insertions":21,"deletions":3}}},{"hash":"a10803cb312deecb4c7c6e25330cb371856c8477","isMergeCommit":false,"messageTitle":"Edit FindCommand.java to pass checkstyle","messageBody":"","fileTypesAndContributionMap":{"functional-code":{"insertions":0,"deletions":6}}},{"hash":"d5b715ddc1e74bcbf0e3bc5ad36a7ccb809a5f32","isMergeCommit":true,"messageTitle":"Merge pull request #81 from jordanloh/branch-testfix","messageBody":"Fix PersonBuilder.java","fileTypesAndContributionMap":{}},{"hash":"f1019ab641bde56a9b2c4a9404d9d3fc1e3a6f79","isMergeCommit":true,"messageTitle":"Merge pull request #84 from jordanloh/branch-findmsg","messageBody":"Update FindCommand message usage","fileTypesAndContributionMap":{}},{"hash":"fe9f6dcece8f6f98bf35392de814e426392b66f3","isMergeCommit":false,"messageTitle":"Delete UI tests","messageBody":"","fileTypesAndContributionMap":{"test-code":{"insertions":0,"deletions":297}}}]},{"date":"2025-10-16T00:00:00","commitResults":[{"hash":"d5708583acc164b01c9c87153c6ee980dc5861c6","isMergeCommit":true,"messageTitle":"Merge pull request #91 from jordanloh/branch-uitest","messageBody":"Delete UI tests","fileTypesAndContributionMap":{}},{"hash":"855d3400356ec73d1d9de0e9f51b5169b42aa3c8","isMergeCommit":false,"messageTitle":"Edit files for v1.3 release","messageBody":"","fileTypesAndContributionMap":{"functional-code":{"insertions":1,"deletions":1},"other":{"insertions":1,"deletions":1}}},{"hash":"da7958f291a05c50d0e0e0a879d27e47ba7ae6ff","isMergeCommit":true,"messageTitle":"Merge pull request #94 from jordanloh/branch-release","messageBody":"Edit files for v1.3 release","tags":["v1.3"],"fileTypesAndContributionMap":{}}]},{"date":"2025-10-18T00:00:00","commitResults":[{"hash":"f3301ff91904dc6c4fd38bf172dccbaec1d62561","isMergeCommit":false,"messageTitle":"Add basic Team class","messageBody":"","fileTypesAndContributionMap":{"functional-code":{"insertions":76,"deletions":0}}},{"hash":"d587a054b75b979c8e9a905a75e3494ff79d8140","isMergeCommit":false,"messageTitle":"Edit Team.java to pass checkstyle","messageBody":"","fileTypesAndContributionMap":{"functional-code":{"insertions":10,"deletions":0}}},{"hash":"63d4d0f01224d3c2a500e77072a1efec2e13f3f6","isMergeCommit":true,"messageTitle":"Merge pull request #99 from jordanloh/branch-team","messageBody":"Add basic Team class","fileTypesAndContributionMap":{}}]},{"date":"2025-10-20T00:00:00","commitResults":[{"hash":"071fa3179696e953e79926dd1581655b81e1e1d6","isMergeCommit":false,"messageTitle":"Enable assertions","messageBody":"","fileTypesAndContributionMap":{"other":{"insertions":4,"deletions":0}}},{"hash":"3373f95c155349c4faabf95d72f5cd5782b87e16","isMergeCommit":true,"messageTitle":"Merge pull request #105 from jordanloh/branch-assertions","messageBody":"Enable assertions","fileTypesAndContributionMap":{}},{"hash":"ed01a7811b094215a9edd99406ed1e3d16313d0d","isMergeCommit":false,"messageTitle":"Add basic delete team functionality","messageBody":"","fileTypesAndContributionMap":{"functional-code":{"insertions":112,"deletions":0}}},{"hash":"f77bb62e4c8e24cb2fbf62f6c83eb4daa7cce14a","isMergeCommit":false,"messageTitle":"Fix AddCommandTest ModelStub","messageBody":"","fileTypesAndContributionMap":{"test-code":{"insertions":5,"deletions":0}}},{"hash":"6e7853a07a7153a22edeab90e21aef94fd83ee9c","isMergeCommit":true,"messageTitle":"Merge pull request #107 from jordanloh/branch-deleteteam","messageBody":"Add basic delete team functionality","fileTypesAndContributionMap":{}},{"hash":"bfaccf6c3ca1477798e8d5cd1017a6ed2e58125b","isMergeCommit":false,"messageTitle":"Implement cascade delete for athlete in a team","messageBody":"","fileTypesAndContributionMap":{"functional-code":{"insertions":41,"deletions":5}}},{"hash":"9a15b2a716849265c3e0c86fa96ceb02230857cc","isMergeCommit":false,"messageTitle":"Edit ModelStub in AddCommandTest to inherit abstract method","messageBody":"","fileTypesAndContributionMap":{"test-code":{"insertions":5,"deletions":0}}}]},{"date":"2025-10-21T00:00:00","commitResults":[{"hash":"db9f01a284b8d9d430b1789176698fbfadbb845b","isMergeCommit":true,"messageTitle":"Merge pull request #109 from jordanloh/branch-deleteperson","messageBody":"Implement cascade delete for athlete in a team","fileTypesAndContributionMap":{}}]}],"jireh0108":[{"date":"2025-09-28T00:00:00","commitResults":[{"hash":"88e3e738eb895cfa7be2fa1f9e1537f96329ed7e","isMergeCommit":false,"messageTitle":"Add Jireh\u0027s details","messageBody":"","fileTypesAndContributionMap":{"docs":{"insertions":3,"deletions":3}}},{"hash":"5b14c6de566221184d2f82e126786be494ed14b5","isMergeCommit":true,"messageTitle":"Merge pull request #27 from jireh0108/branch-AboutJireh","messageBody":"Add Jireh\u0027s details to AboutUs","fileTypesAndContributionMap":{}}]},{"date":"2025-09-29T00:00:00","commitResults":[{"hash":"d735513c3a81a3c51fe0303da158b3a999336bca","isMergeCommit":false,"messageTitle":"Customise site-wide settings","messageBody":"","fileTypesAndContributionMap":{"docs":{"insertions":1,"deletions":4}}}]},{"date":"2025-09-30T00:00:00","commitResults":[{"hash":"83ea7e4c5923f43ee616c55280cd018d6cdeb58e","isMergeCommit":true,"messageTitle":"Merge pull request #38 from jireh0108/branch-sitewide","messageBody":"Customise site-wide settings","fileTypesAndContributionMap":{}}]},{"date":"2025-10-01T00:00:00","commitResults":[{"hash":"8b3745f2d0bb9eee7974d914209f35a68f374815","isMergeCommit":false,"messageTitle":"Update use cases for teams and sessions","messageBody":"","fileTypesAndContributionMap":{"docs":{"insertions":168,"deletions":23}}},{"hash":"b1407bd4601ef492c3c96c6a8a7cfe461c34351c","isMergeCommit":true,"messageTitle":"Merge pull request #41 from jireh0108/branch-UseCases","messageBody":"Update use cases for teams and sessions","fileTypesAndContributionMap":{}}]},{"date":"2025-10-05T00:00:00","commitResults":[{"hash":"baaf1e371e4c3aef7fcfca57b047ffd7e22b90af","isMergeCommit":false,"messageTitle":"Create role class template","messageBody":"","fileTypesAndContributionMap":{"functional-code":{"insertions":61,"deletions":0}}},{"hash":"acf85d3b5fbd93748ac61b0245fb29cce07a8769","isMergeCommit":false,"messageTitle":"Add new AddInfoCommand and fields in Person class","messageBody":"","fileTypesAndContributionMap":{"functional-code":{"insertions":105,"deletions":63}}}]},{"date":"2025-10-09T00:00:00","commitResults":[{"hash":"b8ddabdf19906f58c83b735f2a4c535c19ac92cb","isMergeCommit":false,"messageTitle":"Replace addinfo feature by including new fields to add and edit commands","messageBody":"","fileTypesAndContributionMap":{"functional-code":{"insertions":287,"deletions":95}}},{"hash":"c430e68327eaae5dca233aeb6e0559d6dd1936c1","isMergeCommit":false,"messageTitle":"Refactored existing tests for new person contructor","messageBody":"","fileTypesAndContributionMap":{"functional-code":{"insertions":229,"deletions":47},"test-code":{"insertions":357,"deletions":155}}},{"hash":"4de1c900f23e56969517511b561e4a5b02ae9935","isMergeCommit":true,"messageTitle":"Merge branch \u0027master\u0027 into branch-feature2","messageBody":"","fileTypesAndContributionMap":{}},{"hash":"c785e75123c0396d30e00944f325dcb593112c04","isMergeCommit":true,"messageTitle":"Merge pull request #49 from jireh0108/branch-feature2","messageBody":"Feature 2: Updating Add and Edit commands.\n\nAdded support for role, school, height and weight as mandatory fields for add and edit commands.","fileTypesAndContributionMap":{}}]},{"date":"2025-10-12T00:00:00","commitResults":[{"hash":"eccf3b787b160314dcb9ede05c8a85d1ed0a399d","isMergeCommit":false,"messageTitle":"Fix bugs in EditCommand tests","messageBody":"","fileTypesAndContributionMap":{"functional-code":{"insertions":90,"deletions":65},"test-code":{"insertions":33,"deletions":3}}},{"hash":"dfcd2da89b7403a89b70bba58271c5f0c7a89260","isMergeCommit":true,"messageTitle":"Merge remote-tracking branch \u0027origin\u0027 into branch-editCommand","messageBody":"# Conflicts:\n#\tsrc/main/java/seedu/address/model/person/SchoolContainsKeywordsPredicate.java\n","fileTypesAndContributionMap":{}},{"hash":"91e75d9bbfe89f87090b1a562d26696d0c578e9e","isMergeCommit":false,"messageTitle":"Fix checkstyle and remaining tests","messageBody":"","fileTypesAndContributionMap":{"functional-code":{"insertions":4,"deletions":3},"test-code":{"insertions":1,"deletions":0}}}]},{"date":"2025-10-13T00:00:00","commitResults":[{"hash":"c151c526a3bd60b593421e03af45953d3236cbd0","isMergeCommit":true,"messageTitle":"Merge pull request #62 from jireh0108/branch-editCommand","messageBody":"Fix bugs in EditCommand tests","fileTypesAndContributionMap":{}}]},{"date":"2025-10-15T00:00:00","commitResults":[{"hash":"39ec5ccaae2a03fe7b2617cbe96bc6e9fa9e8d5b","isMergeCommit":false,"messageTitle":"Edit GUI name and logo","messageBody":"","fileTypesAndContributionMap":{"functional-code":{"insertions":3,"deletions":3},"test-code":{"insertions":1,"deletions":1}}},{"hash":"adff1db69e32fc31e6c3118e59eb4891da3f2059","isMergeCommit":true,"messageTitle":"Merge pull request #88 from jireh0108/branch-editUiName","messageBody":"Edit GUI name and logo","fileTypesAndContributionMap":{}}]},{"date":"2025-10-16T00:00:00","commitResults":[{"hash":"02a22443f2bcca20a3b2945028ee82b916089a68","isMergeCommit":false,"messageTitle":"Add toString method to Role","messageBody":"","fileTypesAndContributionMap":{"functional-code":{"insertions":5,"deletions":1}}},{"hash":"507e1581fa81c12430e097a1e2e821430410d5ac","isMergeCommit":false,"messageTitle":"Fix Weight class","messageBody":"","fileTypesAndContributionMap":{"functional-code":{"insertions":1,"deletions":1}}},{"hash":"60f5fdf0aca1ca1bb1d8491672d3d4fad96b90b7","isMergeCommit":true,"messageTitle":"Merge pull request #92 from jireh0108/branch-fixRoleClass","messageBody":"Add toString method to Role","fileTypesAndContributionMap":{}}]},{"date":"2025-10-19T00:00:00","commitResults":[{"hash":"a8c9557e068a52f6713ca6a8c820a357836ef936","isMergeCommit":false,"messageTitle":"Add AddTeamCommand class and update Model class","messageBody":"","fileTypesAndContributionMap":{"functional-code":{"insertions":375,"deletions":2}}}]},{"date":"2025-10-20T00:00:00","commitResults":[{"hash":"169614f7b96ff2797eafc969a81cbdfb361099c4","isMergeCommit":false,"messageTitle":"Add TeamName class","messageBody":"","fileTypesAndContributionMap":{"functional-code":{"insertions":146,"deletions":1}}},{"hash":"3d77cb083872bd1d300fb634c4db94a9a7559143","isMergeCommit":false,"messageTitle":"Update AddTeamCommandParser class","messageBody":"","fileTypesAndContributionMap":{"functional-code":{"insertions":93,"deletions":62}}},{"hash":"3d630e7cbf40a683458ecc28ec0185224783ef6b","isMergeCommit":false,"messageTitle":"Update Storage classes","messageBody":"","fileTypesAndContributionMap":{"functional-code":{"insertions":111,"deletions":6}}},{"hash":"90a65810237ea7fa3084de07d9e0815875bb41fb","isMergeCommit":false,"messageTitle":"Update Team class to include sessions","messageBody":"","fileTypesAndContributionMap":{"functional-code":{"insertions":22,"deletions":1}}},{"hash":"9f9682050a167b9e059c89981532d092a798ed03","isMergeCommit":false,"messageTitle":"Update Role and School validity","messageBody":"","fileTypesAndContributionMap":{"functional-code":{"insertions":6,"deletions":4}}},{"hash":"58285f9d7c39dc8a7d406faabe7ae4434464e6b3","isMergeCommit":false,"messageTitle":"Update Storage classes to store teams","messageBody":"","fileTypesAndContributionMap":{"functional-code":{"insertions":123,"deletions":44},"test-code":{"insertions":28,"deletions":0}}},{"hash":"16d9948a83580f5a02d0ff36e80c944289b866a6","isMergeCommit":false,"messageTitle":"Fix school regex constraint","messageBody":"","fileTypesAndContributionMap":{"functional-code":{"insertions":14,"deletions":2}}},{"hash":"63ae547c13decdd00c33c86315512ee0ff10cf62","isMergeCommit":true,"messageTitle":"Merge pull request #101 from jireh0108/branch-AddTeamCommand","messageBody":"Add AddTeamCommand and update relevant Logic, Parser, Ui and Storage classes","fileTypesAndContributionMap":{}},{"hash":"cf7613922735964d66fce17042705334b4ae126d","isMergeCommit":true,"messageTitle":"Merge pull request #103 from jireh0108/branch-updateRoleSchool","messageBody":"Update Role and School Constraints and Validity","fileTypesAndContributionMap":{}}]}],"yycancode":[{"date":"2025-09-28T00:00:00","commitResults":[{"hash":"8bdd4cbbaa35620abbc897833eacfb84ac7338cb","isMergeCommit":false,"messageTitle":"Change AboutUs.md with own details","messageBody":"","fileTypesAndContributionMap":{"docs":{"insertions":3,"deletions":3}}},{"hash":"cf3ccc825c55fc7ffd51bf556d5abb6b3bdf3608","isMergeCommit":true,"messageTitle":"Merge pull request #25 from yycancode/tutorial-AboutUs","messageBody":"Update Yue Yang\u0027s AboutUs","fileTypesAndContributionMap":{}}]},{"date":"2025-09-29T00:00:00","commitResults":[{"hash":"0e6c57a26ac997652405ae85fdc71d5c540484f5","isMergeCommit":false,"messageTitle":"Add Use Cases for DG","messageBody":"","fileTypesAndContributionMap":{"docs":{"insertions":52,"deletions":12}}}]},{"date":"2025-09-30T00:00:00","commitResults":[{"hash":"5e597011eb23b8c70dedd7984fef12067b2d7728","isMergeCommit":false,"messageTitle":"Update Use Cases to match MVP features","messageBody":"","fileTypesAndContributionMap":{"docs":{"insertions":64,"deletions":37}}}]},{"date":"2025-10-01T00:00:00","commitResults":[{"hash":"99bd1c86073007a7bbd4866334e09b796142a54a","isMergeCommit":true,"messageTitle":"Merge branch \u0027master\u0027 into tutorial-UseCases","messageBody":"","fileTypesAndContributionMap":{}},{"hash":"923adc504da7cbda6b5027a410fe363cc74e3ad5","isMergeCommit":true,"messageTitle":"Merge pull request #36 from yycancode/tutorial-UseCases","messageBody":"Add Use Cases for DG","fileTypesAndContributionMap":{}}]},{"date":"2025-10-09T00:00:00","commitResults":[{"hash":"966767de001b3e71b4ae716726abc2a109337be3","isMergeCommit":true,"messageTitle":"Merge branch \u0027master\u0027 into branch-addAthlete","messageBody":"","fileTypesAndContributionMap":{}},{"hash":"961fa22a938b4aa93f079102b388a87c6b17090a","isMergeCommit":false,"messageTitle":"Add basic functionality of Add Athlete Function","messageBody":"","fileTypesAndContributionMap":{"functional-code":{"insertions":111,"deletions":21},"test-code":{"insertions":10,"deletions":9}}},{"hash":"2ec13cac0601f57cb9bba66a59f9b7562fbfd2ed","isMergeCommit":true,"messageTitle":"Merge pull request #52 from yycancode/branch-addAthlete","messageBody":"Add Basic Functionality of Add Athlete Function","fileTypesAndContributionMap":{}}]},{"date":"2025-10-13T00:00:00","commitResults":[{"hash":"5ac682e4c23506362e6581a82251128ccf1953b5","isMergeCommit":false,"messageTitle":"Update Add and AddInfo features","messageBody":"","fileTypesAndContributionMap":{"functional-code":{"insertions":67,"deletions":18}}},{"hash":"10c1b27c3348c043a113b0dc39a115a27675c5a4","isMergeCommit":false,"messageTitle":"Edit bug in sequence of add command","messageBody":"","fileTypesAndContributionMap":{"functional-code":{"insertions":22,"deletions":6}}}]},{"date":"2025-10-14T00:00:00","commitResults":[{"hash":"e0f687689c01fa87db1359a247b1e583b8211820","isMergeCommit":true,"messageTitle":"Merge pull request #70 from yycancode/branch-finaliseAdd","messageBody":"Update Add Feature","fileTypesAndContributionMap":{}}]}]},"authorFileTypeContributionMap":{"learningcoding-pixel":{"docs":31,"functional-code":15,"test-code":47},"livtarsillapoh":{"docs":12,"functional-code":131,"test-code":0},"jordanloh":{"docs":23,"functional-code":442,"test-code":43,"other":3},"jireh0108":{"docs":148,"functional-code":1332,"test-code":387},"yycancode":{"docs":77,"functional-code":155,"test-code":10}},"authorContributionVariance":{"learningcoding-pixel":810.3329,"livtarsillapoh":8235.562,"jordanloh":5302.6963,"jireh0108":55519.285,"yycancode":1338.4521},"authorDisplayNameMap":{"learningcoding-pixel":"CS2103-F13-1 YIN .. HAO","livtarsillapoh":"CS2103-F13-1 LIV .. POH","jordanloh":"CS2103-F13-1 LOH ..RDAN","jireh0108":"CS2103-F13-1 JIRE..A EN","yycancode":"CS2103-F13-1 KE Y..YANG"}}
