{"authorDailyContributionsMap":{"lohzq88":[{"date":"2025-10-01T00:00:00","commitResults":[{"hash":"3255d5be5221470c2982094f190f9d925cac72b1","isMergeCommit":false,"messageTitle":"Update About Us with Zhi Qin\u0027s information","messageBody":"","fileTypesAndContributionMap":{"docs":{"insertions":5,"deletions":6}}}]},{"date":"2025-10-02T00:00:00","commitResults":[{"hash":"c086998cafd2096082849ff9a09553ac965641ce","isMergeCommit":false,"messageTitle":"Update link to github repo","messageBody":"","fileTypesAndContributionMap":{"docs":{"insertions":1,"deletions":1}}},{"hash":"cf5126f075d466eab5e9d2b14e9905361681e1be","isMergeCommit":true,"messageTitle":"Merge pull request #32 from lohzq88/update_link","messageBody":"Update github repository links in project website #31","fileTypesAndContributionMap":{}},{"hash":"4dd3fa3c21507ac8baebf8ac973f54756e825ee9","isMergeCommit":true,"messageTitle":"Merge pull request #46 from weixianuni/branch-DG-NFR","messageBody":"Update non-functional requirements","fileTypesAndContributionMap":{}}]},{"date":"2025-10-09T00:00:00","commitResults":[{"hash":"ed3b0fda675abb60065a7c2b248c80f81c6e0dac","isMergeCommit":false,"messageTitle":"Update address book storage read","messageBody":"Current logic breaks all address book recovery when a line of bad entry\nis found\n\nThe logic changes the handling such that all good entries continue to\nbe added and reflected\n\nIt is done this way to allow for future code where we can add feature\nto fix error data in the frontend.\n","fileTypesAndContributionMap":{"functional-code":{"insertions":18,"deletions":9}}},{"hash":"80fded37e7a56d219bcb3d199267b73e5f84073c","isMergeCommit":false,"messageTitle":"Fix checkcode errors","messageBody":"","fileTypesAndContributionMap":{"functional-code":{"insertions":1,"deletions":1}}},{"hash":"cfbc22e6a6343798c1f867b831dc9513ac68c79e","isMergeCommit":true,"messageTitle":"Merge pull request #68 from lohzq88/fix-data-file","messageBody":"Fix data file","fileTypesAndContributionMap":{}}]},{"date":"2025-10-10T00:00:00","commitResults":[{"hash":"513dbe05879f9bf3614cef7d2162a5316a1bdd14","isMergeCommit":false,"messageTitle":"Update AddressBook tests to fulfill updated logic in #68","messageBody":"","fileTypesAndContributionMap":{"test-code":{"insertions":12,"deletions":6}}}]},{"date":"2025-10-23T00:00:00","commitResults":[{"hash":"924a28b3b9e5e29e60bab0cea6a7e5a0d153a05e","isMergeCommit":false,"messageTitle":"Merge Conflict","messageBody":"","fileTypesAndContributionMap":{"functional-code":{"insertions":72,"deletions":25},"test-code":{"insertions":61,"deletions":26}}},{"hash":"9e47bdaf6831fa2c50e0db442d8740914124e1bf","isMergeCommit":true,"messageTitle":"Merge remote-tracking branch \u0027upstream/master\u0027","messageBody":"","fileTypesAndContributionMap":{}},{"hash":"c0c597d1c9ab5b7e1aca5e91e48f60f8f0c2aeab","isMergeCommit":false,"messageTitle":"Add InterestedPropertyCommand","messageBody":"","fileTypesAndContributionMap":{"functional-code":{"insertions":168,"deletions":15}}},{"hash":"d817c1197b1153c29713437d31a127a064cb194b","isMergeCommit":true,"messageTitle":"Merge branch \u0027master\u0027 into set-interested-property","messageBody":"","fileTypesAndContributionMap":{}},{"hash":"322887a2490edea7ccc04229fb78927947bdca63","isMergeCommit":false,"messageTitle":"Fix duplicate functions","messageBody":"","fileTypesAndContributionMap":{"functional-code":{"insertions":0,"deletions":11}}},{"hash":"62baf59c0491ff9c7b88562b075dd179b0631755","isMergeCommit":false,"messageTitle":"Update Tests and Person function to use List and not Set","messageBody":"","fileTypesAndContributionMap":{"functional-code":{"insertions":23,"deletions":6},"test-code":{"insertions":86,"deletions":12}}},{"hash":"b1aa1d4b0f6c528f4b308af151842b94f8f2812f","isMergeCommit":false,"messageTitle":"Remove use of wildcard","messageBody":"","fileTypesAndContributionMap":{"functional-code":{"insertions":15,"deletions":1}}},{"hash":"a6f84dce8d8fcd53df48153cdf37a2a60b397869","isMergeCommit":true,"messageTitle":"Merge branch \u0027master\u0027 into set-interested-property","messageBody":"","fileTypesAndContributionMap":{}},{"hash":"4a9e1fb1b10f310819ced3ebdaaaea4238e6ca8d","isMergeCommit":false,"messageTitle":"Improve code for checkstyle","messageBody":"","fileTypesAndContributionMap":{"functional-code":{"insertions":18,"deletions":12},"test-code":{"insertions":34,"deletions":17}}},{"hash":"2a173891990e140f3ef6a3f158d8d0bfe7440cb6","isMergeCommit":true,"messageTitle":"Merge remote-tracking branch \u0027origin/set-interested-property\u0027 into set-interested-property","messageBody":"# Conflicts:\n#\tsrc/test/java/seedu/address/storage/JsonAdaptedPersonTest.java\n","fileTypesAndContributionMap":{}},{"hash":"b752ae55bea05f6c4176a6b42b96babaedf06963","isMergeCommit":false,"messageTitle":"Comment test code, to fix when fixing storage","messageBody":"","fileTypesAndContributionMap":{"test-code":{"insertions":3,"deletions":1}}},{"hash":"53750427808837dbeddfbfef7d5ab524603355b8","isMergeCommit":false,"messageTitle":"Fix checkstyle","messageBody":"","fileTypesAndContributionMap":{"functional-code":{"insertions":1,"deletions":2},"test-code":{"insertions":0,"deletions":2}}}]},{"date":"2025-10-30T00:00:00","commitResults":[{"hash":"3d2c8f5da30b22bd08c36935cac60b84076ee316","isMergeCommit":false,"messageTitle":"Implement dual panel view for Person \u0026 Property","messageBody":"","fileTypesAndContributionMap":{"functional-code":{"insertions":123,"deletions":99}}},{"hash":"9e2b210a89e52ce6de90346cbaaf7d4f68f0c647","isMergeCommit":true,"messageTitle":"Merge branch \u0027master\u0027 into ui-dual-panels","messageBody":"# Conflicts:\n#\tsrc/main/resources/view/PersonListCard.fxml\n#\tsrc/main/resources/view/PropertyListCard.fxml\n","fileTypesAndContributionMap":{}},{"hash":"366618f69ce2c5594d007c64cf91e437a5860fc0","isMergeCommit":false,"messageTitle":"Remove use of gridPane to avoid restricted text size","messageBody":"","fileTypesAndContributionMap":{"functional-code":{"insertions":12,"deletions":27}}},{"hash":"0bf94b567148a07effbb24c6cef89581a7d749eb","isMergeCommit":false,"messageTitle":"Minor css change","messageBody":"","fileTypesAndContributionMap":{"functional-code":{"insertions":1,"deletions":1}}},{"hash":"fdca2fea4c60172eb808674ddeb7cb001b83e9bf","isMergeCommit":false,"messageTitle":"Update manual testing section of DG","messageBody":"","fileTypesAndContributionMap":{"docs":{"insertions":91,"deletions":30}}},{"hash":"f94518fa7a8e84392da12602d01cdbd22bcc2a92","isMergeCommit":false,"messageTitle":"Fix duplicate QnA","messageBody":"","fileTypesAndContributionMap":{"docs":{"insertions":0,"deletions":5}}},{"hash":"2760a8cbb8b05881a25df16877e633e47ab60d75","isMergeCommit":false,"messageTitle":"Remove minWidth","messageBody":"","fileTypesAndContributionMap":{"functional-code":{"insertions":0,"deletions":5}}}]},{"date":"2025-10-31T00:00:00","commitResults":[{"hash":"19d71f2a0ec1505649b14b1e71461f129d1096cd","isMergeCommit":true,"messageTitle":"Merge branch \u0027master\u0027 into dg-manual_testing","messageBody":"","fileTypesAndContributionMap":{}},{"hash":"dca27b8003af452dfc7d79d1d0b0bed5cae8a6a3","isMergeCommit":true,"messageTitle":"Merge pull request #220 from lohzq88/dg-manual_testing","messageBody":"Update manual testing section of DG","fileTypesAndContributionMap":{}}]}],"weixianuni":[{"date":"2025-10-01T00:00:00","commitResults":[{"hash":"e51687e843f076304dc9db629530b4cfef388996","isMergeCommit":false,"messageTitle":"Update AboutUs","messageBody":"","fileTypesAndContributionMap":{"docs":{"insertions":5,"deletions":4}}}]},{"date":"2025-10-02T00:00:00","commitResults":[{"hash":"087314c37380826de2d1bd6f6757fe43d57a324a","isMergeCommit":true,"messageTitle":"Merge branch \u0027master\u0027 into update-DG","messageBody":"","fileTypesAndContributionMap":{}},{"hash":"b6533b26d104b36d49aa2081f76d731a6509bf9d","isMergeCommit":false,"messageTitle":"Update README.md","messageBody":"","fileTypesAndContributionMap":{"docs":{"insertions":1,"deletions":1}}},{"hash":"58b73b77a10b496d23e0f1c673c2bcb3174c968c","isMergeCommit":true,"messageTitle":"Merge pull request #45 from josephkwok001/update-DG","messageBody":"Add user story, value proposition, glossary and user story ","fileTypesAndContributionMap":{}},{"hash":"c83700b3d0fd8ab1060dbb01b179461a85269ae6","isMergeCommit":false,"messageTitle":"Update non-functional requirements","messageBody":"","fileTypesAndContributionMap":{"docs":{"insertions":21,"deletions":5}}}]},{"date":"2025-10-09T00:00:00","commitResults":[{"hash":"c4ea94a5a58e38d1b5ab23365ee83c05b30315f3","isMergeCommit":false,"messageTitle":"Add Listing class","messageBody":"","fileTypesAndContributionMap":{"functional-code":{"insertions":18,"deletions":0}}},{"hash":"1e193067a2945deac8ed8515198412fceab51d3f","isMergeCommit":false,"messageTitle":"Update Person to have listing field","messageBody":"","fileTypesAndContributionMap":{"functional-code":{"insertions":11,"deletions":3}}},{"hash":"d0d46f3933419519f7ce0062a345430f9ef6a151","isMergeCommit":false,"messageTitle":"Update parser to recognise listings","messageBody":"","fileTypesAndContributionMap":{"functional-code":{"insertions":17,"deletions":11}}},{"hash":"5327a3f520dc68d18e3d47513fc099a31f47cc6b","isMergeCommit":false,"messageTitle":"Update listing field to compulsory","messageBody":"","fileTypesAndContributionMap":{"functional-code":{"insertions":4,"deletions":4}}},{"hash":"fed71f19f8518d0372e62423bbd6607392edb491","isMergeCommit":false,"messageTitle":"Update AddCommand","messageBody":"","fileTypesAndContributionMap":{"functional-code":{"insertions":13,"deletions":15}}},{"hash":"37a3393c3e1fe0c5d3b82c3fdedeba875477e5db","isMergeCommit":false,"messageTitle":"Add Listing field to Person","messageBody":"","fileTypesAndContributionMap":{"functional-code":{"insertions":72,"deletions":18},"test-code":{"insertions":35,"deletions":15}}}]},{"date":"2025-10-10T00:00:00","commitResults":[{"hash":"6bc5b0c80b2966c06d826857034680178950323a","isMergeCommit":false,"messageTitle":"Fix JUnit tests for Listing","messageBody":"","fileTypesAndContributionMap":{"functional-code":{"insertions":56,"deletions":10},"test-code":{"insertions":59,"deletions":21}}},{"hash":"83692a1c0390568cf15f7c13a88567e51042c454","isMergeCommit":true,"messageTitle":"Merge pull request #66 from josephkwok001/branch-findTag","messageBody":"Add find tag ","fileTypesAndContributionMap":{}},{"hash":"1c7e857afe4a8f75c574250006ac183ce1ba9e15","isMergeCommit":true,"messageTitle":"Merge branch \u0027master\u0027 into branch-AddCategories","messageBody":"","fileTypesAndContributionMap":{}},{"hash":"dc6a98e1c6f33ce922e04cfa766d9358a744fcc1","isMergeCommit":false,"messageTitle":"Add more JUnit test for Listing","messageBody":"","fileTypesAndContributionMap":{"test-code":{"insertions":87,"deletions":0}}},{"hash":"5377a783dec188e23ea0c02c8a47752ef25cb407","isMergeCommit":true,"messageTitle":"Merge Listing branch to master","messageBody":"Branch add categories","fileTypesAndContributionMap":{}},{"hash":"4ff3d869fbf1b3976b12610506b0874fbefd1720","isMergeCommit":false,"messageTitle":"Add validation in Listing class","messageBody":"","fileTypesAndContributionMap":{"functional-code":{"insertions":1,"deletions":1},"test-code":{"insertions":7,"deletions":10}}},{"hash":"9a69ce7711d6b439cd5c835d509d451703b26837","isMergeCommit":true,"messageTitle":"Merge branch-Listing to master","messageBody":"Add validation in Listing class to make sure no empty Listing is provided","fileTypesAndContributionMap":{}},{"hash":"5863c093ca13d7fee2bea8335ff34883bfe68ce2","isMergeCommit":false,"messageTitle":"Improve Listing constructor validation","messageBody":"","fileTypesAndContributionMap":{"functional-code":{"insertions":8,"deletions":1},"test-code":{"insertions":18,"deletions":0}}},{"hash":"6449725b36669f8cd6c18fbb9e86c4be4e07faad","isMergeCommit":true,"messageTitle":"Merge branch-ListingValidation","messageBody":"Improve Listing constructor validation","fileTypesAndContributionMap":{}}]},{"date":"2025-10-14T00:00:00","commitResults":[{"hash":"5987d691e76025155055f69ad36c126678f16c22","isMergeCommit":false,"messageTitle":"Shift listing beside name","messageBody":"","fileTypesAndContributionMap":{"functional-code":{"insertions":13,"deletions":3}}},{"hash":"fd8cd3cd5a19037cbfc6fc295523595478d6060b","isMergeCommit":false,"messageTitle":"Add new line to DarkTheme.css","messageBody":"","fileTypesAndContributionMap":{"functional-code":{"insertions":1,"deletions":1}}}]},{"date":"2025-10-15T00:00:00","commitResults":[{"hash":"6f98724ea975a3c5928add9833282750cf0e6c23","isMergeCommit":true,"messageTitle":"Merge branch-ShiftListing","messageBody":"Shift Listing box beside name","fileTypesAndContributionMap":{}}]},{"date":"2025-10-16T00:00:00","commitResults":[{"hash":"c0b06e671e24e53c9d8c4f5d0302527110470cc8","isMergeCommit":false,"messageTitle":"Update build.gradle file","messageBody":"","fileTypesAndContributionMap":{"other":{"insertions":4,"deletions":14}}},{"hash":"f39cabc665e6c1887a261528112ff54d379b3115","isMergeCommit":true,"messageTitle":"Merge pull request weixianuni/branch-fix-bug","messageBody":"Update build.gradle file","fileTypesAndContributionMap":{}}]},{"date":"2025-10-17T00:00:00","commitResults":[{"hash":"4a9f1e20b7e71e027eb35bb205ec44b34018f308","isMergeCommit":true,"messageTitle":"Merge ebt-wu/branch-AddProperty","messageBody":"Add property class","fileTypesAndContributionMap":{}},{"hash":"7f5f824ee542f4dea7962cf2c6ce8b7878b94531","isMergeCommit":false,"messageTitle":"Update help window to show commands","messageBody":"","fileTypesAndContributionMap":{"functional-code":{"insertions":74,"deletions":13}}}]},{"date":"2025-10-18T00:00:00","commitResults":[{"hash":"aa0598b38eadc84c57cf7632891a66c5240a0873","isMergeCommit":true,"messageTitle":"Merge pull request from branch-Export","messageBody":"Feature: Add export feature","fileTypesAndContributionMap":{}},{"hash":"101bcf01424a7d40e2d204bd92281058e5578f07","isMergeCommit":true,"messageTitle":"Merge pull request #102","messageBody":"Fix small bug issue in ExportCommand class","fileTypesAndContributionMap":{}},{"hash":"5efc0b8f5688d53e107215b22065cc4e6425f2b7","isMergeCommit":true,"messageTitle":"Merge pull request #100","messageBody":"Show information regarding Persons with \nincorrect formatting in the json file.","fileTypesAndContributionMap":{}},{"hash":"6f5161026d0138fbdde9480a43215f87d1fdd200","isMergeCommit":true,"messageTitle":"Merge pull request #103","messageBody":"Change header of GUI to become EstateSearch","tags":["v1.3"],"fileTypesAndContributionMap":{}},{"hash":"adfb78fd4ae0746bec890cd806d3f17633072f89","isMergeCommit":false,"messageTitle":"Update UG for EstateSearch","messageBody":"","fileTypesAndContributionMap":{"docs":{"insertions":40,"deletions":27}}},{"hash":"93ddc58ac7b07e0389b931897c181161bf96c569","isMergeCommit":false,"messageTitle":"Update jar file link","messageBody":"","fileTypesAndContributionMap":{"docs":{"insertions":1,"deletions":1}}},{"hash":"ada652f10bcabc8b05b0eb5a9fc020fb53a6f7c3","isMergeCommit":true,"messageTitle":"Merge pull request #105 to update UG","messageBody":"Update UG for EstateSearch","fileTypesAndContributionMap":{}}]},{"date":"2025-10-19T00:00:00","commitResults":[{"hash":"1ed4e81d9fbaca53e7168cc49b1b3e81ae5d7983","isMergeCommit":false,"messageTitle":"Update UG to reflect name change","messageBody":"","fileTypesAndContributionMap":{"docs":{"insertions":14,"deletions":14}}},{"hash":"37bde2afda748daa87c8718db98bdbc93f71767d","isMergeCommit":true,"messageTitle":"Merge pull request #106","messageBody":"Update UG to reflect name change","fileTypesAndContributionMap":{}}]},{"date":"2025-10-20T00:00:00","commitResults":[{"hash":"db412d44805961fb0a6518b9f1bf47ac1e9b4a4f","isMergeCommit":true,"messageTitle":"Merge pull request #119 from ebt-wu/branch-ModifyProperty","messageBody":"Change Property class to accomodate propertyName as a Name class","fileTypesAndContributionMap":{}},{"hash":"9c76c23b12bb2b589768b003a06b2a3e05fb8db9","isMergeCommit":false,"messageTitle":"Remove Listing from Person class","messageBody":"","fileTypesAndContributionMap":{"functional-code":{"insertions":29,"deletions":205},"test-code":{"insertions":89,"deletions":283}}},{"hash":"841d52324bc73e8aabff59e5c0d557aff0127d1c","isMergeCommit":true,"messageTitle":"Merge Property Storage from upstream","messageBody":"","fileTypesAndContributionMap":{}}]},{"date":"2025-10-21T00:00:00","commitResults":[{"hash":"c9f349883204e9ecefe7a0e15fcafa27c87c16e8","isMergeCommit":false,"messageTitle":"Fix checkstyle errors","messageBody":"","fileTypesAndContributionMap":{"functional-code":{"insertions":6,"deletions":1}}},{"hash":"a698b8110d85d8b3ffb5005c71dadf755b8449e4","isMergeCommit":false,"messageTitle":"Add AddPropertyCommand and tests","messageBody":"","fileTypesAndContributionMap":{"functional-code":{"insertions":254,"deletions":21},"other":{"insertions":4,"deletions":4},"test-code":{"insertions":529,"deletions":10}}},{"hash":"0fe4f983320a641e72ada7e49ce4a5b789e94fb5","isMergeCommit":false,"messageTitle":"Add error checking for property price","messageBody":"","fileTypesAndContributionMap":{"functional-code":{"insertions":11,"deletions":3},"test-code":{"insertions":10,"deletions":14}}},{"hash":"69ac630a25f0f7a1c19ea71dc90bcc73763b2415","isMergeCommit":false,"messageTitle":"Fix checkstyle issues","messageBody":"","fileTypesAndContributionMap":{"functional-code":{"insertions":30,"deletions":5},"test-code":{"insertions":12,"deletions":2}}}]},{"date":"2025-10-22T00:00:00","commitResults":[{"hash":"93ad3f7d686d69ed967e78a13d45a847dd42ef87","isMergeCommit":false,"messageTitle":"Update User Guide","messageBody":"","fileTypesAndContributionMap":{"docs":{"insertions":20,"deletions":8}}},{"hash":"b960dde1f54f66ca3761bb3fc120685da5517479","isMergeCommit":true,"messageTitle":"Merge pull request #131","messageBody":"Add setop part in userGuide","fileTypesAndContributionMap":{}},{"hash":"eab0c1a96e44514cbc77777661c53a1b309f4727","isMergeCommit":true,"messageTitle":"Merge branch \u0027master\u0027 into branch-AddPropertyUG","messageBody":"","fileTypesAndContributionMap":{}},{"hash":"bfba48d3f06de96f222b5ebc58449490b2534668","isMergeCommit":true,"messageTitle":"Merge pull request from weixianuni/branch-AddPropertyUG","messageBody":"Update User Guide to include Add Property Command","fileTypesAndContributionMap":{}},{"hash":"a4a1a48f19bac5f4535903a85043454cac4fd4cc","isMergeCommit":true,"messageTitle":"Merge branch \u0027master\u0027 into update-UG","messageBody":"","fileTypesAndContributionMap":{}},{"hash":"5028625f68eeb52e5d249e113837def2d24637ed","isMergeCommit":true,"messageTitle":"Merge pull request from josephkwok001/update-UG","messageBody":"Add delete property to UserGuide","fileTypesAndContributionMap":{}},{"hash":"1b73088e13603b1a8a9ef7200ac2fc3e2eaddec0","isMergeCommit":false,"messageTitle":"Update UG","messageBody":"","fileTypesAndContributionMap":{"docs":{"insertions":31,"deletions":15}}},{"hash":"65ba234d8f7fb875580c36e93fb011b3328a6ab6","isMergeCommit":true,"messageTitle":"Merge pull request #132 from branch-finaliseUG-1.4","messageBody":"Update UG","fileTypesAndContributionMap":{}},{"hash":"4eff1493574ca1fb2e15f98c4f2173bfc7878509","isMergeCommit":false,"messageTitle":"Update user guide add setip and formatting","messageBody":"","fileTypesAndContributionMap":{"docs":{"insertions":39,"deletions":12}}},{"hash":"a7d2d779aa475691f744bb7ece3b953dc0a5c2bc","isMergeCommit":true,"messageTitle":"Merge pull request from branch-finaliseUG-1.4","messageBody":"Update user guide add setip and formatting","fileTypesAndContributionMap":{}},{"hash":"eaec8be66e1f4b03a920b3945635728c087f660c","isMergeCommit":false,"messageTitle":"Update UserGuide by moving command summary up","messageBody":"","fileTypesAndContributionMap":{"docs":{"insertions":39,"deletions":27}}},{"hash":"c294004ee82fd29b893b31ee2901ff88221f2ea9","isMergeCommit":false,"messageTitle":"Update ModelClassDiagram","messageBody":"","fileTypesAndContributionMap":{"docs":{"insertions":4,"deletions":0}}},{"hash":"559ad74b92c20ee0350d9af41a3f56cc5f825b2c","isMergeCommit":true,"messageTitle":"Merge pull request from josephkwok001/bug-AddressBook","messageBody":"Fix bug to initalize Property in AddressBook.java","fileTypesAndContributionMap":{}},{"hash":"ec3629a047f2c617b9502a74c13ccc4c1a527b24","isMergeCommit":true,"messageTitle":"Merge pull request from weixianuni/branch-refactorPerson","messageBody":"Refactor Person class","fileTypesAndContributionMap":{}},{"hash":"dbd3d0025dcd79ea4509e70f21897c3657a55806","isMergeCommit":false,"messageTitle":"Update price prefix to p","messageBody":"","fileTypesAndContributionMap":{"functional-code":{"insertions":10,"deletions":11}}},{"hash":"24741bc7defc01e6191b72e164b737744d82808b","isMergeCommit":true,"messageTitle":"Merge branch \u0027master\u0027 into branch-AddPropertyCommand","messageBody":"","fileTypesAndContributionMap":{}},{"hash":"cd8c1a372ffb2f74f42267b43c74f6a4a29d1681","isMergeCommit":true,"messageTitle":"Merge pull request from branch-AddPropertyCommand","messageBody":"Add functionality to add properties","fileTypesAndContributionMap":{}},{"hash":"52796b791b349937ee837d5cf4d03da1bdec341a","isMergeCommit":true,"messageTitle":"Merge branch \u0027master\u0027 into branch-deletep","messageBody":"","fileTypesAndContributionMap":{}},{"hash":"4159135294df5d096f8d63849402f3bb2254a6fa","isMergeCommit":false,"messageTitle":"Remove duplicate methods in Model","messageBody":"","fileTypesAndContributionMap":{"functional-code":{"insertions":0,"deletions":2}}}]},{"date":"2025-10-23T00:00:00","commitResults":[{"hash":"68da85103638ea13050239bf985de179b413de44","isMergeCommit":true,"messageTitle":"Merge branch \u0027master\u0027 into feature/set-owned-property","messageBody":"","fileTypesAndContributionMap":{}},{"hash":"f0caa2a15d5faeaa6d94bf42cd54570864659e7c","isMergeCommit":true,"messageTitle":"Merge pull request from branch-deletep","messageBody":"Add feature to delete property","fileTypesAndContributionMap":{}},{"hash":"e350a227b27768257070020e4c88d741b010a290","isMergeCommit":true,"messageTitle":"Merge pull request from branch-finaliseUG-1.4","messageBody":"Update UserGuide by moving command summary up","fileTypesAndContributionMap":{}},{"hash":"2afeddd75eeb05c1c872207dd09c9598e147728f","isMergeCommit":true,"messageTitle":"Merge pull request from branch-uml","messageBody":"Update ModelClassDiagram to include OwnedProperties and InterestedProperties","fileTypesAndContributionMap":{}},{"hash":"7b046a4505122013409f23f688fd805e9b2dbca4","isMergeCommit":true,"messageTitle":"Merge pull request from set-interested-property","messageBody":"Feature: Add InterestedPropertyCommand","fileTypesAndContributionMap":{}},{"hash":"bbbc9a0df2e0e302652986840d3ae4a67932919f","isMergeCommit":true,"messageTitle":"Merge pull request from feature/owned-properties-v2","messageBody":"Feature: set owned properties v2 with uniquePropertyList","tags":["v1.4"],"fileTypesAndContributionMap":{}}]},{"date":"2025-10-24T00:00:00","commitResults":[{"hash":"4f04c10f19ab33de0c31b628e04c2c9d78239750","isMergeCommit":false,"messageTitle":"Update build.gradle enable assertions","messageBody":"","fileTypesAndContributionMap":{"other":{"insertions":5,"deletions":1}}},{"hash":"23dd3706385cce87728e1bc9e8203a162544a406","isMergeCommit":true,"messageTitle":"Merge pull request from branch-assertions","messageBody":"Update build.gradle enable assertions","fileTypesAndContributionMap":{}}]},{"date":"2025-10-25T00:00:00","commitResults":[{"hash":"25140e19ba983d3087cb823b7c5f2775b48e36cc","isMergeCommit":true,"messageTitle":"Merge pull request from branch-propertyTest","messageBody":"Add tests for Property class","fileTypesAndContributionMap":{}}]},{"date":"2025-10-26T00:00:00","commitResults":[{"hash":"1b35a8d12cf0cb693506d9eaac79ce18e3152f68","isMergeCommit":true,"messageTitle":"Merge pull request from ui-comma","messageBody":"Add comma between properties in list","fileTypesAndContributionMap":{}}]},{"date":"2025-10-28T00:00:00","commitResults":[{"hash":"c3ee50c5287d412efeee8d2ade462c800937698a","isMergeCommit":false,"messageTitle":"Separate classes into packages","messageBody":"","fileTypesAndContributionMap":{"functional-code":{"insertions":48,"deletions":0},"other":{"insertions":49,"deletions":39},"test-code":{"insertions":33,"deletions":22}}},{"hash":"44d5126550cfee7d39a6b948ff2458e349157082","isMergeCommit":false,"messageTitle":"Add command to delete interested property","messageBody":"","fileTypesAndContributionMap":{"functional-code":{"insertions":89,"deletions":11}}},{"hash":"898bdd1e17e010301b6273e184f0efc33a29466d","isMergeCommit":false,"messageTitle":"Separate commands and parser into packages","messageBody":"","fileTypesAndContributionMap":{"functional-code":{"insertions":95,"deletions":47}}},{"hash":"8e1b07fa1c6464d2e62d82dc71fb0c36bd3f40d0","isMergeCommit":false,"messageTitle":"Update test data file fields","messageBody":"","fileTypesAndContributionMap":{"other":{"insertions":1,"deletions":1},"test-code":{"insertions":64,"deletions":0}}},{"hash":"13b2731acb3b4b266d70d6b3a992bda5e30117c3","isMergeCommit":false,"messageTitle":"Add tests for deleteip class","messageBody":"","fileTypesAndContributionMap":{"functional-code":{"insertions":107,"deletions":27},"test-code":{"insertions":80,"deletions":15}}},{"hash":"a48b5e1d916345b54cec9009b74eeb44aa47a224","isMergeCommit":false,"messageTitle":"Add delete owned property command","messageBody":"","fileTypesAndContributionMap":{"functional-code":{"insertions":181,"deletions":9}}},{"hash":"441974455e128654416fc8ef134eda5670d6e83a","isMergeCommit":false,"messageTitle":"Update test and success messages","messageBody":"","fileTypesAndContributionMap":{"functional-code":{"insertions":15,"deletions":8},"test-code":{"insertions":138,"deletions":1}}},{"hash":"7ba90a6a690267ca045d038fd7e16e7dbc03aa69","isMergeCommit":false,"messageTitle":"Fix import statements","messageBody":"","fileTypesAndContributionMap":{"test-code":{"insertions":15,"deletions":15}}},{"hash":"c8908ef26e425beebedb6e7d04c7b395bc942df5","isMergeCommit":false,"messageTitle":"Update test cases","messageBody":"","fileTypesAndContributionMap":{"test-code":{"insertions":21,"deletions":15}}},{"hash":"1252ab7262968542235e4d141e49c3f88ca1193a","isMergeCommit":false,"messageTitle":"Update test case for checkstyle","messageBody":"","fileTypesAndContributionMap":{"test-code":{"insertions":4,"deletions":3}}}]},{"date":"2025-10-29T00:00:00","commitResults":[{"hash":"6caf135901e783397237acc936b54ca48bd1aee8","isMergeCommit":true,"messageTitle":"Merge pull request fix-ui-property","messageBody":"Fix UI about property list","fileTypesAndContributionMap":{}},{"hash":"f5e8b5581182457417180cdc2632deb57c203ed9","isMergeCommit":true,"messageTitle":"Merge pull request branch-FindPropertyCommand","messageBody":"Add feature find property command","fileTypesAndContributionMap":{}},{"hash":"7e121c866b4ce5c0356c5628e12ef9ef9f1b78af","isMergeCommit":true,"messageTitle":"Merge branch \u0027master\u0027 into branch-EditPropertyCommand","messageBody":"","fileTypesAndContributionMap":{}},{"hash":"47ae4f7483d47a1529151a8f2686f1f00d2b0b53","isMergeCommit":true,"messageTitle":"Merge pull request from branch-EditPropertyCommand","messageBody":"Add feature for edit property command","fileTypesAndContributionMap":{}},{"hash":"b5611892bd5b5eb30a8a937e47333ea59352f295","isMergeCommit":true,"messageTitle":"Merge master with branch-deleteip","messageBody":"","fileTypesAndContributionMap":{}},{"hash":"a2968920317e381763247e1b289e5f4635cf81b6","isMergeCommit":true,"messageTitle":"Merge pull request from branch-deleteip","messageBody":"Add feature to delete interested property and owned property","fileTypesAndContributionMap":{}},{"hash":"d283400648626ea53f5684e63d1c30cef9fbc6dd","isMergeCommit":true,"messageTitle":"Merge pull request from branch-docubug","messageBody":"Fix documentation for isSameProperty function","fileTypesAndContributionMap":{}},{"hash":"b01284d9602ce2fc2f2693bf69c1283237065c3d","isMergeCommit":false,"messageTitle":"Update clear command message","messageBody":"","fileTypesAndContributionMap":{"functional-code":{"insertions":2,"deletions":2}}},{"hash":"fcc71b2be74c48a6a8ff8f02f752a6ad6e2e9541","isMergeCommit":false,"messageTitle":"Fix phone number validation bug","messageBody":"","fileTypesAndContributionMap":{"functional-code":{"insertions":2,"deletions":2}}},{"hash":"1c24464f8d9c5c1fefecf9597e11078df97769a8","isMergeCommit":false,"messageTitle":"Fix formatting of Person card","messageBody":"","fileTypesAndContributionMap":{"functional-code":{"insertions":21,"deletions":7},"other":{"insertions":10,"deletions":6},"test-code":{"insertions":2,"deletions":0}}},{"hash":"74a093e404d62d5e959c7c56aa829035189f504a","isMergeCommit":false,"messageTitle":"Update logic of isSamePerson method","messageBody":"","fileTypesAndContributionMap":{"functional-code":{"insertions":3,"deletions":3}}},{"hash":"dd3c35e5f3615e1e232c334b4c28156b86c6ed81","isMergeCommit":false,"messageTitle":"Update help menu to reflect all new commands","messageBody":"","fileTypesAndContributionMap":{"functional-code":{"insertions":75,"deletions":28}}}]},{"date":"2025-10-30T00:00:00","commitResults":[{"hash":"f19d9acd3a917c33be24510d13c8799539ba1991","isMergeCommit":true,"messageTitle":"Merge pull request from set-property-enhancement","messageBody":"Fix overlapping owned and interested properties","fileTypesAndContributionMap":{}},{"hash":"a8c26262e47276e2c19464d5917f27a03abd3920","isMergeCommit":false,"messageTitle":"Fix formatting of usage messages","messageBody":"","fileTypesAndContributionMap":{"functional-code":{"insertions":7,"deletions":7}}},{"hash":"4fe37828b73a753c69f3c1dbb1f49de904c548f0","isMergeCommit":false,"messageTitle":"Fix tests with new duplicate logic","messageBody":"","fileTypesAndContributionMap":{"functional-code":{"insertions":2,"deletions":4},"test-code":{"insertions":9,"deletions":11}}},{"hash":"c13037beb79ac804f297bfd39ff06ce08c04361e","isMergeCommit":false,"messageTitle":"Update InterestedPropertyCommand","messageBody":"","fileTypesAndContributionMap":{"functional-code":{"insertions":1,"deletions":1}}},{"hash":"139aaa8802f14aae8dda42ab8baaeb18a868162e","isMergeCommit":false,"messageTitle":"Update test","messageBody":"","fileTypesAndContributionMap":{"test-code":{"insertions":0,"deletions":63}}},{"hash":"de00d3b9438e5d7430b87add21938e5ea221c9c8","isMergeCommit":false,"messageTitle":"Update test","messageBody":"","fileTypesAndContributionMap":{"test-code":{"insertions":63,"deletions":0}}},{"hash":"05a8dcba70b1556a38afd1575f5a2463700a4824","isMergeCommit":true,"messageTitle":"Merge pull request from branch-wxAlphaBugs","messageBody":"Alpha bugs","fileTypesAndContributionMap":{}},{"hash":"1b4f2d0d8ade4bd7af7783719d4e03b3b2640118","isMergeCommit":false,"messageTitle":"Remove unused method in storage","messageBody":"","fileTypesAndContributionMap":{"functional-code":{"insertions":0,"deletions":50}}},{"hash":"971e35ba1ef42cfcecb5ab586220c4308c4241f1","isMergeCommit":false,"messageTitle":"Update tests for mainapp initprefs","messageBody":"","fileTypesAndContributionMap":{"test-code":{"insertions":89,"deletions":0}}},{"hash":"e2e6d203319cbf1851058aa01faf88de55e43109","isMergeCommit":false,"messageTitle":"Update checkstyle","messageBody":"","fileTypesAndContributionMap":{"functional-code":{"insertions":0,"deletions":2},"test-code":{"insertions":6,"deletions":7}}},{"hash":"69d4f0ee6906ac4674a50b33812728a76ffad0b4","isMergeCommit":true,"messageTitle":"Merge pull request from branch-wxCodeCoverage","messageBody":"Add tests to increase coverage","fileTypesAndContributionMap":{}},{"hash":"0780c1bf3070764d4c619234f9633f7461af2323","isMergeCommit":false,"messageTitle":"Add tests for json adapted property","messageBody":"","fileTypesAndContributionMap":{"functional-code":{"insertions":23,"deletions":2},"test-code":{"insertions":101,"deletions":1}}},{"hash":"a56a23b47b4af474fbb5e5de72e0044823454fc7","isMergeCommit":false,"messageTitle":"Remove unused method","messageBody":"","fileTypesAndContributionMap":{"functional-code":{"insertions":0,"deletions":23}}},{"hash":"a3ac5709a6237108ffecb1bd50a1e37a2c966f6c","isMergeCommit":false,"messageTitle":"Add tests","messageBody":"","fileTypesAndContributionMap":{"test-code":{"insertions":12,"deletions":0}}},{"hash":"4a60bcec5510bb86a80b2bb2be17b72befd57f2a","isMergeCommit":false,"messageTitle":"Update tests","messageBody":"","fileTypesAndContributionMap":{"test-code":{"insertions":9,"deletions":5}}},{"hash":"2fb5f463b44cd08b833c4e45c67237d50bd6db9e","isMergeCommit":false,"messageTitle":"Fix checkstyle","messageBody":"","fileTypesAndContributionMap":{"test-code":{"insertions":4,"deletions":1}}},{"hash":"869b630a0e1e0a89ad70c61a068370bd241f5168","isMergeCommit":true,"messageTitle":"Merge pull request from branch-moreTests","messageBody":"Add more test for jsonadaptedproperty","fileTypesAndContributionMap":{}},{"hash":"34964da9076f3d3e971b9c06527723c0751b6a02","isMergeCommit":false,"messageTitle":"Add tests to jsonadaptedperson","messageBody":"","fileTypesAndContributionMap":{"functional-code":{"insertions":1,"deletions":0},"test-code":{"insertions":88,"deletions":5}}},{"hash":"6eb61dd699f768ad9732c3678c13539799211d40","isMergeCommit":true,"messageTitle":"Merge pull request from branch-moreTests","messageBody":"Add tests to jsonadaptedperson","fileTypesAndContributionMap":{}},{"hash":"6dab8da7f12a812e3d9ff3c63cf8917a74da7853","isMergeCommit":false,"messageTitle":"Edit UG","messageBody":"","fileTypesAndContributionMap":{"docs":{"insertions":118,"deletions":23}}},{"hash":"a96687110c89c7dbee40e72637b78b36df112edb","isMergeCommit":true,"messageTitle":"Merge pull request from deletep-filter","messageBody":"Change delete property to delete filtered list","fileTypesAndContributionMap":{}},{"hash":"dc29d203ed38937d7f671c038c052542eea23758","isMergeCommit":true,"messageTitle":"Merge pull request from branch-UGv1.5","messageBody":"Edit User Guide","fileTypesAndContributionMap":{}},{"hash":"6e6d65771cc7f0b32db0b57fa7270e66f7d0eadc","isMergeCommit":true,"messageTitle":"Merge pull request from deletep-bug","messageBody":"Add listp to UG and edit delete property output","fileTypesAndContributionMap":{}},{"hash":"b8e5f603576da78f78e79e6731e33e1bd0239139","isMergeCommit":false,"messageTitle":"Update UG FAQ formatting","messageBody":"","fileTypesAndContributionMap":{"docs":{"insertions":4,"deletions":1}}},{"hash":"4db851997f1e73386bc90e5c720efb5b38f62e17","isMergeCommit":true,"messageTitle":"Merge pull request from branch-UGv1.5","messageBody":"Update UG FAQ formatting","fileTypesAndContributionMap":{}},{"hash":"eac3ad5e2d501ada03364af7d1ef80289322a52f","isMergeCommit":false,"messageTitle":"Update UG formatting","messageBody":"","fileTypesAndContributionMap":{"docs":{"insertions":41,"deletions":38}}},{"hash":"84e63dcaf099719530f8a7e9873a2b5111c4007b","isMergeCommit":false,"messageTitle":"Update UG formatting","messageBody":"","fileTypesAndContributionMap":{"docs":{"insertions":17,"deletions":17}}},{"hash":"f29dfa597974afa03beacd676cf68f269d744c5e","isMergeCommit":true,"messageTitle":"Merge pull request from branch-UGv1.5","messageBody":"Update UG formatting","tags":["v1.5"],"fileTypesAndContributionMap":{}},{"hash":"c3b5db8781b34e86630403394b2beccfb4a64185","isMergeCommit":false,"messageTitle":"Update UI uml","messageBody":"","fileTypesAndContributionMap":{"docs":{"insertions":26,"deletions":14}}},{"hash":"2ddaa72cdddffe5b75b7ef39d59cac15fa07d84c","isMergeCommit":true,"messageTitle":"Merge pull request from DG-appendix","messageBody":"Edit DG to include appendix: effort and requirements ","fileTypesAndContributionMap":{}},{"hash":"43c2345ae04eefeedcb491be9d91dc03232b0b5a","isMergeCommit":true,"messageTitle":"Merge pull request from listp-bug","messageBody":"Fix input for listp","fileTypesAndContributionMap":{}},{"hash":"40c12726640cfe906059adde9ca2095581702435","isMergeCommit":false,"messageTitle":"Update DG diagram and acknowledgements","messageBody":"","fileTypesAndContributionMap":{"docs":{"insertions":3,"deletions":1}}},{"hash":"4e835778a485abacfc8a38d7d6d694087e3bc138","isMergeCommit":true,"messageTitle":"Merge branch \u0027master\u0027 into branch-DGv1.5","messageBody":"","fileTypesAndContributionMap":{}},{"hash":"00826a8436410513b08cb4ca09fd7ab5d5c87a8a","isMergeCommit":true,"messageTitle":"Merge pull request from fix-duplicate-qna","messageBody":"Fix duplicate QnA","fileTypesAndContributionMap":{}},{"hash":"1443128d74d433e82febcb1f885bdb62c41fae1f","isMergeCommit":true,"messageTitle":"Merge pull request from ui-dual-panels","messageBody":"Implement dual panel view for Person \u0026 Property","fileTypesAndContributionMap":{}},{"hash":"856b45b300bf04b782bdf43895be5b29b5b38044","isMergeCommit":false,"messageTitle":"Update sample data","messageBody":"","fileTypesAndContributionMap":{"functional-code":{"insertions":6,"deletions":6}}}]},{"date":"2025-10-31T00:00:00","commitResults":[{"hash":"4a5aec4135c0ace135af50cbbcbad62cf19bfbe3","isMergeCommit":true,"messageTitle":"Merge pull request from update-ui-images","messageBody":"Update UI.png to reflect new UI","fileTypesAndContributionMap":{}},{"hash":"610f9c8a4c8004b241ae5ec10855d8f7263806ce","isMergeCommit":false,"messageTitle":"Set help menu height to be fixed","messageBody":"","fileTypesAndContributionMap":{"functional-code":{"insertions":1,"deletions":1}}},{"hash":"4da5b0f4790e8604aeaeb70e58511ba9c423ef26","isMergeCommit":true,"messageTitle":"Merge pull request from branch-helpMenuDimensions","messageBody":"Set help menu height to be fixed","fileTypesAndContributionMap":{}},{"hash":"5acb707032d990e6caf2b1e2fb69b826176f35e5","isMergeCommit":true,"messageTitle":"Merge pull request #231 from josephkwok001/edit-bug1","messageBody":"Fix editp bug","fileTypesAndContributionMap":{}},{"hash":"3bfd54a81d5dc93d113556c0af98a51c743b1406","isMergeCommit":false,"messageTitle":"Add images to UG","messageBody":"","fileTypesAndContributionMap":{"docs":{"insertions":2,"deletions":12}}},{"hash":"0dc8aed6a7197fb6172a31f3599be334868bc775","isMergeCommit":true,"messageTitle":"Merge pull request from weixianuni/branch-UGupdate","messageBody":"Add images to UG","fileTypesAndContributionMap":{}}]}],"ebt-wu":[{"date":"2025-09-30T00:00:00","commitResults":[{"hash":"2ce4f3e9d65ac03937a569b4b55410d9ac938aef","isMergeCommit":false,"messageTitle":"Update project name","messageBody":"","fileTypesAndContributionMap":{"docs":{"insertions":1,"deletions":1}}}]},{"date":"2025-10-01T00:00:00","commitResults":[{"hash":"28f390277cecd2fa273ed124dc7adb9058b9c218","isMergeCommit":true,"messageTitle":"Merge pull request #11 from weixianuni/branch-add-photo","messageBody":"Add weixianuni photo","fileTypesAndContributionMap":{}},{"hash":"82035938556eb298b29a8dea4b14010d900af8e7","isMergeCommit":true,"messageTitle":"Merge pull request #12 from josephkwok001/branch-Image","messageBody":"Adding Joseph\u0027s image ","fileTypesAndContributionMap":{}},{"hash":"e88df3aee939483af3cb0dc85ba4db1a30defb49","isMergeCommit":false,"messageTitle":"Update AboutUs","messageBody":"","fileTypesAndContributionMap":{"docs":{"insertions":5,"deletions":5}}}]},{"date":"2025-10-02T00:00:00","commitResults":[{"hash":"244cff3b8b7f6806d992507c57c510aa5268bb19","isMergeCommit":true,"messageTitle":"Merge pull request #20 from ebt-wu/branch-aboutUs","messageBody":"Update AboutUs","fileTypesAndContributionMap":{}},{"hash":"805f05ff198625343a3ee5832e3f182a8a4c4a2e","isMergeCommit":true,"messageTitle":"Merge branch \u0027master\u0027 into branch-AboutUs","messageBody":"","fileTypesAndContributionMap":{}},{"hash":"119260cdb41a4e0446fc8600ed0ab03da163ed03","isMergeCommit":true,"messageTitle":"Merge pull request #21 from weixianuni/branch-AboutUs","messageBody":"Update AboutUs ","fileTypesAndContributionMap":{}},{"hash":"2a134074249b66bc68de860823d99f7c81a2e3f4","isMergeCommit":true,"messageTitle":"Merge branch \u0027master\u0027 into zhiqin_about_us","messageBody":"","fileTypesAndContributionMap":{}},{"hash":"878939b54b78fabedc8850a4e844113a208a637a","isMergeCommit":true,"messageTitle":"Merge pull request #22 from lohzq88/zhiqin_about_us","messageBody":"Update About Us with Zhi Qin\u0027s information","fileTypesAndContributionMap":{}},{"hash":"53eea53032052e51a5945738e058ff2853129b29","isMergeCommit":true,"messageTitle":"Merge pull request #23 from josephkwok001/branch-UpdateAboutUs","messageBody":"Updating About us","fileTypesAndContributionMap":{}},{"hash":"894b0906529ecd3d5b4ea1a205f2f0fbcaf6ce18","isMergeCommit":true,"messageTitle":"Merge branch \u0027master\u0027 into aboutus-moussedm","messageBody":"","fileTypesAndContributionMap":{}},{"hash":"195500b61816fe5caf87ad23dc1c40af887540b3","isMergeCommit":true,"messageTitle":"Merge pull request #28 from MousseDm/aboutus-moussedm","messageBody":"Update AboutUs with Jiaxuan\u0027s information","fileTypesAndContributionMap":{}},{"hash":"0f2fa7daf77a460ef19a731fa74b96f56b753fa3","isMergeCommit":false,"messageTitle":"Update README.md","messageBody":"","fileTypesAndContributionMap":{"docs":{"insertions":17,"deletions":12}}},{"hash":"69b23086841bfbb04523d3cc84cc5a9de291a2b7","isMergeCommit":true,"messageTitle":"Merge pull request #29 from ebt-wu/branch-README","messageBody":"Update README.md","fileTypesAndContributionMap":{}},{"hash":"294c7927dee91de35fda55dc7cd3245be7a5ae01","isMergeCommit":false,"messageTitle":"Update README.md","messageBody":"","fileTypesAndContributionMap":{"docs":{"insertions":6,"deletions":4}}},{"hash":"9dd7cfd02cde83ce89b277c89ddb377f0aa5f7bb","isMergeCommit":true,"messageTitle":"Merge pull request #38 from ebt-wu/branch-README","messageBody":"Update README.md","fileTypesAndContributionMap":{}},{"hash":"e7c44f2061b7d7c142da97907ff5de18b545f70c","isMergeCommit":false,"messageTitle":"Change project name","messageBody":"","fileTypesAndContributionMap":{"docs":{"insertions":1,"deletions":1}}},{"hash":"3d1fab1d52581321de9f172c5032be1409ff94bc","isMergeCommit":false,"messageTitle":"Change project name","messageBody":"","fileTypesAndContributionMap":{"docs":{"insertions":1,"deletions":1}}},{"hash":"5a03b1d997cb07f83475cad8fd165226cfeb4591","isMergeCommit":true,"messageTitle":"Merge pull request #40 from ebt-wu/branch-projectwebsite","messageBody":"Branch projectwebsite","fileTypesAndContributionMap":{}}]},{"date":"2025-10-09T00:00:00","commitResults":[{"hash":"a6fcc9dfe53855826925a46b19adc55286c799d9","isMergeCommit":false,"messageTitle":"Add delete by email functionality","messageBody":"","fileTypesAndContributionMap":{"functional-code":{"insertions":80,"deletions":26},"test-code":{"insertions":9,"deletions":3}}},{"hash":"74e17b89a130f4952e5ce12126e2b33b42fc6997","isMergeCommit":false,"messageTitle":"Add tests for DeleteCommand","messageBody":"","fileTypesAndContributionMap":{"test-code":{"insertions":49,"deletions":0}}},{"hash":"98947b0f3a0aa35c4eea66c1093c345ce1e3ecbd","isMergeCommit":false,"messageTitle":"Add JUnit test for DeleteCommandParser","messageBody":"","fileTypesAndContributionMap":{"functional-code":{"insertions":4,"deletions":3},"test-code":{"insertions":12,"deletions":5}}},{"hash":"0beefe937532cc3ea25d653131125b28086cf6db","isMergeCommit":true,"messageTitle":"Merge branch \u0027ebt-wu-branch-Emaildelete\u0027 Merge branch \u0027branch-Emaildelete\u0027 into master","messageBody":"","fileTypesAndContributionMap":{}},{"hash":"e6a1627dd60762d3ecbae0d59b1f2654de0a7167","isMergeCommit":true,"messageTitle":"Merge pull request #67 from ebt-wu/master","messageBody":"Add delete by email functionality","fileTypesAndContributionMap":{}}]},{"date":"2025-10-10T00:00:00","commitResults":[{"hash":"973d16de33b9ccc861af0d3f8e35e5ce3e41f7b9","isMergeCommit":false,"messageTitle":"Add JUnit test for DeleteCommandParser","messageBody":"","fileTypesAndContributionMap":{"test-code":{"insertions":5,"deletions":0}}},{"hash":"1d71861608ba0fc7c85c44f0c416a4132b78e910","isMergeCommit":true,"messageTitle":"Merge branch \u0027master\u0027 of https://github.com/AY2526S1-CS2103T-W12-4/tp","messageBody":"","fileTypesAndContributionMap":{}},{"hash":"cd8391ab094b31bda68dbbdf20e5b595de1f7554","isMergeCommit":false,"messageTitle":"Add JUnit test for DeleteCommandParser","messageBody":"","fileTypesAndContributionMap":{"test-code":{"insertions":4,"deletions":0}}},{"hash":"1cd57d5e569c84546cb5625ff7d86bf21b8a5526","isMergeCommit":true,"messageTitle":"Merge pull request #73 from lohzq88/update-book-tests","messageBody":"Update AddressBook tests to fulfill updated logic in #68","fileTypesAndContributionMap":{}},{"hash":"7bcb84cef0b63501d2e2f5b9826eb484b407188b","isMergeCommit":true,"messageTitle":"Merge pull request #72 from ebt-wu/branch-Emaildelete","messageBody":"Add JUnit test for DeleteCommandParser","fileTypesAndContributionMap":{}}]},{"date":"2025-10-16T00:00:00","commitResults":[{"hash":"8e08f1eb6a154d220cfef78076e9d7634efd75f9","isMergeCommit":false,"messageTitle":"Add Property class","messageBody":"","fileTypesAndContributionMap":{"functional-code":{"insertions":242,"deletions":0}}}]},{"date":"2025-10-17T00:00:00","commitResults":[{"hash":"c8b295c2b1f9fa922b26730f31c6aa0fdf206897","isMergeCommit":false,"messageTitle":"Add Property class and its functionalities","messageBody":"","fileTypesAndContributionMap":{"functional-code":{"insertions":242,"deletions":53}}},{"hash":"197000d150a84dc4c175cf161a3b38da617784df","isMergeCommit":true,"messageTitle":"Merge branch \u0027master\u0027 of https://github.com/AY2526S1-CS2103T-W12-4/tp","messageBody":"","fileTypesAndContributionMap":{}}]},{"date":"2025-10-19T00:00:00","commitResults":[{"hash":"972a784dfbce0c1a857a6b608e6576eee32b6746","isMergeCommit":true,"messageTitle":"Merge branch \u0027master\u0027 of https://github.com/AY2526S1-CS2103T-W12-4/tp","messageBody":"","fileTypesAndContributionMap":{}},{"hash":"5167acbe52793c604938c1bb5cdd905ac8635d4b","isMergeCommit":false,"messageTitle":"Remove owner and interesterPersons field","messageBody":"","fileTypesAndContributionMap":{"functional-code":{"insertions":5,"deletions":63}}}]},{"date":"2025-10-20T00:00:00","commitResults":[{"hash":"8b997d9c60cccd28a8f0a1be2274b0f7939a86db","isMergeCommit":true,"messageTitle":"Add back default sample JSON data","messageBody":"Add back default sample json data","fileTypesAndContributionMap":{}},{"hash":"6f43566f8a0e9da2bd0a4a16d2938b0a751b5120","isMergeCommit":false,"messageTitle":"Modify property name in Property class","messageBody":"","fileTypesAndContributionMap":{"functional-code":{"insertions":3,"deletions":3}}},{"hash":"63b74b27135a8c7c7657d48eea98118397cea60a","isMergeCommit":false,"messageTitle":"Add non null check for propertyName","messageBody":"","fileTypesAndContributionMap":{"functional-code":{"insertions":1,"deletions":1}}},{"hash":"3686400e13003773c05a5b4166b3d6cd778730a2","isMergeCommit":false,"messageTitle":"Add getIntegerPrice getter","messageBody":"","fileTypesAndContributionMap":{"functional-code":{"insertions":4,"deletions":0}}},{"hash":"561ee5523c81260e15aeb17ee5e2720b38bb7783","isMergeCommit":false,"messageTitle":"Change validation regex to include numbers","messageBody":"","fileTypesAndContributionMap":{"functional-code":{"insertions":67,"deletions":0}}},{"hash":"852d3cf283274fc3647b3926ab6858170f6830a4","isMergeCommit":false,"messageTitle":"Add Property class for storage","messageBody":"","fileTypesAndContributionMap":{"functional-code":{"insertions":289,"deletions":7},"test-code":{"insertions":8,"deletions":0}}},{"hash":"3abe5aee22ef590baabdf4f713637f431fae7fa7","isMergeCommit":false,"messageTitle":"Add Name class","messageBody":"","fileTypesAndContributionMap":{"functional-code":{"insertions":67,"deletions":0}}}]},{"date":"2025-10-24T00:00:00","commitResults":[{"hash":"db626ea2654fcf90522d5672ea5e06c5373a025a","isMergeCommit":false,"messageTitle":"Include property class into UML diagram","messageBody":"","fileTypesAndContributionMap":{"docs":{"insertions":18,"deletions":1}}},{"hash":"71f01f30999fab5edafa9818e3896cba0dc3c662","isMergeCommit":false,"messageTitle":"Fix CI fail","messageBody":"","fileTypesAndContributionMap":{"docs":{"insertions":1,"deletions":1}}},{"hash":"a9a0fc64d733f4be610d1646403f31455a530dcb","isMergeCommit":true,"messageTitle":"Add Property class into UML diagram","messageBody":"Include property class into UML diagram","fileTypesAndContributionMap":{}},{"hash":"76c77adb058bde14c29267285968525ed9e61c1b","isMergeCommit":false,"messageTitle":"Add tests for Property class","messageBody":"","fileTypesAndContributionMap":{"test-code":{"insertions":203,"deletions":0}}}]},{"date":"2025-10-27T00:00:00","commitResults":[{"hash":"3ff23ffe4c47ae45a13173ee32a330b309df464b","isMergeCommit":false,"messageTitle":"Add find property functionality","messageBody":"","fileTypesAndContributionMap":{"functional-code":{"insertions":151,"deletions":0}}},{"hash":"3ac5431f701db41d1a404aac52e5ac41d5e1cc97","isMergeCommit":false,"messageTitle":"Add JUnit tests for find property command dependencies","messageBody":"","fileTypesAndContributionMap":{"test-code":{"insertions":142,"deletions":0}}}]},{"date":"2025-10-28T00:00:00","commitResults":[{"hash":"62c9f99f76b1bf03eb30bd8e599673e7c5665996","isMergeCommit":false,"messageTitle":"Add edit property command to the isMutatingCommand function","messageBody":"","fileTypesAndContributionMap":{"functional-code":{"insertions":1,"deletions":0}}},{"hash":"ddb94217a2cc83522a9c8ee9f85e677908cbf7e5","isMergeCommit":false,"messageTitle":"Add edit property functionality","messageBody":"","fileTypesAndContributionMap":{"functional-code":{"insertions":264,"deletions":0}}},{"hash":"d1e90e24ac3dedcddd4c4a7799018119b0f9b46d","isMergeCommit":false,"messageTitle":"Add the case for edit property command","messageBody":"","fileTypesAndContributionMap":{"functional-code":{"insertions":3,"deletions":0}}},{"hash":"8bd2a296fcb08c6e49243a144669692fb9b9cd2d","isMergeCommit":false,"messageTitle":"Modify PREFIX_PRICE from p to pr","messageBody":"","fileTypesAndContributionMap":{"functional-code":{"insertions":1,"deletions":1}}},{"hash":"cd86140e9da9107159090f2823dd64f0b057aa3a","isMergeCommit":false,"messageTitle":"Add setProperty function","messageBody":"","fileTypesAndContributionMap":{"functional-code":{"insertions":12,"deletions":0}}},{"hash":"6f9b8942da91506e6fbff44fe957b6a3c4af2c78","isMergeCommit":false,"messageTitle":"Implement setProperty function","messageBody":"","fileTypesAndContributionMap":{"functional-code":{"insertions":2,"deletions":0}}},{"hash":"b1f68e2ca703ebb6d4a7ad3ae64adc4f62b84e94","isMergeCommit":false,"messageTitle":"Add JUnit tests for edit property command dependencies","messageBody":"","fileTypesAndContributionMap":{"test-code":{"insertions":103,"deletions":0}}},{"hash":"4a981a1cd53afd60b8eda6b20355871360e3d8f5","isMergeCommit":false,"messageTitle":"Add edit property documentation to user guide","messageBody":"","fileTypesAndContributionMap":{"docs":{"insertions":15,"deletions":0}}},{"hash":"313a2360839f5e53570066c3ffcc8b9cf827578d","isMergeCommit":false,"messageTitle":"Add find property documentation to user guide","messageBody":"","fileTypesAndContributionMap":{"docs":{"insertions":21,"deletions":0}}},{"hash":"6dbba0c232a88cb4c3adb1cd2ddd760cc288fb76","isMergeCommit":false,"messageTitle":"Add more JUnit tests","messageBody":"","fileTypesAndContributionMap":{"test-code":{"insertions":213,"deletions":1}}},{"hash":"d2b08ffcc4e9201d99266754c5ddf3b4d3ddd112","isMergeCommit":false,"messageTitle":"Add JUnit tests","messageBody":"","fileTypesAndContributionMap":{"test-code":{"insertions":40,"deletions":0}}},{"hash":"ab5311a7d2050ca3e3436eb6f81b53e3a99d6390","isMergeCommit":false,"messageTitle":"Add JUnit test","messageBody":"","fileTypesAndContributionMap":{"test-code":{"insertions":10,"deletions":0}}},{"hash":"c4a489442568b7be4daea71e7dab875110cb4679","isMergeCommit":false,"messageTitle":"Add more JUnit tests","messageBody":"","fileTypesAndContributionMap":{"test-code":{"insertions":73,"deletions":13}}}]},{"date":"2025-10-29T00:00:00","commitResults":[{"hash":"84b3f38e920e20b19f7f5a5e5d20f0e3decb2c40","isMergeCommit":false,"messageTitle":"Fix documentation for isSameProperty function","messageBody":"","fileTypesAndContributionMap":{"functional-code":{"insertions":2,"deletions":2}}}]},{"date":"2025-10-30T00:00:00","commitResults":[{"hash":"1b8593e40ab5b5be9431c27e332c12bd01b4c46a","isMergeCommit":false,"messageTitle":"Fix substring search bug","messageBody":"","fileTypesAndContributionMap":{"functional-code":{"insertions":5,"deletions":2}}},{"hash":"ebfbcd454baf9792aeec493836730e24e6901243","isMergeCommit":false,"messageTitle":"Add more JUnit tests","messageBody":"","fileTypesAndContributionMap":{"test-code":{"insertions":14,"deletions":0}}},{"hash":"a44469193ada7b8abf5b152b2a966dcbf2ed195b","isMergeCommit":true,"messageTitle":"Fix substring search search bug for both find commands","messageBody":"Fix substring search bug","fileTypesAndContributionMap":{}},{"hash":"6d268b8042d678cc634b609efc8a52236b0a5585","isMergeCommit":false,"messageTitle":"Change price error message to be more concise","messageBody":"","fileTypesAndContributionMap":{"functional-code":{"insertions":3,"deletions":2}}},{"hash":"e80d7d5dea117e47794b74e22dcc64830836b5ca","isMergeCommit":false,"messageTitle":"Add more JUnit tests","messageBody":"","fileTypesAndContributionMap":{"test-code":{"insertions":13,"deletions":0}}},{"hash":"1958499abd87ade22ce401d67c6e8a58aa39d03e","isMergeCommit":false,"messageTitle":"Add acceptable value ranges for parameters table","messageBody":"","fileTypesAndContributionMap":{"docs":{"insertions":175,"deletions":104}}},{"hash":"bf7419e444c7ead9f83e75990fa7e61d351bf9da","isMergeCommit":true,"messageTitle":"Merge branch \u0027master\u0027 into branch-UserGuideMod","messageBody":"","fileTypesAndContributionMap":{}},{"hash":"b20231384b230f975393eb3ec6c764d282038c10","isMergeCommit":true,"messageTitle":"Add acceptable value ranges for parameters table","messageBody":"Add acceptable value ranges for parameters table","fileTypesAndContributionMap":{}},{"hash":"c8e4f1a55d8fe87eb8597683c03b998ddd37a558","isMergeCommit":false,"messageTitle":"Add more comprehensive documentations","messageBody":"","fileTypesAndContributionMap":{"docs":{"insertions":233,"deletions":19}}},{"hash":"6e7eb3c681b7b2f7bdacc6207b4ee08b61a4b77f","isMergeCommit":true,"messageTitle":"Add more comprehensive documentations","messageBody":"Add more comprehensive documentations","fileTypesAndContributionMap":{}},{"hash":"ff2ccd8245d4da237dcc26d2ff8a91e73eca6bf4","isMergeCommit":false,"messageTitle":"Change variable name to the correct version","messageBody":"","fileTypesAndContributionMap":{"functional-code":{"insertions":2,"deletions":2},"test-code":{"insertions":2,"deletions":2}}},{"hash":"4afb79489b0ef2851a4b48609c48730f47c705de","isMergeCommit":true,"messageTitle":"Change variable name to the correct version","messageBody":"Change variable name to the correct version","fileTypesAndContributionMap":{}},{"hash":"4f32f2ca918aaed8c95bfb462c4c74cb7970ae4e","isMergeCommit":true,"messageTitle":"Check json valid for person fields","messageBody":"Check json valid for person fields","fileTypesAndContributionMap":{}}]},{"date":"2025-10-31T00:00:00","commitResults":[{"hash":"ff433f8d14b4cea8279c79642d8e0d6a3b89eb0f","isMergeCommit":false,"messageTitle":"Fix Userguide bug","messageBody":"","fileTypesAndContributionMap":{"docs":{"insertions":26,"deletions":66}}},{"hash":"7e899aaf290682598eaee6177f31044f2bdd08eb","isMergeCommit":true,"messageTitle":"Merge branch \u0027master\u0027 into branch-UGbug","messageBody":"","fileTypesAndContributionMap":{}},{"hash":"0e1be5ddf011cbb97735fe0a0ee09b8b0a651685","isMergeCommit":true,"messageTitle":"Fix Userguide bug","messageBody":"Fix Userguide bug","fileTypesAndContributionMap":{}}]}],"josephkwok001":[{"date":"2025-10-01T00:00:00","commitResults":[{"hash":"86f989032805d7d39c651be0a2054b69c941f014","isMergeCommit":false,"messageTitle":"Updating About us","messageBody":"","fileTypesAndContributionMap":{"docs":{"insertions":3,"deletions":3}}}]},{"date":"2025-10-02T00:00:00","commitResults":[{"hash":"28de0500de3afa7e7fca70a0422439b98cd81ee8","isMergeCommit":false,"messageTitle":"Add user story, value proposition, glossary and user story","messageBody":"","fileTypesAndContributionMap":{"docs":{"insertions":37,"deletions":35}}},{"hash":"2cceed0ba92c2de7345fbb75b3edbfc98e96ba51","isMergeCommit":false,"messageTitle":"changed formatting","messageBody":"","fileTypesAndContributionMap":{"docs":{"insertions":1,"deletions":0}}}]},{"date":"2025-10-09T00:00:00","commitResults":[{"hash":"b7a480ae429fb645fbd5e06643af69546861e99e","isMergeCommit":false,"messageTitle":"feat: Modify the fields of this class to contain Predicate\u003cPerson\u003e instead of NameContainsKeywords","messageBody":"","fileTypesAndContributionMap":{"functional-code":{"insertions":10,"deletions":3}}},{"hash":"7e9a1dc270003a212fcb66deb4d50b29754fc5ac","isMergeCommit":false,"messageTitle":"feat: Add find tag function, change the input to be find n/ NAME or find t/ TAG","messageBody":"","fileTypesAndContributionMap":{"functional-code":{"insertions":20,"deletions":2}}},{"hash":"c2dd3a11496bb79ea7e4b232819dc2a6d2ec1baa","isMergeCommit":false,"messageTitle":"feat: Add new class to handle search for tag keyword in find function","messageBody":"","fileTypesAndContributionMap":{"functional-code":{"insertions":41,"deletions":1}}},{"hash":"f958820cf2fffb1161912a6608223603a592d088","isMergeCommit":false,"messageTitle":"feat: Add find tag feature","messageBody":"","fileTypesAndContributionMap":{"functional-code":{"insertions":5,"deletions":3}}},{"hash":"b61b1fb22bde5116c2b7e63767e450c3aa981523","isMergeCommit":false,"messageTitle":"feat: Add find tag feature","messageBody":"","fileTypesAndContributionMap":{"functional-code":{"insertions":0,"deletions":1}}},{"hash":"26ba56d47db29bc17aafa3a2b34d9f71a819ba3e","isMergeCommit":false,"messageTitle":"style: Change Junit test case","messageBody":"","fileTypesAndContributionMap":{"test-code":{"insertions":9,"deletions":5}}},{"hash":"683c0ae3e4fde25e8fba703240111bd283951379","isMergeCommit":false,"messageTitle":"style: Change Junit test case","messageBody":"","fileTypesAndContributionMap":{"test-code":{"insertions":2,"deletions":1}}},{"hash":"9807011a1b7b1ae8a90a0bc94c132fd4e241d0df","isMergeCommit":false,"messageTitle":"Update findTag function","messageBody":"","fileTypesAndContributionMap":{"test-code":{"insertions":0,"deletions":1}}},{"hash":"19a2badcb6f5b284f367ecb50a8fe8a885d5ec62","isMergeCommit":false,"messageTitle":"Update FindCommandParser class","messageBody":"","fileTypesAndContributionMap":{"functional-code":{"insertions":2,"deletions":4}}}]},{"date":"2025-10-15T00:00:00","commitResults":[{"hash":"006d517d3c7eb63b4503352f96b0644cc473558f","isMergeCommit":false,"messageTitle":"Bug: Change find exception output","messageBody":"","fileTypesAndContributionMap":{"functional-code":{"insertions":1,"deletions":1}}},{"hash":"f29bd2731320aa883d14d39ec3a70197d832ecba","isMergeCommit":false,"messageTitle":"Bug: Change find command exception output","messageBody":"","fileTypesAndContributionMap":{"functional-code":{"insertions":4,"deletions":4}}},{"hash":"b76038550fdc9049697744592153bde4bdc1bd0d","isMergeCommit":false,"messageTitle":"Change user guide for find","messageBody":"","fileTypesAndContributionMap":{"docs":{"insertions":9,"deletions":6}}},{"hash":"6cbbca906ffc3b7ff890aebb5a799f4acdfec89f","isMergeCommit":false,"messageTitle":"Checkstyle error","messageBody":"","fileTypesAndContributionMap":{"functional-code":{"insertions":2,"deletions":1}}},{"hash":"8a34e5b69e0741be628f25d6f26bbab896aadad5","isMergeCommit":true,"messageTitle":"Merge pull request #87 from josephkwok001/branch-Update-Find","messageBody":"Bug: Update exception handling and User Guide of \u0027find\u0027 command","fileTypesAndContributionMap":{}}]},{"date":"2025-10-17T00:00:00","commitResults":[{"hash":"b462667d20a0d33065a276f6f11ed03069d2b372","isMergeCommit":false,"messageTitle":"Add export feature","messageBody":"","fileTypesAndContributionMap":{"functional-code":{"insertions":169,"deletions":0},"docs":{"insertions":15,"deletions":0},"test-code":{"insertions":152,"deletions":0}}},{"hash":"436ef2eb84b3939ed15f531171ca4a65d1698f5d","isMergeCommit":false,"messageTitle":"Fix checkstyle","messageBody":"","fileTypesAndContributionMap":{"functional-code":{"insertions":12,"deletions":10},"test-code":{"insertions":2,"deletions":2}}}]},{"date":"2025-10-18T00:00:00","commitResults":[{"hash":"842a93f1a9c02ca8070b1417b788d9ef3855b9d1","isMergeCommit":true,"messageTitle":"Merge pull request #99 from weixianuni/branch-HelpMenu","messageBody":"Update help window to show commands","fileTypesAndContributionMap":{}},{"hash":"074b33c08328911679df51f3bc856e0655c36fe2","isMergeCommit":false,"messageTitle":"Fix small bug issue in ExportCommand class","messageBody":"","fileTypesAndContributionMap":{"functional-code":{"insertions":0,"deletions":2}}},{"hash":"547662578b60c6443d82109eea811ea37030ff43","isMergeCommit":false,"messageTitle":"Change header of GUI to become EstateSearch","messageBody":"","fileTypesAndContributionMap":{"functional-code":{"insertions":1,"deletions":1}}}]},{"date":"2025-10-19T00:00:00","commitResults":[{"hash":"b5c89bb96be9f12c6a72e3a27c1ffe3e95efde5a","isMergeCommit":true,"messageTitle":"Merge pull request #112 from ebt-wu/branch-ModifyProperty","messageBody":"Remove owner and interestedPersons field from Property class","fileTypesAndContributionMap":{}}]},{"date":"2025-10-21T00:00:00","commitResults":[{"hash":"c93892929337458c9747d36b8278c49145fafe2d","isMergeCommit":false,"messageTitle":"Add delete property feature","messageBody":"","fileTypesAndContributionMap":{"functional-code":{"insertions":100,"deletions":0}}},{"hash":"7b3458e436afcd04eae63efb73637fdad310d3c2","isMergeCommit":false,"messageTitle":"Add delete feature","messageBody":"","fileTypesAndContributionMap":{"functional-code":{"insertions":44,"deletions":3}}},{"hash":"c8746f128ae0a14ac94866551600a48ada470d33","isMergeCommit":false,"messageTitle":"Add delete feature and update Model class","messageBody":"","fileTypesAndContributionMap":{"functional-code":{"insertions":17,"deletions":3}}},{"hash":"52ecc21c6eb23394804e15d957cc1fe4980f9ba1","isMergeCommit":false,"messageTitle":"Fix bug to initalize Property in AddressBook.java","messageBody":"","fileTypesAndContributionMap":{"functional-code":{"insertions":3,"deletions":2}}},{"hash":"4a9406593dc24ea29f8fdf9208b4df9a5229c374","isMergeCommit":false,"messageTitle":"Add deleteproperty command to LogicManager","messageBody":"","fileTypesAndContributionMap":{"functional-code":{"insertions":1,"deletions":2}}},{"hash":"d37b062d9a2af78253eaedcfb747f42b89b555ab","isMergeCommit":false,"messageTitle":"Fix javadoc comment in AddressBook.java","messageBody":"","fileTypesAndContributionMap":{"functional-code":{"insertions":5,"deletions":9}}},{"hash":"3bcee1f3d65403039e52610aaf3b7fa586d37a19","isMergeCommit":false,"messageTitle":"Fix javadoc comment for ModelManager","messageBody":"","fileTypesAndContributionMap":{"functional-code":{"insertions":8,"deletions":12}}},{"hash":"244848d2fa86e6ba7c8b713f653b83d44db10735","isMergeCommit":false,"messageTitle":"Add delete property to UserGuide","messageBody":"","fileTypesAndContributionMap":{"docs":{"insertions":14,"deletions":0}}}]},{"date":"2025-10-22T00:00:00","commitResults":[{"hash":"cc06efc60a50dab19825ece691364a4a96e63084","isMergeCommit":false,"messageTitle":"Add JUnit test cases delete property command","messageBody":"","fileTypesAndContributionMap":{"functional-code":{"insertions":10,"deletions":2},"test-code":{"insertions":214,"deletions":0}}},{"hash":"33f2a2d3ce18ac74de50cf32cf94b80a7ac55474","isMergeCommit":false,"messageTitle":"Change formatProperty method in Messages.java","messageBody":"","fileTypesAndContributionMap":{"functional-code":{"insertions":2,"deletions":2}}}]},{"date":"2025-10-23T00:00:00","commitResults":[{"hash":"925cd370d1f8da7ef6714c743909d3400f1f5ef3","isMergeCommit":false,"messageTitle":"Fix test case for delete property and typicalProperties","messageBody":"","fileTypesAndContributionMap":{"test-code":{"insertions":12,"deletions":28}}},{"hash":"8916064e439e568f62e1949b5570ddc1900ab93a","isMergeCommit":false,"messageTitle":"Fix JsonSerializableAddressBookTest.java","messageBody":"","fileTypesAndContributionMap":{"test-code":{"insertions":1,"deletions":1}}},{"hash":"fb2ba5dd7af730b8c7f0f8d67037e810b35c33b6","isMergeCommit":false,"messageTitle":"Fix bug for interested properties in person","messageBody":"","fileTypesAndContributionMap":{"functional-code":{"insertions":1,"deletions":1},"test-code":{"insertions":26,"deletions":16}}}]},{"date":"2025-10-24T00:00:00","commitResults":[{"hash":"0f36a692b4e5518d38b8464a4abcae069ff1e9f0","isMergeCommit":false,"messageTitle":"Deletep deletes the property that are owned or interested by a Person","messageBody":"","fileTypesAndContributionMap":{"functional-code":{"insertions":35,"deletions":0}}},{"hash":"f138fba5bc4596b54ffb1b3dc59c48dabf891c3b","isMergeCommit":false,"messageTitle":"Update UML diagram for delete property","messageBody":"","fileTypesAndContributionMap":{"functional-code":{"insertions":31,"deletions":19},"docs":{"insertions":71,"deletions":0},"test-code":{"insertions":17,"deletions":0}}},{"hash":"4974be1a3b2136c2efe56365245a6d6cdaf07e3b","isMergeCommit":true,"messageTitle":"Merge pull request #146 from josephkwok001/update-UML","messageBody":"Update uml to include delete property","fileTypesAndContributionMap":{}}]},{"date":"2025-10-26T00:00:00","commitResults":[{"hash":"e8d8b1e70eb369c2d4588dae04e9823b500bf5fa","isMergeCommit":false,"messageTitle":"Add list property feature","messageBody":"","fileTypesAndContributionMap":{"functional-code":{"insertions":276,"deletions":4}}},{"hash":"ac9330bc7ad5db01e314999417d29a1bfe5c9b30","isMergeCommit":false,"messageTitle":"Change JUnit test cases","messageBody":"","fileTypesAndContributionMap":{"test-code":{"insertions":5,"deletions":3}}},{"hash":"817b1e90d46436d06758d98693069ceb1e89d161","isMergeCommit":false,"messageTitle":"Change JUnit test cases","messageBody":"","fileTypesAndContributionMap":{"functional-code":{"insertions":46,"deletions":0},"test-code":{"insertions":93,"deletions":0}}},{"hash":"f61a3c8d83eb5c06a08f417fccde033832de8ab9","isMergeCommit":false,"messageTitle":"Add price and address when display property","messageBody":"","fileTypesAndContributionMap":{"functional-code":{"insertions":2,"deletions":2}}},{"hash":"e32e0ec480bfd132effac7703e2139cc0a30c991","isMergeCommit":false,"messageTitle":"Add Junit test cases","messageBody":"","fileTypesAndContributionMap":{"test-code":{"insertions":588,"deletions":0}}},{"hash":"2e6c7053d02bfdd0ad09d078621d0d47fe3225b6","isMergeCommit":false,"messageTitle":"Add Junit test cases","messageBody":"","fileTypesAndContributionMap":{"test-code":{"insertions":49,"deletions":47}}},{"hash":"7677f24512abfc681ec78eed1facb9ad977ee8e2","isMergeCommit":false,"messageTitle":"Add JUnit test to MainWindowTest.java","messageBody":"","fileTypesAndContributionMap":{"test-code":{"insertions":88,"deletions":70}}},{"hash":"9655b7d3f2cb4959b9daf4437966528338ad754a","isMergeCommit":false,"messageTitle":"Add JUnit test to MainWindowTest.java","messageBody":"","fileTypesAndContributionMap":{"test-code":{"insertions":83,"deletions":0}}},{"hash":"8e37ae9098d13df649d8a3b133c3874866f2a179","isMergeCommit":false,"messageTitle":"Add JUnit test to MainWindowTest.java","messageBody":"","fileTypesAndContributionMap":{"test-code":{"insertions":12,"deletions":1}}},{"hash":"aa8ca947970de202bfa5dd783c96a7af760a8b5f","isMergeCommit":false,"messageTitle":"Edit build.gradle file","messageBody":"","fileTypesAndContributionMap":{"other":{"insertions":11,"deletions":0}}},{"hash":"e62fbe20e6e291f5783fcdaa9b63c85dbc9de0a2","isMergeCommit":false,"messageTitle":"Edit build.gradle","messageBody":"","fileTypesAndContributionMap":{"other":{"insertions":0,"deletions":11},"test-code":{"insertions":0,"deletions":302}}},{"hash":"105d66380508cafa7f491791a2998d635833b151","isMergeCommit":false,"messageTitle":"Delete commandtestutil.java","messageBody":"","fileTypesAndContributionMap":{"test-code":{"insertions":0,"deletions":93}}},{"hash":"57cae933ef630ed84a2de11467f3959171c848ba","isMergeCommit":false,"messageTitle":"Junit","messageBody":"","fileTypesAndContributionMap":{"test-code":{"insertions":94,"deletions":0}}},{"hash":"1f873e9c2067bddf3915d0a48b4b3d12561e8ce3","isMergeCommit":false,"messageTitle":"Delete test cases","messageBody":"","fileTypesAndContributionMap":{"test-code":{"insertions":0,"deletions":401}}},{"hash":"9d43879479adb090680f89fb849d35ab5728f6c9","isMergeCommit":false,"messageTitle":"Add JUnit test case PropertyListPanelTest.java","messageBody":"","fileTypesAndContributionMap":{"test-code":{"insertions":32,"deletions":0}}},{"hash":"905785144766dd03806dbf535336bfb02504483f","isMergeCommit":false,"messageTitle":"Add JUnit test case PropertyListPanelTest.java","messageBody":"","fileTypesAndContributionMap":{"test-code":{"insertions":1,"deletions":1}}},{"hash":"6c6231f6faee8ddaa7f3a83cf0847c2376564a42","isMergeCommit":false,"messageTitle":"Add JUnit test case PropertyListPanelTest.java","messageBody":"","fileTypesAndContributionMap":{"test-code":{"insertions":245,"deletions":8}}},{"hash":"3680a2ecd36df81a3adc1a6f686a406f7652b679","isMergeCommit":false,"messageTitle":"Add JUnit test case PropertyListPanelTest.java","messageBody":"","fileTypesAndContributionMap":{"test-code":{"insertions":14,"deletions":252}}},{"hash":"9e673c18e1f12c2822fd4e32b19d1fc45e798293","isMergeCommit":false,"messageTitle":"Add JUnit test case PropertyListPanelTest.java","messageBody":"","fileTypesAndContributionMap":{"test-code":{"insertions":1,"deletions":1}}},{"hash":"844bd132ab35d3f2103f2dd29d047f4924f78eeb","isMergeCommit":false,"messageTitle":"Add JUnit test case PropertyListPanelTest.java","messageBody":"","fileTypesAndContributionMap":{"test-code":{"insertions":57,"deletions":16}}},{"hash":"025aaef02324cadb39d0b1f8a18140a435b39450","isMergeCommit":false,"messageTitle":"Add JUnit test case PropertyListPanelTest.java","messageBody":"","fileTypesAndContributionMap":{"test-code":{"insertions":98,"deletions":33}}},{"hash":"a341d1e1a7ed0976b6e387370d075d090e569947","isMergeCommit":false,"messageTitle":"Add JUnit test case PropertyListPanelTest.java","messageBody":"","fileTypesAndContributionMap":{"test-code":{"insertions":0,"deletions":12}}},{"hash":"be719fbcf46861760aed3f56b0524fb224caeb80","isMergeCommit":false,"messageTitle":"Add JUnit test case PropertyListPanelTest.java","messageBody":"","fileTypesAndContributionMap":{"test-code":{"insertions":60,"deletions":29}}},{"hash":"48fe0b654c43c4d8d8e66830bd26755edc94464f","isMergeCommit":false,"messageTitle":"Add JUnit test case PropertyListPanelTest.java","messageBody":"","fileTypesAndContributionMap":{"test-code":{"insertions":1,"deletions":1}}}]},{"date":"2025-10-27T00:00:00","commitResults":[{"hash":"0b14cbe52e04d74949174482da638e510e03577a","isMergeCommit":false,"messageTitle":"Edit UiPartTest.java","messageBody":"","fileTypesAndContributionMap":{"test-code":{"insertions":207,"deletions":156}}},{"hash":"abb8389110c30cbe64797e60a13c6a6d9ab9806c","isMergeCommit":false,"messageTitle":"Edit UiPartTest.java","messageBody":"","fileTypesAndContributionMap":{"test-code":{"insertions":2,"deletions":2}}},{"hash":"d171859cc1a7df40abbbe0709820cab4dfd61683","isMergeCommit":true,"messageTitle":"Merge branch \u0027master\u0027 into listp-Junit","messageBody":"","fileTypesAndContributionMap":{}},{"hash":"b1480c57c167493c1ec1821c7df418bfa0840e53","isMergeCommit":false,"messageTitle":"Edit UiPartTest.java","messageBody":"","fileTypesAndContributionMap":{"test-code":{"insertions":0,"deletions":5}}},{"hash":"6a15bfdf84a297ddf6cfccf9b320f64cf7681188","isMergeCommit":false,"messageTitle":"Edit UiPartTest.java","messageBody":"","fileTypesAndContributionMap":{"test-code":{"insertions":7,"deletions":45}}},{"hash":"dc17024bdc1202fefb915c3e489cddc8139712c9","isMergeCommit":false,"messageTitle":"Edit UiPartTest.java","messageBody":"","fileTypesAndContributionMap":{"test-code":{"insertions":0,"deletions":4}}},{"hash":"28d75b86fd0f7bb27bcb2fcb52b122538755f018","isMergeCommit":false,"messageTitle":"Edit UiPartTest.java","messageBody":"","fileTypesAndContributionMap":{"test-code":{"insertions":2,"deletions":2}}},{"hash":"595036fe305f41e9996cb25012d07fc136e0aee6","isMergeCommit":false,"messageTitle":"Edit UiPartTest.java","messageBody":"","fileTypesAndContributionMap":{"test-code":{"insertions":20,"deletions":25}}},{"hash":"6d4c2f76460afb90bc719ebd0dac68343068a10b","isMergeCommit":false,"messageTitle":"Edit UiPartTest.java","messageBody":"","fileTypesAndContributionMap":{"test-code":{"insertions":80,"deletions":29}}},{"hash":"9c8dfbc04929a3f7c6106944b2efd23555fd7ea9","isMergeCommit":false,"messageTitle":"Edit UiPartTest.java","messageBody":"","fileTypesAndContributionMap":{"test-code":{"insertions":1,"deletions":1}}},{"hash":"09e54d7e5f822f3d236ee7f2326c8b8b0ed5a27e","isMergeCommit":false,"messageTitle":"Add Junit test cases","messageBody":"","fileTypesAndContributionMap":{"functional-code":{"insertions":0,"deletions":46},"test-code":{"insertions":35,"deletions":4}}}]},{"date":"2025-10-28T00:00:00","commitResults":[{"hash":"79457f7fcb01a66bcc354704a0afd14c1dfd07da","isMergeCommit":false,"messageTitle":"Add Junit test cases","messageBody":"","fileTypesAndContributionMap":{"test-code":{"insertions":12,"deletions":1}}},{"hash":"7f2aa3cd3d196cb73c7cffcef25fd78bda0d2b33","isMergeCommit":false,"messageTitle":"Add Junit test cases","messageBody":"","fileTypesAndContributionMap":{"test-code":{"insertions":12,"deletions":18}}},{"hash":"4e51df8648e64f6b82acdf20570993a7a45d7759","isMergeCommit":false,"messageTitle":"Add Junit test cases","messageBody":"","fileTypesAndContributionMap":{"test-code":{"insertions":9,"deletions":0}}}]},{"date":"2025-10-29T00:00:00","commitResults":[{"hash":"cacffa817ec1ab7beae135046c2378b56e47c1dd","isMergeCommit":true,"messageTitle":"Merge branch \u0027master\u0027 into listp-Junit","messageBody":"","fileTypesAndContributionMap":{}},{"hash":"e7d28d58ea8f536bf39b52a8e9379a6fa56d2fa2","isMergeCommit":false,"messageTitle":"Edit merge conflicts","messageBody":"","fileTypesAndContributionMap":{"test-code":{"insertions":20,"deletions":6}}},{"hash":"33c40e66a0f76d090772ea125ac2f129f5313c1c","isMergeCommit":true,"messageTitle":"Merge list property feature from listp-Junit","messageBody":"Add list property feature","fileTypesAndContributionMap":{}}]},{"date":"2025-10-30T00:00:00","commitResults":[{"hash":"8b30e3fc6b62b3e7925ed6414401f9d672c6cff4","isMergeCommit":false,"messageTitle":"Add listp to UG","messageBody":"","fileTypesAndContributionMap":{"functional-code":{"insertions":2,"deletions":2},"docs":{"insertions":7,"deletions":0}}},{"hash":"0e5da84ad022be8b0c6b9c516bebfd4e408ce3b0","isMergeCommit":false,"messageTitle":"Edit success message for deletep","messageBody":"","fileTypesAndContributionMap":{"functional-code":{"insertions":3,"deletions":3}}},{"hash":"7811647aa1ef41852674f8695f146f44f5f6b0bc","isMergeCommit":false,"messageTitle":"Fix export bug command","messageBody":"","fileTypesAndContributionMap":{"functional-code":{"insertions":22,"deletions":1}}},{"hash":"ae89825fa21f6b2b4953e6f442d4cf9095e49e86","isMergeCommit":false,"messageTitle":"Fix export bug command","messageBody":"","fileTypesAndContributionMap":{"functional-code":{"insertions":33,"deletions":21},"test-code":{"insertions":3,"deletions":3}}},{"hash":"ed3cae27c4d25fccc9f7969bf640bb327464fffe","isMergeCommit":false,"messageTitle":"Fix delete output","messageBody":"","fileTypesAndContributionMap":{"functional-code":{"insertions":5,"deletions":4}}},{"hash":"026e84519b99d49ea043944a52afed5b270c747f","isMergeCommit":false,"messageTitle":"Fix delete output","messageBody":"","fileTypesAndContributionMap":{"test-code":{"insertions":5,"deletions":28}}},{"hash":"ede256767038fb433ffc6782c232f1304e2c4aba","isMergeCommit":false,"messageTitle":"Add testcase for code coverage","messageBody":"","fileTypesAndContributionMap":{"test-code":{"insertions":38,"deletions":0}}},{"hash":"8d43f1f2d2363bc63a0a0bb4223f7220af5fd2e4","isMergeCommit":false,"messageTitle":"Fix storage name","messageBody":"","fileTypesAndContributionMap":{"functional-code":{"insertions":1,"deletions":1}}},{"hash":"978bc2d6f2fad882af76ec031235fbd378ff6968","isMergeCommit":false,"messageTitle":"Remove JUnit test case","messageBody":"","fileTypesAndContributionMap":{"test-code":{"insertions":0,"deletions":19}}},{"hash":"6df79559f64405bc868f174b2ce7eeb427256b84","isMergeCommit":true,"messageTitle":"Fix export bug to include property","messageBody":"Export bug","fileTypesAndContributionMap":{}},{"hash":"4d3701c322c6c2906612db594a6cd94f9cdc22e7","isMergeCommit":true,"messageTitle":"Merge branch \u0027master\u0027 into deletep-bug","messageBody":"","fileTypesAndContributionMap":{}},{"hash":"e11be0af71232b0508a21e57340fde64266e488d","isMergeCommit":true,"messageTitle":"Fix price error message bug","messageBody":"Change price error message to be more concise","fileTypesAndContributionMap":{}},{"hash":"6bdbc99946afc2fe6d8921e5c7ef1b720631ba8a","isMergeCommit":false,"messageTitle":"Change delete property to filtered list","messageBody":"","fileTypesAndContributionMap":{"functional-code":{"insertions":3,"deletions":2}}},{"hash":"7e9556f6a418d2f214c73b718bd82dc5d6eeb55f","isMergeCommit":false,"messageTitle":"Add ListProperty sequence diagram","messageBody":"","fileTypesAndContributionMap":{"docs":{"insertions":74,"deletions":0}}},{"hash":"317e854564034dc8fb4e4d7e6852991d701d1ab3","isMergeCommit":false,"messageTitle":"Edit DeveloperGuide file","messageBody":"","fileTypesAndContributionMap":{"docs":{"insertions":158,"deletions":24}}},{"hash":"43471cbe57407fd28c7ee3fab0f405785b44f8de","isMergeCommit":false,"messageTitle":"Add more use case and NFR","messageBody":"","fileTypesAndContributionMap":{"docs":{"insertions":100,"deletions":25}}},{"hash":"6da224bfcc0543af85a0c10919cfbad28cb58558","isMergeCommit":false,"messageTitle":"Change person to client","messageBody":"","fileTypesAndContributionMap":{"docs":{"insertions":129,"deletions":128}}},{"hash":"ef82ba6f2b3d7d423e06a2dc1b5478d85f5f56c9","isMergeCommit":false,"messageTitle":"Fix input for listp","messageBody":"","fileTypesAndContributionMap":{"functional-code":{"insertions":1,"deletions":7},"test-code":{"insertions":4,"deletions":6}}},{"hash":"6951ae7807508bd50e4788c89936ef07f7b6b619","isMergeCommit":false,"messageTitle":"Fix bug in setop","messageBody":"","fileTypesAndContributionMap":{"functional-code":{"insertions":3,"deletions":3}}},{"hash":"c2083fee27214c3e48ea80682b721eee5491ee11","isMergeCommit":true,"messageTitle":"Merge pull request update sample data","messageBody":"Update sample data","fileTypesAndContributionMap":{}},{"hash":"81c952f8b39320f6eb2b9152a02b0c9c343a0cd9","isMergeCommit":true,"messageTitle":"Merge pull request update DG","messageBody":"Add glossary in DG","fileTypesAndContributionMap":{}}]},{"date":"2025-10-31T00:00:00","commitResults":[{"hash":"928511b3424cc5cf40ca90f37d577537d78c60f4","isMergeCommit":false,"messageTitle":"Fix editp bug","messageBody":"","fileTypesAndContributionMap":{"functional-code":{"insertions":47,"deletions":0},"test-code":{"insertions":12,"deletions":0}}}]}],"MousseDm":[{"date":"2025-10-01T00:00:00","commitResults":[{"hash":"038d59cbf07f90a01d81e7bc38c01f1ff41ce09e","isMergeCommit":false,"messageTitle":"Add Jiaxuan\u0027s photo","messageBody":"","fileTypesAndContributionMap":{"docs":{"insertions":2,"deletions":2}}},{"hash":"14ad11cb0f874510aeccb102e3b7a06539e144ce","isMergeCommit":false,"messageTitle":"Update AboutUs: add Jiaxuan\u0027s information","messageBody":"","fileTypesAndContributionMap":{"docs":{"insertions":3,"deletions":4}}}]},{"date":"2025-10-02T00:00:00","commitResults":[{"hash":"d56610951607dfda34a8d03c3759ae2dc7792517","isMergeCommit":false,"messageTitle":"Modify DeveloperGuide: use-cases","messageBody":"","fileTypesAndContributionMap":{"other":{"insertions":580,"deletions":0},"docs":{"insertions":186,"deletions":13}}},{"hash":"45eb770ea23f18b97f6e233a31f622115dafb723","isMergeCommit":false,"messageTitle":"DG: add representative use-cases (multi-step with extensions)","messageBody":"","fileTypesAndContributionMap":{"other":{"insertions":0,"deletions":580}}},{"hash":"ead880d963ee89940e7971f202ebb08bf4c788b9","isMergeCommit":false,"messageTitle":"Normalize markdown line endings","messageBody":"","fileTypesAndContributionMap":{"docs":{"insertions":48,"deletions":48}}},{"hash":"3be49f3f55f21b7d0c602864ce220d91b38dbc6d","isMergeCommit":true,"messageTitle":"Merge pull request #43 from MousseDm/dg/use-cases","messageBody":"Modify use-cases in DeveloperGuide.md","fileTypesAndContributionMap":{}}]},{"date":"2025-10-09T00:00:00","commitResults":[{"hash":"c3d711fd76fe50d11377b2cdc0a2dada64ea4f67","isMergeCommit":false,"messageTitle":"List: add ListCommandParser and show number of people listed","messageBody":"","fileTypesAndContributionMap":{"functional-code":{"insertions":19,"deletions":9}}},{"hash":"4fbc74c5932aef572d54291a77969b89516a0139","isMergeCommit":false,"messageTitle":"Add javadocs for ListCommand and ListCommandParser","messageBody":"","fileTypesAndContributionMap":{"functional-code":{"insertions":3,"deletions":0}}},{"hash":"89f2ad8e67c5fcf4632a2a72d807967c18c86205","isMergeCommit":true,"messageTitle":"Merge pull request #54 from MousseDm/feature/list-enhancement","messageBody":"Feature/list enhancement\nwrong test case bc the new list message (include number of people) is different from original one","fileTypesAndContributionMap":{}},{"hash":"bd3a642bb742149757c760da53a6ff0ef0ce88d3","isMergeCommit":false,"messageTitle":"Revert \"Feature/list enhancement\"","messageBody":"","fileTypesAndContributionMap":{"functional-code":{"insertions":9,"deletions":22}}},{"hash":"ac475d03c8b1121413d0d93e9ef1805947dd6d85","isMergeCommit":true,"messageTitle":"Merge pull request #56 from AY2526S1-CS2103T-W12-4/revert-54-feature/list-enhancement","messageBody":"Revert \"Feature/list enhancement\"\nTests need to be modified","fileTypesAndContributionMap":{}}]},{"date":"2025-10-11T00:00:00","commitResults":[{"hash":"84916995b1de864a75c41ea575b9ce6de1720737","isMergeCommit":false,"messageTitle":"List-enhancement: output number of persons listed","messageBody":"","fileTypesAndContributionMap":{"functional-code":{"insertions":32,"deletions":1},"other":{"insertions":15,"deletions":4},"test-code":{"insertions":19,"deletions":6}}},{"hash":"562ad23c29aa84a87c9444e8f0db51c8bd664eae","isMergeCommit":false,"messageTitle":"Add ListCommandParserTest","messageBody":"","fileTypesAndContributionMap":{"functional-code":{"insertions":11,"deletions":2},"test-code":{"insertions":30,"deletions":0}}},{"hash":"94011ab218f991183457d7830c6f9dfed663af9d","isMergeCommit":false,"messageTitle":"fix(ListCommandParser): throw ParseException on non-empty args","messageBody":"","fileTypesAndContributionMap":{"functional-code":{"insertions":6,"deletions":15}}},{"hash":"cd370371c2099cb13c89e0622a9feb151f54c825","isMergeCommit":false,"messageTitle":"Add more tests in ListCommandTest","messageBody":"","fileTypesAndContributionMap":{"test-code":{"insertions":24,"deletions":0}}},{"hash":"0db20246cfeeacb5a9b25383686270a5904ef231","isMergeCommit":true,"messageTitle":"Merge pull request #82 from MousseDm/feature/list-enhancement","messageBody":"List-enhancement: output number of persons listed","fileTypesAndContributionMap":{}}]},{"date":"2025-10-18T00:00:00","commitResults":[{"hash":"108d655f4cfc2a77ecb7060bf767d68dfa822b43","isMergeCommit":false,"messageTitle":"Add feature for correction of stored data when launching","messageBody":"","fileTypesAndContributionMap":{"functional-code":{"insertions":924,"deletions":109},"test-code":{"insertions":547,"deletions":10}}},{"hash":"1b0fc04177e6b733272d6e1a950cae39b9acc309","isMergeCommit":false,"messageTitle":"Delete not-used java","messageBody":"","fileTypesAndContributionMap":{"test-code":{"insertions":0,"deletions":4}}},{"hash":"cb9391f8828d5da58d03a82e03bcdf72398de417","isMergeCommit":false,"messageTitle":"Add java test for storage and logic","messageBody":"","fileTypesAndContributionMap":{"test-code":{"insertions":852,"deletions":145}}},{"hash":"12b331c374156ff7d7eaf9474ac52785e48429d4","isMergeCommit":false,"messageTitle":"Debug: checkstyle Test","messageBody":"","fileTypesAndContributionMap":{"test-code":{"insertions":57,"deletions":68}}},{"hash":"0f880117a9a43147792dd5ca90c9fe753ef6801c","isMergeCommit":false,"messageTitle":"Debug on showing invalid data","messageBody":"","fileTypesAndContributionMap":{"functional-code":{"insertions":241,"deletions":93},"test-code":{"insertions":8,"deletions":6}}},{"hash":"4f732de41242b8305f1674f5125325fc07cccd71","isMergeCommit":false,"messageTitle":"Solve merge conflict problem","messageBody":"","fileTypesAndContributionMap":{"functional-code":{"insertions":37,"deletions":3}}},{"hash":"7c5df58cfd2491dd9bbcc3f239b3d19eba6832bf","isMergeCommit":false,"messageTitle":"Add test case for person and MainApp","messageBody":"","fileTypesAndContributionMap":{"test-code":{"insertions":274,"deletions":0}}},{"hash":"2c3a9d94835397599e5757fad4ed323a7e8a9d4a","isMergeCommit":false,"messageTitle":"Add test cases and modify javafx","messageBody":"","fileTypesAndContributionMap":{"functional-code":{"insertions":23,"deletions":19},"test-code":{"insertions":490,"deletions":124}}},{"hash":"81cf0bbddcfed1e56c6f3be4326fe1670def02c5","isMergeCommit":false,"messageTitle":"Add test cases for MainApp and LoadReport","messageBody":"","fileTypesAndContributionMap":{"test-code":{"insertions":347,"deletions":31}}},{"hash":"828c26fec06b13525cf6650f49f307140cb6e340","isMergeCommit":false,"messageTitle":"Delete wizard from MainApp","messageBody":"","fileTypesAndContributionMap":{"functional-code":{"insertions":0,"deletions":170},"test-code":{"insertions":28,"deletions":53}}},{"hash":"f8c257913d2b86dc26758fd722ba5ac75ca0549f","isMergeCommit":false,"messageTitle":"Rename json as jsonAddressBook","messageBody":"","fileTypesAndContributionMap":{"functional-code":{"insertions":9,"deletions":29}}}]},{"date":"2025-10-20T00:00:00","commitResults":[{"hash":"e485d512f07d0b00f44f24295a04d0394d43092d","isMergeCommit":false,"messageTitle":"Get default json if no addressbook.json in data","messageBody":"","fileTypesAndContributionMap":{"functional-code":{"insertions":23,"deletions":3},"test-code":{"insertions":84,"deletions":111}}},{"hash":"d8374e5313b2004654e917d82b8c1ffb9f94da81","isMergeCommit":true,"messageTitle":"Merge branch \u0027master\u0027 into default-json","messageBody":"","fileTypesAndContributionMap":{}},{"hash":"84210415a15473f9561e119b60556d7c8858dda8","isMergeCommit":true,"messageTitle":"Add ability to add properties into JSON file","messageBody":"Add ability to add properties into JSON file","fileTypesAndContributionMap":{}},{"hash":"62f599b115dd954c6b54020af05d0801bb7b88c7","isMergeCommit":true,"messageTitle":"Fix Property Class","messageBody":"Fix Property Class with using class Name as name","fileTypesAndContributionMap":{}}]},{"date":"2025-10-21T00:00:00","commitResults":[{"hash":"f07e279a327ca1c459a5667df6aca064d77c6fb6","isMergeCommit":false,"messageTitle":"Implement setOwnedProperty command","messageBody":"","fileTypesAndContributionMap":{"functional-code":{"insertions":369,"deletions":14},"test-code":{"insertions":265,"deletions":16}}},{"hash":"f0997929d648d01828b407cd0db73aeee74d9e48","isMergeCommit":true,"messageTitle":"Merge branch \u0027master\u0027 into feature/set-owned-property","messageBody":"","fileTypesAndContributionMap":{}},{"hash":"b19609e58d525a7cd72ca0bfabff280c9f6a6c65","isMergeCommit":false,"messageTitle":"Add tests for AddressBook and JsonSerializable","messageBody":"","fileTypesAndContributionMap":{"test-code":{"insertions":126,"deletions":7}}},{"hash":"2c9a7fc7c266caa900d6a90af3925764f48a96f9","isMergeCommit":false,"messageTitle":"Add testcases for ui","messageBody":"","fileTypesAndContributionMap":{"functional-code":{"insertions":1,"deletions":2},"test-code":{"insertions":147,"deletions":1}}},{"hash":"ea8256ba06b5f27ecbf93146fce2531f08892470","isMergeCommit":false,"messageTitle":"Debug javaci","messageBody":"","fileTypesAndContributionMap":{"test-code":{"insertions":12,"deletions":2}}},{"hash":"6ee3a2e3ecab6312d22ffa668a65b73b185dae47","isMergeCommit":false,"messageTitle":"Modify method names and field names","messageBody":"","fileTypesAndContributionMap":{"functional-code":{"insertions":8,"deletions":11},"test-code":{"insertions":26,"deletions":15}}}]},{"date":"2025-10-22T00:00:00","commitResults":[{"hash":"7f27f3b36621d5aa3492391f9a200a04aa07e640","isMergeCommit":false,"messageTitle":"Add setop part in userGuide","messageBody":"","fileTypesAndContributionMap":{"docs":{"insertions":18,"deletions":0}}}]},{"date":"2025-10-23T00:00:00","commitResults":[{"hash":"684f7cfd175358bfedf160ce010ab2100e196288","isMergeCommit":false,"messageTitle":"Deal with deconflict result","messageBody":"","fileTypesAndContributionMap":{"functional-code":{"insertions":5,"deletions":11},"test-code":{"insertions":132,"deletions":44}}},{"hash":"b255d7c92dacb457d3b1094368e4d7cdf698f89f","isMergeCommit":false,"messageTitle":"Modify storage for propertyList","messageBody":"","fileTypesAndContributionMap":{"functional-code":{"insertions":188,"deletions":126},"test-code":{"insertions":37,"deletions":97}}},{"hash":"ea52d6925ce79a5de72b420a6806d9d35affaa5f","isMergeCommit":true,"messageTitle":"Merge branch \u0027master\u0027 into feature/owned-properties-v2","messageBody":"","fileTypesAndContributionMap":{}},{"hash":"eafb0180b4848ee6752f53863a8947a364766b67","isMergeCommit":false,"messageTitle":"Deconflict with interestedProperties","messageBody":"","fileTypesAndContributionMap":{"functional-code":{"insertions":118,"deletions":53},"test-code":{"insertions":93,"deletions":78}}},{"hash":"2c03b5f7af5aebc2f9d0925fac497d561cb26927","isMergeCommit":false,"messageTitle":"Delete OwnedProperties.java","messageBody":"","fileTypesAndContributionMap":{"functional-code":{"insertions":0,"deletions":94}}},{"hash":"693fefaebc2774b3f8c914de2b4cfa221d6ed7d4","isMergeCommit":false,"messageTitle":"Add test cases for JsonAdaptedPerson","messageBody":"","fileTypesAndContributionMap":{"functional-code":{"insertions":27,"deletions":0},"test-code":{"insertions":86,"deletions":118}}},{"hash":"c41dce3d016dcf6ee184498798b0dc032aadb07c","isMergeCommit":true,"messageTitle":"Fix bug for interested properties in person","messageBody":"Fix bug for interested properties in person","fileTypesAndContributionMap":{}},{"hash":"bda0cc2ef5b5f1e07233fe12303c1ca3860ac7d8","isMergeCommit":true,"messageTitle":"Deconflict: resolve conflicts with InterestedPropertyList","messageBody":"","fileTypesAndContributionMap":{}},{"hash":"8c5e5defcbb29a1219b3e180b9eec803fede59c7","isMergeCommit":false,"messageTitle":"Set up writing to storage and ui for interested properties","messageBody":"","fileTypesAndContributionMap":{"functional-code":{"insertions":26,"deletions":5}}},{"hash":"39ba8a1afb8c50df6894067e3bf12334d1f69f70","isMergeCommit":true,"messageTitle":"Deconflict with upstream master","messageBody":"","fileTypesAndContributionMap":{}},{"hash":"c705ebfa688e402119d3bc50be365253c5d3f3be","isMergeCommit":true,"messageTitle":"Deconflict with interested properties","messageBody":"","fileTypesAndContributionMap":{}},{"hash":"cf1cfc8b9ae2328386b348f2bfaff2fcca80a7df","isMergeCommit":false,"messageTitle":"Modify code to pass CI tests","messageBody":"","fileTypesAndContributionMap":{"functional-code":{"insertions":67,"deletions":23},"test-code":{"insertions":126,"deletions":42}}},{"hash":"06d0dc82d548c7ccd1fc347ae898c93c3869e50b","isMergeCommit":false,"messageTitle":"Modify JsonAddressBookStorageTest for CI","messageBody":"","fileTypesAndContributionMap":{"test-code":{"insertions":20,"deletions":8}}},{"hash":"af4e24b3afd3d41d4b01762ddd8b224ab092fe37","isMergeCommit":false,"messageTitle":"Add comma between properties in list","messageBody":"","fileTypesAndContributionMap":{"functional-code":{"insertions":14,"deletions":4},"test-code":{"insertions":9,"deletions":1}}}]},{"date":"2025-10-25T00:00:00","commitResults":[{"hash":"054b33ea430d86824ed26141b59808ce23469ecc","isMergeCommit":false,"messageTitle":"Update uml about storage checking","messageBody":"","fileTypesAndContributionMap":{"docs":{"insertions":20,"deletions":2}}},{"hash":"45c836b9df455811a0391d3a6542fed631e88744","isMergeCommit":true,"messageTitle":"Update uml about storage checking","messageBody":"Update uml about storage checking","fileTypesAndContributionMap":{}}]},{"date":"2025-10-26T00:00:00","commitResults":[{"hash":"63afcd063de759089d2b741a6c0099cc52b46995","isMergeCommit":true,"messageTitle":"Merge branch \u0027master\u0027 into ui-comma","messageBody":"","fileTypesAndContributionMap":{}},{"hash":"87ae5c99b583609d838f7780b37519228ee64f49","isMergeCommit":false,"messageTitle":"Use assert with import","messageBody":"","fileTypesAndContributionMap":{"test-code":{"insertions":64,"deletions":60}}}]},{"date":"2025-10-29T00:00:00","commitResults":[{"hash":"b5f6f329256cd83ea3f390ae3b8ac4747bf69426","isMergeCommit":false,"messageTitle":"Fix UI about property list","messageBody":"","fileTypesAndContributionMap":{"functional-code":{"insertions":10,"deletions":10}}},{"hash":"e47d4d7bf2beabddf5239871f55a133a14584c48","isMergeCommit":false,"messageTitle":"Add test for ui personcard","messageBody":"","fileTypesAndContributionMap":{"test-code":{"insertions":169,"deletions":12}}},{"hash":"9cdf1fc8ff5cbdf2904070d72b4973abcb748bcc","isMergeCommit":false,"messageTitle":"Add testcases for personcard ui","messageBody":"","fileTypesAndContributionMap":{"functional-code":{"insertions":21,"deletions":9},"test-code":{"insertions":46,"deletions":0}}},{"hash":"d92168dde5bb1f186d4052644bf3f3b6dd2daf86","isMergeCommit":false,"messageTitle":"Add testcases for property list ui","messageBody":"","fileTypesAndContributionMap":{"test-code":{"insertions":10,"deletions":2}}},{"hash":"3ee6c64ee0ff6dc88dc1b118814a2b0fde90e0f3","isMergeCommit":false,"messageTitle":"Fix codecov coverage","messageBody":"","fileTypesAndContributionMap":{"functional-code":{"insertions":2,"deletions":5},"test-code":{"insertions":1,"deletions":13}}},{"hash":"53b04a20997280afe936946a20f132c53054d54e","isMergeCommit":false,"messageTitle":"Modify ui testcases","messageBody":"","fileTypesAndContributionMap":{"functional-code":{"insertions":9,"deletions":7},"test-code":{"insertions":9,"deletions":2}}}]},{"date":"2025-10-30T00:00:00","commitResults":[{"hash":"5a02ca99f5f2a17f4bea27ad9c07023f4cd5f192","isMergeCommit":false,"messageTitle":"Fix bug of lapping of owned and interested properties","messageBody":"","fileTypesAndContributionMap":{"functional-code":{"insertions":46,"deletions":34},"test-code":{"insertions":238,"deletions":63}}},{"hash":"b9f8e19d03c5ee5003b90e2446c68f93d7b8b91c","isMergeCommit":false,"messageTitle":"Add testcase for InterestedPropertyCommand","messageBody":"","fileTypesAndContributionMap":{"test-code":{"insertions":92,"deletions":10}}},{"hash":"1b82b832ca7746af2e0db4b17e028364339e6227","isMergeCommit":false,"messageTitle":"Add testcase for codecov","messageBody":"","fileTypesAndContributionMap":{"test-code":{"insertions":28,"deletions":0}}},{"hash":"032c9b0324758c062eba0b89e4d1e9e5d3b41c5c","isMergeCommit":false,"messageTitle":"Check json valid for person fields","messageBody":"","fileTypesAndContributionMap":{"functional-code":{"insertions":326,"deletions":95}}},{"hash":"bc3caca2bfcd529af32fd4a9d95bdf4e47f6c362","isMergeCommit":false,"messageTitle":"Pass checkstyleMain","messageBody":"","fileTypesAndContributionMap":{"functional-code":{"insertions":4,"deletions":6}}},{"hash":"ded25cd19aad9327cecdd0f4b5f72229ffd40d27","isMergeCommit":true,"messageTitle":"Merge branch \u0027master\u0027 into check-json","messageBody":"","fileTypesAndContributionMap":{}},{"hash":"306fb162ef37e75ff0f449866a9f5b908b9dfede","isMergeCommit":false,"messageTitle":"Merge upstream fix","messageBody":"","fileTypesAndContributionMap":{"functional-code":{"insertions":14,"deletions":0}}},{"hash":"a20b7a1ba0134dfc7be4e3f0f8334f2c889c90b6","isMergeCommit":true,"messageTitle":"Update diagrams and acknowledgements","messageBody":"Update diagrams and acknowledgements","fileTypesAndContributionMap":{}},{"hash":"77a42062edc2a6bd59c41b7807890b73a7615113","isMergeCommit":false,"messageTitle":"Add glossary in DG","messageBody":"","fileTypesAndContributionMap":{"docs":{"insertions":36,"deletions":5}}},{"hash":"66f61845de7c1ee74f88a2c58a24e8627ebfaf4d","isMergeCommit":true,"messageTitle":"Fix bug in setop","messageBody":"Fix bug in setop","fileTypesAndContributionMap":{}}]},{"date":"2025-10-31T00:00:00","commitResults":[{"hash":"548e637a73cb63c1bd28c039b80fd654c3eff1bb","isMergeCommit":false,"messageTitle":"Fix glossary link","messageBody":"","fileTypesAndContributionMap":{"docs":{"insertions":2,"deletions":1}}},{"hash":"a937b08087c3cac1cf502065775282b511444907","isMergeCommit":true,"messageTitle":"Fix glossary link","messageBody":"Fix glossary link","fileTypesAndContributionMap":{}}]}]},"authorFileTypeContributionMap":{"lohzq88":{"docs":123,"functional-code":289,"test-code":102},"weixianuni":{"docs":239,"functional-code":956,"test-code":1299,"other":5},"ebt-wu":{"docs":229,"functional-code":1108,"test-code":866},"josephkwok001":{"docs":417,"functional-code":737,"test-code":717},"MousseDm":{"docs":203,"functional-code":1732,"test-code":3452,"other":1}},"authorContributionVariance":{"lohzq88":11708.598,"weixianuni":71223.96,"ebt-wu":28327.096,"josephkwok001":244442.58,"MousseDm":615960.0},"authorDisplayNameMap":{"lohzq88":"CS2103T-W12-4 LOH .. QIN","weixianuni":"CS2103T-W12-4 TAN ..XIAN","ebt-wu":"CS2103T-W12-4 EDBE..BERT","josephkwok001":"CS2103T-W12-4 KWOK.. YAN","MousseDm":"CS2103T-W12-4 DA J..XUAN"}}
