{"authorDailyContributionsMap":{"mengshuos":[{"date":"2025-09-19T00:00:00","commitResults":[{"hash":"b5c03cd2810a2214ee6082e34bd470ca25f3f010","isMergeCommit":false,"messageTitle":"ci: Trigger build","messageBody":"","fileTypesAndContributionMap":{"docs":{"insertions":1,"deletions":1}}}]},{"date":"2025-10-01T00:00:00","commitResults":[{"hash":"657c5565611817ae75a2b57bf153d36c55c439fa","isMergeCommit":false,"messageTitle":"docs: Update AboutUs.md with Meng Shuo\u0027s information","messageBody":"","fileTypesAndContributionMap":{"docs":{"insertions":8,"deletions":8}}},{"hash":"35689bfc11493092eedc5deff2f85936338e2e3f","isMergeCommit":true,"messageTitle":"Merge branch \u0027master\u0027 into update-AboutUs","messageBody":"","fileTypesAndContributionMap":{}},{"hash":"a90fb0f2439ecea12a34a2643feefd9ebdf4c059","isMergeCommit":true,"messageTitle":"Merge pull request #25 from mengshuos/update-AboutUs","messageBody":"Update AboutUs.md with Meng Shuo\u0027s information","fileTypesAndContributionMap":{}}]},{"date":"2025-10-05T00:00:00","commitResults":[{"hash":"8b352f5a7dea8caefb0eb1ab246600eb71724707","isMergeCommit":true,"messageTitle":"Merge branch \u0027master\u0027 of github.com:AY2526S1-CS2103T-F14a-3/tp into update-AboutUs","messageBody":"","fileTypesAndContributionMap":{}},{"hash":"43bb7790f408b9a9ad1fe4fdbd295ddf00e633d3","isMergeCommit":false,"messageTitle":"docs: Update README.md with information on EduTrack","messageBody":"","fileTypesAndContributionMap":{"docs":{"insertions":8,"deletions":7}}}]},{"date":"2025-10-09T00:00:00","commitResults":[{"hash":"f8fc4a185f895c112f697267362c3ce25aa52f3b","isMergeCommit":true,"messageTitle":"Merge pull request #43 from arunblue3/dg/userstories","messageBody":"Update Use Cases","fileTypesAndContributionMap":{}},{"hash":"f4f63fd9b204bd6c1537af22bc1e0e4d545fc7e4","isMergeCommit":true,"messageTitle":"Merge pull request #42 from jsprdev/add-target-user-value-prop","messageBody":"Update DG with Target User Profile, Value Proposition","fileTypesAndContributionMap":{}}]},{"date":"2025-10-11T00:00:00","commitResults":[{"hash":"3e13cbbbc25dee736f9da7d43360525b47e8c063","isMergeCommit":false,"messageTitle":"refactor: Rename and refactor seedu.address to edutrack","messageBody":"","fileTypesAndContributionMap":{"other":{"insertions":772,"deletions":769},"docs":{"insertions":3,"deletions":3},"test-code":{"insertions":3,"deletions":3}}},{"hash":"446a85d71ea14939a12322dacf4380b96880ceef","isMergeCommit":false,"messageTitle":"refactor: Correct misnamed files and variables from previous refactor","messageBody":"","fileTypesAndContributionMap":{"functional-code":{"insertions":3,"deletions":6},"other":{"insertions":2,"deletions":2},"docs":{"insertions":3,"deletions":3},"test-code":{"insertions":1,"deletions":1}}}]},{"date":"2025-10-12T00:00:00","commitResults":[{"hash":"1528ddd1aca80919a1869d2c1798376216e48e21","isMergeCommit":false,"messageTitle":"style: Reorder imports to comply with CheckStyle","messageBody":"","fileTypesAndContributionMap":{"functional-code":{"insertions":44,"deletions":44},"test-code":{"insertions":56,"deletions":56}}},{"hash":"e4d9bce9f2bff61ad96353c68b0bc39ae8a9c6dc","isMergeCommit":true,"messageTitle":"Merge pull request #49 from cheezels/feat/robust_tags","messageBody":"Update tags contraints","fileTypesAndContributionMap":{}},{"hash":"2dd0d9ae5c4cb7c880d015b115f1edf6e0f77616","isMergeCommit":true,"messageTitle":"Merge branch \u0027master\u0027 of github.com:AY2526S1-CS2103T-F14a-3/tp into rename-Packages","messageBody":"","fileTypesAndContributionMap":{}}]},{"date":"2025-10-14T00:00:00","commitResults":[{"hash":"7bdbab92b144eaf6b96071dadaa1fcd294849f99","isMergeCommit":false,"messageTitle":"feat: Add description string for searching by groups to FindCommand","messageBody":"","fileTypesAndContributionMap":{"functional-code":{"insertions":5,"deletions":0}}},{"hash":"5157d94002de3ffc0444e81760898adaa0a0c986","isMergeCommit":false,"messageTitle":"feat: Add parsing logic to detect when searching for groups","messageBody":"","fileTypesAndContributionMap":{"functional-code":{"insertions":12,"deletions":2}}},{"hash":"49e614b3ecaa8b434b0621b2017a2150263fc45e","isMergeCommit":false,"messageTitle":"feat: Add predicate that checks for keywords in group name","messageBody":"","fileTypesAndContributionMap":{"functional-code":{"insertions":45,"deletions":0}}},{"hash":"2f43f71c6cd0aa2412d64aeb18a6e5ebbe54d70b","isMergeCommit":true,"messageTitle":"Merge pull request #64 from mengshuos/select-Groups","messageBody":"Add implementation for selecting groups","fileTypesAndContributionMap":{}},{"hash":"79f82e7d8a8760e8652b2f8c76f6d788e100c1ad","isMergeCommit":true,"messageTitle":"Merge branch \u0027master\u0027 into Groups","messageBody":"","fileTypesAndContributionMap":{}},{"hash":"e5675a53328cd64d3a73c66619d53e58f9b2b6e4","isMergeCommit":true,"messageTitle":"Merge branch \u0027master\u0027 of github.com:mengshuos/tp into rename-Packages","messageBody":"","fileTypesAndContributionMap":{}},{"hash":"725a6e401038d4f8b56548c9d02420c0d4081a24","isMergeCommit":true,"messageTitle":"Merge pull request #52 from mengshuos/rename-Packages","messageBody":"Rename packages to edutrack","fileTypesAndContributionMap":{}}]}],"arunblue3":[{"date":"2025-10-01T00:00:00","commitResults":[{"hash":"7f90bbbfd69a8c9154089ada8a95ff5c482cfc9d","isMergeCommit":true,"messageTitle":"Merge pull request #12 from mengshuos/add-photo","messageBody":"Add mengshuos\u0027 photo","fileTypesAndContributionMap":{}},{"hash":"5ba25f01d0fed087d7e487b11c81b087d7947ed4","isMergeCommit":false,"messageTitle":"Update AboutUs page","messageBody":"","fileTypesAndContributionMap":{"docs":{"insertions":3,"deletions":3}}},{"hash":"6f1bb77ea29a89dbd3d5a7ec6efc1b175dcf394e","isMergeCommit":false,"messageTitle":"Update ordering","messageBody":"","fileTypesAndContributionMap":{"docs":{"insertions":6,"deletions":6}}},{"hash":"4dd703d5e6fc2a8f893b9feebef29bde061379ea","isMergeCommit":true,"messageTitle":"Merge pull request #21 from arunblue3/update-aboutus","messageBody":"Update aboutus","fileTypesAndContributionMap":{}}]},{"date":"2025-10-05T00:00:00","commitResults":[{"hash":"2ddf23d7271943f93e3ec68eb6e6807f66521aeb","isMergeCommit":false,"messageTitle":"Update Use Cases","messageBody":"","fileTypesAndContributionMap":{"docs":{"insertions":118,"deletions":11}}}]},{"date":"2025-10-06T00:00:00","commitResults":[{"hash":"c53e9d58c0d8c7cc8f5b772a13359a0fc53cc426","isMergeCommit":true,"messageTitle":"Merge pull request #34 from cheezels/docs/update-site-settings","messageBody":"Update site-wide settings","fileTypesAndContributionMap":{}},{"hash":"eedf88ca3f9cf8017740908e96506b6a133a6046","isMergeCommit":true,"messageTitle":"Merge pull request #36 from trekkie3/A2-Build-Status-Badge","messageBody":"Add build status badge","fileTypesAndContributionMap":{}},{"hash":"2beb41c837703e25115467eef82c8272855d8fef","isMergeCommit":true,"messageTitle":"Merge pull request #37 from trekkie3/A3-Acknowledge-Source","messageBody":"Add acknowledgement of AB3 source","fileTypesAndContributionMap":{}},{"hash":"b93b9b89c9ccf376876a08ee62eca9f7e44db01d","isMergeCommit":true,"messageTitle":"Merge pull request #35 from cheezels/docs/add-nfr","messageBody":"Add non functional requirements to DG","fileTypesAndContributionMap":{}},{"hash":"74379e1db13733c78f627e960449f133cc801e26","isMergeCommit":true,"messageTitle":"Merge pull request #39 from mengshuos/update-AboutUs","messageBody":"Update Ui.png to contain a mockup of our intended final product","fileTypesAndContributionMap":{}},{"hash":"3b5e6576acb778c4ee436d78b98bdf825981c522","isMergeCommit":true,"messageTitle":"Merge branch \u0027master\u0027 into update-A4","messageBody":"","fileTypesAndContributionMap":{}},{"hash":"1a721ea2188fd09b2e6af028049e7f47a0d55424","isMergeCommit":true,"messageTitle":"Merge pull request #40 from mengshuos/update-A4","messageBody":"Update README.md with information on EduTrack","fileTypesAndContributionMap":{}}]},{"date":"2025-10-13T00:00:00","commitResults":[{"hash":"ef774cc1f9807ebebf3e13fe8197cc23fe4ad225","isMergeCommit":false,"messageTitle":"Add Group class and integrate group support in Person, AddCommand and EditCommand","messageBody":"","fileTypesAndContributionMap":{"functional-code":{"insertions":260,"deletions":21}}}]}],"cheezels":[{"date":"2025-10-01T00:00:00","commitResults":[{"hash":"d09479edad3b2cce905be0d187a3cb7aa3fb8339","isMergeCommit":false,"messageTitle":"docs: Update details in AboutUs.md","messageBody":"","fileTypesAndContributionMap":{"docs":{"insertions":4,"deletions":4}}},{"hash":"3367c6c6751be4f07287472a87fa5302e38ae66b","isMergeCommit":true,"messageTitle":"Merge pull request #23 from cheezels/branch-AboutUs","messageBody":"Update AboutUs with cheezels\u0027s info","fileTypesAndContributionMap":{}},{"hash":"44755c85bf087faa2845731b214a3ce83ab68e83","isMergeCommit":false,"messageTitle":"docs: Update project title in website","messageBody":"","fileTypesAndContributionMap":{"other":{"insertions":1,"deletions":1}}},{"hash":"28d78d2a3260d3acf87df110130d099f8eadeabc","isMergeCommit":false,"messageTitle":"docs: Add NFR to developer guide","messageBody":"","fileTypesAndContributionMap":{"docs":{"insertions":5,"deletions":2}}}]},{"date":"2025-10-09T00:00:00","commitResults":[{"hash":"711a46742032aa4ea1e05e884340d4656199e87f","isMergeCommit":true,"messageTitle":"Merge pull request #38 from trekkie3/Update-User-Stories","messageBody":"Update user stories","fileTypesAndContributionMap":{}}]},{"date":"2025-10-11T00:00:00","commitResults":[{"hash":"9952e6fe382d51e40cb50b7686b72831d3ff4603","isMergeCommit":false,"messageTitle":"feat: Update tags to allow more characters","messageBody":"Tags may include certain punctuation to allow for more robust tagging.\nTo update documentation and unit tests next.\n","fileTypesAndContributionMap":{"functional-code":{"insertions":2,"deletions":2}}},{"hash":"3dc66abf83b1a430fe2548769ca8bf295899c67e","isMergeCommit":false,"messageTitle":"feat: Update tags to be case insensitive","messageBody":"","fileTypesAndContributionMap":{"functional-code":{"insertions":2,"deletions":2}}},{"hash":"6de6f18de838cfecf9584767a96bf4294812c046","isMergeCommit":false,"messageTitle":"docs: Update user guide to reflect tag changes","messageBody":"","fileTypesAndContributionMap":{"docs":{"insertions":3,"deletions":1}}},{"hash":"ee3cccf0d4259063644ebd8673262d934b28b99a","isMergeCommit":false,"messageTitle":"test: Update tag test","messageBody":"","fileTypesAndContributionMap":{"test-code":{"insertions":30,"deletions":0}}},{"hash":"5eff96d0df7f103420ab638f45d15642d6028aff","isMergeCommit":false,"messageTitle":"style: Reorder import statements","messageBody":"","fileTypesAndContributionMap":{"test-code":{"insertions":1,"deletions":1}}},{"hash":"b67b3be8189baea7dcc62bf3542f187e437c4fac","isMergeCommit":false,"messageTitle":"style: Reorder import statements","messageBody":"","fileTypesAndContributionMap":{"test-code":{"insertions":1,"deletions":1}}}]},{"date":"2025-10-12T00:00:00","commitResults":[{"hash":"74a70affbeafbb8524cab44708bb8d12186cc057","isMergeCommit":true,"messageTitle":"Merge pull request #58 from jsprdev/make-phone-number-optional","messageBody":"Make PHONE_NUMBER parameter in add command optional","fileTypesAndContributionMap":{}}]},{"date":"2025-10-14T00:00:00","commitResults":[{"hash":"b3f49d9db030b423d5ff15b1f69718363848d33f","isMergeCommit":true,"messageTitle":"Merge pull request #63 from arunblue3/mvp/group","messageBody":"Add Group class and integrate group support in Person, AddCommand and…","fileTypesAndContributionMap":{}},{"hash":"61aaacbbb0fcc81cefa2364492f2f432e0b59b94","isMergeCommit":true,"messageTitle":"Merge pull request #62 from trekkie3/Groups","messageBody":"Add group to Person","fileTypesAndContributionMap":{}}]}],"jsprdev":[{"date":"2025-09-20T00:00:00","commitResults":[{"hash":"fe78c600c574068fe448bd1f4beaacae39b780f1","isMergeCommit":false,"messageTitle":"Update gradle.yml with correct Codecov config","messageBody":"","fileTypesAndContributionMap":{"other":{"insertions":1,"deletions":2}}}]},{"date":"2025-10-01T00:00:00","commitResults":[{"hash":"d728f7997bf3013a64958417f600f158d7ec57d2","isMergeCommit":false,"messageTitle":"Edit jsprdev details on AboutUs","messageBody":"","fileTypesAndContributionMap":{"docs":{"insertions":3,"deletions":3}}},{"hash":"2cf292b8300e7d196da3687a66cf34db1a41023f","isMergeCommit":true,"messageTitle":"Merge pull request #22 from jsprdev/edit-aboutus","messageBody":"","fileTypesAndContributionMap":{}}]},{"date":"2025-10-05T00:00:00","commitResults":[{"hash":"52440edcdea429a97311447c616cf7f81e703b3f","isMergeCommit":false,"messageTitle":"Update DG with Target User Profile, Value Proposition","messageBody":"","fileTypesAndContributionMap":{"docs":{"insertions":17,"deletions":10}}}]},{"date":"2025-10-06T00:00:00","commitResults":[{"hash":"574219a6d851d84648408bd13503adde2669f41b","isMergeCommit":false,"messageTitle":"Edit DG","messageBody":"","fileTypesAndContributionMap":{"docs":{"insertions":8,"deletions":8}}}]},{"date":"2025-10-12T00:00:00","commitResults":[{"hash":"f376b9620d9f0c213bc2ac8bcc741a909473c7db","isMergeCommit":false,"messageTitle":"Remove PHONE_NUMBER from required prefixes for add command","messageBody":"","fileTypesAndContributionMap":{"functional-code":{"insertions":1,"deletions":1}}},{"hash":"6ed28698148e3ae12560937c0b3a31599e2fc6a6","isMergeCommit":false,"messageTitle":"Refactor tests and relevant parser classes for PHONE_NUMBER parameter","messageBody":"Changing PHONE_NUMBER to become optional required changing of tests to handle empty phone numbers, and relaxing constraints in Phone.java.\n","fileTypesAndContributionMap":{"functional-code":{"insertions":3,"deletions":3},"test-code":{"insertions":5,"deletions":5}}},{"hash":"d17fd90e7d023a139d86c166bc4cb0f71c7adb43","isMergeCommit":false,"messageTitle":"Fix checkstyle in Phone.java","messageBody":"","fileTypesAndContributionMap":{"functional-code":{"insertions":1,"deletions":2}}},{"hash":"eceb4da9925df0f60d59a8aba5492ab746a7613f","isMergeCommit":false,"messageTitle":"Fix checkstyle","messageBody":"","fileTypesAndContributionMap":{"functional-code":{"insertions":1,"deletions":1}}},{"hash":"6d441e08abc60f071b399c282628ed2bc1491ee4","isMergeCommit":false,"messageTitle":"Add new test in PhoneTest for empty PHONE_NUMBER","messageBody":"","fileTypesAndContributionMap":{"test-code":{"insertions":1,"deletions":7}}},{"hash":"e377d7fe3a8ee76bb953079b67f9d4fd7cd6b29e","isMergeCommit":false,"messageTitle":"Fix PhoneTest.java","messageBody":"","fileTypesAndContributionMap":{"test-code":{"insertions":7,"deletions":5}}},{"hash":"41bb5e9a71159ac91c93c9248d2a5f898ba17cb4","isMergeCommit":false,"messageTitle":"Remove unused import in PhoneTest.java","messageBody":"","fileTypesAndContributionMap":{"test-code":{"insertions":0,"deletions":1}}},{"hash":"b36740c3105a798e3f0536cf123dd56116934d12","isMergeCommit":false,"messageTitle":"Fix Phone.java to handle null phone","messageBody":"","fileTypesAndContributionMap":{"functional-code":{"insertions":4,"deletions":2}}},{"hash":"55bae467ef2c5cf1a6450e3e97bb102d73175b5d","isMergeCommit":false,"messageTitle":"Fix Phone constructor to handle null","messageBody":"","fileTypesAndContributionMap":{"functional-code":{"insertions":2,"deletions":2}}},{"hash":"829c77dc242eeba0b5e9635f7950c38cda817e9e","isMergeCommit":false,"messageTitle":"Fix UI message showing add command usage","messageBody":"","fileTypesAndContributionMap":{"functional-code":{"insertions":1,"deletions":1}}}]}],"trekkie3":[{"date":"2025-09-20T00:00:00","commitResults":[{"hash":"5ab6aa342fa94218f56f27164669f76deff7037f","isMergeCommit":false,"messageTitle":"Add newline to end of README","messageBody":"","fileTypesAndContributionMap":{"docs":{"insertions":1,"deletions":1}}}]},{"date":"2025-10-01T00:00:00","commitResults":[{"hash":"3c02256be24239632096125bb048be94400ed914","isMergeCommit":true,"messageTitle":"Merge pull request #9 from arunblue3/chore/add-photo","messageBody":"Add arunblue3 photo","fileTypesAndContributionMap":{}},{"hash":"c39afb0232c7f10a5d9fe4156ae3ed4deec9afd5","isMergeCommit":false,"messageTitle":"Update AboutUs.md with trekkie3\u0027s info","messageBody":"","fileTypesAndContributionMap":{"docs":{"insertions":9,"deletions":11}}},{"hash":"d59768f765abb48316560d234d3426a5aa3bf439","isMergeCommit":true,"messageTitle":"Merge branch \u0027master\u0027 into Update-AboutUs","messageBody":"","fileTypesAndContributionMap":{}},{"hash":"56225d144a353647530f57ece80f894998cf5e41","isMergeCommit":true,"messageTitle":"Merge pull request #15 from trekkie3/Update-AboutUs","messageBody":"Update AboutUs.md with trekkie3\u0027s info","fileTypesAndContributionMap":{}}]},{"date":"2025-10-03T00:00:00","commitResults":[{"hash":"15d50e7a8c3fbc3bbf8d9d65c6ecefbd5d3e1faf","isMergeCommit":false,"messageTitle":"Add build status badge","messageBody":"","fileTypesAndContributionMap":{"docs":{"insertions":1,"deletions":1}}},{"hash":"27277b1d347c53b946edb2bd41b82e292c9c7c4e","isMergeCommit":false,"messageTitle":"Add acknowledgement of AB3 source","messageBody":"","fileTypesAndContributionMap":{"docs":{"insertions":4,"deletions":0}}},{"hash":"2d9ca89a2cc9fe9abe36df27a6b9b80aa58044c3","isMergeCommit":false,"messageTitle":"Update user stories","messageBody":"","fileTypesAndContributionMap":{"docs":{"insertions":32,"deletions":10}}}]},{"date":"2025-10-12T00:00:00","commitResults":[{"hash":"3a46bbfa3898088cd2a107578d78b61ed4a4833a","isMergeCommit":false,"messageTitle":"Add group to Person","messageBody":"","fileTypesAndContributionMap":{"functional-code":{"insertions":40,"deletions":13},"test-code":{"insertions":12,"deletions":1}}},{"hash":"f6d1e9bd980b499cf90ea604b0224494839a2b5d","isMergeCommit":false,"messageTitle":"Update add and edit commands","messageBody":"","fileTypesAndContributionMap":{"functional-code":{"insertions":18,"deletions":5}}},{"hash":"5c6a900f83afd132a7c0033eb1d3c64ef6c3c296","isMergeCommit":false,"messageTitle":"Fix tests","messageBody":"","fileTypesAndContributionMap":{"test-code":{"insertions":22,"deletions":11}}},{"hash":"52145d89e5c79db56657c9795deae9febb5a0a66","isMergeCommit":false,"messageTitle":"Fix code style","messageBody":"","fileTypesAndContributionMap":{"test-code":{"insertions":6,"deletions":3}}}]}]},"authorFileTypeContributionMap":{"mengshuos":{"docs":13,"functional-code":411,"test-code":437,"other":2},"arunblue3":{"docs":119,"functional-code":237,"test-code":0},"cheezels":{"docs":12,"functional-code":4,"test-code":30,"other":2},"jsprdev":{"docs":12,"functional-code":8,"test-code":12,"other":1},"trekkie3":{"docs":46,"functional-code":11,"test-code":37}},"authorContributionVariance":{"mengshuos":91823.734,"arunblue3":3418.4792,"cheezels":86.62871,"jsprdev":142.97633,"trekkie3":704.4277},"authorDisplayNameMap":{"mengshuos":"CS2103T-F14a-3 MENG..SHUO","arunblue3":"CS2103T-F14a-3 ARUN..UVAN","cheezels":"CS2103T-F14a-3 TAN .. HIN","jsprdev":"CS2103T-F14a-3 ANG ..SPER","trekkie3":"CS2103T-F14a-3 LIAO..EVIN"}}
