{"authorDailyContributionsMap":{"btjm123":[{"date":"2025-09-23T00:00:00","commitResults":[{"hash":"952dd992d9156eff6d1b0371d0187d51bfbbfa08","isMergeCommit":true,"messageTitle":"Merge pull request #1 from AY2526S1-CS2103T-F15A-3/switch-docs-to-markbind","messageBody":"Switch docs to markbind","fileTypesAndContributionMap":{}},{"hash":"8d5769a70496668652758fb908c689d2c83ec0fb","isMergeCommit":false,"messageTitle":"Personalize files to ContactHelper","messageBody":"","fileTypesAndContributionMap":{"docs":{"insertions":1,"deletions":1}}}]},{"date":"2025-10-02T00:00:00","commitResults":[{"hash":"e165bd9f9d70bd02fb57e781290b9d151077d790","isMergeCommit":false,"messageTitle":"Add about Benn","messageBody":"","fileTypesAndContributionMap":{"docs":{"insertions":5,"deletions":5}}},{"hash":"03efbc0cdc8748e1c5f94296f02e0594b2fa8bae","isMergeCommit":true,"messageTitle":"Merge pull request #23 from syemfai/about-us","messageBody":"Merge Faizal\u0027s About Us","fileTypesAndContributionMap":{}},{"hash":"bdc15ef5b19ad3669bbf510d33f3b9c17e608d76","isMergeCommit":true,"messageTitle":"Merge branch \u0027master\u0027 into branch-Benn-About","messageBody":"","fileTypesAndContributionMap":{}},{"hash":"057501dc375345eb7f9082f4fdd66f8644a46e67","isMergeCommit":true,"messageTitle":"Merge pull request #22 from btjm123/branch-Benn-About","messageBody":"Add about Benn","fileTypesAndContributionMap":{}}]},{"date":"2025-10-03T00:00:00","commitResults":[{"hash":"d56d662ca9e407ce71069c8eba3ec56af1a69dee","isMergeCommit":true,"messageTitle":"Merge pull request #27 from nty-dev/update_stuff","messageBody":"Updated documentation","fileTypesAndContributionMap":{}}]},{"date":"2025-10-09T00:00:00","commitResults":[{"hash":"9f552eb021c399a697cc166b5e5dbabcf2a27825","isMergeCommit":false,"messageTitle":"Add error message when user adds invalid tags","messageBody":"","fileTypesAndContributionMap":{"functional-code":{"insertions":21,"deletions":5}}},{"hash":"a594e253b589366ec81984fde2fe1829769d5242","isMergeCommit":false,"messageTitle":"Constrain tag types to fixed list","messageBody":"","fileTypesAndContributionMap":{"functional-code":{"insertions":105,"deletions":22}}},{"hash":"6ebef780ec2e72ddf273cd58cc5527049ea29fe4","isMergeCommit":false,"messageTitle":"Fix AddCommand tests","messageBody":"","fileTypesAndContributionMap":{"functional-code":{"insertions":5,"deletions":3},"test-code":{"insertions":7,"deletions":0}}},{"hash":"6b2b9898f033644fa72b13272b627c1b5aa7a806","isMergeCommit":false,"messageTitle":"Augment AddCommand tests","messageBody":"","fileTypesAndContributionMap":{"test-code":{"insertions":27,"deletions":0}}},{"hash":"26c80aded90d999df72523feb6489274c5d5ada7","isMergeCommit":false,"messageTitle":"Add tag validation to EditCommand","messageBody":"","fileTypesAndContributionMap":{"functional-code":{"insertions":7,"deletions":0},"test-code":{"insertions":9,"deletions":0}}},{"hash":"3c3de37e127e8db6046a5d32c96d7a2f3c1aa7af","isMergeCommit":false,"messageTitle":"Add tests for TagRegistry","messageBody":"","fileTypesAndContributionMap":{"test-code":{"insertions":98,"deletions":0}}},{"hash":"8eda6db18137b3da81c92756f73f33a5c09f0b75","isMergeCommit":false,"messageTitle":"Remove redundant white spaces","messageBody":"","fileTypesAndContributionMap":{"functional-code":{"insertions":1,"deletions":3}}},{"hash":"729143c1b2600b4226cbb859f03c481de32277ce","isMergeCommit":false,"messageTitle":"Fix checkstyle violations","messageBody":"","fileTypesAndContributionMap":{"functional-code":{"insertions":46,"deletions":14},"test-code":{"insertions":5,"deletions":2}}},{"hash":"11b717ad0f49b2fca2d86ae66e80e97a7d0946a5","isMergeCommit":true,"messageTitle":"Merge branch \u0027master\u0027 into branch-fixed-tags","messageBody":"","fileTypesAndContributionMap":{}},{"hash":"b69da059d92190c506e1b1596f5b8078c7438347","isMergeCommit":true,"messageTitle":"Merge pull request #33 from btjm123/branch-fixed-tags","messageBody":"Constrain tag labels to a fixed list","fileTypesAndContributionMap":{}}]},{"date":"2025-10-16T00:00:00","commitResults":[{"hash":"746b59f8b82ba8ad08cbf4893c8d3e3d36073c01","isMergeCommit":false,"messageTitle":"Add the command for adding tags","messageBody":"","fileTypesAndContributionMap":{"functional-code":{"insertions":144,"deletions":6}}},{"hash":"0620b4cbd040986ac8c3c298797b32dbada38103","isMergeCommit":false,"messageTitle":"Add unit tests for Add Tag Command","messageBody":"","fileTypesAndContributionMap":{"functional-code":{"insertions":38,"deletions":14},"test-code":{"insertions":241,"deletions":0}}},{"hash":"e262ff5120bc4134c5a1d369cd86db001d01c5bb","isMergeCommit":false,"messageTitle":"Remove checkstyle violations","messageBody":"","fileTypesAndContributionMap":{"test-code":{"insertions":0,"deletions":1}}},{"hash":"9931b74c721f677f0c565b3694726f7d396b9835","isMergeCommit":true,"messageTitle":"Merge pull request #47 from btjm123/branch-add-tag-command","messageBody":"Create a new command to add new tags","fileTypesAndContributionMap":{}}]},{"date":"2025-10-23T00:00:00","commitResults":[{"hash":"ac99fc942c22c0ac95d887b078c632af88bab48b","isMergeCommit":false,"messageTitle":"Add listtag command","messageBody":"","fileTypesAndContributionMap":{"functional-code":{"insertions":128,"deletions":0}}},{"hash":"5cb9294d44e2b096737c1a96a649a12a046f5b93","isMergeCommit":false,"messageTitle":"Augment UserGuide","messageBody":"","fileTypesAndContributionMap":{"docs":{"insertions":32,"deletions":0}}},{"hash":"cbe04fbaebc146b1b733514e0ae0a6e035e76f60","isMergeCommit":false,"messageTitle":"Add additional tips on UserGuide","messageBody":"","fileTypesAndContributionMap":{"docs":{"insertions":3,"deletions":0}}},{"hash":"c4cd484408162fcd101cd9ccb4a3fda04b375c85","isMergeCommit":false,"messageTitle":"Add unit tests for listtag command","messageBody":"","fileTypesAndContributionMap":{"test-code":{"insertions":138,"deletions":0}}},{"hash":"c8f32a85bc3212f430e312ac0bd754d8468d2e3c","isMergeCommit":false,"messageTitle":"Augment color to a softer tone","messageBody":"","fileTypesAndContributionMap":{"functional-code":{"insertions":2,"deletions":2}}},{"hash":"0ecf224d231a3d55e688404a35190db0cd9dc0bd","isMergeCommit":true,"messageTitle":"Merge pull request #69 from btjm123/branch-tagcolor","messageBody":"Augment color to a softer shade","fileTypesAndContributionMap":{}},{"hash":"a27c61c47e2c67fdef527c6d298941a8edc6751e","isMergeCommit":true,"messageTitle":"Merge pull request #67 from btjm123/branch-listtag-command","messageBody":"Add listtag command","fileTypesAndContributionMap":{}},{"hash":"ed5cc102709284b2dbdc07ab2d051d6514d7a49e","isMergeCommit":false,"messageTitle":"Enable assertions in build.gradle","messageBody":"","fileTypesAndContributionMap":{"other":{"insertions":4,"deletions":0}}},{"hash":"f3e74596dc1e3df8bfabb490e13caf31fa32dd40","isMergeCommit":true,"messageTitle":"Merge pull request #74 from btjm123/branch-enable-assertions","messageBody":"Enable assertions in build.gradle","tags":["v1.4"],"fileTypesAndContributionMap":{}},{"hash":"7e1b8a46b821e4b2c60d53762914eec0ce42b9cd","isMergeCommit":true,"messageTitle":"Merge pull request #76 from nty-dev/fix-userguide","messageBody":"Fix userguide","fileTypesAndContributionMap":{}},{"hash":"bef29454a9c48d03a8c8698cf072070c42f917ab","isMergeCommit":false,"messageTitle":"Remove invalid links and fix default layout","messageBody":"","fileTypesAndContributionMap":{"docs":{"insertions":57,"deletions":86}}},{"hash":"2a3bc678bc0c16fb9b32fb177ee90e0c3fcbfbba","isMergeCommit":true,"messageTitle":"Merge pull request #80 from btjm123/branch-fix-markbind","messageBody":"Fix website","fileTypesAndContributionMap":{}},{"hash":"448d4c136c48850930d6d689c62f5536a03cf39c","isMergeCommit":false,"messageTitle":"Fix title across the md files","messageBody":"","fileTypesAndContributionMap":{"docs":{"insertions":8,"deletions":8}}},{"hash":"656b310948e00d201df216c94785609e9ed81ec1","isMergeCommit":true,"messageTitle":"Merge pull request #82 from btjm123/branch-fix-title","messageBody":"Fix title across the md files","fileTypesAndContributionMap":{}},{"hash":"6f2bc6b64809f816f3d4c0aea947ee3005e234c3","isMergeCommit":false,"messageTitle":"Add UML logic for TagsRegistry","messageBody":"","fileTypesAndContributionMap":{"docs":{"insertions":53,"deletions":0}}},{"hash":"f8701fb9c62830cb464b0ec3f554e18cfdbec979","isMergeCommit":true,"messageTitle":"Merge pull request #84 from btjm123/branch-include-puml","messageBody":"Add UML logic for TagsRegistry","fileTypesAndContributionMap":{}},{"hash":"280238c889f56c439a41f2ed7e924e00ac63af4e","isMergeCommit":false,"messageTitle":"Update header","messageBody":"","fileTypesAndContributionMap":{"docs":{"insertions":1,"deletions":1}}},{"hash":"6c5f00734518f00018c614b78984d59c064b44eb","isMergeCommit":true,"messageTitle":"Merge pull request #86 from btjm123/branch-fix-header","messageBody":"Update header","fileTypesAndContributionMap":{}},{"hash":"610f80d6062c3f00310da15ad3924e0b460f2faa","isMergeCommit":false,"messageTitle":"Add screenshots to UG","messageBody":"","fileTypesAndContributionMap":{"docs":{"insertions":16,"deletions":0}}},{"hash":"8816ff7c3cd6e479e5f72fbabf37233d4b39e9fc","isMergeCommit":true,"messageTitle":"Merge pull request #88 from btjm123/branch-add-screenshots","messageBody":"Add screenshots to User Guide","fileTypesAndContributionMap":{}}]}],"vincent-wat04":[{"date":"2025-10-02T00:00:00","commitResults":[{"hash":"66841387a9a8dd1302b2f3df4fe4655ec84fe490","isMergeCommit":true,"messageTitle":"Merge pull request #9 from vincent-wat04/branch-QQPhoto","messageBody":"Add Qu Qiancheng\u0027s photo","fileTypesAndContributionMap":{}},{"hash":"7b69c55885c6b43ac9c57c7754495b7dff7fcbaa","isMergeCommit":false,"messageTitle":"Update AboutUs for Qu Qiancheng","messageBody":"","fileTypesAndContributionMap":{"docs":{"insertions":4,"deletions":4}}},{"hash":"5c837deda299ac31d18499628b1160f5d7e2778c","isMergeCommit":true,"messageTitle":"Merge branch \u0027master\u0027 into branch-UpdateAboutUs","messageBody":"","fileTypesAndContributionMap":{}},{"hash":"abc9725963aeb620eda77a0c1725916837a7f2b9","isMergeCommit":true,"messageTitle":"Merge pull request #15 from vincent-wat04/branch-UpdateAboutUs","messageBody":"Update AboutUs for Qu Qiancheng","fileTypesAndContributionMap":{}}]},{"date":"2025-10-09T00:00:00","commitResults":[{"hash":"c51450e5f49bfc215690342e048f27ea82bbe824","isMergeCommit":false,"messageTitle":"Add Company field and filter by company feature","messageBody":"- Add Company model class with validation\n- Update Person class to include company field\n- Update AddCommand to support optional company parameter (c/)\n- Update EditCommand to support editing company\n- Add FilterCompanyCommand to filter contacts by company\n- Add FilterCompanyCommandParser for parsing filter command\n- Update storage layer (JsonAdaptedPerson) to persist company\n- Update UI to display company information\n- Update all sample data with company examples\n- Update all related tests and test utilities\n- All 267 tests pass\n\nNew commands:\n- add ... c/COMPANY - add person with company\n- edit INDEX c/COMPANY - edit person\u0027s company\n- filtercompany COMPANY_NAME - filter by company\n","fileTypesAndContributionMap":{"functional-code":{"insertions":297,"deletions":21},"test-code":{"insertions":52,"deletions":12}}},{"hash":"08e11c39d40889c364b408ccba23bb9d4832c4bb","isMergeCommit":true,"messageTitle":"Merge branch \u0027master\u0027 into add-company-field","messageBody":"","fileTypesAndContributionMap":{}},{"hash":"0159d47218557cbc205e54e20edad3e6507f2e1b","isMergeCommit":false,"messageTitle":"Add comprehensive tests for Company field feature","messageBody":"","fileTypesAndContributionMap":{"test-code":{"insertions":326,"deletions":1}}},{"hash":"f756c63c8113b9ee381066a50474f9dcfb24bc41","isMergeCommit":false,"messageTitle":"Remove FilterCompanyCommand to reduce command count","messageBody":"- Remove FilterCompanyCommand and related parser\n- Remove CompanyContainsPredicate\n- Remove all related tests\n- Unregister command from AddressBookParser\n\nRationale:\n- Team prefers fewer commands\n- Company search will be integrated into find command in future PR\n- This PR focuses on adding Company field infrastructure only\n\nCore Company field functionality retained:\n- Company model class\n- Add/Edit command support for company (c/ prefix)\n- Storage and UI support\n- All tests pass (267 tests)\n","fileTypesAndContributionMap":{"functional-code":{"insertions":0,"deletions":138},"test-code":{"insertions":0,"deletions":204}}},{"hash":"4d592090d505875434551670f727b9f738289c33","isMergeCommit":true,"messageTitle":"Merge pull request #38 from vincent-wat04/add-company-field","messageBody":"Add company field to organize contacts by company","fileTypesAndContributionMap":{}}]},{"date":"2025-10-15T00:00:00","commitResults":[{"hash":"82285882c6e41bd4031f8e1b7cffb109a04648d9","isMergeCommit":false,"messageTitle":"Add support for company in find command","messageBody":"","fileTypesAndContributionMap":{"functional-code":{"insertions":44,"deletions":15},"test-code":{"insertions":56,"deletions":0}}},{"hash":"bcdc8a9f8e0a35ee3487fa204ffb954bde7e1bf7","isMergeCommit":false,"messageTitle":"Fix import order issue","messageBody":"","fileTypesAndContributionMap":{"test-code":{"insertions":1,"deletions":0}}},{"hash":"2d2adfcc8f693b02994653a2badc22ab8816b160","isMergeCommit":false,"messageTitle":"Fix redundant import issue","messageBody":"","fileTypesAndContributionMap":{"test-code":{"insertions":0,"deletions":1}}},{"hash":"70f47e8fbb748265de31a9ecf50d76fc7ec1b85b","isMergeCommit":true,"messageTitle":"Merge pull request #46 from vincent-wat04/find-company","messageBody":"Add support for company in find command","fileTypesAndContributionMap":{}}]},{"date":"2025-10-23T00:00:00","commitResults":[{"hash":"bb91c5c2a65f4b489fb2c2f797a8b3c27f724eca","isMergeCommit":false,"messageTitle":"feat: extend Meeting model with completion status and notes","messageBody":"- Add isCompleted boolean field (defaults to false)\n- Add notes String field with validation\n- Add defensive programming with assertions and validation\n- Update constructors to support new fields\n- Update equals(), hashCode(), and toString() methods\n- Maintain backward compatibility with default constructor\n\nThis enables tracking meeting completion status and storing\nmeeting notes for future mark command functionality.\n","fileTypesAndContributionMap":{"functional-code":{"insertions":49,"deletions":6}}},{"hash":"3a9895242a4fe0b7094c5050fddf5c8d798ae572","isMergeCommit":false,"messageTitle":"feat: add meeting history to Person model","messageBody":"- Replace NextMeeting field with List\u003cMeeting\u003e meetings field\n- Add methods to get next upcoming meeting, completed meetings, and upcoming meetings\n- Add backward compatibility constructor for NextMeeting\n- Update equals(), hashCode(), and toString() methods\n- Add defensive programming with assertions and null checks\n- Update PersonCard, EditCommand, and JsonAdaptedPerson for compatibility\n\nThis enables tracking meeting history for future mark command functionality\nwhile maintaining backward compatibility with existing NextMeeting usage.\n","fileTypesAndContributionMap":{"functional-code":{"insertions":95,"deletions":10},"other":{"insertions":24,"deletions":13}}},{"hash":"8d7871ca577d142f1709a204eff9ca604001d378","isMergeCommit":false,"messageTitle":"Update storage layer for meeting history","messageBody":"Create JsonAdaptedMeeting class and update JsonAdaptedPerson to handle meeting lists with backward compatibility.\n","fileTypesAndContributionMap":{"functional-code":{"insertions":162,"deletions":7}}},{"hash":"b0c48d8ffa1341a1d4a53300cb535bfcd12ea151","isMergeCommit":false,"messageTitle":"Add meeting history to Person model","messageBody":"Replace NextMeeting field with List\u003cMeeting\u003e and add methods to get upcoming and completed meetings.\n","fileTypesAndContributionMap":{"functional-code":{"insertions":95,"deletions":10},"other":{"insertions":24,"deletions":13}}},{"hash":"6208d7a6ef23eebf24a2c521b471480fd372641d","isMergeCommit":false,"messageTitle":"Extend Meeting model with completion status and notes","messageBody":"Add isCompleted boolean field and notes String field with validation and defensive programming.\n","fileTypesAndContributionMap":{"functional-code":{"insertions":49,"deletions":6}}},{"hash":"6d14f94c00210f001869888f9d11b94dc38b8c83","isMergeCommit":false,"messageTitle":"Correct the build.gradle settings","messageBody":"","fileTypesAndContributionMap":{"other":{"insertions":13,"deletions":24}}},{"hash":"6e700ef1b6eb0103a66a106fc46319b63b7f5cf9","isMergeCommit":false,"messageTitle":"Remove white trailing space","messageBody":"","fileTypesAndContributionMap":{"functional-code":{"insertions":0,"deletions":1}}},{"hash":"4aa1275bd5009ec821793ac7e040ec3727eaa753","isMergeCommit":false,"messageTitle":"Fix test compilation errors after Person model changes","messageBody":"Update test files to handle Optional\u003cMeeting\u003e return type from getNextMeeting() method.\n","fileTypesAndContributionMap":{"test-code":{"insertions":8,"deletions":4}}},{"hash":"cb2a0b58afc4acbae606b4cb97107cf0b8926782","isMergeCommit":false,"messageTitle":"Fix test compilation errors in storage branch","messageBody":"Update JsonAdaptedPersonTest constructor calls and fix test expectations for new Person model structure.\n","fileTypesAndContributionMap":{"test-code":{"insertions":19,"deletions":15}}},{"hash":"e63612228a457a44424c8e1195e5b16304a8e257","isMergeCommit":false,"messageTitle":"Remove white trailing space in PersonUtil.java and EditPersonDescriptorBuilder.java","messageBody":"","fileTypesAndContributionMap":{"test-code":{"insertions":2,"deletions":4}}},{"hash":"7588c317aeb288220ec592b0c9cabcfe9189308e","isMergeCommit":false,"messageTitle":"Fix long line issue","messageBody":"","fileTypesAndContributionMap":{"test-code":{"insertions":7,"deletions":3}}},{"hash":"60f63d3f17759920c27831cf2908d6394f0bafd0","isMergeCommit":false,"messageTitle":"Remove white trailing space","messageBody":"","fileTypesAndContributionMap":{"test-code":{"insertions":1,"deletions":1}}},{"hash":"b944e5e53df6afabbccc72e69c7c301e4c4ed781","isMergeCommit":false,"messageTitle":"Remove trailing whitespace","messageBody":"","fileTypesAndContributionMap":{"functional-code":{"insertions":10,"deletions":10},"other":{"insertions":13,"deletions":24},"test-code":{"insertions":2,"deletions":2}}},{"hash":"21c19393f93eb33d5a7c0361cdf8d280f81e4327","isMergeCommit":false,"messageTitle":"Remove checkstyle violations","messageBody":"","fileTypesAndContributionMap":{"functional-code":{"insertions":5,"deletions":2},"test-code":{"insertions":3,"deletions":1}}},{"hash":"b041cba57e385437ae243f05ca91027dd9095ddb","isMergeCommit":false,"messageTitle":"Add comprehensive tests for JsonAdaptedMeeting","messageBody":"Add unit tests covering all validation paths including null checks, invalid formats, and edge cases to ensure code coverage.\n","fileTypesAndContributionMap":{"test-code":{"insertions":202,"deletions":0}}},{"hash":"3896bf996e89b5bba024ae2f5f287b4864402b57","isMergeCommit":false,"messageTitle":"Fix checkstyle violations","messageBody":"Remove trailing whitespace and fix line length violations in test files.\n","fileTypesAndContributionMap":{"functional-code":{"insertions":6,"deletions":30},"test-code":{"insertions":13,"deletions":14}}},{"hash":"9aaca6540b23bbcfaa384289dbe69dbe28a5b891","isMergeCommit":true,"messageTitle":"Merge pull request #61 from vincent-wat04/feature/meeting-completion-status","messageBody":"Extend Meeting model with completion status and notes","fileTypesAndContributionMap":{}},{"hash":"cea01cbda18f0c29552ef83adfb658aee0e346e7","isMergeCommit":true,"messageTitle":"Merge pull request #62 from vincent-wat04/feature/person-meeting-history","messageBody":"Add meeting history to Person model","fileTypesAndContributionMap":{}},{"hash":"ab2b1e27b11d5ac807add0c83b3a01108831c2be","isMergeCommit":true,"messageTitle":"Merge branch \u0027master\u0027 into feature/storage-meeting-history","messageBody":"","fileTypesAndContributionMap":{}},{"hash":"c7106a934fd5bd9a8722481973eb64dfa4e89dda","isMergeCommit":false,"messageTitle":"Update UG","messageBody":"","fileTypesAndContributionMap":{"functional-code":{"insertions":135,"deletions":0},"docs":{"insertions":289,"deletions":66}}},{"hash":"725cb01aabfdc6bd33ad1857e38f0ded5129ce63","isMergeCommit":true,"messageTitle":"Merge pull request #77 from vincent-wat04/update-ug","messageBody":"Update UG","fileTypesAndContributionMap":{}},{"hash":"ef71453f1ad31a581adee009edfa394912044ccf","isMergeCommit":true,"messageTitle":"Merge pull request #63 from vincent-wat04/feature/storage-meeting-history","messageBody":"Update storage layer for meeting history","fileTypesAndContributionMap":{}}]},{"date":"2025-10-30T00:00:00","commitResults":[{"hash":"7170f99111f16cc6cb79b655b4b4427986361dfe","isMergeCommit":false,"messageTitle":"Fix inconsistency between allowed tag registry and sample utility data\u0027s tags","messageBody":"","fileTypesAndContributionMap":{"functional-code":{"insertions":5,"deletions":5}}},{"hash":"7aea354d9e8f77ba9fcf395c9c6fae4e5dd2e56a","isMergeCommit":false,"messageTitle":"Modify find by tags to be case insensitive","messageBody":"","fileTypesAndContributionMap":{"functional-code":{"insertions":10,"deletions":5}}},{"hash":"1495662ad9298a9d68de4538a3d46026c258b095","isMergeCommit":false,"messageTitle":"Add support for - and / in the contact names","messageBody":"","fileTypesAndContributionMap":{"functional-code":{"insertions":3,"deletions":2},"test-code":{"insertions":21,"deletions":0}}},{"hash":"850193213da4d6337117f9f4df0b5c1a9b9c552b","isMergeCommit":false,"messageTitle":"Add duplicate detection for case insensitive names","messageBody":"","fileTypesAndContributionMap":{"functional-code":{"insertions":11,"deletions":1},"test-code":{"insertions":18,"deletions":0}}},{"hash":"372587c5fc1709cbc389e4ce0b09f51c4b5265c3","isMergeCommit":false,"messageTitle":"Fix empty company display","messageBody":"","fileTypesAndContributionMap":{"functional-code":{"insertions":22,"deletions":2},"test-code":{"insertions":16,"deletions":21}}},{"hash":"fec54fbc690ceb76cb29f7037ec380b63903d076","isMergeCommit":true,"messageTitle":"Merge pull request #111 from vincent-wat04/fix/sample-tags-inconsistency","messageBody":"Fix inconsistency between allowed tag registry and sample data\u0027s tags","fileTypesAndContributionMap":{}},{"hash":"2c2ed4d8099ec388881dcb1005084a8a249b5c5c","isMergeCommit":true,"messageTitle":"Merge pull request #112 from vincent-wat04/fix/find-tag-case-insensitive","messageBody":"Modify find tag to be case insensitive","fileTypesAndContributionMap":{}},{"hash":"ba6bf8db8f0d82bf7710dfb1c0e7750828a2ac67","isMergeCommit":true,"messageTitle":"Merge pull request #113 from vincent-wat04/fix/name-allow-hyphen-slash","messageBody":"Add support for hyphen and slash in contact names","fileTypesAndContributionMap":{}},{"hash":"4d2253051ec0afa3aa7f02caa04218e5ab33569e","isMergeCommit":true,"messageTitle":"Merge pull request #114 from vincent-wat04/fix/duplicate-detection-name-warning","messageBody":"Add duplicate detection name warning","fileTypesAndContributionMap":{}},{"hash":"3af1ebe3ec4683855d9f472f1714c7d2de821dec","isMergeCommit":true,"messageTitle":"Merge pull request #115 from vincent-wat04/fix/ui-empty-company-row","messageBody":"Fix empty company row display","fileTypesAndContributionMap":{}}]}],"nty-dev":[{"date":"2025-10-02T00:00:00","commitResults":[{"hash":"c7f0b66fda7741403b80cd26c3c33625d579e311","isMergeCommit":true,"messageTitle":"Merge pull request #11 from btjm123/branch-Benn-Photo","messageBody":"Add Benn Tan\u0027s photo","fileTypesAndContributionMap":{}},{"hash":"ed1759a92e962ea21927e6e5b4e9d437a7abf39d","isMergeCommit":false,"messageTitle":"Edit about us","messageBody":"","fileTypesAndContributionMap":{"docs":{"insertions":5,"deletions":5}}},{"hash":"e963d3e8047d767b086efff747440e478775a1d1","isMergeCommit":true,"messageTitle":"Merge branch \u0027master\u0027 into tsayyong_aboutus","messageBody":"","fileTypesAndContributionMap":{}},{"hash":"d87a8461e3b095acb620332fed0e5b02f1084b99","isMergeCommit":true,"messageTitle":"Merge pull request #19 from nty-dev/tsayyong_aboutus","messageBody":"Resolves #18","fileTypesAndContributionMap":{}}]},{"date":"2025-10-03T00:00:00","commitResults":[{"hash":"83fcaf7bdbd4f2880c37e053afd57c43478fe754","isMergeCommit":false,"messageTitle":"Updated documentation","messageBody":"","fileTypesAndContributionMap":{"docs":{"insertions":154,"deletions":372}}},{"hash":"9fff5f56bd5cfdc66a7b62925e306a68fa2bba16","isMergeCommit":false,"messageTitle":"Remove trailing whitespace","messageBody":"","fileTypesAndContributionMap":{"docs":{"insertions":30,"deletions":29}}},{"hash":"03ae3d8a1c6e3d30e5b4608749e9497c75885589","isMergeCommit":false,"messageTitle":"Add EOF","messageBody":"","fileTypesAndContributionMap":{"docs":{"insertions":1,"deletions":1}}}]},{"date":"2025-10-09T00:00:00","commitResults":[{"hash":"5d2c49878d09f91a66ced74a0fd4a56032eb562f","isMergeCommit":false,"messageTitle":"Add tags to find command","messageBody":"","fileTypesAndContributionMap":{"functional-code":{"insertions":137,"deletions":34}}},{"hash":"308ee0729f09d9a86bf57285a1c6b4f6ae68991b","isMergeCommit":false,"messageTitle":"Add test for find command tags","messageBody":"","fileTypesAndContributionMap":{"functional-code":{"insertions":6,"deletions":0},"test-code":{"insertions":74,"deletions":10}}},{"hash":"fb54553b28cc0d59e4f60f828211aeb020de9185","isMergeCommit":false,"messageTitle":"Change from CRLF to LF","messageBody":"","fileTypesAndContributionMap":{"functional-code":{"insertions":52,"deletions":52}}},{"hash":"f9990b0857ea80d627a277e5146b447e2ee2020f","isMergeCommit":true,"messageTitle":"Merge pull request #32 from nty-dev/find-support-tags","messageBody":"Add tags to find command","fileTypesAndContributionMap":{}}]},{"date":"2025-10-16T00:00:00","commitResults":[{"hash":"22d50a3e3a1cc5f8b13ec15cc7866547534e19e2","isMergeCommit":false,"messageTitle":"Enforce tags for FindCommand","messageBody":"","fileTypesAndContributionMap":{"functional-code":{"insertions":58,"deletions":13}}},{"hash":"e24024b769b8099823aac64f3d3396ebe71fc6b6","isMergeCommit":false,"messageTitle":"Remove unnecessary import","messageBody":"","fileTypesAndContributionMap":{"functional-code":{"insertions":0,"deletions":1}}},{"hash":"ba98b2ea32399fd9cd7b8b731b61cc516dff3ca7","isMergeCommit":false,"messageTitle":"Update test to new ver","messageBody":"","fileTypesAndContributionMap":{"test-code":{"insertions":4,"deletions":2}}},{"hash":"7b94f8f9d990a44bc83967cd7d84cd8b40884c51","isMergeCommit":true,"messageTitle":"Merge pull request #49 from nty-dev/enforce-tags-for-find","messageBody":"Enforce tags for FindCommand","tags":["v1.3"],"fileTypesAndContributionMap":{}}]},{"date":"2025-10-22T00:00:00","commitResults":[{"hash":"0c753efb27719b577a2be3e55079f9aa965fe3ea","isMergeCommit":false,"messageTitle":"Fix find command bug","messageBody":"","fileTypesAndContributionMap":{"functional-code":{"insertions":3,"deletions":2}}},{"hash":"87157e21b4e6cd2f9154ac8f2de51ded268624da","isMergeCommit":false,"messageTitle":"Fix checkstyle","messageBody":"","fileTypesAndContributionMap":{"functional-code":{"insertions":2,"deletions":1}}},{"hash":"46e479bfae2b2ec6b3afd4f1bd409424d8c631ca","isMergeCommit":false,"messageTitle":"Update F1 help link","messageBody":"","fileTypesAndContributionMap":{"functional-code":{"insertions":1,"deletions":1}}},{"hash":"f7f1028c1ca23ed22c54a74150bb598dac5fd549","isMergeCommit":false,"messageTitle":"Fix checkstyle again","messageBody":"","fileTypesAndContributionMap":{"functional-code":{"insertions":1,"deletions":1}}}]},{"date":"2025-10-23T00:00:00","commitResults":[{"hash":"7d5189d027844ab5855f84ab620a167fb871398e","isMergeCommit":true,"messageTitle":"Merge pull request #56 from nty-dev/fix-find-command-bug","messageBody":"Fix find command bug","fileTypesAndContributionMap":{}},{"hash":"6d7593967012324d8097077b2c966c58498d40a2","isMergeCommit":true,"messageTitle":"Merge pull request #57 from nty-dev/f1-help-fix","messageBody":"Update F1 help link","fileTypesAndContributionMap":{}},{"hash":"014784e937c6e078f2503d45fb40fe172999b561","isMergeCommit":false,"messageTitle":"Fix userguide","messageBody":"","fileTypesAndContributionMap":{"docs":{"insertions":0,"deletions":6}}}]}],"syemfai":[{"date":"2025-10-02T00:00:00","commitResults":[{"hash":"c89276899f4e0ff34cef7e0af8c4905d9331ef96","isMergeCommit":false,"messageTitle":"about us","messageBody":"","fileTypesAndContributionMap":{"docs":{"insertions":5,"deletions":7}}},{"hash":"4f2ffce6c89a9c148fa060f72666ec67031d38ac","isMergeCommit":true,"messageTitle":"Merge branch \u0027master\u0027 into about-us","messageBody":"","fileTypesAndContributionMap":{}}]},{"date":"2025-10-23T00:00:00","commitResults":[{"hash":"fcbb3151328716d4a20b687be913b92be1517311","isMergeCommit":false,"messageTitle":"Add javadocs","messageBody":"","fileTypesAndContributionMap":{"functional-code":{"insertions":117,"deletions":13}}},{"hash":"a69cfcdf45758d6ec255ebe64cf1f4f2095dbd0c","isMergeCommit":false,"messageTitle":"Modify javadoc","messageBody":"","fileTypesAndContributionMap":{"functional-code":{"insertions":149,"deletions":22}}},{"hash":"0c73f8bc793dbc59b50adbf98bc8afb8e3497d35","isMergeCommit":false,"messageTitle":"Modify javadoc","messageBody":"","fileTypesAndContributionMap":{"functional-code":{"insertions":2,"deletions":2}}},{"hash":"03879f4da4f2a73bbe78704ee194cb96423dae66","isMergeCommit":false,"messageTitle":"Add javadocs modification","messageBody":"","fileTypesAndContributionMap":{"functional-code":{"insertions":1,"deletions":2}}},{"hash":"ba7c34f5f095cfc5e0b68172a9a2a556d212a287","isMergeCommit":false,"messageTitle":"Modify the modified javadoc modifier","messageBody":"","fileTypesAndContributionMap":{"functional-code":{"insertions":4,"deletions":6}}},{"hash":"bc5823ac6ea452c679d627f939d1a2299d69f5d8","isMergeCommit":false,"messageTitle":"Add newline at EOF","messageBody":"","fileTypesAndContributionMap":{"functional-code":{"insertions":1,"deletions":2}}},{"hash":"313f498451b3659f04a14c43cea5c804a9e51918","isMergeCommit":true,"messageTitle":"Merge pull request #71 from syemfai/task-add-javadoc","messageBody":"Add javadocs","fileTypesAndContributionMap":{}},{"hash":"285fccc5bb3eec8ac4c94c77f42496356e0c37a6","isMergeCommit":true,"messageTitle":"Merge pull request #72 from syemfai/task-modify-existing-javadoc","messageBody":"Task modify existing javadoc","fileTypesAndContributionMap":{}}]}],"zongmin-yu":[{"date":"2025-10-02T00:00:00","commitResults":[{"hash":"bddf24b3bd5074701ebdc8467e971d530820273a","isMergeCommit":false,"messageTitle":"Update AboutUs with Yu Zongmin\u0027s details","messageBody":"","fileTypesAndContributionMap":{"docs":{"insertions":6,"deletions":6}}},{"hash":"b4131a894daf7dfbd6d669275ae68500db645ff3","isMergeCommit":true,"messageTitle":"Resolve merge conflict in AboutUs","messageBody":"","fileTypesAndContributionMap":{}},{"hash":"a33a74b091e2d0f330ab4651c8b0ced055bc95c3","isMergeCommit":true,"messageTitle":"Merge pull request #13 from zongmin-yu/update-aboutus-zongmin","messageBody":"Update AboutUs with Yu Zongmin\u0027s details","fileTypesAndContributionMap":{}}]},{"date":"2025-10-09T00:00:00","commitResults":[{"hash":"6cec09f473fc305b143850267e74d589f3055568","isMergeCommit":false,"messageTitle":"Add NextMeeting field to Person class","messageBody":"- Add new NextMeeting class to store meeting information\n- Update Person class to include nextMeeting field\n- Update all Person constructors across codebase\n- Default value: \"No meeting scheduled\"\n\n🤖 Generated with [Claude Code](https://claude.com/claude-code)\n\nCo-Authored-By: Claude \u003cnoreply@anthropic.com\u003e\n","fileTypesAndContributionMap":{"functional-code":{"insertions":153,"deletions":12}}},{"hash":"54e8a4f51594156087a50d8551aaa5d5a83ee04a","isMergeCommit":false,"messageTitle":"Add optional next meeting field support","messageBody":"","fileTypesAndContributionMap":{"functional-code":{"insertions":121,"deletions":0},"test-code":{"insertions":201,"deletions":72}}},{"hash":"c76ef7e827413a3f4b9965feb183f5d9d77228e4","isMergeCommit":false,"messageTitle":"Fix import order and style for next meeting feature","messageBody":"","fileTypesAndContributionMap":{"functional-code":{"insertions":0,"deletions":120},"test-code":{"insertions":12,"deletions":27}}},{"hash":"6f8c5fa255d4d7794b24f854b92dd14303642f12","isMergeCommit":true,"messageTitle":"Merge pull request #41 from zongmin-yu/add-meeting-field","messageBody":"Add meeting field","fileTypesAndContributionMap":{}}]},{"date":"2025-10-12T00:00:00","commitResults":[{"hash":"a54604b6119ff5d6f361d3f005594eedd32bbe15","isMergeCommit":false,"messageTitle":"Add UI display and documentation for next meeting field","messageBody":"- Display next meeting in PersonCard UI\n- Update UserGuide with m/ prefix examples and usage\n- Add DeveloperGuide section explaining implementation flow\n- All manual tests passed successfully\n","fileTypesAndContributionMap":{"functional-code":{"insertions":4,"deletions":0},"docs":{"insertions":27,"deletions":7}}},{"hash":"6ad22f0e9614fab72e3373e85d984d2aa76fedb7","isMergeCommit":false,"messageTitle":"Add UI test for next meeting label","messageBody":"","fileTypesAndContributionMap":{"functional-code":{"insertions":10,"deletions":1},"other":{"insertions":3,"deletions":0},"test-code":{"insertions":45,"deletions":0}}},{"hash":"21dd42761d8a42546bab71143c703b3d5e14bad3","isMergeCommit":false,"messageTitle":"Remove failing UI test for CI compatibility","messageBody":"- Remove PersonCardTest that fails in headless CI environment\n- Remove testfx dependencies from build.gradle\n- Remove test-only method getNextMeetingLabelText from PersonCard\n- All 298 tests now pass successfully\n","fileTypesAndContributionMap":{"functional-code":{"insertions":0,"deletions":4},"other":{"insertions":0,"deletions":3},"test-code":{"insertions":0,"deletions":45}}},{"hash":"a00f5d946e8eb4a55881a121f0f7e34f096bc437","isMergeCommit":false,"messageTitle":"Add unit tests for PersonCard formatNextMeetingLabel","messageBody":"- Add 3 test cases covering different meeting scenarios\n- Improves test coverage for new UI formatting method\n- Tests do not require JavaFX initialization\n","fileTypesAndContributionMap":{"test-code":{"insertions":31,"deletions":0}}},{"hash":"4d9fa8d5e0bc1bac2d198b81329752c973a76af1","isMergeCommit":false,"messageTitle":"Simplify PersonCard tests to be platform-independent","messageBody":"- Remove JavaFX-dependent test that required JFXPanel\n- Add comprehensive test coverage for formatNextMeetingLabel method\n- Tests now run successfully on all platforms (Windows, Mac, Linux)\n","fileTypesAndContributionMap":{"test-code":{"insertions":8,"deletions":4}}},{"hash":"629fad3e64d5b57cfb48170382a417389901bae2","isMergeCommit":false,"messageTitle":"Refactor PersonCard for better testability and coverage","messageBody":"- Extract getNextMeetingText method to make logic testable\n- Add comprehensive tests for getNextMeetingText with Person objects\n- Improve test coverage by testing the full flow from Person to formatted text\n- All tests pass (304 tests total)\n","fileTypesAndContributionMap":{"functional-code":{"insertions":16,"deletions":1},"test-code":{"insertions":25,"deletions":0}}},{"hash":"cebea8e2490a06236b8955eee762b6928d2dd18c","isMergeCommit":false,"messageTitle":"Simplify PersonCard by inlining setText call","messageBody":"- Remove setNextMeetingText method to reduce uncovered code\n- Directly call getNextMeetingText in constructor\n- Maintain test coverage for all testable logic\n- Reduce total lines while keeping functionality intact\n","fileTypesAndContributionMap":{"functional-code":{"insertions":2,"deletions":6}}},{"hash":"cd3b1f8169a908923c16eb76cd028d8892aafc20","isMergeCommit":false,"messageTitle":"Add comprehensive JavaFX test for PersonCard next meeting display","messageBody":"- Initialize JavaFX toolkit in test setup using Platform.startup()\n- Add integration test that creates real PersonCard and verifies Label text\n- Test runs on JavaFX thread with proper synchronization using FutureTask\n- Verify next meeting text is correctly displayed in UI component\n- Achieve complete test coverage for next meeting feature\n","fileTypesAndContributionMap":{"functional-code":{"insertions":2,"deletions":0},"test-code":{"insertions":54,"deletions":0}}},{"hash":"39ae5a112ead6d22337d2828bfdfbf20bb8bb4dd","isMergeCommit":false,"messageTitle":"Remove JavaFX-dependent PersonCard UI test","messageBody":"","fileTypesAndContributionMap":{"test-code":{"insertions":0,"deletions":54}}},{"hash":"dabfdd7fa4a9f0d1b763e7b2025d855bc6708b5e","isMergeCommit":true,"messageTitle":"Merge pull request #44 from zongmin-yu/add-meeting-field","messageBody":" Add next meeting field to Person class","fileTypesAndContributionMap":{}}]},{"date":"2025-10-19T00:00:00","commitResults":[{"hash":"270bb947b1e837cc52fbe2ca4b7fa601c85f2222","isMergeCommit":false,"messageTitle":"feat: introduce MeetingTitle value object","messageBody":"","fileTypesAndContributionMap":{"functional-code":{"insertions":62,"deletions":0},"test-code":{"insertions":34,"deletions":0}}},{"hash":"8deeb6aaecc033f57182222f6279d90abdb566d5","isMergeCommit":false,"messageTitle":"feat: add minimal Meeting value object","messageBody":"","fileTypesAndContributionMap":{"functional-code":{"insertions":116,"deletions":0},"test-code":{"insertions":86,"deletions":1}}},{"hash":"d15511d255cb74a8d1da4c06a6aad6dc63269878","isMergeCommit":true,"messageTitle":"Merge pull request #55 from zongmin-yu/add-meeting-field","messageBody":"feat: add meeting model and persistence foundation","fileTypesAndContributionMap":{}}]},{"date":"2025-10-26T00:00:00","commitResults":[{"hash":"503240246a383562663a249ec95eaca9ab2bd5e2","isMergeCommit":false,"messageTitle":"refactor: remove structured meeting experiment","messageBody":"","fileTypesAndContributionMap":{"functional-code":{"insertions":11,"deletions":450},"test-code":{"insertions":8,"deletions":331}}},{"hash":"47a2b7edea77f1bb5c7cf4c772500a0c2c6d66f3","isMergeCommit":false,"messageTitle":"docs: clarify next meeting scope","messageBody":"","fileTypesAndContributionMap":{"docs":{"insertions":18,"deletions":82}}},{"hash":"41201652d9e615dd3066cacf6769e7722d668c87","isMergeCommit":true,"messageTitle":"Merge pull request #92 from zongmin-yu/docs-align-next-meeting","messageBody":"docs: clarify next-meeting scope for v1.5","fileTypesAndContributionMap":{}},{"hash":"0a32a446cb3dc511ec18fecd67f0b2da0b5bc438","isMergeCommit":true,"messageTitle":"Merge pull request #91 from zongmin-yu/add-meeting-field","messageBody":"refactor: remove structured meeting experiment","tags":["v1.4.1"],"fileTypesAndContributionMap":{}}]}]},"authorFileTypeContributionMap":{"btjm123":{"docs":146,"functional-code":429,"test-code":522,"other":4},"vincent-wat04":{"docs":202,"functional-code":230,"test-code":235},"nty-dev":{"docs":58,"functional-code":169,"test-code":78},"syemfai":{"docs":3,"functional-code":262,"test-code":0},"zongmin-yu":{"docs":36,"functional-code":176,"test-code":230}},"authorContributionVariance":{"btjm123":13979.674,"vincent-wat04":75632.84,"nty-dev":10893.013,"syemfai":2393.923,"zongmin-yu":33692.68},"authorDisplayNameMap":{"btjm123":"CS2103T-F15a-3 BENN..MING","vincent-wat04":"CS2103T-F15a-3 QU Q..HENG","nty-dev":"CS2103T-F15a-3 NEO ..YONG","syemfai":"CS2103T-F15a-3 SYED..RAFI","zongmin-yu":"CS2103T-F15a-3 YU Z..GMIN"}}
