{"authorDailyContributionsMap":{"isaacyclai":[{"date":"2025-09-23T00:00:00","commitResults":[{"hash":"4682827719ce4ad4d3769d8b877e37c756cc9360","isMergeCommit":false,"messageTitle":"Update README.md","messageBody":"","fileTypesAndContributionMap":{"docs":{"insertions":1,"deletions":1}}}]},{"date":"2025-10-02T00:00:00","commitResults":[{"hash":"5a466c51173ff3e693972a6a1e765f14154f6c43","isMergeCommit":false,"messageTitle":"Update AboutUs.md to add eyexactly","messageBody":"","fileTypesAndContributionMap":{"docs":{"insertions":5,"deletions":24}}}]},{"date":"2025-10-04T00:00:00","commitResults":[{"hash":"d7dbf3e4ee26dfdac5425b9f5e1b4ed5b929b730","isMergeCommit":false,"messageTitle":"Fix photo name","messageBody":"","fileTypesAndContributionMap":{"docs":{"insertions":2,"deletions":2}}},{"hash":"8b12ecc42a8823ad56e62ce92bb6c04d7b266ed8","isMergeCommit":true,"messageTitle":"Merge pull request #16 from isaacyclai/update-AboutUs","messageBody":"Fix photo name","fileTypesAndContributionMap":{}},{"hash":"e6ed524ba6c57edeecc133f6b88d5bc6f88b1b77","isMergeCommit":false,"messageTitle":"Fix github link in About Us","messageBody":"","fileTypesAndContributionMap":{"docs":{"insertions":1,"deletions":1}}},{"hash":"f22bf7a9e11d0a7a2b4f26851ee701d71c1e5248","isMergeCommit":true,"messageTitle":"Merge pull request #17 from isaacyclai/update-AboutUs","messageBody":"Fix github link in About Us","fileTypesAndContributionMap":{}}]},{"date":"2025-10-08T00:00:00","commitResults":[{"hash":"9a7a67f9965362709ccfb9ea1f732490c2b9966f","isMergeCommit":true,"messageTitle":"Merge pull request #20 from BoredFurry/branch-UpdateDeveloperGuide","messageBody":"Branch update developer guide","fileTypesAndContributionMap":{}},{"hash":"52206b70051288cf4f15872e5bc61bf1e3e56343","isMergeCommit":true,"messageTitle":"Merge pull request #22 from BoredFurry/branch-UpdateReadMe","messageBody":"Update README as per week 7 specifications","fileTypesAndContributionMap":{}},{"hash":"1f96dd9aacc5db00f87381f0f78c525e5573f2d9","isMergeCommit":true,"messageTitle":"Merge pull request #24 from Puntart/fix-tests-remark","messageBody":"Fix tests remark","fileTypesAndContributionMap":{}}]},{"date":"2025-10-09T00:00:00","commitResults":[{"hash":"c1f1fdf7494c3771165e182cbaf8efa876c3c986","isMergeCommit":false,"messageTitle":"Fix formatting errors in DG","messageBody":"","fileTypesAndContributionMap":{"docs":{"insertions":4,"deletions":4}}},{"hash":"eb084d62920d00f0944695202b789b14af67fe8f","isMergeCommit":false,"messageTitle":"Add match command class","messageBody":"","fileTypesAndContributionMap":{"functional-code":{"insertions":19,"deletions":0},"test-code":{"insertions":15,"deletions":0}}},{"hash":"9ab3c631d1af1c8c897582a15fdd1fd540ce4c86","isMergeCommit":true,"messageTitle":"Merge pull request #29 from isaacyclai/fixDgFormatting","messageBody":"Fix formatting errors in DG","fileTypesAndContributionMap":{}},{"hash":"654f35e1d817f053724479342c80ab5993877b36","isMergeCommit":true,"messageTitle":"Merge pull request #31 from isaacyclai/addMatchCommand","messageBody":"Add match command","fileTypesAndContributionMap":{}},{"hash":"5a583555a5cf996635a5226b9b2a0e8dfdc82fc0","isMergeCommit":false,"messageTitle":"Add parsing for match command","messageBody":"","fileTypesAndContributionMap":{"functional-code":{"insertions":104,"deletions":4}}},{"hash":"0753f6b3fa45e4bb0198b74bfd9852bce343c315","isMergeCommit":true,"messageTitle":"Merge pull request #32 from isaacyclai/addMatchCommand","messageBody":"Add parsing for match command","fileTypesAndContributionMap":{}}]},{"date":"2025-10-15T00:00:00","commitResults":[{"hash":"26bd2eb3b63cadf8bc1a4d80420c127dd2dd9c75","isMergeCommit":false,"messageTitle":"Add list attribute to keep track of a Mentor\u0027s Students","messageBody":"","fileTypesAndContributionMap":{"functional-code":{"insertions":30,"deletions":12}}}]},{"date":"2025-10-16T00:00:00","commitResults":[{"hash":"fb2063bce14c12a6ce7d55a1fe37ad9a1cfa790f","isMergeCommit":false,"messageTitle":"Refactor mentor-student relationship to prevent cyclic dependency","messageBody":"","fileTypesAndContributionMap":{"functional-code":{"insertions":12,"deletions":13}}},{"hash":"7bdc1d27635111e13a385a8a4aa7a64fd6206798","isMergeCommit":false,"messageTitle":"Add deletion compatibility for match","messageBody":"","fileTypesAndContributionMap":{"functional-code":{"insertions":10,"deletions":1}}},{"hash":"c832dc872162f819a0529600e3ac193a8db23fde","isMergeCommit":true,"messageTitle":"Merge pull request #37 from BoredFurry/branch-RefineRoles","messageBody":"Refine role implementation","fileTypesAndContributionMap":{}},{"hash":"b44721b7f100a3b9591b2f7f742bf7f5293846a3","isMergeCommit":false,"messageTitle":"Add matched mentor to UI","messageBody":"","fileTypesAndContributionMap":{"functional-code":{"insertions":13,"deletions":0}}},{"hash":"5f36eb71a2f698abb0ada5b413289e3d6bc2dd22","isMergeCommit":true,"messageTitle":"Merge remote-tracking branch \u0027refs/remotes/origin/addMatchCommand\u0027 into addMatchCommand Merge find commands back","messageBody":"","fileTypesAndContributionMap":{}},{"hash":"eb4550903d066bc913a2a205325900b74adab777","isMergeCommit":true,"messageTitle":"Merge pull request #46 from BoredFurry/branch-AddBackAddressPredicate","messageBody":"Fix CheckStyle Again","fileTypesAndContributionMap":{}},{"hash":"43c9bd609586ada81148505238ede8dcecb66289","isMergeCommit":false,"messageTitle":"Add storage compatibility for match","messageBody":"","fileTypesAndContributionMap":{"functional-code":{"insertions":48,"deletions":7}}},{"hash":"5ffe7783a78f3872a324cfa1359ae958707a4a1f","isMergeCommit":true,"messageTitle":"Merge pull request #47 from isaacyclai/addMatchCommand","messageBody":"Add UI display for a student\u0027s mentor","fileTypesAndContributionMap":{}},{"hash":"f0e7e31c2aefed3395174bb273b63875253293cc","isMergeCommit":false,"messageTitle":"Fix remark command for student","messageBody":"","fileTypesAndContributionMap":{"functional-code":{"insertions":58,"deletions":7}}},{"hash":"bfb1f55bcf0e4d748483f9c7dfb94055cc7d1616","isMergeCommit":true,"messageTitle":"Merge pull request #48 from isaacyclai/addMatchCommand","messageBody":"Fix remark command for student","tags":["v1.3"],"fileTypesAndContributionMap":{}},{"hash":"2f5bfd7c6d7c313ab63d9fddb94637883891813c","isMergeCommit":false,"messageTitle":"Update version number","messageBody":"","fileTypesAndContributionMap":{"functional-code":{"insertions":1,"deletions":1}}},{"hash":"5025338db6b50baaee75751b8e661e166f90dab1","isMergeCommit":true,"messageTitle":"Merge pull request #49 from isaacyclai/addMatchCommand","messageBody":"Update version number","fileTypesAndContributionMap":{}}]},{"date":"2025-10-20T00:00:00","commitResults":[{"hash":"9aa752210c565b0ba825f9eaecbbc2ffb64e0daf","isMergeCommit":false,"messageTitle":"Fix tests","messageBody":"","fileTypesAndContributionMap":{"test-code":{"insertions":130,"deletions":55}}},{"hash":"510e972be723466d7463450f94877f0ba7d3f9c5","isMergeCommit":false,"messageTitle":"Fix checkstyle violations","messageBody":"","fileTypesAndContributionMap":{"test-code":{"insertions":23,"deletions":17}}}]},{"date":"2025-10-21T00:00:00","commitResults":[{"hash":"f2fca281cdfa5b89e40ea3e7c5a1232ed49a26c1","isMergeCommit":false,"messageTitle":"Add unmatch command","messageBody":"","fileTypesAndContributionMap":{"functional-code":{"insertions":130,"deletions":0}}},{"hash":"b550ab7ed4eb48f5b48fdd0e9fd78801a17c61ab","isMergeCommit":false,"messageTitle":"Add remark marker to person card","messageBody":"","fileTypesAndContributionMap":{"functional-code":{"insertions":1,"deletions":1}}}]},{"date":"2025-10-23T00:00:00","commitResults":[{"hash":"0606b6bfae462b04a606fa9896ca6528f9dd735f","isMergeCommit":true,"messageTitle":"Merge pull request #58 from BoredFurry/branch-AddUnmatchedPersonsCommand","messageBody":"Add unmatched persons command","fileTypesAndContributionMap":{}},{"hash":"630907c4fb363c30adb980644aab1c7cfffe857a","isMergeCommit":true,"messageTitle":"Merge pull request #59 from Puntart/add-uml-puntart","messageBody":"Add ModelClassDiagram","fileTypesAndContributionMap":{}},{"hash":"66cc764f44adfa7ab8338eec1ca31c23f06ca526","isMergeCommit":false,"messageTitle":"Fix findbyaddress to match substrings instead of keywords","messageBody":"","fileTypesAndContributionMap":{"functional-code":{"insertions":11,"deletions":19},"test-code":{"insertions":22,"deletions":53}}},{"hash":"a70c0a2763ea366d403a2250994646ef20c4fd08","isMergeCommit":false,"messageTitle":"Fix findbycentre to match by substring instead of keywords","messageBody":"","fileTypesAndContributionMap":{"functional-code":{"insertions":10,"deletions":20}}},{"hash":"681230148e593047b0e70ec853fce933bdfcf9ae","isMergeCommit":false,"messageTitle":"Fix typo","messageBody":"","fileTypesAndContributionMap":{"functional-code":{"insertions":1,"deletions":1}}},{"hash":"73793d2c1285cd835759f773d3bd02c8a8d74ec5","isMergeCommit":false,"messageTitle":"Enable assertions in gradle","messageBody":"","fileTypesAndContributionMap":{"other":{"insertions":4,"deletions":0}}},{"hash":"8649854aa09a46af53ec7c7d4a9f103097af9539","isMergeCommit":false,"messageTitle":"Fix checkstyle","messageBody":"","fileTypesAndContributionMap":{"other":{"insertions":1,"deletions":1}}},{"hash":"2ed59021d0c9a91c72ce7861c8fe03a55132a7b2","isMergeCommit":false,"messageTitle":"Reattach \"Remark: \" heading","messageBody":"","fileTypesAndContributionMap":{"functional-code":{"insertions":1,"deletions":1}}},{"hash":"99e51eb6175a6a6555bf7cbe900213e5be2e44f9","isMergeCommit":true,"messageTitle":"Merge pull request #60 from Puntart/add-showstudent-command","messageBody":"Add showstudent command","fileTypesAndContributionMap":{}},{"hash":"d5d9bab39ab403f1da2c4ca56bae8d17ca6bab7d","isMergeCommit":false,"messageTitle":"Edit model class diagram","messageBody":"","fileTypesAndContributionMap":{"functional-code":{"insertions":11,"deletions":7}}},{"hash":"dcd30b7688fa163704dcbf0be8b85c2a1eade739","isMergeCommit":false,"messageTitle":"Fix typo","messageBody":"","fileTypesAndContributionMap":{"functional-code":{"insertions":1,"deletions":1}}}]},{"date":"2025-10-28T00:00:00","commitResults":[{"hash":"64f7a78d272046f7d1244cd60d7e5117a6647cfe","isMergeCommit":true,"messageTitle":"Merge pull request #66 from BoredFurry/branch-ListUnmatchedByCentre","messageBody":"Update listunmatched to filter by centre as well","fileTypesAndContributionMap":{}},{"hash":"92a53a4d81ddc407958a7d7411f4e6efbe7a907b","isMergeCommit":true,"messageTitle":"Merge pull request #68 from BoredFurry/branch-PlantUMLBoredFurry","messageBody":"Add sequence diagram for FindByAddress","fileTypesAndContributionMap":{}},{"hash":"6c40ddc484ff6790bafc6c839a418912d4d8f384","isMergeCommit":false,"messageTitle":"Add tests for match and unmatch","messageBody":"","fileTypesAndContributionMap":{"functional-code":{"insertions":0,"deletions":3},"test-code":{"insertions":187,"deletions":2}}},{"hash":"7b082cb891e3ec817197a362ae40dfddba1ce6ef","isMergeCommit":false,"messageTitle":"Modify match to only allow matching between mentors and students in the same centre","messageBody":"","fileTypesAndContributionMap":{"functional-code":{"insertions":9,"deletions":3},"test-code":{"insertions":57,"deletions":0}}},{"hash":"45d3f1931890da813f3c3e55d6c9cb8faca7a01f","isMergeCommit":false,"messageTitle":"Fix checkstyle","messageBody":"","fileTypesAndContributionMap":{"test-code":{"insertions":0,"deletions":4}}},{"hash":"d81ae4ffcadc5d015e2a659fb82e58e979a2bedf","isMergeCommit":false,"messageTitle":"Retain mentor when editing student","messageBody":"","fileTypesAndContributionMap":{"functional-code":{"insertions":6,"deletions":1}}},{"hash":"b4d0ad50d76e9ddeb286770d20a533e781bc05ec","isMergeCommit":false,"messageTitle":"Unmatch after editing centre","messageBody":"","fileTypesAndContributionMap":{"functional-code":{"insertions":11,"deletions":1},"test-code":{"insertions":9,"deletions":0}}},{"hash":"089d0d37f45a270524943d90ef8bcf09c17aa749","isMergeCommit":false,"messageTitle":"Fix checkstyle","messageBody":"","fileTypesAndContributionMap":{"functional-code":{"insertions":0,"deletions":2}}}]},{"date":"2025-10-29T00:00:00","commitResults":[{"hash":"6e0165f8fbcce2368aa6001c2f44f976bc8c1bdb","isMergeCommit":false,"messageTitle":"Update UG for existing commands and match","messageBody":"","fileTypesAndContributionMap":{"docs":{"insertions":49,"deletions":14}}},{"hash":"3993c9a1d418f0be7c607f19f205887bd850c4f1","isMergeCommit":false,"messageTitle":"Make UG consistent with role names","messageBody":"","fileTypesAndContributionMap":{"docs":{"insertions":12,"deletions":4}}},{"hash":"58395b911c18b7b5fa6e532a783c59d78d51ab9e","isMergeCommit":false,"messageTitle":"Separate conditions into boolean variables","messageBody":"","fileTypesAndContributionMap":{"functional-code":{"insertions":6,"deletions":3}}},{"hash":"8cd01bf1e253601587b91e893a1482a78a1d53ff","isMergeCommit":false,"messageTitle":"Add some known issues to UG","messageBody":"","fileTypesAndContributionMap":{"docs":{"insertions":2,"deletions":0}}},{"hash":"97bf5472d1329070418b93137aff890fd138a059","isMergeCommit":true,"messageTitle":"Merge pull request #82 from BoredFurry/branch-FixRoleInputToMatchExample","messageBody":"Update parser to match example","fileTypesAndContributionMap":{}},{"hash":"1febd0c135c05c439315817910be3513bdb44c5b","isMergeCommit":false,"messageTitle":"Fix unmatching when deleting or editing a mentor","messageBody":"","fileTypesAndContributionMap":{"functional-code":{"insertions":5,"deletions":2}}},{"hash":"5716e816348486be66e1f0a2b0700452f969905d","isMergeCommit":true,"messageTitle":"Merge pull request #89 from Puntart/fix-help-command","messageBody":"Fix help command","fileTypesAndContributionMap":{}},{"hash":"3863b4585b802443a0811ee845e6a0a74c3b2e1f","isMergeCommit":true,"messageTitle":"Merge pull request #90 from Puntart/fix-blankspaces-gui","messageBody":"Fix blank spaces in the gui","fileTypesAndContributionMap":{}},{"hash":"f6c5e5aa1af5ee8a10bda029f877a7330921e5fb","isMergeCommit":false,"messageTitle":"Check if student and mentor are already matched before matching","messageBody":"","fileTypesAndContributionMap":{"functional-code":{"insertions":5,"deletions":0}}},{"hash":"c3e390bf69c7ac42e54fe5c62b14341416ef2296","isMergeCommit":false,"messageTitle":"Fix tests","messageBody":"","fileTypesAndContributionMap":{"test-code":{"insertions":0,"deletions":2}}},{"hash":"b57d890fe8549f121e19b0ea61898e83109c61c0","isMergeCommit":false,"messageTitle":"Fix typos","messageBody":"","fileTypesAndContributionMap":{"docs":{"insertions":4,"deletions":4}}},{"hash":"af8cfd89f1cae0385c512ce01998c49cdac11c0e","isMergeCommit":false,"messageTitle":"Fix typos again","messageBody":"","fileTypesAndContributionMap":{"docs":{"insertions":1,"deletions":1}}},{"hash":"b4371f32fc086144389bd0fa86bb0365acbd85b4","isMergeCommit":false,"messageTitle":"Fix some code quality issues","messageBody":"","fileTypesAndContributionMap":{"functional-code":{"insertions":17,"deletions":12}}}]},{"date":"2025-10-30T00:00:00","commitResults":[{"hash":"35a09eb366b0f340f79e2867e1944e78c7fe7cb7","isMergeCommit":true,"messageTitle":"Merge pull request #103 from BoredFurry/branch-AddUserStoriesForFeatures","messageBody":"Add more user stories to the DG","fileTypesAndContributionMap":{}},{"hash":"5c3fed51069e589455f1742c6537089e39ac05d1","isMergeCommit":false,"messageTitle":"Fix typo in readme","messageBody":"","fileTypesAndContributionMap":{"docs":{"insertions":1,"deletions":1}}},{"hash":"267aeee5fdcf4b056835b37d8cbd23ce3ef974c4","isMergeCommit":false,"messageTitle":"Fix typos in UG","messageBody":"","fileTypesAndContributionMap":{"docs":{"insertions":47,"deletions":46}}},{"hash":"6357d32c9eafdcf541d77ed6b70cd711ae7471f1","isMergeCommit":false,"messageTitle":"Update screenshots in UG","messageBody":"","fileTypesAndContributionMap":{"docs":{"insertions":4,"deletions":3}}},{"hash":"7a8b89882221622b6805a19baa55b7fa6665a53b","isMergeCommit":false,"messageTitle":"Prevent matching between persons with centres unassigned","messageBody":"","fileTypesAndContributionMap":{"functional-code":{"insertions":20,"deletions":14},"test-code":{"insertions":3,"deletions":2}}},{"hash":"4e4d8edbefcc33200e73f54affdb900b48660ad3","isMergeCommit":false,"messageTitle":"Fix checkstyle","messageBody":"","fileTypesAndContributionMap":{"functional-code":{"insertions":2,"deletions":2}}},{"hash":"4830a11ac02dc1bc799a59e6d5dfbda9a6ec65f3","isMergeCommit":false,"messageTitle":"Fix index","messageBody":"","fileTypesAndContributionMap":{"docs":{"insertions":4,"deletions":4}}},{"hash":"b4c184e073eec1ab99dca8d922954dd31044fc0f","isMergeCommit":false,"messageTitle":"Add docs in DG for match","messageBody":"","fileTypesAndContributionMap":{"docs":{"insertions":61,"deletions":74}}},{"hash":"d618709ec97ac64656713bf272f64b1eaee6c38e","isMergeCommit":false,"messageTitle":"Fix some errors in DG","messageBody":"","fileTypesAndContributionMap":{"docs":{"insertions":13,"deletions":25}}},{"hash":"5bd583abd00088608a584b52c2d040d4d66c5397","isMergeCommit":false,"messageTitle":"Add planned enhancements","messageBody":"","fileTypesAndContributionMap":{"docs":{"insertions":5,"deletions":0}}},{"hash":"c301f308982240196b1ba1b46b1ed3d65309a664","isMergeCommit":true,"messageTitle":"Merge remote-tracking branch \u0027refs/remotes/origin/final-edits-branch\u0027 into final-edits-branch","messageBody":"","fileTypesAndContributionMap":{}},{"hash":"2a79d9200dab30d1da825d7795ca656571f2b76b","isMergeCommit":false,"messageTitle":"Add planned enhancements to DG","messageBody":"","fileTypesAndContributionMap":{"docs":{"insertions":1,"deletions":3}}},{"hash":"e2cb8184f396e6d6f12a5aba4bf672e7eb535f66","isMergeCommit":false,"messageTitle":"Fix CI","messageBody":"","fileTypesAndContributionMap":{"docs":{"insertions":5,"deletions":4}}},{"hash":"bc1228f9f0949330ef8decef94f5a781dcc507c4","isMergeCommit":false,"messageTitle":"Add manual testing instructions to DG","messageBody":"","fileTypesAndContributionMap":{"docs":{"insertions":64,"deletions":9}}},{"hash":"daaea9f84653f876c92cd096df98998ff2cc0a37","isMergeCommit":false,"messageTitle":"Fix cosmetic issues with UG and DG","messageBody":"","fileTypesAndContributionMap":{"docs":{"insertions":9,"deletions":2}}},{"hash":"ca136fd6ac56e10598c012bc4deae502d6d9c02b","isMergeCommit":false,"messageTitle":"Fix project name on index","messageBody":"","fileTypesAndContributionMap":{"docs":{"insertions":1,"deletions":1}}},{"hash":"69992e405d60b0a3e556f3c44716b3125a3035f2","isMergeCommit":true,"messageTitle":"Merge pull request #117 from BoredFurry/branch-FixDefaultList","messageBody":"Add default mentor student list","tags":["v1.5"],"fileTypesAndContributionMap":{}}]}],"BoredFurry":[{"date":"2025-10-02T00:00:00","commitResults":[{"hash":"d3e60c5b11898f733082752b42ccc2c3c1923c8a","isMergeCommit":true,"messageTitle":"Merge pull request #4 from BoredFurry/branch-AddPhotoBoredFurry","messageBody":"add photo for BoredFurry","fileTypesAndContributionMap":{}},{"hash":"715cde9456efa4fe0a79533c301b3bb2e3ffa89f","isMergeCommit":false,"messageTitle":"update about us page for BoredFurry","messageBody":"","fileTypesAndContributionMap":{"docs":{"insertions":5,"deletions":24}}},{"hash":"de007bba4cb4a7e579fd6fa0ba55ea1c8e1b5359","isMergeCommit":true,"messageTitle":"Merge pull request #13 from isaacyclai/update-AboutUs","messageBody":"","fileTypesAndContributionMap":{}},{"hash":"a96fe0a92df1d2c7b42cfa7684912c9d42e5700c","isMergeCommit":true,"messageTitle":"Merge pull request #12 from BoredFurry/branch-UpdateAboutUsBoredFurry","messageBody":"","fileTypesAndContributionMap":{}},{"hash":"62dc7d125483542f44a498f367aab5efbf32400e","isMergeCommit":true,"messageTitle":"Merge branch \u0027master\u0027 into update-aboutus-puntart","messageBody":"","fileTypesAndContributionMap":{}},{"hash":"83be70f538cedb8c8296bce675fa8fd18027a323","isMergeCommit":false,"messageTitle":"fix image link for BoredFurry","messageBody":"","fileTypesAndContributionMap":{"docs":{"insertions":1,"deletions":1}}},{"hash":"5e81c75d0dc883889c022df65cc84f042a6128df","isMergeCommit":true,"messageTitle":"Merge pull request #10 from Puntart/update-aboutus-puntart","messageBody":"","fileTypesAndContributionMap":{}},{"hash":"3a4b56cb5d2c99c951297b3da8b077ed42130ac2","isMergeCommit":true,"messageTitle":"Merge pull request #14 from BoredFurry/branch-FixLineForImageLinkBoredFurry","messageBody":"","fileTypesAndContributionMap":{}}]},{"date":"2025-10-05T00:00:00","commitResults":[{"hash":"2a5e58e6a47bfd29167b03ac5aed2a998d040bab","isMergeCommit":false,"messageTitle":"Add user stories to the DG","messageBody":"","fileTypesAndContributionMap":{"docs":{"insertions":23,"deletions":8}}}]},{"date":"2025-10-06T00:00:00","commitResults":[{"hash":"d5e18b1bcec89572eb748ec368bde1e1d997d723","isMergeCommit":false,"messageTitle":"Update the DG with use cases, glossary and NFR","messageBody":"","fileTypesAndContributionMap":{"docs":{"insertions":145,"deletions":21}}},{"hash":"03522ac670eaef922b4aaf4496be57de4ad010c1","isMergeCommit":false,"messageTitle":"Add more NFRs","messageBody":"","fileTypesAndContributionMap":{"docs":{"insertions":7,"deletions":2}}},{"hash":"1b0a0a5912a271fd0c46a099d5f649ce2ccc941a","isMergeCommit":false,"messageTitle":"Update README as per week 7 specifications","messageBody":"","fileTypesAndContributionMap":{"docs":{"insertions":9,"deletions":9}}},{"hash":"b22235ac213497558f9b1e5e584175daa8bc56e3","isMergeCommit":false,"messageTitle":"Update _config.yml","messageBody":"","fileTypesAndContributionMap":{"other":{"insertions":2,"deletions":2}}}]},{"date":"2025-10-09T00:00:00","commitResults":[{"hash":"eb4fbd60f84fc9f48648606e064dd3645377f3af","isMergeCommit":false,"messageTitle":"Add FindByLocCommand","messageBody":"","fileTypesAndContributionMap":{"functional-code":{"insertions":139,"deletions":3},"other":{"insertions":32,"deletions":31},"test-code":{"insertions":233,"deletions":6}}},{"hash":"158d174388740eba5203388790161ae60c7aaeca","isMergeCommit":false,"messageTitle":"Fix stylechecker","messageBody":"","fileTypesAndContributionMap":{"test-code":{"insertions":1,"deletions":1}}},{"hash":"bd0cd192e69cfabeb8c473a94ca28d6b4367e02a","isMergeCommit":false,"messageTitle":"Fix style","messageBody":"","fileTypesAndContributionMap":{"functional-code":{"insertions":58,"deletions":11}}},{"hash":"f9353e5cd089d0a2591d17dd02950766870969a2","isMergeCommit":false,"messageTitle":"Reorder Imports","messageBody":"","fileTypesAndContributionMap":{"functional-code":{"insertions":2,"deletions":2}}},{"hash":"6d2495765d78be4fa24492374fce9b66419a8f5c","isMergeCommit":false,"messageTitle":"Fix style for tests","messageBody":"","fileTypesAndContributionMap":{"test-code":{"insertions":16,"deletions":17}}},{"hash":"949bbd4df540b113f5ddcdb0efd48684cb68ca7c","isMergeCommit":false,"messageTitle":"Fix style for tests","messageBody":"","fileTypesAndContributionMap":{"test-code":{"insertions":8,"deletions":8}}},{"hash":"e4dc612119d6886834fd3ea13f4250a6285b36d7","isMergeCommit":false,"messageTitle":"Update tests to pass","messageBody":"","fileTypesAndContributionMap":{"functional-code":{"insertions":3,"deletions":3},"test-code":{"insertions":8,"deletions":7}}},{"hash":"5793075ecbb67f92a7bc118867dd253bca73531e","isMergeCommit":false,"messageTitle":"Remove unused import","messageBody":"","fileTypesAndContributionMap":{"functional-code":{"insertions":0,"deletions":1}}},{"hash":"0ac77f675061fc50e9fd1d675af1dbd36c4606e2","isMergeCommit":true,"messageTitle":"Merge pull request #27 from BoredFurry/branch-SearchByLocation","messageBody":"","fileTypesAndContributionMap":{}}]},{"date":"2025-10-14T00:00:00","commitResults":[{"hash":"4389e9c2642afa70d74f55b6fe87ce6436226958","isMergeCommit":false,"messageTitle":"Remove Role Attribute","messageBody":"","fileTypesAndContributionMap":{"functional-code":{"insertions":3,"deletions":11}}},{"hash":"d42414d7bf775a57111d58d90ab6ed00b5750e35","isMergeCommit":false,"messageTitle":"Remove role from storage classes","messageBody":"","fileTypesAndContributionMap":{"functional-code":{"insertions":3,"deletions":14}}},{"hash":"db657293013119c0bc182af75af7d6e57f58603e","isMergeCommit":false,"messageTitle":"Use Subclasses to implement roles","messageBody":"","fileTypesAndContributionMap":{"functional-code":{"insertions":90,"deletions":18}}}]},{"date":"2025-10-15T00:00:00","commitResults":[{"hash":"0d422b547655158ce194bf7d5b716049d82fd308","isMergeCommit":true,"messageTitle":"Merge pull request #35 from BoredFurry/branch-RemoveRoleAttribute","messageBody":"","fileTypesAndContributionMap":{}},{"hash":"dcd81912f32341b644b83089aac390e35efbbc55","isMergeCommit":false,"messageTitle":"Decouple and delete Role Class","messageBody":"","fileTypesAndContributionMap":{"functional-code":{"insertions":45,"deletions":90},"test-code":{"insertions":32,"deletions":10}}},{"hash":"66c8cc6fb49693f744496eff603088b7bd19fb4a","isMergeCommit":false,"messageTitle":"Update Person class and subclass to implement Roleable","messageBody":"","fileTypesAndContributionMap":{"functional-code":{"insertions":13,"deletions":3},"test-code":{"insertions":1,"deletions":1}}}]},{"date":"2025-10-16T00:00:00","commitResults":[{"hash":"e07f03d7330d122967155c416e20e6b5f1ae0b44","isMergeCommit":true,"messageTitle":"Merge branch \u0027master\u0027 into addMatchCommand","messageBody":"","fileTypesAndContributionMap":{}},{"hash":"67544b26df211c058e2b53d6ceb947fe7517d237","isMergeCommit":true,"messageTitle":"Merge pull request #38 from isaacyclai/addMatchCommand","messageBody":"","fileTypesAndContributionMap":{}},{"hash":"f25f38141a66c43d41f6a9ec6e66fef90d232369","isMergeCommit":false,"messageTitle":"Refactor FindByLocCommandTest","messageBody":"","fileTypesAndContributionMap":{"other":{"insertions":1,"deletions":0}}}]},{"date":"2025-10-22T00:00:00","commitResults":[{"hash":"793c2c3362581722a4ab3b7dc38d32906b63e188","isMergeCommit":false,"messageTitle":"Add ListUnmatch scaffolding","messageBody":"","fileTypesAndContributionMap":{"functional-code":{"insertions":78,"deletions":0}}},{"hash":"4872d3121f49c7089420b34ee9c6d93d489cdf4a","isMergeCommit":false,"messageTitle":"Update functionality of listunmatched","messageBody":"","fileTypesAndContributionMap":{"functional-code":{"insertions":52,"deletions":35}}}]},{"date":"2025-10-23T00:00:00","commitResults":[{"hash":"392ea0bfd6fa71e04f6af82c7cf3257013a1bde0","isMergeCommit":false,"messageTitle":"Update MentorHasStudent Predicate to take List\u003cPerson\u003e","messageBody":"","fileTypesAndContributionMap":{"functional-code":{"insertions":25,"deletions":22}}},{"hash":"62535586059c1d57cc5a1c47625223ab228dff26","isMergeCommit":true,"messageTitle":"Merge pull request #56 from isaacyclai/addUnmatchCommand","messageBody":"LGTM. This PR will add unmatch command.","fileTypesAndContributionMap":{}},{"hash":"aec80eb9476b293dd504114c2dfb0731a471f88c","isMergeCommit":true,"messageTitle":"Merge pull request #57 from isaacyclai/fixRemarkUi","messageBody":"LGTM. This PR will add remark header to person card","fileTypesAndContributionMap":{}},{"hash":"35568078b5e3a209a44000b94a6127b6e02cd9f1","isMergeCommit":true,"messageTitle":"Merge branch \u0027master\u0027 into branch-AddUnmatchedPersonsCommand","messageBody":"","fileTypesAndContributionMap":{}},{"hash":"734191317dfb5258cfce2ef50463348b201e5430","isMergeCommit":false,"messageTitle":"Fix Style","messageBody":"","fileTypesAndContributionMap":{"functional-code":{"insertions":0,"deletions":6}}},{"hash":"d8d487aae987acebe98c6ddb5f52899568cd6efa","isMergeCommit":false,"messageTitle":"Fix style again","messageBody":"","fileTypesAndContributionMap":{"functional-code":{"insertions":1,"deletions":1}}},{"hash":"646274e47cf37df3b17d5084c2c97a1e69a4f8a0","isMergeCommit":false,"messageTitle":"Add JavaDoc","messageBody":"","fileTypesAndContributionMap":{"functional-code":{"insertions":12,"deletions":2}}},{"hash":"f4d0e945ec73ebedd2cc08b5b0f902f06722a786","isMergeCommit":false,"messageTitle":"Add JavaDoc for constructor for MentorHasStudentPredicate","messageBody":"","fileTypesAndContributionMap":{"functional-code":{"insertions":8,"deletions":0}}},{"hash":"d01e732d0d8e4e6be16e91ae5013f1ecf99a7cda","isMergeCommit":true,"messageTitle":"Merge pull request #61 from isaacyclai/fixSearchCommands","messageBody":"Fix find commands to match substrings instead of keywords","fileTypesAndContributionMap":{}},{"hash":"d8600b345bddf56f6896439189b80665bb06020c","isMergeCommit":false,"messageTitle":"Fixed StudentHasMentorPredicate","messageBody":"","fileTypesAndContributionMap":{"functional-code":{"insertions":30,"deletions":36}}},{"hash":"01a8a6cc1e6d0dcd8262cafd962ba3b2f0b5c433","isMergeCommit":false,"messageTitle":"Fix import order","messageBody":"","fileTypesAndContributionMap":{"functional-code":{"insertions":2,"deletions":3}}},{"hash":"e8a34e03553f0b73f0852c1eac9218d07a169445","isMergeCommit":false,"messageTitle":"Fix imports again","messageBody":"","fileTypesAndContributionMap":{"functional-code":{"insertions":2,"deletions":2}}}]},{"date":"2025-10-27T00:00:00","commitResults":[{"hash":"845a78ac982706d09177e8aa382a125776bbd1fa","isMergeCommit":false,"messageTitle":"Update listunmatched to filter by centre as well","messageBody":"","fileTypesAndContributionMap":{"functional-code":{"insertions":45,"deletions":5},"other":{"insertions":10,"deletions":3}}}]},{"date":"2025-10-28T00:00:00","commitResults":[{"hash":"462dc48d69c6353d8f2d1a1e130c56c4b4298fa7","isMergeCommit":false,"messageTitle":"Remove unused import","messageBody":"","fileTypesAndContributionMap":{"functional-code":{"insertions":0,"deletions":1}}},{"hash":"19c795d7f43b06fcbc0c6d91549b90479421acba","isMergeCommit":false,"messageTitle":"Add sequence diagram for FindByAddress","messageBody":"","fileTypesAndContributionMap":{"functional-code":{"insertions":2,"deletions":2},"docs":{"insertions":85,"deletions":0}}},{"hash":"da44dd74b7a53af538b1db932793fdda9bfbd006","isMergeCommit":false,"messageTitle":"Add image to folder","messageBody":"","fileTypesAndContributionMap":{"docs":{"insertions":6,"deletions":7}}},{"hash":"0c7166d087bd6381fc8a4ee048fcfa07868be259","isMergeCommit":true,"messageTitle":"Merge pull request #73 from isaacyclai/match-command-tests","messageBody":"Add tests for match and unmatch","fileTypesAndContributionMap":{}}]},{"date":"2025-10-29T00:00:00","commitResults":[{"hash":"47eaaa74fca8fbc1fc2ad10c7bc7ff50b6ac9cca","isMergeCommit":true,"messageTitle":"Merge pull request #75 from isaacyclai/match-within-centre","messageBody":"Modify match to only allow matching between mentors and students in the same centre","fileTypesAndContributionMap":{}},{"hash":"bcce42100e8f42bf1bf784248e02cc812b21b7ad","isMergeCommit":false,"messageTitle":"Update parser to match example","messageBody":"","fileTypesAndContributionMap":{"functional-code":{"insertions":5,"deletions":5}}},{"hash":"84c6fe10edf9b02e741d5336143a7e5125d67be1","isMergeCommit":false,"messageTitle":"Update find by role to match new fields for role","messageBody":"","fileTypesAndContributionMap":{"functional-code":{"insertions":1,"deletions":1}}},{"hash":"dbcfa21e8e59fd3562dba93239b9fe2e6990c997","isMergeCommit":false,"messageTitle":"Fix roles for json and tests","messageBody":"","fileTypesAndContributionMap":{"test-code":{"insertions":8,"deletions":8}}},{"hash":"6354b5cc32cc714368cf0f6a4c44b1f932fce754","isMergeCommit":false,"messageTitle":"Fix tests to pass CI","messageBody":"","fileTypesAndContributionMap":{"test-code":{"insertions":43,"deletions":15}}},{"hash":"d67a979e8159bc68ca9a847623e3677334dd56c3","isMergeCommit":false,"messageTitle":"Update Defualt Mentor to be non-null","messageBody":"","fileTypesAndContributionMap":{"test-code":{"insertions":7,"deletions":2}}},{"hash":"cb55586d6e4804017397419d92f034b6b2535898","isMergeCommit":false,"messageTitle":"Update Javadoc Comments","messageBody":"","fileTypesAndContributionMap":{"test-code":{"insertions":9,"deletions":0}}},{"hash":"420eed0e96bf4d8083c7bfaa2105ea04d7457cc3","isMergeCommit":false,"messageTitle":"Fix PersonTest to account for mentor","messageBody":"","fileTypesAndContributionMap":{"test-code":{"insertions":5,"deletions":3}}},{"hash":"cd778168f532a825db0c22719bf62bb2c2028456","isMergeCommit":false,"messageTitle":"Update Error message for role","messageBody":"","fileTypesAndContributionMap":{"functional-code":{"insertions":1,"deletions":1}}},{"hash":"f0e7a169791aa4efbb958a0811c316cfff7218f0","isMergeCommit":false,"messageTitle":"Update valid roles list","messageBody":"","fileTypesAndContributionMap":{"functional-code":{"insertions":1,"deletions":1}}},{"hash":"4ca1a7ea125c76eb599a4136cc07bd87bbe07a7b","isMergeCommit":false,"messageTitle":"Update FindByRole to take new mentor","messageBody":"","fileTypesAndContributionMap":{"functional-code":{"insertions":3,"deletions":3}}},{"hash":"009af190e2040c9114136a118c69bba74c3b3510","isMergeCommit":false,"messageTitle":"Remove toUppercase function in findbyrole","messageBody":"","fileTypesAndContributionMap":{"functional-code":{"insertions":1,"deletions":1}}},{"hash":"bf3b08bbe8eaf73f4b11b08a0b851f21df836718","isMergeCommit":true,"messageTitle":"Merge pull request #78 from isaacyclai/unmatch-when-change-centre","messageBody":"Unmatch after editing mentor/student\u0027s centre","fileTypesAndContributionMap":{}},{"hash":"5f46e16dbd1e2766a3cb0506b57ad1e309935d9b","isMergeCommit":true,"messageTitle":"Merge pull request #88 from isaacyclai/unmatch-when-delete","messageBody":"Fix unmatching when deleting or editing a mentor","fileTypesAndContributionMap":{}},{"hash":"765d601bdcec4b60e7d8be5cc4ff03ae845dcc91","isMergeCommit":false,"messageTitle":"Update GUI to white with blue","messageBody":"","fileTypesAndContributionMap":{"functional-code":{"insertions":347,"deletions":11}}},{"hash":"facf29c65bc2f36327d186f0cda9143b162a7c9d","isMergeCommit":false,"messageTitle":"Fix style","messageBody":"","fileTypesAndContributionMap":{"functional-code":{"insertions":2,"deletions":2}}}]},{"date":"2025-10-30T00:00:00","commitResults":[{"hash":"6a0762c0fb4a61040d13ea201977907609ac2d7d","isMergeCommit":true,"messageTitle":"Merge pull request #92 from isaacyclai/match-command-tests","messageBody":"Check if student and mentor are already matched before matching","fileTypesAndContributionMap":{}},{"hash":"80c2c77f4068bcd2400a77b16bb0c88131f1d642","isMergeCommit":true,"messageTitle":"Merge pull request #81 from isaacyclai/update-UG-DG","messageBody":"Update UG for existing commands and match","fileTypesAndContributionMap":{}},{"hash":"0e7202f210e1940ec74c383f4b3d41371d695036","isMergeCommit":true,"messageTitle":"Merge pull request #95 from BoredFurry/branch-EditGUI","messageBody":"Update GUI","fileTypesAndContributionMap":{}},{"hash":"2b4e3d458e8637da55925cb407872cff49ccd1e5","isMergeCommit":false,"messageTitle":"Update logo and app name","messageBody":"","fileTypesAndContributionMap":{"functional-code":{"insertions":3,"deletions":3}}},{"hash":"941590dbaff4d97125d1b94ad716bf536855d632","isMergeCommit":true,"messageTitle":"Merge pull request #98 from BoredFurry/branch-FixPersonInListNotShowing","messageBody":"Add default profile photo","fileTypesAndContributionMap":{}},{"hash":"222ec81723667f69f929dbb99b3f06e3d3be7ecb","isMergeCommit":true,"messageTitle":"Merge pull request #97 from Puntart/fix-editrole-invalid","messageBody":"Fix invalid message for edit","fileTypesAndContributionMap":{}},{"hash":"0a5fa5994fb28d1321e5d43e09dc1b928505394b","isMergeCommit":false,"messageTitle":"Fix images to match new GUI","messageBody":"","fileTypesAndContributionMap":{"docs":{"insertions":5,"deletions":5}}},{"hash":"7222cc97453af41eedfd2624ada5695a5973d34d","isMergeCommit":true,"messageTitle":"Merge pull request #101 from BoredFurry/branch-UpdateDGAndUGWithNewGUI","messageBody":"Update DG/UG after GUI refresh","fileTypesAndContributionMap":{}},{"hash":"b1a68c626ee54c28604a078cd4f949c86120a1ac","isMergeCommit":true,"messageTitle":"Merge pull request #94 from Puntart/fix-invalid-match-unmatch","messageBody":"Fix invalid match unmatch","fileTypesAndContributionMap":{}},{"hash":"1eb86dc7040ae5fdbf28e92e8dc693641dfe1484","isMergeCommit":false,"messageTitle":"Add more user stories to the DG","messageBody":"","fileTypesAndContributionMap":{"docs":{"insertions":12,"deletions":4}}},{"hash":"0f417254e78d4eef7aab9cdeb579b97c69ba62eb","isMergeCommit":false,"messageTitle":"Fix picture embedding","messageBody":"","fileTypesAndContributionMap":{"docs":{"insertions":4,"deletions":4}}},{"hash":"7dbb6b329602511382707d39a0508511993af6d3","isMergeCommit":true,"messageTitle":"Merge pull request #104 from BoredFurry/branch-FixUGPhotoNotShowing","messageBody":"Fix picture embedding","fileTypesAndContributionMap":{}},{"hash":"fc09567d922c6859b6ada1edbcdc29fea5532092","isMergeCommit":false,"messageTitle":"Fix listunmatch to keep previous filtering","messageBody":"","fileTypesAndContributionMap":{"functional-code":{"insertions":48,"deletions":12},"docs":{"insertions":19,"deletions":0}}},{"hash":"5e6599ed50a266803cd3a3e78388feb517b85933","isMergeCommit":true,"messageTitle":"Merge branch \u0027master\u0027 into branch-AddUserStoriesForFeatures","messageBody":"","fileTypesAndContributionMap":{}},{"hash":"1e2b8e5a38093d4c5b1edee7e02afb29f8ecb30e","isMergeCommit":false,"messageTitle":"Remove trailing white space","messageBody":"","fileTypesAndContributionMap":{"docs":{"insertions":1,"deletions":1}}},{"hash":"6a1870f78f87baa9c9f5b66ddc20b3161b2481af","isMergeCommit":true,"messageTitle":"Merge branch \u0027branch-AddUserStoriesForFeatures\u0027 of https://github.com/BoredFurry/tp into branch-AddUserStoriesForFeatures","messageBody":"","fileTypesAndContributionMap":{}},{"hash":"1b075cb15f0c7583584073e5a54f42d17c27392d","isMergeCommit":false,"messageTitle":"Add new line to EOF","messageBody":"","fileTypesAndContributionMap":{"docs":{"insertions":1,"deletions":1}}},{"hash":"28aac901a47b3b2409573890e853c3705763dad1","isMergeCommit":false,"messageTitle":"Fix style","messageBody":"","fileTypesAndContributionMap":{"functional-code":{"insertions":3,"deletions":7}}},{"hash":"3c8f221c14edeabdcb7fd969c684424cc352ea54","isMergeCommit":false,"messageTitle":"Fix style again","messageBody":"","fileTypesAndContributionMap":{"functional-code":{"insertions":1,"deletions":1}}},{"hash":"c243562f4e523e7d25f119a7d73525132b25188a","isMergeCommit":false,"messageTitle":"Add descriptions to UG and images for better description","messageBody":"","fileTypesAndContributionMap":{"docs":{"insertions":15,"deletions":13}}},{"hash":"0798b76a4471a9639fcc0e004baa268f3ffc30c6","isMergeCommit":true,"messageTitle":"Merge branch \u0027master\u0027 into complete-commands-ug","messageBody":"","fileTypesAndContributionMap":{}},{"hash":"9c83574cd50f509d0c3afd25230533d2e6f5dc3f","isMergeCommit":true,"messageTitle":"Merge pull request #110 from Puntart/complete-commands-ug","messageBody":"Complete commands ug","fileTypesAndContributionMap":{}},{"hash":"f75510a647d26790f3e2a3ae4373513445c60fba","isMergeCommit":true,"messageTitle":"Merge pull request #112 from isaacyclai/fix-match-unassigned","messageBody":"Prevent matching between persons with centres unassigned","fileTypesAndContributionMap":{}},{"hash":"82c717d9280441c684945bc16d1ef0fe793a0d27","isMergeCommit":true,"messageTitle":"Merge branch \u0027master\u0027 into final-edits-branch","messageBody":"","fileTypesAndContributionMap":{}},{"hash":"741239209bfd0ff60f7240d1d70c1f5fb1203cc3","isMergeCommit":true,"messageTitle":"Merge pull request #116 from isaacyclai/final-edits-branch","messageBody":"Fix project name on index","fileTypesAndContributionMap":{}},{"hash":"47a00a6080370e0a8efee5d9cf46c5b95c30fc77","isMergeCommit":false,"messageTitle":"Add default mentor student list","messageBody":"","fileTypesAndContributionMap":{"functional-code":{"insertions":19,"deletions":18}}}]},{"date":"2025-11-03T00:00:00","commitResults":[{"hash":"15d7b8c1474fd6a37a01be394f6b137a89b9c54b","isMergeCommit":true,"messageTitle":"Merge pull request #157 from Puntart/fix-centre-unassigned-bug","messageBody":"Fix centre unassigned bug","fileTypesAndContributionMap":{}},{"hash":"451f824d428195d338b368817b4987e745ac6ed4","isMergeCommit":true,"messageTitle":"Merge pull request #158 from Puntart/fix-ug-dg-bugs","messageBody":"Fix documentation bugs in ug dg","fileTypesAndContributionMap":{}}]}],"Puntart":[{"date":"2025-09-28T00:00:00","commitResults":[{"hash":"6990287ce9529effa574364b0c1591f1077ceae2","isMergeCommit":false,"messageTitle":"Start adding Remark Command","messageBody":"","fileTypesAndContributionMap":{"functional-code":{"insertions":32,"deletions":0},"test-code":{"insertions":30,"deletions":0}}},{"hash":"34da37400244c8c3efb6b882fd9f9af648d8e7d5","isMergeCommit":false,"messageTitle":"Add remark command","messageBody":"Adding a remark command can help make remarks for each contact\n\nWith remarks for each contact, users will be better equipped with\nidentifying each contact and flagging them out with remarks.\n","fileTypesAndContributionMap":{"functional-code":{"insertions":175,"deletions":13},"test-code":{"insertions":11,"deletions":30}}}]},{"date":"2025-09-29T00:00:00","commitResults":[{"hash":"03c05158a5bd22ff39844d864c2e385acb7d3f6c","isMergeCommit":false,"messageTitle":"Fix remark command","messageBody":"","fileTypesAndContributionMap":{"functional-code":{"insertions":2,"deletions":0}}},{"hash":"a2defe1fbac23c8f178d08f1295b58877a7a1000","isMergeCommit":false,"messageTitle":"Further fix remark command","messageBody":"CI problems regarding ubuntu\n","fileTypesAndContributionMap":{"functional-code":{"insertions":3,"deletions":3}}},{"hash":"86ce2789cdd22fd57aabca791495eea384197eb2","isMergeCommit":false,"messageTitle":"Fix checkstyle for remark command","messageBody":"","fileTypesAndContributionMap":{"functional-code":{"insertions":16,"deletions":11}}}]},{"date":"2025-10-02T00:00:00","commitResults":[{"hash":"07a5bffe322b2a7ecfa9d49e0be3d9229c5e04f4","isMergeCommit":true,"messageTitle":"Merge pull request #6 from Puntart/add-zaki-photo","messageBody":"Add zaki photo","fileTypesAndContributionMap":{}},{"hash":"90a2c9184290f0adf5bb0811d5d166e4e79c456d","isMergeCommit":true,"messageTitle":"Merge pull request #7 from isaacyclai/photo","messageBody":"Add photo for eyexactly","fileTypesAndContributionMap":{}},{"hash":"a6c032529ca9005051e5cb91dde3462f277a241d","isMergeCommit":false,"messageTitle":"Update aboutus from puntart","messageBody":"","fileTypesAndContributionMap":{"docs":{"insertions":6,"deletions":25}}}]},{"date":"2025-10-08T00:00:00","commitResults":[{"hash":"4da109510c89b3871cb4886369919dfc427ebbb1","isMergeCommit":false,"messageTitle":"Fix test for remark command","messageBody":"Because of these failed tests, our group was unable to pass the CI.\n\nWith fixing these tests, we can pass the CI and\nI get to learn more about testing as well, though optional in this course.\n","fileTypesAndContributionMap":{"test-code":{"insertions":229,"deletions":5}}},{"hash":"2b369109f6d71559461eba2d071acb021d1e203c","isMergeCommit":false,"messageTitle":"Revert \"Fix test for remark command\"","messageBody":"This reverts commit 4da109510c89b3871cb4886369919dfc427ebbb1.\n","fileTypesAndContributionMap":{"test-code":{"insertions":5,"deletions":229}}},{"hash":"840b12686f2e0a8b166d33d7163561fcdb1bbea3","isMergeCommit":false,"messageTitle":"Reapply \"Fix test for remark command\"","messageBody":"This reverts commit 2b369109f6d71559461eba2d071acb021d1e203c.\n","fileTypesAndContributionMap":{"test-code":{"insertions":229,"deletions":5}}},{"hash":"33d089f861c74b3a46f570da6b23f354a5fe6a58","isMergeCommit":false,"messageTitle":"Fix checkstyle errors for remark","messageBody":"","fileTypesAndContributionMap":{"docs":{"insertions":2,"deletions":2},"test-code":{"insertions":3,"deletions":0}}},{"hash":"0d21d99bb5f8465dffc49373aed64032ca04f431","isMergeCommit":false,"messageTitle":"Fix more checkstyle for remark","messageBody":"","fileTypesAndContributionMap":{"test-code":{"insertions":3,"deletions":3}}},{"hash":"6a038e48afaf06232f2cc5520e101af0e5b4e1b0","isMergeCommit":false,"messageTitle":"Fix more checkstyle for remark tests","messageBody":"","fileTypesAndContributionMap":{"test-code":{"insertions":8,"deletions":4}}},{"hash":"72cbe9e772a800f8f7754fc8a6f6574141784245","isMergeCommit":false,"messageTitle":"Fix to pass tests for remark","messageBody":"","fileTypesAndContributionMap":{"test-code":{"insertions":10,"deletions":4}}}]},{"date":"2025-10-09T00:00:00","commitResults":[{"hash":"ae1448351d57ead8a4c5a0897ad9d0e78cf4bb41","isMergeCommit":false,"messageTitle":"Add role field for contact","messageBody":"Currently we don\u0027t know how the contact relates to the\norganisation.\n\nA role field will inform the user of the role the contact plays\nfor the organisation, whether it be mentor, mentee, admin, etc.\n","fileTypesAndContributionMap":{"functional-code":{"insertions":189,"deletions":56}}},{"hash":"116fac095ba44c1aa48636386d1c26ae4bb100c5","isMergeCommit":false,"messageTitle":"Fix checkstyle errors","messageBody":"","fileTypesAndContributionMap":{"functional-code":{"insertions":2,"deletions":2},"docs":{"insertions":1,"deletions":1}}},{"hash":"5a2dfef28dfefcdcdf47281cfc73ce2c1f26dcff","isMergeCommit":false,"messageTitle":"Fix more checkstyles","messageBody":"","fileTypesAndContributionMap":{"functional-code":{"insertions":18,"deletions":8}}},{"hash":"37421813f3394b7c0e516a165c2cd9ba5820c138","isMergeCommit":false,"messageTitle":"Finish fix checkstyle errors","messageBody":"","fileTypesAndContributionMap":{"functional-code":{"insertions":12,"deletions":2}}},{"hash":"a34260718971ae686907b8402e50347433a177ef","isMergeCommit":true,"messageTitle":"Merge pull request #28 from Puntart/add-role-field-contact","messageBody":"Add role field for contact","fileTypesAndContributionMap":{}}]},{"date":"2025-10-15T00:00:00","commitResults":[{"hash":"c471035442914c03cd837aeea2db887ddedcb46c","isMergeCommit":false,"messageTitle":"Add centre field","messageBody":"Centre is a field for the Student and Mentor classes that has\nnot been added yet.\n\nThrough this field, the user will be able to see which centre\nthe Students and Mentors are assigned to.\n","fileTypesAndContributionMap":{"functional-code":{"insertions":259,"deletions":218},"test-code":{"insertions":0,"deletions":6}}},{"hash":"f94972467048d1cc82b3392ce073390cf9530c7a","isMergeCommit":false,"messageTitle":"Add findbycentre command","messageBody":"It will make it easier to find which mentors and students are\nin a particular centre.\n\nUsers can now input the centre and can see all the listed\nrelevant mentors and students.\n","fileTypesAndContributionMap":{"functional-code":{"insertions":12,"deletions":0}}}]},{"date":"2025-10-16T00:00:00","commitResults":[{"hash":"85643578ed9d527754a29c71fd2415acb5f1ebdb","isMergeCommit":false,"messageTitle":"Edit findbycentre command","messageBody":"","fileTypesAndContributionMap":{"functional-code":{"insertions":139,"deletions":3}}},{"hash":"f6ec6fb73d4384a964d6cdc6f1724c309d973581","isMergeCommit":false,"messageTitle":"Fix checkstyle","messageBody":"","fileTypesAndContributionMap":{"functional-code":{"insertions":22,"deletions":13}}},{"hash":"1063a285ec2a320b30ea2cc2e2679b03efa18255","isMergeCommit":false,"messageTitle":"Fix conflicts","messageBody":"Role was changed in the upstream branch\nsuch that it is a String value now. Edits have been\nmade to reflect that.\n\nNow role is a string instead of a class for better\nencapsulation.\n","fileTypesAndContributionMap":{"functional-code":{"insertions":16,"deletions":11}}},{"hash":"4e33fbe8d0ffb3d352dd6b5d863f1eb0273c8442","isMergeCommit":true,"messageTitle":"Merge branch \u0027master\u0027 into add-findbycentre-command","messageBody":"","fileTypesAndContributionMap":{}},{"hash":"cbdda72f22f10df1362d556536f6fb499c5cfbf8","isMergeCommit":true,"messageTitle":"Merge pull request #42 from Puntart/add-findbycentre-command","messageBody":"Add findbycentre command","fileTypesAndContributionMap":{}},{"hash":"fcfcc192aea3917a42cf1e82abba5191658e897b","isMergeCommit":false,"messageTitle":"Fix centre and role bugs","messageBody":"Could not add a contact with the proper role,\nneed to use MENTOR or STUDENT (case sensitive).\n\nCould not edit because it defaults back to PERSON role.\nMade the change in the EditCommand to maintain the\ncontacts\u0027 role.\n","fileTypesAndContributionMap":{"functional-code":{"insertions":6,"deletions":8}}},{"hash":"7ed6b9b9d7cd5da9afaab0ac993966c1b9fbca2c","isMergeCommit":false,"messageTitle":"Add findbyrole command","messageBody":"Currently users need to scroll through\nto find particular roles.\n\nWith this command, if a user wants to filter a\nspecific role, they can just input and see all\nthose with those roles. Currently ony works for\nMentor, Student and Person.\n","fileTypesAndContributionMap":{"functional-code":{"insertions":152,"deletions":1}}},{"hash":"d788f88b28148570b12597f4e1b2c8eae89df0d1","isMergeCommit":true,"messageTitle":"Merge pull request #43 from Puntart/add-findbyrole-command","messageBody":"Add findbyrole command","fileTypesAndContributionMap":{}},{"hash":"b5e1f2c221f68b44a996b43a55dafed4fbe633ce","isMergeCommit":false,"messageTitle":"Add findbyaddress location","messageBody":"Was implemented before as findbyloc.\n\nRecovered and renamed. Now users can find\ncontacts in a specific address.\n","fileTypesAndContributionMap":{"functional-code":{"insertions":141,"deletions":4},"other":{"insertions":11,"deletions":8},"test-code":{"insertions":14,"deletions":12}}},{"hash":"08b9044ffdd8a11136287b28489bc27695bd0e93","isMergeCommit":false,"messageTitle":"Fix checkstyle issues","messageBody":"","fileTypesAndContributionMap":{"functional-code":{"insertions":32,"deletions":4}}},{"hash":"9a9e182eea4068c727f6870257e1e355e2cb9dba","isMergeCommit":true,"messageTitle":"Merge pull request #45 from Puntart/add-findbyaddress-command","messageBody":"Add findbyaddress command","fileTypesAndContributionMap":{}}]},{"date":"2025-10-21T00:00:00","commitResults":[{"hash":"a03f467c558fcf624dadfa4e85d57ed0421498f8","isMergeCommit":true,"messageTitle":"Merge pull request #50 from isaacyclai/fixTests","messageBody":"Fix all existing tests","fileTypesAndContributionMap":{}}]},{"date":"2025-10-23T00:00:00","commitResults":[{"hash":"5a031c5d59199cbf2820689130b15efff89ee74c","isMergeCommit":false,"messageTitle":"Add showstudent command","messageBody":"Currently, its hard to find all the students a mentor has.\nWe would need to go through all the contacts.\n\nWith this command, we can easily list out all the students\na mentor is matched to when we want to check that.\n","fileTypesAndContributionMap":{"functional-code":{"insertions":115,"deletions":2}}},{"hash":"94f666920c859102cb12f08c8ce32308b5fa6bdf","isMergeCommit":false,"messageTitle":"Add ModelClassDiagram","messageBody":"Shows the class diagram for person, student and\nmentor.\n\nMentor and student are shown to be subclasses\nof person with extra fields.\n","fileTypesAndContributionMap":{"functional-code":{"insertions":23,"deletions":0}}},{"hash":"72b1106d86e899629a65877370ce9b08563b95e5","isMergeCommit":false,"messageTitle":"Fix checkstyle","messageBody":"","fileTypesAndContributionMap":{"functional-code":{"insertions":1,"deletions":1}}},{"hash":"fa08fb7a374250e3bb0963bd1300ab4e54c43688","isMergeCommit":true,"messageTitle":"Merge branch \u0027master\u0027 into add-showstudent-command","messageBody":"","fileTypesAndContributionMap":{}},{"hash":"9a4089e87d0e6d3d7a8b44e0557967084b100791","isMergeCommit":false,"messageTitle":"Fix formatting in AddressBookParser.java","messageBody":"","fileTypesAndContributionMap":{"functional-code":{"insertions":1,"deletions":1}}},{"hash":"b7ed71afe26156bddf29085241632d249644820f","isMergeCommit":true,"messageTitle":"Merge pull request #64 from BoredFurry/branch-FixListUnmatchedFunctionality","messageBody":"Fixed StudentHasMentorPredicate and ListUnmatchedCommand","fileTypesAndContributionMap":{}},{"hash":"17684ada24d5c681742a78fbf367a88e6952a115","isMergeCommit":true,"messageTitle":"Merge pull request #63 from isaacyclai/addUML","messageBody":"Correct attribute visibility in model class diagram","fileTypesAndContributionMap":{}},{"hash":"74498d7ccc7968ab0a8192b9f12ab779cbc3562b","isMergeCommit":true,"messageTitle":"Merge pull request #62 from isaacyclai/enableAssertions","messageBody":"Enable assertions","tags":["v1.4"],"fileTypesAndContributionMap":{}}]},{"date":"2025-10-29T00:00:00","commitResults":[{"hash":"1e049de4e944d68ae46a532b9765b31d5b7785f8","isMergeCommit":false,"messageTitle":"Fix help command","messageBody":"Help command was showing the previous AB3\nuser guide. Due to the changes we made to the\nAB3, we had to update the user guide and therefore\nupdate to the new link.\n\nNow with the new link, users who need help in the\naddress book can look at our updated user guide.\n","fileTypesAndContributionMap":{"functional-code":{"insertions":1,"deletions":1}}},{"hash":"f5ab34306d9ff477a5fabfcab344da722ca1afc3","isMergeCommit":false,"messageTitle":"Fix blank spaces in the gui","messageBody":"Before, there were blank spaces in the person card\nfor remarks and mentors. This is ugly to look at.\n\nNow its nicer and cleaner.\n","fileTypesAndContributionMap":{"functional-code":{"insertions":10,"deletions":2}}},{"hash":"1e78b4b62e153ebc1b73caeb68f5c370928796c0","isMergeCommit":false,"messageTitle":"Fix invalid text for match command","messageBody":"The invalid text for this was add command\nas a placeholder. However, users unfamiliar with\nthe command would not know how to use the\nmatch command.\n\nNow with it updated, users can see properly\nhow to utilise the match command.\n","fileTypesAndContributionMap":{"functional-code":{"insertions":9,"deletions":1}}},{"hash":"5bfd763e0d55367c0a25e8def3896de0a59a7e1e","isMergeCommit":false,"messageTitle":"Fix invalid comment for unmatch","messageBody":"Similar to match, this was the add\ninvalid comment as a placeholder.\n\nNow users can know how to use the unmatch\ncommand.\n","fileTypesAndContributionMap":{"functional-code":{"insertions":13,"deletions":4}}},{"hash":"5e1599e5b0a20e2afed4bfee5f1623a184eda4c2","isMergeCommit":false,"messageTitle":"Fix checkstyle","messageBody":"","fileTypesAndContributionMap":{"functional-code":{"insertions":2,"deletions":4}}},{"hash":"f493a5419278695fe06df33734a113553b5fbad2","isMergeCommit":false,"messageTitle":"Fix tests for CI","messageBody":"","fileTypesAndContributionMap":{"test-code":{"insertions":1,"deletions":1}}},{"hash":"5c95669aab591dd3987b417ea275e4689ffb0240","isMergeCommit":false,"messageTitle":"Fix invalid message for edit.","messageBody":"Last time, we could edit role. However, we changed\nthe behaviour so that we cannot edit role. Therefore,\nwe must remove any residue from that time. edit 1 r/\nwas showing that the field cannot be empty instead of an\ninvalid command format despite it being an invalid command\nformat.\n\nNow when users try to edit role using r/, the system will show that\nits an invalid command format.\n","fileTypesAndContributionMap":{"functional-code":{"insertions":11,"deletions":26}}}]},{"date":"2025-10-30T00:00:00","commitResults":[{"hash":"a0c4549bc19196eaf9e760cbb8f9bfc0cd8172ff","isMergeCommit":false,"messageTitle":"Fix blank space at the bottom","messageBody":"Before when a person had a field missing\nit would show up as blank space at the bottom\nof the person card.\n\nRemoving the minHeight now will make it so that\nthere would be no blank space at the bottom.\n","fileTypesAndContributionMap":{"functional-code":{"insertions":2,"deletions":2}}},{"hash":"6e1f86a6df19d9ce8a3a7c3d6b97ad3cbc76c9e0","isMergeCommit":true,"messageTitle":"Merge pull request #105 from Puntart/fix-remark-blank","messageBody":"Fix blank space at the bottom","fileTypesAndContributionMap":{}},{"hash":"a6aa52f9a0a4cfb5ac35a092ec390b109a82cce4","isMergeCommit":false,"messageTitle":"Fix code quality issues","messageBody":"","fileTypesAndContributionMap":{"functional-code":{"insertions":3,"deletions":1}}},{"hash":"873c9a590c1977c30968471e76ee4d50176ac0fd","isMergeCommit":false,"messageTitle":"Make skeleton for UG","messageBody":"Skeleton for the UG commands so\nits easier to edit.\n","fileTypesAndContributionMap":{"docs":{"insertions":52,"deletions":39}}},{"hash":"114188245dc8a443ba1d68420b23e19a162ef2b6","isMergeCommit":true,"messageTitle":"Merge pull request #108 from Puntart/further-update-ugdg","messageBody":"Make skeleton for UG","fileTypesAndContributionMap":{}},{"hash":"53b122d640a7a37b7181c926543a98563ef96b9d","isMergeCommit":false,"messageTitle":"Complete most of the commands in UG","messageBody":"Save for listunmatched\n","fileTypesAndContributionMap":{"docs":{"insertions":60,"deletions":4}}},{"hash":"cd98896cdbe19053252f41af295f8d14a04fce57","isMergeCommit":false,"messageTitle":"Further edits to UG","messageBody":"","fileTypesAndContributionMap":{"docs":{"insertions":0,"deletions":10}}},{"hash":"f57ae7b26a89db75f77575ac938e4277236775a1","isMergeCommit":false,"messageTitle":"Fix checkstyle","messageBody":"","fileTypesAndContributionMap":{"docs":{"insertions":4,"deletions":4}}},{"hash":"b4cffefa9e2695510057617b14cba0487da84942","isMergeCommit":true,"messageTitle":"Merge pull request #107 from Puntart/fix-codequality-issues","messageBody":"Fix code quality issues","fileTypesAndContributionMap":{}},{"hash":"15d6e5dc85f8300fa1bebf883096aa21fa7ea953","isMergeCommit":false,"messageTitle":"Add comment about remark","messageBody":"Added comment about how to delete a\nremark.\n","fileTypesAndContributionMap":{"docs":{"insertions":1,"deletions":0}}},{"hash":"c8103f3f8b8645e367bac7f6f91bc51d29f71014","isMergeCommit":true,"messageTitle":"Merge pull request #113 from Puntart/ug-remark-delete","messageBody":"Add comment about remark","fileTypesAndContributionMap":{}},{"hash":"0b58de299f3ee4be1cf0e17776a4d40c09860e45","isMergeCommit":true,"messageTitle":"Merge pull request #93 from isaacyclai/code-quality","messageBody":"Fix some code quality issues","fileTypesAndContributionMap":{}},{"hash":"94aae2ff0de6a4f5910bad42f151655f6294cd93","isMergeCommit":true,"messageTitle":"Merge pull request #111 from isaacyclai/final-edits-branch","messageBody":"Fix all issues with docs","fileTypesAndContributionMap":{}},{"hash":"fca869759a93bd84f9fbe04564ff1d555543e347","isMergeCommit":true,"messageTitle":"Merge pull request #114 from isaacyclai/final-edits-branch","messageBody":"Fix cosmetic issues with UG and DG","fileTypesAndContributionMap":{}},{"hash":"7139b3d13ff844c0af31cdffc0bc290c27521df3","isMergeCommit":true,"messageTitle":"Merge pull request #115 from isaacyclai/final-edits-branch","messageBody":"Change site header to Mentorface","fileTypesAndContributionMap":{}}]},{"date":"2025-11-03T00:00:00","commitResults":[{"hash":"db78fa9b0ab85a28c600b6fc0b9066e3a1c812b6","isMergeCommit":false,"messageTitle":"Fix centre unassigned bug","messageBody":"When doing findbycentre, we could search students\nwith centre unassigned if the keyword is a substring of it.\n\nNow, when the keyword is a substring of centre unassigned,\na contact with the centre unassigned would not be searchable\nto avoid false positives.\n","fileTypesAndContributionMap":{"functional-code":{"insertions":7,"deletions":0},"docs":{"insertions":1,"deletions":1}}},{"hash":"dd49382a0bcbcf03a89fed9bdec111f5be6161ad","isMergeCommit":false,"messageTitle":"Fix documentation bugs in ug dg","messageBody":"","fileTypesAndContributionMap":{"docs":{"insertions":6,"deletions":5}}},{"hash":"c84c4c1741a5a170c39631a35736998e4e21512b","isMergeCommit":false,"messageTitle":"Fix add command bugs","messageBody":"When adding a contact, the message sucess does\nnot show the role and centre\n\nNow when adding a contact, the message success\nwill show the role and centre\n","fileTypesAndContributionMap":{"functional-code":{"insertions":13,"deletions":1}}},{"hash":"3941e92586b5c80be168e01fb1a468ad3af31e9e","isMergeCommit":false,"messageTitle":"Fix checkstyle","messageBody":"","fileTypesAndContributionMap":{"functional-code":{"insertions":1,"deletions":1}}},{"hash":"896abd5564e37281e4fcca31c970b76ea7c541db","isMergeCommit":true,"messageTitle":"Merge pull request #159 from Puntart/fix-add-command-bugs","messageBody":"Fix add command bugs","fileTypesAndContributionMap":{}}]}]},"authorFileTypeContributionMap":{"isaacyclai":{"docs":234,"functional-code":452,"test-code":404,"other":5},"BoredFurry":{"docs":241,"functional-code":655,"test-code":206,"other":2},"Puntart":{"docs":68,"functional-code":1101,"test-code":271}},"authorContributionVariance":{"isaacyclai":8095.2085,"BoredFurry":14498.258,"Puntart":26045.965},"authorDisplayNameMap":{"isaacyclai":"CS2103-F09-1 ISAA..HUNG","BoredFurry":"CS2103-F09-1 LIM .. IAN","Puntart":"CS2103-F09-1 MUHA..AIRI"}}
