{"authorDailyContributionsMap":{"isaacyclai":[{"date":"2025-09-23T00:00:00","commitResults":[{"hash":"4682827719ce4ad4d3769d8b877e37c756cc9360","isMergeCommit":false,"messageTitle":"Update README.md","messageBody":"","fileTypesAndContributionMap":{"docs":{"insertions":1,"deletions":1}}}]},{"date":"2025-10-02T00:00:00","commitResults":[{"hash":"5a466c51173ff3e693972a6a1e765f14154f6c43","isMergeCommit":false,"messageTitle":"Update AboutUs.md to add eyexactly","messageBody":"","fileTypesAndContributionMap":{"docs":{"insertions":5,"deletions":24}}}]},{"date":"2025-10-04T00:00:00","commitResults":[{"hash":"d7dbf3e4ee26dfdac5425b9f5e1b4ed5b929b730","isMergeCommit":false,"messageTitle":"Fix photo name","messageBody":"","fileTypesAndContributionMap":{"docs":{"insertions":2,"deletions":2}}},{"hash":"8b12ecc42a8823ad56e62ce92bb6c04d7b266ed8","isMergeCommit":true,"messageTitle":"Merge pull request #16 from isaacyclai/update-AboutUs","messageBody":"Fix photo name","fileTypesAndContributionMap":{}},{"hash":"e6ed524ba6c57edeecc133f6b88d5bc6f88b1b77","isMergeCommit":false,"messageTitle":"Fix github link in About Us","messageBody":"","fileTypesAndContributionMap":{"docs":{"insertions":1,"deletions":1}}},{"hash":"f22bf7a9e11d0a7a2b4f26851ee701d71c1e5248","isMergeCommit":true,"messageTitle":"Merge pull request #17 from isaacyclai/update-AboutUs","messageBody":"Fix github link in About Us","fileTypesAndContributionMap":{}}]},{"date":"2025-10-08T00:00:00","commitResults":[{"hash":"9a7a67f9965362709ccfb9ea1f732490c2b9966f","isMergeCommit":true,"messageTitle":"Merge pull request #20 from BoredFurry/branch-UpdateDeveloperGuide","messageBody":"Branch update developer guide","fileTypesAndContributionMap":{}},{"hash":"52206b70051288cf4f15872e5bc61bf1e3e56343","isMergeCommit":true,"messageTitle":"Merge pull request #22 from BoredFurry/branch-UpdateReadMe","messageBody":"Update README as per week 7 specifications","fileTypesAndContributionMap":{}},{"hash":"1f96dd9aacc5db00f87381f0f78c525e5573f2d9","isMergeCommit":true,"messageTitle":"Merge pull request #24 from Puntart/fix-tests-remark","messageBody":"Fix tests remark","fileTypesAndContributionMap":{}}]},{"date":"2025-10-09T00:00:00","commitResults":[{"hash":"c1f1fdf7494c3771165e182cbaf8efa876c3c986","isMergeCommit":false,"messageTitle":"Fix formatting errors in DG","messageBody":"","fileTypesAndContributionMap":{"docs":{"insertions":4,"deletions":4}}},{"hash":"eb084d62920d00f0944695202b789b14af67fe8f","isMergeCommit":false,"messageTitle":"Add match command class","messageBody":"","fileTypesAndContributionMap":{"functional-code":{"insertions":19,"deletions":0},"test-code":{"insertions":15,"deletions":0}}},{"hash":"9ab3c631d1af1c8c897582a15fdd1fd540ce4c86","isMergeCommit":true,"messageTitle":"Merge pull request #29 from isaacyclai/fixDgFormatting","messageBody":"Fix formatting errors in DG","fileTypesAndContributionMap":{}},{"hash":"654f35e1d817f053724479342c80ab5993877b36","isMergeCommit":true,"messageTitle":"Merge pull request #31 from isaacyclai/addMatchCommand","messageBody":"Add match command","fileTypesAndContributionMap":{}},{"hash":"5a583555a5cf996635a5226b9b2a0e8dfdc82fc0","isMergeCommit":false,"messageTitle":"Add parsing for match command","messageBody":"","fileTypesAndContributionMap":{"functional-code":{"insertions":104,"deletions":4}}},{"hash":"0753f6b3fa45e4bb0198b74bfd9852bce343c315","isMergeCommit":true,"messageTitle":"Merge pull request #32 from isaacyclai/addMatchCommand","messageBody":"Add parsing for match command","fileTypesAndContributionMap":{}}]}],"BoredFurry":[{"date":"2025-10-02T00:00:00","commitResults":[{"hash":"d3e60c5b11898f733082752b42ccc2c3c1923c8a","isMergeCommit":true,"messageTitle":"Merge pull request #4 from BoredFurry/branch-AddPhotoBoredFurry","messageBody":"add photo for BoredFurry","fileTypesAndContributionMap":{}},{"hash":"715cde9456efa4fe0a79533c301b3bb2e3ffa89f","isMergeCommit":false,"messageTitle":"update about us page for BoredFurry","messageBody":"","fileTypesAndContributionMap":{"docs":{"insertions":5,"deletions":24}}},{"hash":"de007bba4cb4a7e579fd6fa0ba55ea1c8e1b5359","isMergeCommit":true,"messageTitle":"Merge pull request #13 from isaacyclai/update-AboutUs","messageBody":"","fileTypesAndContributionMap":{}},{"hash":"a96fe0a92df1d2c7b42cfa7684912c9d42e5700c","isMergeCommit":true,"messageTitle":"Merge pull request #12 from BoredFurry/branch-UpdateAboutUsBoredFurry","messageBody":"","fileTypesAndContributionMap":{}},{"hash":"62dc7d125483542f44a498f367aab5efbf32400e","isMergeCommit":true,"messageTitle":"Merge branch \u0027master\u0027 into update-aboutus-puntart","messageBody":"","fileTypesAndContributionMap":{}},{"hash":"83be70f538cedb8c8296bce675fa8fd18027a323","isMergeCommit":false,"messageTitle":"fix image link for BoredFurry","messageBody":"","fileTypesAndContributionMap":{"docs":{"insertions":1,"deletions":1}}},{"hash":"5e81c75d0dc883889c022df65cc84f042a6128df","isMergeCommit":true,"messageTitle":"Merge pull request #10 from Puntart/update-aboutus-puntart","messageBody":"","fileTypesAndContributionMap":{}},{"hash":"3a4b56cb5d2c99c951297b3da8b077ed42130ac2","isMergeCommit":true,"messageTitle":"Merge pull request #14 from BoredFurry/branch-FixLineForImageLinkBoredFurry","messageBody":"","fileTypesAndContributionMap":{}}]},{"date":"2025-10-05T00:00:00","commitResults":[{"hash":"2a5e58e6a47bfd29167b03ac5aed2a998d040bab","isMergeCommit":false,"messageTitle":"Add user stories to the DG","messageBody":"","fileTypesAndContributionMap":{"docs":{"insertions":23,"deletions":8}}}]},{"date":"2025-10-06T00:00:00","commitResults":[{"hash":"d5e18b1bcec89572eb748ec368bde1e1d997d723","isMergeCommit":false,"messageTitle":"Update the DG with use cases, glossary and NFR","messageBody":"","fileTypesAndContributionMap":{"docs":{"insertions":145,"deletions":21}}},{"hash":"03522ac670eaef922b4aaf4496be57de4ad010c1","isMergeCommit":false,"messageTitle":"Add more NFRs","messageBody":"","fileTypesAndContributionMap":{"docs":{"insertions":7,"deletions":2}}},{"hash":"1b0a0a5912a271fd0c46a099d5f649ce2ccc941a","isMergeCommit":false,"messageTitle":"Update README as per week 7 specifications","messageBody":"","fileTypesAndContributionMap":{"docs":{"insertions":9,"deletions":9}}},{"hash":"b22235ac213497558f9b1e5e584175daa8bc56e3","isMergeCommit":false,"messageTitle":"Update _config.yml","messageBody":"","fileTypesAndContributionMap":{"other":{"insertions":2,"deletions":2}}}]},{"date":"2025-10-09T00:00:00","commitResults":[{"hash":"eb4fbd60f84fc9f48648606e064dd3645377f3af","isMergeCommit":false,"messageTitle":"Add FindByLocCommand","messageBody":"","fileTypesAndContributionMap":{"functional-code":{"insertions":139,"deletions":3},"other":{"insertions":32,"deletions":31},"test-code":{"insertions":233,"deletions":6}}},{"hash":"158d174388740eba5203388790161ae60c7aaeca","isMergeCommit":false,"messageTitle":"Fix stylechecker","messageBody":"","fileTypesAndContributionMap":{"test-code":{"insertions":1,"deletions":1}}},{"hash":"bd0cd192e69cfabeb8c473a94ca28d6b4367e02a","isMergeCommit":false,"messageTitle":"Fix style","messageBody":"","fileTypesAndContributionMap":{"functional-code":{"insertions":58,"deletions":11}}},{"hash":"f9353e5cd089d0a2591d17dd02950766870969a2","isMergeCommit":false,"messageTitle":"Reorder Imports","messageBody":"","fileTypesAndContributionMap":{"functional-code":{"insertions":2,"deletions":2}}},{"hash":"6d2495765d78be4fa24492374fce9b66419a8f5c","isMergeCommit":false,"messageTitle":"Fix style for tests","messageBody":"","fileTypesAndContributionMap":{"test-code":{"insertions":16,"deletions":17}}},{"hash":"949bbd4df540b113f5ddcdb0efd48684cb68ca7c","isMergeCommit":false,"messageTitle":"Fix style for tests","messageBody":"","fileTypesAndContributionMap":{"test-code":{"insertions":8,"deletions":8}}},{"hash":"e4dc612119d6886834fd3ea13f4250a6285b36d7","isMergeCommit":false,"messageTitle":"Update tests to pass","messageBody":"","fileTypesAndContributionMap":{"functional-code":{"insertions":3,"deletions":3},"test-code":{"insertions":8,"deletions":7}}},{"hash":"5793075ecbb67f92a7bc118867dd253bca73531e","isMergeCommit":false,"messageTitle":"Remove unused import","messageBody":"","fileTypesAndContributionMap":{"functional-code":{"insertions":0,"deletions":1}}},{"hash":"0ac77f675061fc50e9fd1d675af1dbd36c4606e2","isMergeCommit":true,"messageTitle":"Merge pull request #27 from BoredFurry/branch-SearchByLocation","messageBody":"","fileTypesAndContributionMap":{}}]}],"Puntart":[{"date":"2025-09-28T00:00:00","commitResults":[{"hash":"6990287ce9529effa574364b0c1591f1077ceae2","isMergeCommit":false,"messageTitle":"Start adding Remark Command","messageBody":"","fileTypesAndContributionMap":{"functional-code":{"insertions":32,"deletions":0},"test-code":{"insertions":30,"deletions":0}}},{"hash":"34da37400244c8c3efb6b882fd9f9af648d8e7d5","isMergeCommit":false,"messageTitle":"Add remark command","messageBody":"Adding a remark command can help make remarks for each contact\n\nWith remarks for each contact, users will be better equipped with\nidentifying each contact and flagging them out with remarks.\n","fileTypesAndContributionMap":{"functional-code":{"insertions":175,"deletions":13},"test-code":{"insertions":11,"deletions":30}}}]},{"date":"2025-09-29T00:00:00","commitResults":[{"hash":"03c05158a5bd22ff39844d864c2e385acb7d3f6c","isMergeCommit":false,"messageTitle":"Fix remark command","messageBody":"","fileTypesAndContributionMap":{"functional-code":{"insertions":2,"deletions":0}}},{"hash":"a2defe1fbac23c8f178d08f1295b58877a7a1000","isMergeCommit":false,"messageTitle":"Further fix remark command","messageBody":"CI problems regarding ubuntu\n","fileTypesAndContributionMap":{"functional-code":{"insertions":3,"deletions":3}}},{"hash":"86ce2789cdd22fd57aabca791495eea384197eb2","isMergeCommit":false,"messageTitle":"Fix checkstyle for remark command","messageBody":"","fileTypesAndContributionMap":{"functional-code":{"insertions":16,"deletions":11}}}]},{"date":"2025-10-02T00:00:00","commitResults":[{"hash":"07a5bffe322b2a7ecfa9d49e0be3d9229c5e04f4","isMergeCommit":true,"messageTitle":"Merge pull request #6 from Puntart/add-zaki-photo","messageBody":"Add zaki photo","fileTypesAndContributionMap":{}},{"hash":"90a2c9184290f0adf5bb0811d5d166e4e79c456d","isMergeCommit":true,"messageTitle":"Merge pull request #7 from isaacyclai/photo","messageBody":"Add photo for eyexactly","fileTypesAndContributionMap":{}},{"hash":"a6c032529ca9005051e5cb91dde3462f277a241d","isMergeCommit":false,"messageTitle":"Update aboutus from puntart","messageBody":"","fileTypesAndContributionMap":{"docs":{"insertions":6,"deletions":25}}}]},{"date":"2025-10-08T00:00:00","commitResults":[{"hash":"4da109510c89b3871cb4886369919dfc427ebbb1","isMergeCommit":false,"messageTitle":"Fix test for remark command","messageBody":"Because of these failed tests, our group was unable to pass the CI.\n\nWith fixing these tests, we can pass the CI and\nI get to learn more about testing as well, though optional in this course.\n","fileTypesAndContributionMap":{"test-code":{"insertions":229,"deletions":5}}},{"hash":"2b369109f6d71559461eba2d071acb021d1e203c","isMergeCommit":false,"messageTitle":"Revert \"Fix test for remark command\"","messageBody":"This reverts commit 4da109510c89b3871cb4886369919dfc427ebbb1.\n","fileTypesAndContributionMap":{"test-code":{"insertions":5,"deletions":229}}},{"hash":"840b12686f2e0a8b166d33d7163561fcdb1bbea3","isMergeCommit":false,"messageTitle":"Reapply \"Fix test for remark command\"","messageBody":"This reverts commit 2b369109f6d71559461eba2d071acb021d1e203c.\n","fileTypesAndContributionMap":{"test-code":{"insertions":229,"deletions":5}}},{"hash":"33d089f861c74b3a46f570da6b23f354a5fe6a58","isMergeCommit":false,"messageTitle":"Fix checkstyle errors for remark","messageBody":"","fileTypesAndContributionMap":{"docs":{"insertions":2,"deletions":2},"test-code":{"insertions":3,"deletions":0}}},{"hash":"0d21d99bb5f8465dffc49373aed64032ca04f431","isMergeCommit":false,"messageTitle":"Fix more checkstyle for remark","messageBody":"","fileTypesAndContributionMap":{"test-code":{"insertions":3,"deletions":3}}},{"hash":"6a038e48afaf06232f2cc5520e101af0e5b4e1b0","isMergeCommit":false,"messageTitle":"Fix more checkstyle for remark tests","messageBody":"","fileTypesAndContributionMap":{"test-code":{"insertions":8,"deletions":4}}},{"hash":"72cbe9e772a800f8f7754fc8a6f6574141784245","isMergeCommit":false,"messageTitle":"Fix to pass tests for remark","messageBody":"","fileTypesAndContributionMap":{"test-code":{"insertions":10,"deletions":4}}}]},{"date":"2025-10-09T00:00:00","commitResults":[{"hash":"ae1448351d57ead8a4c5a0897ad9d0e78cf4bb41","isMergeCommit":false,"messageTitle":"Add role field for contact","messageBody":"Currently we don\u0027t know how the contact relates to the\norganisation.\n\nA role field will inform the user of the role the contact plays\nfor the organisation, whether it be mentor, mentee, admin, etc.\n","fileTypesAndContributionMap":{"functional-code":{"insertions":189,"deletions":56}}},{"hash":"116fac095ba44c1aa48636386d1c26ae4bb100c5","isMergeCommit":false,"messageTitle":"Fix checkstyle errors","messageBody":"","fileTypesAndContributionMap":{"functional-code":{"insertions":2,"deletions":2},"docs":{"insertions":1,"deletions":1}}},{"hash":"5a2dfef28dfefcdcdf47281cfc73ce2c1f26dcff","isMergeCommit":false,"messageTitle":"Fix more checkstyles","messageBody":"","fileTypesAndContributionMap":{"functional-code":{"insertions":18,"deletions":8}}},{"hash":"37421813f3394b7c0e516a165c2cd9ba5820c138","isMergeCommit":false,"messageTitle":"Finish fix checkstyle errors","messageBody":"","fileTypesAndContributionMap":{"functional-code":{"insertions":12,"deletions":2}}},{"hash":"a34260718971ae686907b8402e50347433a177ef","isMergeCommit":true,"messageTitle":"Merge pull request #28 from Puntart/add-role-field-contact","messageBody":"Add role field for contact","fileTypesAndContributionMap":{}}]}]},"authorFileTypeContributionMap":{"isaacyclai":{"docs":9,"functional-code":120,"test-code":14},"BoredFurry":{"docs":181,"functional-code":139,"test-code":194,"other":2},"Puntart":{"docs":6,"functional-code":371,"test-code":260}},"authorContributionVariance":{"isaacyclai":1034.0863,"BoredFurry":16881.291,"Puntart":29940.79},"authorDisplayNameMap":{"isaacyclai":"CS2103-F09-1 ISAA..HUNG","BoredFurry":"CS2103-F09-1 LIM .. IAN","Puntart":"CS2103-F09-1 MUHA..AIRI"}}
