{"authorDailyContributionsMap":{"MinhMXC":[{"date":"2025-09-29T00:00:00","commitResults":[{"hash":"437f17f43dd2414fd311ab6a1ada859d25a1225a","isMergeCommit":false,"messageTitle":"Update Minh\u0027s AboutUs page","messageBody":"","fileTypesAndContributionMap":{"docs":{"insertions":7,"deletions":6}}}]},{"date":"2025-09-30T00:00:00","commitResults":[{"hash":"3ee572e01103f6e0fd1cc91c4a423ff53e5a346b","isMergeCommit":true,"messageTitle":"Merge pull request #13 from gordontzx/branch-update-gordon-aboutus","messageBody":"Update Gordon\u0027s AboutUs page","fileTypesAndContributionMap":{}},{"hash":"c8b39f1a104e537b75b5278a29ce5d24d5979e6a","isMergeCommit":true,"messageTitle":"Merge pull request #24 from yuntaeseo/update-readme","messageBody":"Update README.md for Netwise","fileTypesAndContributionMap":{}},{"hash":"f3c53847b452e9f0d4961a49dac8c070f22c0cc8","isMergeCommit":true,"messageTitle":"Merge pull request #26 from XKMai/branch-update-sitewide-settings","messageBody":"Update site-wide settings","fileTypesAndContributionMap":{}}]},{"date":"2025-10-02T00:00:00","commitResults":[{"hash":"630fb03c4f9b4e08ea6967033c2bc5a6be8a0bd6","isMergeCommit":false,"messageTitle":"Add product scope and reminder use cases","messageBody":"","fileTypesAndContributionMap":{"docs":{"insertions":105,"deletions":22}}}]},{"date":"2025-10-08T00:00:00","commitResults":[{"hash":"852e87d9150c4060621243c14d4841a7614f584c","isMergeCommit":false,"messageTitle":"Extracted tags to global","messageBody":"","fileTypesAndContributionMap":{"functional-code":{"insertions":575,"deletions":88},"test-code":{"insertions":86,"deletions":77}}},{"hash":"affa416248732de485e12bfff87e03fee81fd1a1","isMergeCommit":false,"messageTitle":"Save tags to JSON data","messageBody":"","fileTypesAndContributionMap":{"functional-code":{"insertions":25,"deletions":3}}}]}],"duyLeu":[{"date":"2025-09-30T00:00:00","commitResults":[{"hash":"d0ab3beb832420176bc4d10d1a012711312c6445","isMergeCommit":false,"messageTitle":"Update AboutUs","messageBody":"","fileTypesAndContributionMap":{"docs":{"insertions":5,"deletions":5}}},{"hash":"c79bfaab2881800d9f49d766182af92926d017a8","isMergeCommit":true,"messageTitle":"Merge branch-Update-AboutUs","messageBody":"","fileTypesAndContributionMap":{}},{"hash":"66abfd94bcb674ea735edae98ecbce7be6e22ee1","isMergeCommit":true,"messageTitle":"Merge pull request #9 from MinhMXC/add-minh-aboutus","messageBody":"Update Minh\u0027s AboutUs page","fileTypesAndContributionMap":{}},{"hash":"bb6dfd6da04667a8d766b5307ee4afc767e30f59","isMergeCommit":true,"messageTitle":"Merge branch \u0027master\u0027 into branch-update-AboutUs-xiong-kai","messageBody":"","fileTypesAndContributionMap":{}},{"hash":"24e8a869cc807044ee12c0cb177e174f14fbd9e9","isMergeCommit":true,"messageTitle":"Merge pull request #21 from XKMai/branch-update-AboutUs-xiong-kai","messageBody":"Update Xiong Kai AboutUs Page","fileTypesAndContributionMap":{}},{"hash":"08d560e92061a5926f718c6354e81a37112f8230","isMergeCommit":false,"messageTitle":"Add user stories","messageBody":"","fileTypesAndContributionMap":{"docs":{"insertions":18,"deletions":10}}},{"hash":"607b5ad60006552ae7e0f97b1549a1098c97f683","isMergeCommit":false,"messageTitle":"Add the rest of the user stories","messageBody":"","fileTypesAndContributionMap":{"docs":{"insertions":35,"deletions":18}}},{"hash":"ccb68ce7556621eeadf0d7ea185ec3a995970bd8","isMergeCommit":false,"messageTitle":"Add","messageBody":"","fileTypesAndContributionMap":{"docs":{"insertions":16,"deletions":16}}}]},{"date":"2025-10-02T00:00:00","commitResults":[{"hash":"43ba579a25d2597e6af35df5dbc5ca9e3ffa993d","isMergeCommit":false,"messageTitle":"Redo user stories","messageBody":"","fileTypesAndContributionMap":{"docs":{"insertions":37,"deletions":22}}},{"hash":"58620dccd42c8c76e30f112153ed6d90b4029bca","isMergeCommit":true,"messageTitle":"Merge branch \u0027master\u0027 into duyLeu-branch-Update-DG","messageBody":"","fileTypesAndContributionMap":{}},{"hash":"62d0a07464080fea6b8e08d091a454c1d3815155","isMergeCommit":true,"messageTitle":"Merge pull request #35 from gordontzx/branch-add-tags-dg","messageBody":"Add tags use cases in DG","fileTypesAndContributionMap":{}}]}],"yuntaeseo":[{"date":"2025-09-30T00:00:00","commitResults":[{"hash":"3bf5ebee888dbdff8832a7b72f3c87b68ce9e397","isMergeCommit":false,"messageTitle":"Update yuntae AboutUs.md","messageBody":"For week 7 activity.\n","fileTypesAndContributionMap":{"docs":{"insertions":6,"deletions":6}}},{"hash":"70dc898fcd8ba87027fcf04509838d8262eefec2","isMergeCommit":false,"messageTitle":"Update README.md for Netwise","messageBody":"For week 7 task A.\n","fileTypesAndContributionMap":{"docs":{"insertions":6,"deletions":10}}}]},{"date":"2025-10-02T00:00:00","commitResults":[{"hash":"0d53d9d9dff83946a5899153492af9e78cd1be66","isMergeCommit":true,"messageTitle":"Merge pull request #30 from MinhMXC/update-dg","messageBody":"Add Product Scope and Reminder Use Cases","fileTypesAndContributionMap":{}},{"hash":"525c3178b69e470651a90fe7c0f29c3435ff6c01","isMergeCommit":false,"messageTitle":"Add Relationship, Save load, NFR to DG","messageBody":"Added with some typo fixed.\n","fileTypesAndContributionMap":{"docs":{"insertions":93,"deletions":5}}}]},{"date":"2025-10-08T00:00:00","commitResults":[{"hash":"df2e2f9e711887da82a741b809f1912aa3477de6","isMergeCommit":false,"messageTitle":"Fix duplicate tag message to JsonSerializableAddressBook.java","messageBody":"Fixed duplicate message for tags in #toModelType()","fileTypesAndContributionMap":{"functional-code":{"insertions":3,"deletions":2}}},{"hash":"d5a6e96cd6265f93342f3125bc01cf253462d44a","isMergeCommit":false,"messageTitle":"Update src/main/java/seedu/address/model/tag/UniqueTagList.java","messageBody":"Minor fix for javaDoc\n\nCo-authored-by: Copilot \u003c175728472+Copilot@users.noreply.github.com\u003e","fileTypesAndContributionMap":{"functional-code":{"insertions":1,"deletions":1}}},{"hash":"a9c668d8b4ed1fe6998f0c4ec10648d3cff0eb5e","isMergeCommit":false,"messageTitle":"Remove blank line in JsonSerializableAddressBook","messageBody":"Removed unnecessary blank line in JsonSerializableAddressBook.","fileTypesAndContributionMap":{"functional-code":{"insertions":0,"deletions":1}}},{"hash":"c70a3421f0f816ddc9bfb0125fe2298ece13357a","isMergeCommit":false,"messageTitle":"Change to TagException UniqueTagList.java","messageBody":"Fixed throwing a correct Exception for tag.\n\nCo-authored-by: Copilot \u003c175728472+Copilot@users.noreply.github.com\u003e","fileTypesAndContributionMap":{"functional-code":{"insertions":1,"deletions":1}}},{"hash":"2b404c9d97bae44a98656a83e10a95f680b90114","isMergeCommit":false,"messageTitle":"Remove unused import for DuplicatePersonException","messageBody":"Remove personException in UniqueTagList.java","fileTypesAndContributionMap":{"functional-code":{"insertions":0,"deletions":1}}},{"hash":"abec6c52a413581c798071324dd417111311a670","isMergeCommit":true,"messageTitle":"Merge pull request #39 from MinhMXC/extract-tags-global","messageBody":"Minor problem fixed. e.g. correct usage of exception, javadoc refinement, correct error message.","fileTypesAndContributionMap":{}}]}],"XKMai":[{"date":"2025-09-30T00:00:00","commitResults":[{"hash":"147078de9146384414a0ea7258e213d5a6b0176f","isMergeCommit":false,"messageTitle":"Update AboutUs.md","messageBody":"","fileTypesAndContributionMap":{"docs":{"insertions":11,"deletions":10}}},{"hash":"9da2fe59f1813a68e8c610d82ddc55a78d6381ef","isMergeCommit":true,"messageTitle":"Merge pull request #22 from AY2526S1-CS2103T-T16-1/duyLeu-delete-old-png","messageBody":"Delete duyleu.png","fileTypesAndContributionMap":{}},{"hash":"3f3acd2f8ce0b2a7410fd97887dad1d316ac1f42","isMergeCommit":true,"messageTitle":"Merge branch \u0027master\u0027 into branch-Update-AboutUs","messageBody":"","fileTypesAndContributionMap":{}},{"hash":"683e8b7a56a0cb609e079876ea3355ed389ecd62","isMergeCommit":true,"messageTitle":"Merge pull request #17 from duyLeu/branch-Update-AboutUs","messageBody":"Update Duy\u0027s AboutUs Page","fileTypesAndContributionMap":{}},{"hash":"48a9fb097e5298b0d8ac58e8212c419be36378a2","isMergeCommit":false,"messageTitle":"Update config.yml","messageBody":"","fileTypesAndContributionMap":{"other":{"insertions":2,"deletions":2}}},{"hash":"c05c0b5a7558953404a994c4c5994372fe4b3fc7","isMergeCommit":false,"messageTitle":"Fixed AboutUs","messageBody":"","fileTypesAndContributionMap":{"docs":{"insertions":12,"deletions":13}}}]},{"date":"2025-10-02T00:00:00","commitResults":[{"hash":"bd20796ecc98d226347885e077bbb407942b4c87","isMergeCommit":false,"messageTitle":"Add Contacts User Stories to DG","messageBody":"","fileTypesAndContributionMap":{"docs":{"insertions":98,"deletions":0}}},{"hash":"d0e90bea7e524fd2276c4aaddb16e9175d396aaa","isMergeCommit":true,"messageTitle":"Merge pull request #33 from yuntaeseo/update-yuntae-dg","messageBody":"Add Relationship, Save load, NFR to DG","fileTypesAndContributionMap":{}}]}],"gordontzx":[{"date":"2025-09-30T00:00:00","commitResults":[{"hash":"0fba638394671a22f1607351616264b8a76c1f46","isMergeCommit":false,"messageTitle":"Update AboutUs page","messageBody":"","fileTypesAndContributionMap":{"docs":{"insertions":4,"deletions":4}}},{"hash":"361b08cd85d3d58f72974ced85ee8137eac7b784","isMergeCommit":true,"messageTitle":"Merge pull request #15 from yuntaeseo/add-yuntae-aboutus","messageBody":"Update Yuntae\u0027s AboutUs page","fileTypesAndContributionMap":{}}]},{"date":"2025-10-02T00:00:00","commitResults":[{"hash":"da22dec5c813b910600b81a75461c4ca6f5d47b1","isMergeCommit":true,"messageTitle":"Merge pull request #34 from XKMai/branch-add-contacts-dg","messageBody":"Add Contacts Use Cases to DG","fileTypesAndContributionMap":{}},{"hash":"5899431d3c2518c24bf18de75d9791536b98d9fd","isMergeCommit":false,"messageTitle":"Add tags use cases in DG","messageBody":"","fileTypesAndContributionMap":{"docs":{"insertions":119,"deletions":0}}},{"hash":"a1b552dbcd3860e801ed0c0b676d75eeddf04c8f","isMergeCommit":true,"messageTitle":"Merge pull request #28 from duyLeu/duyLeu-branch-Update-DG","messageBody":"Add User Stories in DG","fileTypesAndContributionMap":{}}]}]},"authorFileTypeContributionMap":{"MinhMXC":{"docs":94,"functional-code":594,"test-code":86},"duyLeu":{"docs":40,"functional-code":0,"test-code":0},"yuntaeseo":{"docs":100,"functional-code":4,"test-code":0},"XKMai":{"docs":103,"functional-code":0,"test-code":0,"other":2},"gordontzx":{"docs":112,"functional-code":0,"test-code":0}},"authorContributionVariance":{"MinhMXC":34810.61,"duyLeu":847.6901,"yuntaeseo":478.5276,"XKMai":550.4399,"gordontzx":670.9274},"authorDisplayNameMap":{"MinhMXC":"CS2103T-T16-1 NGUY..MINH","duyLeu":"CS2103T-T16-1 LEU .. DUY","yuntaeseo":"CS2103T-T16-1 SEO ..NTAE","XKMai":"CS2103T-T16-1 MAI .. KAI","gordontzx":"CS2103T-T16-1 GORD..IANG"}}
