{"authorDailyContributionsMap":{"MinhMXC":[],"duyLeu":[],"yuntaeseo":[],"XKMai":[],"gordontzx":[]},"authorFileTypeContributionMap":{"MinhMXC":{"docs":0,"functional-code":0,"test-code":0},"duyLeu":{"docs":0,"functional-code":0,"test-code":0},"yuntaeseo":{"docs":0,"functional-code":0,"test-code":0},"XKMai":{"docs":0,"functional-code":0,"test-code":0},"gordontzx":{"docs":0,"functional-code":0,"test-code":0}},"authorContributionVariance":{"MinhMXC":0.0,"duyLeu":0.0,"yuntaeseo":0.0,"XKMai":0.0,"gordontzx":0.0},"authorDisplayNameMap":{"MinhMXC":"CS2103T-T16-1 NGUY..MINH","duyLeu":"CS2103T-T16-1 LEU .. DUY","yuntaeseo":"CS2103T-T16-1 SEO ..NTAE","XKMai":"CS2103T-T16-1 MAI .. KAI","gordontzx":"CS2103T-T16-1 GORD..IANG"}}
