{"authorDailyContributionsMap":{"yyssophie":[{"date":"2025-10-02T00:00:00","commitResults":[{"hash":"fee979bdfc9f4b3b4d578ba63ba6730913fd4b59","isMergeCommit":true,"messageTitle":"Merge pull request #23 from yyssophie/add-yusiYuan-branch","messageBody":"Close #16 update repo with Yusi\u0027s info","fileTypesAndContributionMap":{}},{"hash":"8b9e1925da2e2c8c188be3058423cb6a0a3a208f","isMergeCommit":false,"messageTitle":"Update AboutUs.md","messageBody":"","fileTypesAndContributionMap":{"docs":{"insertions":6,"deletions":7}}},{"hash":"6ace526533ba2c5de5263f224cf64d57b494a628","isMergeCommit":true,"messageTitle":"Merge pull request #26 from yyssophie/add-yusiYuan-branch","messageBody":"Resolve #22 update AboutUs.md","fileTypesAndContributionMap":{}}]},{"date":"2025-10-09T00:00:00","commitResults":[{"hash":"c28c5133a039630c6b4e7996f7a13b384ed4fb9f","isMergeCommit":false,"messageTitle":"Add case-insensitive substring helper","messageBody":"","fileTypesAndContributionMap":{"functional-code":{"insertions":21,"deletions":0}}},{"hash":"071d233e45bb8284ba303995ad53db09c82f0bec","isMergeCommit":false,"messageTitle":"Add tests for substring helper","messageBody":"","fileTypesAndContributionMap":{"test-code":{"insertions":32,"deletions":0}}},{"hash":"d49f00d410b76f4171d1e55137c2a7dfd603b8ef","isMergeCommit":true,"messageTitle":"Merge pull request #55 from yyssophie/add-searching","messageBody":"Add case-insensitive substring helper","fileTypesAndContributionMap":{}}]},{"date":"2025-10-16T00:00:00","commitResults":[{"hash":"4309d23b8ea895323bd139938c0c6ffc07d8381b","isMergeCommit":false,"messageTitle":"Update find command for substring search","messageBody":"","fileTypesAndContributionMap":{"functional-code":{"insertions":67,"deletions":20},"test-code":{"insertions":54,"deletions":34}}},{"hash":"e978dc4f05553a801b3a6ab3cb56f91d511b59b1","isMergeCommit":false,"messageTitle":"Update find command for substring search","messageBody":"","fileTypesAndContributionMap":{"test-code":{"insertions":2,"deletions":1}}},{"hash":"93014148e594c53d3900bcd8338a77ed5da13530","isMergeCommit":true,"messageTitle":"Merge pull request #72 from yyssophie/add-searching","messageBody":"Update find command for substring search\nFix #48","fileTypesAndContributionMap":{}}]},{"date":"2025-10-23T00:00:00","commitResults":[{"hash":"2b3d6a70c29b67b800d504914f495b4e3fcbe34c","isMergeCommit":false,"messageTitle":"Link help window to hosted user guide","messageBody":"","fileTypesAndContributionMap":{"functional-code":{"insertions":35,"deletions":2}}},{"hash":"5c1728285ac899857323d8b66e6509a391178547","isMergeCommit":false,"messageTitle":"Remove clickable link","messageBody":"","fileTypesAndContributionMap":{"functional-code":{"insertions":1,"deletions":33},"other":{"insertions":577,"deletions":0}}},{"hash":"ef69bdff98ae73e7284a8efe3aa36c5bc3071acf","isMergeCommit":false,"messageTitle":"Stop tracking bin directory","messageBody":"","fileTypesAndContributionMap":{"functional-code":{"insertions":17,"deletions":5},"other":{"insertions":0,"deletions":577},"test-code":{"insertions":30,"deletions":0}}},{"hash":"3e82e39155d6b7169bdd65bbd1e1c6a0b5bbd2fb","isMergeCommit":false,"messageTitle":"Fix checkstyle issue","messageBody":"","fileTypesAndContributionMap":{"functional-code":{"insertions":5,"deletions":17},"test-code":{"insertions":9,"deletions":25}}},{"hash":"dd506f9683d1c9e00fd65320081063cbcf869f86","isMergeCommit":false,"messageTitle":"Add csv export command with ui button","messageBody":"","fileTypesAndContributionMap":{"functional-code":{"insertions":240,"deletions":1},"other":{"insertions":7,"deletions":0},"docs":{"insertions":14,"deletions":0},"test-code":{"insertions":152,"deletions":0}}},{"hash":"9abff1ea5c20bb52a689766cfa6128e3c8cb7a3a","isMergeCommit":false,"messageTitle":"Add tests and remove class files","messageBody":"","fileTypesAndContributionMap":{"other":{"insertions":0,"deletions":584},"test-code":{"insertions":59,"deletions":0}}},{"hash":"332d0a5d75eda49cb05b8568c07029f113f47a84","isMergeCommit":true,"messageTitle":"Merge pull request #88 from yyssophie/update-help-branch","messageBody":"Link help window to hosted user guide","fileTypesAndContributionMap":{}},{"hash":"97fecac35baf385762b65d47a08310c1f50a7a9c","isMergeCommit":true,"messageTitle":"Merge branch \u0027master\u0027 into csv-export-branch","messageBody":"","fileTypesAndContributionMap":{}},{"hash":"2d627c80c54edc67e9dc35d2528aab5413e73304","isMergeCommit":true,"messageTitle":"Merge pull request #92 from yyssophie/csv-export-branch","messageBody":"Add feature to export to csv file","fileTypesAndContributionMap":{}},{"hash":"b6bcfbdcc7916fa83e6914ba0cebd809a4745585","isMergeCommit":false,"messageTitle":"Reflect export feature in diagrams","messageBody":"","fileTypesAndContributionMap":{"docs":{"insertions":15,"deletions":4}}},{"hash":"4d52d5202b0c08ab8601440c51dfcf08d261e03c","isMergeCommit":true,"messageTitle":"Merge pull request #96 from yyssophie/modify-diagram","messageBody":"Reflect export feature in diagrams","fileTypesAndContributionMap":{}}]}],"Haxatron":[{"date":"2025-10-02T00:00:00","commitResults":[{"hash":"f3da905026eee687802a3a23a4e8824bbae1c333","isMergeCommit":true,"messageTitle":"Merge pull request #29 from Haxatron/add-axel-info","messageBody":"Readd info to practice forking workflow","fileTypesAndContributionMap":{}},{"hash":"ca13ea209d85c33468e5f5ba6590b9ef7517cc6d","isMergeCommit":false,"messageTitle":"Update Axel\u0027s About Us","messageBody":"","fileTypesAndContributionMap":{"docs":{"insertions":6,"deletions":0}}}]},{"date":"2025-10-05T00:00:00","commitResults":[{"hash":"e7b382bd0877e5012ea5ce26ea0cec2dc8a04a09","isMergeCommit":false,"messageTitle":"Update DG to first draft","messageBody":"","fileTypesAndContributionMap":{"docs":{"insertions":19,"deletions":26}}}]},{"date":"2025-10-09T00:00:00","commitResults":[{"hash":"b4e652fbcbb348d01ee18d79258b87540c54efab","isMergeCommit":false,"messageTitle":"Add Telegram username object","messageBody":"","fileTypesAndContributionMap":{"functional-code":{"insertions":68,"deletions":0},"test-code":{"insertions":60,"deletions":0}}},{"hash":"b6800572d8ce112d4ee3eff2ae88ad134e0b3c51","isMergeCommit":false,"messageTitle":"Increase code coverage","messageBody":"","fileTypesAndContributionMap":{"test-code":{"insertions":3,"deletions":0}}},{"hash":"37be84435a8ca3ae9312e53042967f662cac16bc","isMergeCommit":true,"messageTitle":"Merge pull request #60 from Haxatron/add-telegram","messageBody":"Add Telegram username object","fileTypesAndContributionMap":{}}]},{"date":"2025-10-15T00:00:00","commitResults":[{"hash":"7b9243cd969284e3254763605823168e48b4abdb","isMergeCommit":false,"messageTitle":"Implement listsession command","messageBody":"","fileTypesAndContributionMap":{"functional-code":{"insertions":149,"deletions":0},"test-code":{"insertions":218,"deletions":0}}},{"hash":"de8e80a72ee6f6d40325faebccdb9e6a2fe47a1b","isMergeCommit":false,"messageTitle":"Add addressbook parser test","messageBody":"","fileTypesAndContributionMap":{"test-code":{"insertions":11,"deletions":0}}},{"hash":"c635f3760545c291b2e429529d2288d068f1e1c5","isMergeCommit":true,"messageTitle":"Merge pull request #68 from Haxatron/listsession-cmd","messageBody":"Implement listsession command","fileTypesAndContributionMap":{}}]},{"date":"2025-10-23T00:00:00","commitResults":[{"hash":"4053d3acbbfea1a7eba5887fb1ee78e38d40218f","isMergeCommit":false,"messageTitle":"Add person and session limit (no-tests)","messageBody":"","fileTypesAndContributionMap":{"functional-code":{"insertions":179,"deletions":0},"test-code":{"insertions":13,"deletions":1}}}]},{"date":"2025-10-24T00:00:00","commitResults":[{"hash":"8ba62364f9a9c29026d0378e15149237c8cf52c6","isMergeCommit":false,"messageTitle":"Add JsonSerializableAddressBook tests","messageBody":"","fileTypesAndContributionMap":{"functional-code":{"insertions":2,"deletions":2},"test-code":{"insertions":20,"deletions":0}}},{"hash":"df242fe6b69caa6e2e550ee1c424f12aa3c17090","isMergeCommit":false,"messageTitle":"Add AddCommand tests","messageBody":"","fileTypesAndContributionMap":{"test-code":{"insertions":62,"deletions":1}}},{"hash":"478ca3500d890d1596849ecdd8dc34e46331bab3","isMergeCommit":false,"messageTitle":"Enforce 500 name length limit","messageBody":"","fileTypesAndContributionMap":{"functional-code":{"insertions":6,"deletions":4},"test-code":{"insertions":2,"deletions":0}}},{"hash":"0bbca81dd050270238b0ef829e2b54131e4ad6b4","isMergeCommit":true,"messageTitle":"Merge pull request #101 from Haxatron/person-session-limits","messageBody":"Add person and session limit","fileTypesAndContributionMap":{}},{"hash":"5ecc702c442dd4b85941f4db97903cffb3863e14","isMergeCommit":true,"messageTitle":"Merge pull request #102 from Haxatron/name-length-limits","messageBody":"Enforce 500 name length limit","fileTypesAndContributionMap":{}}]}],"DavidShenJingtao":[{"date":"2025-09-21T00:00:00","commitResults":[{"hash":"d53f4cc6970ff320b3f33e4f180057182e21f6d2","isMergeCommit":false,"messageTitle":"Add README.md","messageBody":"","fileTypesAndContributionMap":{"docs":{"insertions":1,"deletions":1}}},{"hash":"aac914bc8bef9d1b223a75958b39485af667f0a9","isMergeCommit":true,"messageTitle":"Merge pull request #13 from DavidShenJingtao/master","messageBody":"Add README.md","fileTypesAndContributionMap":{}}]},{"date":"2025-09-30T00:00:00","commitResults":[{"hash":"ab6cd5f6cd340fca1f5f656f06f5c3898b80a322","isMergeCommit":false,"messageTitle":"Revert \"Add README.md\"","messageBody":"This reverts commit d53f4cc6970ff320b3f33e4f180057182e21f6d2.\n","fileTypesAndContributionMap":{"docs":{"insertions":1,"deletions":1}}},{"hash":"65ec1ceb742ad46660f81218f8d130f325937880","isMergeCommit":true,"messageTitle":"Merge branch \u0027master\u0027 of https://github.com/DavidShenJingtao/tp","messageBody":"","fileTypesAndContributionMap":{}},{"hash":"b476e7e0ff960ec051c5c098f21d31537e76ae0e","isMergeCommit":false,"messageTitle":"Recover README.md","messageBody":"","fileTypesAndContributionMap":{"docs":{"insertions":1,"deletions":1}}}]},{"date":"2025-10-02T00:00:00","commitResults":[{"hash":"ce8a2932c3355534396163209271fd963ab69df4","isMergeCommit":true,"messageTitle":"Merge branch \u0027master\u0027 of https://github.com/AY2526S1-CS2103T-F15a-1/tp","messageBody":"","fileTypesAndContributionMap":{}},{"hash":"b71539b37c40127f7663b016591314ed78500fd6","isMergeCommit":true,"messageTitle":"Merge branch \u0027master\u0027 of https://github.com/AY2526S1-CS2103T-F15a-1/tp","messageBody":"","fileTypesAndContributionMap":{}},{"hash":"ce79cdb1d28fd127dd8bd2765e3009fc0e819fa3","isMergeCommit":true,"messageTitle":"Merge branch \u0027master\u0027 into add-shenJingtao-info","messageBody":"","fileTypesAndContributionMap":{}},{"hash":"8f48af281393475cf7ecda735bb6756136a7ce47","isMergeCommit":true,"messageTitle":"Merge branch \u0027master\u0027 of https://github.com/AY2526S1-CS2103T-F15a-1/tp into add-shenJingtao-info","messageBody":"","fileTypesAndContributionMap":{}},{"hash":"854a5dff4182b88550a57a5e2828e76053a46190","isMergeCommit":true,"messageTitle":"Merge branch \u0027master\u0027 of https://github.com/AY2526S1-CS2103T-F15a-1/tp","messageBody":"","fileTypesAndContributionMap":{}},{"hash":"96887f856ead6013a447cfea99f4c5f4a6ffd851","isMergeCommit":false,"messageTitle":"Update AboutUs.md with Jingtao\u0027s information","messageBody":"","fileTypesAndContributionMap":{"docs":{"insertions":12,"deletions":28}}},{"hash":"4c783625f56faf88e83d8f28629798e948cccba6","isMergeCommit":true,"messageTitle":"Merge pull request #30 from DavidShenJingtao/add-shenJingtao-info","messageBody":"Updating the AboutUs Page with Jingtao\u0027s information","fileTypesAndContributionMap":{}},{"hash":"6830ae0f03d640ecb890a4876c4a4ed39b6b0512","isMergeCommit":true,"messageTitle":"Merge pull request #34 from Haxatron/update-axel-about-us","messageBody":"Update Axel\u0027s about us","fileTypesAndContributionMap":{}}]},{"date":"2025-10-03T00:00:00","commitResults":[{"hash":"c24fe9f78532f0ea697cb0043cb0b40a26fa692e","isMergeCommit":true,"messageTitle":"Merge branch \u0027master\u0027 into add-shenJingtao-info","messageBody":"","fileTypesAndContributionMap":{}},{"hash":"8bcb37fc3b41978070f552784babb01ccc85c538","isMergeCommit":false,"messageTitle":"Update README.md","messageBody":"","fileTypesAndContributionMap":{"other":{"insertions":1,"deletions":1},"docs":{"insertions":23,"deletions":11}}},{"hash":"b5a3d07740819b6060f0e38ad635c43e49eaf840","isMergeCommit":false,"messageTitle":"Modify README.md","messageBody":"","fileTypesAndContributionMap":{"docs":{"insertions":1,"deletions":0}}},{"hash":"dacd3519420423ea5081b32e236d04360a30c582","isMergeCommit":false,"messageTitle":"Fix style error of README.md","messageBody":"","fileTypesAndContributionMap":{"docs":{"insertions":1,"deletions":1}}},{"hash":"fa681272bea60b1f9d15d737e577f09722493d2b","isMergeCommit":true,"messageTitle":"Merge pull request #37 from DavidShenJingtao/add-shenJingtao-info","messageBody":"Update README.md","fileTypesAndContributionMap":{}}]},{"date":"2025-10-05T00:00:00","commitResults":[{"hash":"5eaf5b3fd58f2d55f2db9aec8e027af37f4ca410","isMergeCommit":true,"messageTitle":"Merge pull request #38 from Haxatron/update-dg","messageBody":"Update DG to first draft","fileTypesAndContributionMap":{}},{"hash":"6dfc40f2d6ea71a76faa64f0607d0370f6d1b986","isMergeCommit":true,"messageTitle":"Merge branch \u0027master\u0027 into add-shenJingtao-info","messageBody":"","fileTypesAndContributionMap":{}},{"hash":"baf8b73a107fa91bed40d5a6eb1e9f2ece8c5045","isMergeCommit":false,"messageTitle":"Update DeveloperGuide.md with add command use case","messageBody":"","fileTypesAndContributionMap":{"docs":{"insertions":77,"deletions":19}}},{"hash":"1c55a2a7f2f8edc7fe90ebbb3a903e910fe5fc9d","isMergeCommit":true,"messageTitle":"Merge pull request #39 from DavidShenJingtao/add-shenJingtao-info","messageBody":"Update DeveloperGuide.md","fileTypesAndContributionMap":{}},{"hash":"b43bb5619eb4d0e3916a25ffb11d12d5ac1b9be9","isMergeCommit":true,"messageTitle":"Merge pull request #40 from BJoozz/update-dg-usecase-session","messageBody":"Add UC5 (List all student contacts in a specific session) to Developer Guide","fileTypesAndContributionMap":{}}]},{"date":"2025-10-08T00:00:00","commitResults":[{"hash":"354a6573e6757f4085379fd8ae2bd9480f87f409","isMergeCommit":true,"messageTitle":"Merge pull request #45 from BJoozz/add-session-class","messageBody":"Add Session value object and unit tests","fileTypesAndContributionMap":{}}]},{"date":"2025-10-09T00:00:00","commitResults":[{"hash":"a9a8ffbe1809bc03013a3cdbd282a28000bc36f7","isMergeCommit":false,"messageTitle":"Add Type.java","messageBody":"","fileTypesAndContributionMap":{"functional-code":{"insertions":60,"deletions":0},"test-code":{"insertions":60,"deletions":0}}},{"hash":"131553f4051f6cc3388ebbb70380d571d38ebe4e","isMergeCommit":false,"messageTitle":"Modify code coverage for NFR in DeveloperGuide.md","messageBody":"","fileTypesAndContributionMap":{"docs":{"insertions":1,"deletions":1}}},{"hash":"bce2af044146a8be4682702dcbdf688e5c3c1a0c","isMergeCommit":true,"messageTitle":"Merge pull request #56 from DavidShenJingtao/add-shenJingtao-addCommand","messageBody":"Modify tag to type specifier in add command","fileTypesAndContributionMap":{}},{"hash":"5d37b747bdb9335fe3c5df87b6efc255ded65907","isMergeCommit":true,"messageTitle":"Merge branch \u0027master\u0027 into add-shenJingtao-addCommand","messageBody":"","fileTypesAndContributionMap":{}},{"hash":"ea512a956344784c91a7d03fa14c482158a8bc27","isMergeCommit":true,"messageTitle":"Merge branch \u0027master\u0027 into add-shenJingtao-addCommand","messageBody":"","fileTypesAndContributionMap":{}}]},{"date":"2025-10-15T00:00:00","commitResults":[{"hash":"e34dc53b114579c33d6d2f28450968e888026f3c","isMergeCommit":false,"messageTitle":"Modify Person.java and format of add command","messageBody":"","fileTypesAndContributionMap":{"functional-code":{"insertions":324,"deletions":220},"test-code":{"insertions":499,"deletions":331}}},{"hash":"85f2e141fa7cf9ac1ead2dcf887d7e3717e97313","isMergeCommit":false,"messageTitle":"Modify PersonListCard.fxml","messageBody":"","fileTypesAndContributionMap":{"functional-code":{"insertions":22,"deletions":25}}},{"hash":"3dd868aa0b861a1335a48ad6f088f26fc84776c9","isMergeCommit":true,"messageTitle":"Merge pull request #67 from DavidShenJingtao/add-shenJingtao-addCommand","messageBody":"Add functionality of Adding Contacts to the Contact List","fileTypesAndContributionMap":{}},{"hash":"08e401187fa0c13abaaa37195ef88f44226ef22d","isMergeCommit":true,"messageTitle":"Merge branch \u0027master\u0027 into add-shenJingtao-addCommand","messageBody":"","fileTypesAndContributionMap":{}}]},{"date":"2025-10-16T00:00:00","commitResults":[{"hash":"8ab2b3973e9bb69969677b6a0b002b5e88cca91f","isMergeCommit":true,"messageTitle":"Merge branch \u0027master\u0027 of https://github.com/AY2526S1-CS2103T-F15a-1/tp into add-shenJingtao-addCommand","messageBody":"","fileTypesAndContributionMap":{}}]},{"date":"2025-10-17T00:00:00","commitResults":[{"hash":"3c1458d49f5c4e6d543d013e445b59aea1b50317","isMergeCommit":true,"messageTitle":"Merge branch \u0027master\u0027 into add-shenJingtao-addCommand","messageBody":"","fileTypesAndContributionMap":{}}]},{"date":"2025-10-21T00:00:00","commitResults":[{"hash":"00e644a5930a1a60902864a813f0c1a5eaa9faf3","isMergeCommit":false,"messageTitle":"Modify EditCommand.java","messageBody":"","fileTypesAndContributionMap":{"functional-code":{"insertions":59,"deletions":23},"test-code":{"insertions":13,"deletions":4}}}]},{"date":"2025-10-23T00:00:00","commitResults":[{"hash":"0bbeb4ad4937bed9f3a99f4c95abab2766fef006","isMergeCommit":false,"messageTitle":"Remove edit command","messageBody":"","fileTypesAndContributionMap":{"functional-code":{"insertions":0,"deletions":381},"test-code":{"insertions":0,"deletions":597}}},{"hash":"8fc51b662aa8cd250cb0e238d758465df26e6e92","isMergeCommit":false,"messageTitle":"Enable assertions in build.gradle","messageBody":"","fileTypesAndContributionMap":{"other":{"insertions":4,"deletions":0}}},{"hash":"82cdabf4ee5c2d53a88b0930b853f9d8c82773a5","isMergeCommit":false,"messageTitle":"Update test code","messageBody":"","fileTypesAndContributionMap":{"functional-code":{"insertions":1,"deletions":371},"other":{"insertions":4,"deletions":0},"test-code":{"insertions":0,"deletions":594}}},{"hash":"450cfde1973ebb746847acfe1b066bf011bf136e","isMergeCommit":true,"messageTitle":"Merge pull request #85 from DavidShenJingtao/add-shenJingtao-addCommand","messageBody":"Remove EditCommand","fileTypesAndContributionMap":{}},{"hash":"da2e6368170dc105788a62b037002845c3045fe7","isMergeCommit":true,"messageTitle":"Modify CommandTestUtil.java","messageBody":"","fileTypesAndContributionMap":{}},{"hash":"b0b19d595c8d3648eeb7841566a38f128c76e2d0","isMergeCommit":true,"messageTitle":"Merge pull request #86 from DavidShenJingtao/add-shenJingtao-test","messageBody":"Update test code","fileTypesAndContributionMap":{}}]}],"BJoozz":[{"date":"2025-10-02T00:00:00","commitResults":[{"hash":"c74427ab02c83ea60830db6022ddcb7d6b49973a","isMergeCommit":true,"messageTitle":"Merge pull request #32 from BJoozz/update-photo-bao","messageBody":"Update repo with Bao\u0027s info","fileTypesAndContributionMap":{}},{"hash":"bbea71264d96f7aaab3f17315d89dfd4ebccd2ee","isMergeCommit":false,"messageTitle":"docs(AboutUs): add Bao\u0027s profile and role(s)","messageBody":"","fileTypesAndContributionMap":{"docs":{"insertions":5,"deletions":0}}}]},{"date":"2025-10-03T00:00:00","commitResults":[{"hash":"eb815a52c9f8bc1049e4220e36a40927777662a3","isMergeCommit":true,"messageTitle":"Merge pull request #35 from BJoozz/aboutus/bjoozz","messageBody":"docs(AboutUs): add Bao\u0027s profile and role(s)","fileTypesAndContributionMap":{}}]},{"date":"2025-10-05T00:00:00","commitResults":[{"hash":"983c9a5ad5c7661b225ffff591768d050c3ed818","isMergeCommit":false,"messageTitle":"Add UC5: List all student contacts in a specific session to DG","messageBody":"","fileTypesAndContributionMap":{"docs":{"insertions":29,"deletions":0}}}]},{"date":"2025-10-08T00:00:00","commitResults":[{"hash":"879c5b6f76108cc8b00a34ee0ee367c63a8781fe","isMergeCommit":false,"messageTitle":"Add Session value object and unit tests","messageBody":"","fileTypesAndContributionMap":{"functional-code":{"insertions":57,"deletions":0},"test-code":{"insertions":62,"deletions":0}}},{"hash":"db19307eb5b55dd2b20401c1b3204b27785d72d7","isMergeCommit":false,"messageTitle":"fix: resolve build error in Session class","messageBody":"","fileTypesAndContributionMap":{"functional-code":{"insertions":4,"deletions":0},"test-code":{"insertions":1,"deletions":1}}}]},{"date":"2025-10-16T00:00:00","commitResults":[{"hash":"3a9287dbb9f39b2874e06687461f270abc022149","isMergeCommit":false,"messageTitle":"WIP: add comparator for sorting list and listsession commands","messageBody":"","fileTypesAndContributionMap":{"functional-code":{"insertions":61,"deletions":0},"test-code":{"insertions":50,"deletions":0}}},{"hash":"1f6977f65886bdec026d60ce38c523ca2207cc5c","isMergeCommit":false,"messageTitle":"chore: remove unused imports to pass CheckstyleMain","messageBody":"","fileTypesAndContributionMap":{"functional-code":{"insertions":0,"deletions":3}}},{"hash":"321d1b7238e0f1ac82810c0b3d3b3c2cef7de642","isMergeCommit":true,"messageTitle":"Merge pull request #76 from BJoozz/sort-list-and-listsession","messageBody":"Add comparator for sorting list and listsession commands","fileTypesAndContributionMap":{}},{"hash":"14794c5664d02b7ad6c8bc0d35a4a1aa88946db9","isMergeCommit":false,"messageTitle":"Update DG use case UC5 to reflect new listsession behavior","messageBody":"","fileTypesAndContributionMap":{"docs":{"insertions":7,"deletions":7}}},{"hash":"18e485a39257ee5961530f04ef15e5bc041320f4","isMergeCommit":true,"messageTitle":"Merge pull request #78 from BJoozz/update-dg-listsession","messageBody":"Update DG use case UC5 to reflect new listsession behavior","fileTypesAndContributionMap":{}}]},{"date":"2025-10-17T00:00:00","commitResults":[{"hash":"587d4c2e8e49035bc09b74e3cae998c72effae1b","isMergeCommit":false,"messageTitle":"Update version to v1.3.0 and rename JAR to TAConnect-v1.3-all.jar","messageBody":"","fileTypesAndContributionMap":{"functional-code":{"insertions":1,"deletions":1},"other":{"insertions":1,"deletions":1}}},{"hash":"398c37d8504946962bae24df8b7a27908ec4ffc4","isMergeCommit":true,"messageTitle":"Merge pull request #80 from BJoozz/update-version-v1.3","messageBody":"Update version to v1.3.0 and rename JAR to TAConnect-v1.3-all.jar","fileTypesAndContributionMap":{}},{"hash":"ade869b4856bd01eb9236d5e21ac7e58c59d3a82","isMergeCommit":false,"messageTitle":"Tests: touch MainApp.VERSION so tiny bumps don\u0027t trip Codecov","messageBody":"","fileTypesAndContributionMap":{"test-code":{"insertions":13,"deletions":0}}},{"hash":"aab7f43ffeb6c79a4bc9b6319b46b0233fcb8640","isMergeCommit":true,"messageTitle":"Merge pull request #82 from BJoozz/fix/version-test","messageBody":"Add test for MainApp.VERSION to satisfy Codecov patch check","tags":["v1.3","untagged-fcf33f91c201f78e732c"],"fileTypesAndContributionMap":{}}]},{"date":"2025-10-23T00:00:00","commitResults":[{"hash":"f6f3e0c488ff3a62cef087f5ba9843c39e555737","isMergeCommit":false,"messageTitle":"test: fix ListSessionCommandTest to use valid non-existent session (S99)","messageBody":"","fileTypesAndContributionMap":{"functional-code":{"insertions":2,"deletions":3},"test-code":{"insertions":4,"deletions":1}}},{"hash":"bed21917c1cdbe25113eb17eff495c3fa1063db4","isMergeCommit":false,"messageTitle":"feat: update session validation to disallow leading zeros (e.g., G01)","messageBody":"","fileTypesAndContributionMap":{"functional-code":{"insertions":2,"deletions":1}}},{"hash":"3384627296359e77f36c172c292ab28e0ec5377c","isMergeCommit":false,"messageTitle":"fix: resolve Checkstyle issues","messageBody":"","fileTypesAndContributionMap":{"functional-code":{"insertions":2,"deletions":1},"test-code":{"insertions":1,"deletions":1}}},{"hash":"ba0f557c3143387ce67bf7e2d21fb1b63e46f769","isMergeCommit":true,"messageTitle":"Merge pull request #100 from BJoozz/update-session-validation","messageBody":"feat(session): disallow leading zeros in session identifiers (e.g., G01 → invalid)","fileTypesAndContributionMap":{}}]}],"chcischc":[{"date":"2025-10-02T00:00:00","commitResults":[{"hash":"5f8c7a72ba5087e50fef1dd636fffdcc564f4030","isMergeCommit":false,"messageTitle":"Update AboutUs.md","messageBody":"","fileTypesAndContributionMap":{"docs":{"insertions":4,"deletions":6}}},{"hash":"d12210ad435efec1a58ea2b7a5c9f55ddd06ab86","isMergeCommit":true,"messageTitle":"Merge pull request #27 from chcischc/add-haoxiangZhang-info","messageBody":"Update AboutUs.md","fileTypesAndContributionMap":{}}]},{"date":"2025-10-05T00:00:00","commitResults":[{"hash":"e64f6f05bd75983f39621b9b35db005bb1288ced","isMergeCommit":false,"messageTitle":"Add UC2 and UC3 in Developer Guide","messageBody":"","fileTypesAndContributionMap":{"docs":{"insertions":53,"deletions":0}}},{"hash":"58d8cea5ebbbe2cae10b94313c4a4d174a3588d5","isMergeCommit":true,"messageTitle":"Merge pull request #41 from chcischc/master","messageBody":"Add UC2 and UC3 in Developer Guide","fileTypesAndContributionMap":{}}]},{"date":"2025-10-09T00:00:00","commitResults":[{"hash":"b0d7d9862e6e2dfb230aae79a98461feb7fccce3","isMergeCommit":false,"messageTitle":"Support deleting multiple contacts by index","messageBody":"","fileTypesAndContributionMap":{"functional-code":{"insertions":62,"deletions":15},"docs":{"insertions":5,"deletions":4},"test-code":{"insertions":39,"deletions":11}}},{"hash":"e10a655462de0c9a8f12ad58ccdbdf4b59a19954","isMergeCommit":false,"messageTitle":"Add Javadoc for DeleteCommand constructor","messageBody":"","fileTypesAndContributionMap":{"functional-code":{"insertions":6,"deletions":0}}},{"hash":"1f3fe71a5890aa84c8d22a950aef5ab129f85fac","isMergeCommit":false,"messageTitle":"Add tests for multi-index delete","messageBody":"","fileTypesAndContributionMap":{"test-code":{"insertions":26,"deletions":0}}},{"hash":"5139d3362758bfae5af1908e0465760253140858","isMergeCommit":true,"messageTitle":"Merge pull request #51 from chcischc/mvp-delete-contact","messageBody":"Support deleting multiple contacts by index","fileTypesAndContributionMap":{}},{"hash":"2e90b4e9501b673c1629c6c2987394d042e39624","isMergeCommit":false,"messageTitle":"Support delete-by-name selectors","messageBody":"","fileTypesAndContributionMap":{"functional-code":{"insertions":155,"deletions":27},"docs":{"insertions":5,"deletions":2},"test-code":{"insertions":151,"deletions":18}}},{"hash":"a217846595f9af30337d0856145132d45325ab95","isMergeCommit":true,"messageTitle":"Merge pull request #52 from chcischc/mvp-delete-contact","messageBody":"Support delete-by-name selectors","fileTypesAndContributionMap":{}}]},{"date":"2025-10-16T00:00:00","commitResults":[{"hash":"1d18ea7097866f45eb379bc607946d2e970b5dee","isMergeCommit":false,"messageTitle":"Add command alias for delete operation","messageBody":"","fileTypesAndContributionMap":{"functional-code":{"insertions":2,"deletions":0},"docs":{"insertions":4,"deletions":2},"test-code":{"insertions":14,"deletions":0}}},{"hash":"8243cc7467b0c28a37202e1a686263eafd8a633e","isMergeCommit":true,"messageTitle":"Merge pull request #71 from chcischc/mvp-delete-contact","messageBody":"Add command alias for delete operation","fileTypesAndContributionMap":{}},{"hash":"e6ee4977c06085413ebd54b906b56953afe45af7","isMergeCommit":false,"messageTitle":"Implement index range support for delete","messageBody":"","fileTypesAndContributionMap":{"functional-code":{"insertions":26,"deletions":0},"docs":{"insertions":5,"deletions":2},"test-code":{"insertions":42,"deletions":0}}},{"hash":"dd6a59c231337eb1420390c5127a9d85919d3a0f","isMergeCommit":true,"messageTitle":"Merge pull request #73 from chcischc/mvp-delete-contact","messageBody":"Implement index range support for delete","fileTypesAndContributionMap":{}},{"hash":"e2fe179e83363fe40e5106fd3f2f51e2714cd357","isMergeCommit":false,"messageTitle":"Add undo delete","messageBody":"","fileTypesAndContributionMap":{"functional-code":{"insertions":127,"deletions":0},"docs":{"insertions":10,"deletions":0},"test-code":{"insertions":86,"deletions":0}}},{"hash":"f8e5299b98dbdbd6ac9c14f0bd7c38cf0df584e2","isMergeCommit":false,"messageTitle":"Add undo delete tests","messageBody":"","fileTypesAndContributionMap":{"functional-code":{"insertions":10,"deletions":0},"test-code":{"insertions":55,"deletions":0}}},{"hash":"7c5c2f544e3733ac0af1b3cc13ae93b133eb3cbf","isMergeCommit":true,"messageTitle":"Merge pull request #74 from chcischc/mvp-delete-contact","messageBody":"Add undo delete\n#Close #47","fileTypesAndContributionMap":{}}]},{"date":"2025-10-23T00:00:00","commitResults":[{"hash":"eb4213f7e2c49d0715d14c89655939764e28f2e3","isMergeCommit":false,"messageTitle":"Implement undo command","messageBody":"","fileTypesAndContributionMap":{"functional-code":{"insertions":140,"deletions":136},"docs":{"insertions":5,"deletions":5},"test-code":{"insertions":110,"deletions":138}}},{"hash":"61ce331935c9d1ce7e6c6d33a003a4aff986d0a9","isMergeCommit":false,"messageTitle":"Add coverage tests for undo","messageBody":"","fileTypesAndContributionMap":{"test-code":{"insertions":27,"deletions":0}}},{"hash":"99dc7c0e686c55e09981de5812ad53614a8df5f3","isMergeCommit":false,"messageTitle":"Add undo feedback","messageBody":"","fileTypesAndContributionMap":{"functional-code":{"insertions":77,"deletions":22},"docs":{"insertions":2,"deletions":2},"test-code":{"insertions":33,"deletions":5}}},{"hash":"e0db031c03e115635d260b193017be1c7714559b","isMergeCommit":false,"messageTitle":"Add coverage tests for undo feedback","messageBody":"","fileTypesAndContributionMap":{"test-code":{"insertions":27,"deletions":1}}},{"hash":"52bcdf78b4f7a4452e1a790b3cd385f55511f487","isMergeCommit":true,"messageTitle":"Merge pull request #89 from chcischc/branch-undo","messageBody":"Implement undo command","fileTypesAndContributionMap":{}},{"hash":"b21b053515dda1cd043247f4c4ac9ec0f62d9b48","isMergeCommit":true,"messageTitle":"Merge pull request #93 from chcischc/branch-undo-feedback","messageBody":"Branch undo feedback","fileTypesAndContributionMap":{}},{"hash":"3c54a260ca3fed1c62741f14399c565aab8f0f75","isMergeCommit":false,"messageTitle":"Add a cap to undo history","messageBody":"","fileTypesAndContributionMap":{"functional-code":{"insertions":4,"deletions":0},"test-code":{"insertions":71,"deletions":0}}},{"hash":"bfef598761143e8d287edf94ce97ad472bff6cf2","isMergeCommit":true,"messageTitle":"Merge pull request #94 from chcischc/branch-undo","messageBody":"Add a cap to undo history","fileTypesAndContributionMap":{}},{"hash":"47651320ef3821db6e384508a5146174181a2794","isMergeCommit":false,"messageTitle":"Update uml diagram","messageBody":"","fileTypesAndContributionMap":{"docs":{"insertions":8,"deletions":2}}},{"hash":"6a557f31fa0cf558be1f72e2744d5834a7068d66","isMergeCommit":true,"messageTitle":"Merge pull request #99 from chcischc/uml","messageBody":"Update uml diagram","fileTypesAndContributionMap":{}}]}]},"authorFileTypeContributionMap":{"yyssophie":{"docs":34,"functional-code":328,"test-code":313},"Haxatron":{"docs":11,"functional-code":399,"test-code":386},"DavidShenJingtao":{"docs":100,"functional-code":318,"test-code":471,"other":4},"BJoozz":{"docs":28,"functional-code":121,"test-code":127,"other":1},"chcischc":{"docs":86,"functional-code":428,"test-code":513}},"authorContributionVariance":{"yyssophie":156734.23,"Haxatron":5249.778,"DavidShenJingtao":151964.92,"BJoozz":850.2193,"chcischc":27864.766},"authorDisplayNameMap":{"yyssophie":"CS2103T-F15a-1 YUAN..YUSI","Haxatron":"CS2103T-F15a-1 AXEL.. JUN","DavidShenJingtao":"CS2103T-F15a-1 SHEN..GTAO","BJoozz":"CS2103T-F15a-1 TRUO.. BAO","chcischc":"CS2103T-F15a-1 ZHAN..IANG"}}
