{"authorDailyContributionsMap":{"MarcusLeongHK":[],"BarneyLaw":[],"ronithsaju":[],"Leumu":[],"salmonkarp":[]},"authorFileTypeContributionMap":{"MarcusLeongHK":{"docs":0,"functional-code":0,"test-code":0},"BarneyLaw":{"docs":0,"functional-code":0,"test-code":0},"ronithsaju":{"docs":0,"functional-code":0,"test-code":0},"Leumu":{"docs":0,"functional-code":0,"test-code":0},"salmonkarp":{"docs":0,"functional-code":0,"test-code":0}},"authorContributionVariance":{"MarcusLeongHK":0.0,"BarneyLaw":0.0,"ronithsaju":0.0,"Leumu":0.0,"salmonkarp":0.0},"authorDisplayNameMap":{"MarcusLeongHK":"CS2103T-F08b-4 MARC..KITT","BarneyLaw":"CS2103T-F08b-4 LEIF.. LAW","ronithsaju":"CS2103T-F08b-4 RONI..MBIL","Leumu":"CS2103T-F08b-4 CHUA..MUEL","salmonkarp":"CS2103T-F08b-4 GARY..YONO"}}
