{"authorDailyContributionsMap":{"dinhcodes":[],"BrandonnLow":[],"JG-Kiran":[{"date":"2025-09-19T00:00:00","commitResults":[{"hash":"33685d77f75439797d75fcf5396a2d52e9974c3c","isMergeCommit":false,"messageTitle":"Configure application info for gradle run","messageBody":"","fileTypesAndContributionMap":{"other":{"insertions":4,"deletions":0}}}]}],"RandomNerd01":[{"date":"2025-09-19T00:00:00","commitResults":[{"hash":"0cde02b2cd87730694427a69139a722cc631619f","isMergeCommit":false,"messageTitle":"Update README.md to do PR","messageBody":"","fileTypesAndContributionMap":{"docs":{"insertions":1,"deletions":1}}}]},{"date":"2025-09-23T00:00:00","commitResults":[{"hash":"46099916d58f5631268a28af1407697ac8a20556","isMergeCommit":true,"messageTitle":"Merge pull request #4","messageBody":"Add RandomNerd01\u0027s photo","fileTypesAndContributionMap":{}}]}],"tokitobashi1":[{"date":"2025-09-27T00:00:00","commitResults":[{"hash":"6ac5a82c99428c2355bcddf1da9d014833a8bd14","isMergeCommit":true,"messageTitle":"Merge pull request #16 from tokitobashi1/add-photo-tokitobashi1","messageBody":"Add profile photo for tokitobashi1","fileTypesAndContributionMap":{}}]}]},"authorFileTypeContributionMap":{"dinhcodes":{"docs":0,"functional-code":0,"test-code":0},"BrandonnLow":{"docs":0,"functional-code":0,"test-code":0},"JG-Kiran":{"docs":0,"functional-code":0,"test-code":0,"other":4},"RandomNerd01":{"docs":1,"functional-code":0,"test-code":0},"tokitobashi1":{"docs":0,"functional-code":0,"test-code":0}},"authorContributionVariance":{"dinhcodes":0.0,"BrandonnLow":0.0,"JG-Kiran":1.5802468,"RandomNerd01":0.3950617,"tokitobashi1":0.0},"authorDisplayNameMap":{"dinhcodes":"CS2103T-W09-4 DINH..LONG","BrandonnLow":"CS2103T-W09-4 LOW ..NDON","JG-Kiran":"CS2103T-W09-4 JAIS..IRAN","RandomNerd01":"CS2103T-W09-4 LIM .. RON","tokitobashi1":"CS2103T-W09-4 LIM .. HAO"}}
