{"authorDailyContributionsMap":{"dylantjy":[],"actualmulti":[],"Xateh":[],"mattcce":[],"denz-denz":[]},"authorFileTypeContributionMap":{"dylantjy":{"docs":0,"functional-code":0,"test-code":0},"actualmulti":{"docs":0,"functional-code":0,"test-code":0},"Xateh":{"docs":0,"functional-code":0,"test-code":0},"mattcce":{"docs":0,"functional-code":0,"test-code":0},"denz-denz":{"docs":0,"functional-code":0,"test-code":0}},"authorContributionVariance":{"dylantjy":0.0,"actualmulti":0.0,"Xateh":0.0,"mattcce":0.0,"denz-denz":0.0},"authorDisplayNameMap":{"dylantjy":"CS2103T-T13-2 DYLA..UNYU","actualmulti":"CS2103T-T13-2 MITC..XIAN","Xateh":"CS2103T-T13-2 TEH ..U AN","mattcce":"CS2103T-T13-2 MATT..I EN","denz-denz":"CS2103T-T13-2 CHUA..LDEN"}}
