{"authorDailyContributionsMap":{"adrieltch":[{"date":"2025-09-30T00:00:00","commitResults":[{"hash":"379a4b76610e9d5343aad23f67e675f49b2189e3","isMergeCommit":false,"messageTitle":"Update AboutUs.md for adrieltch Added profile photo and changed github to link to adrieltch github.","messageBody":"","fileTypesAndContributionMap":{"docs":{"insertions":4,"deletions":4}}}]}],"WeeMee03":[],"Haffner32":[],"garennotjeron":[],"b33pbop":[{"date":"2025-09-20T00:00:00","commitResults":[{"hash":"99fc39f45c093e07f732b03479d54da039514159","isMergeCommit":true,"messageTitle":"Merge branch \u0027switch-docs-to-markbind\u0027","messageBody":"","fileTypesAndContributionMap":{}},{"hash":"16cf4fc24639fc9107846a6605631c767a4efe1b","isMergeCommit":false,"messageTitle":"Update site configs to match project","messageBody":"","fileTypesAndContributionMap":{"docs":{"insertions":1,"deletions":1}}},{"hash":"bca1dcd8c838ea7fdc8cdc9f2ed15b677b42fe90","isMergeCommit":false,"messageTitle":"Add MarkBind source files","messageBody":"","fileTypesAndContributionMap":{"other":{"insertions":135,"deletions":0},"docs":{"insertions":180,"deletions":0}}},{"hash":"02f373266cd3914ab3a699895fd55e63167cda4a","isMergeCommit":false,"messageTitle":"Fix formatting issue","messageBody":"* Add newline at EOF.\n* Remove trailing whitespace.\n","fileTypesAndContributionMap":{"docs":{"insertions":5,"deletions":5}}}]},{"date":"2025-10-01T00:00:00","commitResults":[{"hash":"050e6c808f445258fd340468a73e1761887c17c3","isMergeCommit":true,"messageTitle":"Merge pull request #9 from adrieltch/edit-AboutUs-page","messageBody":"Update AboutUs.md for adrieltch","fileTypesAndContributionMap":{}}]}]},"authorFileTypeContributionMap":{"adrieltch":{"docs":4,"functional-code":0,"test-code":0},"WeeMee03":{"docs":0,"functional-code":0,"test-code":0},"Haffner32":{"docs":0,"functional-code":0,"test-code":0},"garennotjeron":{"docs":0,"functional-code":0,"test-code":0},"b33pbop":{"docs":181,"functional-code":0,"test-code":0,"other":135}},"authorContributionVariance":{"adrieltch":4.5443788,"WeeMee03":0.0,"Haffner32":0.0,"garennotjeron":0.0,"b33pbop":7592.594},"authorDisplayNameMap":{"adrieltch":"CS2103T-W12-2 TOH ..RIEL","WeeMee03":"CS2103T-W12-2 KANE..KANG","Haffner32":"CS2103T-W12-2 CHAN..ADEN","garennotjeron":"CS2103T-W12-2 GERR..FONG","b33pbop":"CS2103T-W12-2 DONG..LING"}}
