{"authorDailyContributionsMap":{"alsonleej":[{"date":"2025-09-29T00:00:00","commitResults":[{"hash":"ad198f75a29a85c888561e97fc57e1a26880447b","isMergeCommit":false,"messageTitle":"Update _config.yml","messageBody":"","fileTypesAndContributionMap":{"other":{"insertions":1,"deletions":1}}},{"hash":"474b26df6bd14859d29dcfbf4953dce36a33b4cc","isMergeCommit":false,"messageTitle":"Update AboutUs.md","messageBody":"","fileTypesAndContributionMap":{"docs":{"insertions":7,"deletions":9}}},{"hash":"37f643ec0d8826d419346891248662c6ec49ce80","isMergeCommit":false,"messageTitle":"Update README.md","messageBody":"","fileTypesAndContributionMap":{"docs":{"insertions":4,"deletions":11}}},{"hash":"fcfc69d7252bb6ff1130affffdfacb6b5f8eef10","isMergeCommit":true,"messageTitle":"Merge branch \u0027master\u0027 into about-us","messageBody":"","fileTypesAndContributionMap":{}},{"hash":"51a5cf612ccf46926d9bec58c769227465947ef0","isMergeCommit":true,"messageTitle":"Merge pull request #19 from Abhijay25/about-us","messageBody":"LGTM","fileTypesAndContributionMap":{}},{"hash":"9ef80ede1179bab987d0150e3bf378d3fc87122c","isMergeCommit":false,"messageTitle":"Add Glossary","messageBody":"","fileTypesAndContributionMap":{"docs":{"insertions":3,"deletions":1}}},{"hash":"5830453ebed6cd89f13954e0c29b3a0340b96840","isMergeCommit":true,"messageTitle":"Merge pull request #27 from Abhijay25/update-dg","messageBody":"Update DG - Use Cases","fileTypesAndContributionMap":{}}]},{"date":"2025-10-09T00:00:00","commitResults":[{"hash":"07038e61764d07fbccc11cc810b97be3b0c12ff1","isMergeCommit":false,"messageTitle":"Add Book and update UI","messageBody":"","fileTypesAndContributionMap":{"functional-code":{"insertions":603,"deletions":13},"other":{"insertions":584,"deletions":0},"test-code":{"insertions":26,"deletions":12}}},{"hash":"1365fd16f0abb54a5b4a04625b19decae62f4512","isMergeCommit":false,"messageTitle":"Fix indentation for FindCommandParser.java","messageBody":"","fileTypesAndContributionMap":{"functional-code":{"insertions":12,"deletions":12}}},{"hash":"1d20615c56b1269181693d79abfec78b980781c9","isMergeCommit":true,"messageTitle":"Merge pull request #39 from Abhijay25/find-command","messageBody":"Update Find command","fileTypesAndContributionMap":{}},{"hash":"647609414619440a9d780e72b4d257488cd38fc9","isMergeCommit":true,"messageTitle":"Merge branch \u0027ianchinn-branch-update-delete\u0027","messageBody":"","fileTypesAndContributionMap":{}},{"hash":"6f7fd4f0d95ab317ab7d92a43551fbc3bf4d97c6","isMergeCommit":true,"messageTitle":"Merge branch \u0027master\u0027 into branch-update-delete","messageBody":"","fileTypesAndContributionMap":{}},{"hash":"f057d372f7c5ef9505c0d0e012e59a13691dd886","isMergeCommit":true,"messageTitle":"Merge pull request #40 from ianchinn/branch-update-delete","messageBody":"Update Delete Command","fileTypesAndContributionMap":{}},{"hash":"fcb41688a2598c92db43d327e48b8c4597466f3b","isMergeCommit":true,"messageTitle":"Merge branch \u0027master\u0027 of https://github.com/alsonleej/tp","messageBody":"","fileTypesAndContributionMap":{}}]},{"date":"2025-10-10T00:00:00","commitResults":[{"hash":"2100c692eb6131a445bf99012a57e1eb3af9b0a1","isMergeCommit":false,"messageTitle":"Remove all traces of Address, and updated failing test cases","messageBody":"","fileTypesAndContributionMap":{"functional-code":{"insertions":60,"deletions":74},"test-code":{"insertions":83,"deletions":174}}},{"hash":"7be9830f1c66bd27c163579e495c709de213e5a5","isMergeCommit":false,"messageTitle":"Allow phone and email to be optional, and update of test cases","messageBody":"","fileTypesAndContributionMap":{"functional-code":{"insertions":51,"deletions":39},"test-code":{"insertions":29,"deletions":73}}},{"hash":"470ec5a0bcf21be073f11ff6825eec898b222485","isMergeCommit":false,"messageTitle":"Add error handling for invalid name and tag cases","messageBody":"","fileTypesAndContributionMap":{"functional-code":{"insertions":14,"deletions":5},"test-code":{"insertions":32,"deletions":5}}}]},{"date":"2025-10-16T00:00:00","commitResults":[{"hash":"61e9c5328207522a3c833a0c1d4d127038b8d3d4","isMergeCommit":true,"messageTitle":"Merge pull request #54 from ianchinn/branch-update-delete","messageBody":"Update Delete Command for Tags","fileTypesAndContributionMap":{}},{"hash":"441082ebeed7239c346632a9e48072f08a9e434e","isMergeCommit":false,"messageTitle":"add table GUI for booking","messageBody":"","fileTypesAndContributionMap":{"functional-code":{"insertions":136,"deletions":20},"other":{"insertions":40,"deletions":8}}},{"hash":"04cab79a665102d5b86ae14f2f7f37a4608f9880","isMergeCommit":false,"messageTitle":"fix checkstyle","messageBody":"","fileTypesAndContributionMap":{"functional-code":{"insertions":25,"deletions":5}}}]},{"date":"2025-10-20T00:00:00","commitResults":[{"hash":"6e7636d67d222e4792dcb60b82ec9450b0c0229e","isMergeCommit":true,"messageTitle":"Merge pull request #67 from Abhijay25/master","messageBody":"Update .gitignore to exclude VSC Workspace settings","fileTypesAndContributionMap":{}}]}],"tathan08":[{"date":"2025-09-29T00:00:00","commitResults":[{"hash":"bdeffd959b25fe72f420b920dcaf3c1ae4964480","isMergeCommit":true,"messageTitle":"Merge pull request #12 from Abhijay25/add-photo","messageBody":"Add photo","fileTypesAndContributionMap":{}},{"hash":"57dce1a6f7500efa2d33578666266aff756d35fe","isMergeCommit":false,"messageTitle":"Add Athan info in AboutUs","messageBody":"","fileTypesAndContributionMap":{"docs":{"insertions":5,"deletions":4}}},{"hash":"ae5d7652cbdedc25bf8feed381f2f32b6583a7eb","isMergeCommit":true,"messageTitle":"Merge pull request #17 from ianchinn/AboutUs-Edit","messageBody":"Update AboutUs","fileTypesAndContributionMap":{}},{"hash":"180c3ff4a921f2d5696c638dfcef10c0b8298785","isMergeCommit":false,"messageTitle":"Update target user profile in DeveloperGuide","messageBody":"","fileTypesAndContributionMap":{"docs":{"insertions":3,"deletions":0}}},{"hash":"90449bb0b82aa3c896f65c65a238ac102c7faa83","isMergeCommit":false,"messageTitle":"Add value proposition to DeveloperGuide","messageBody":"","fileTypesAndContributionMap":{"docs":{"insertions":1,"deletions":1}}},{"hash":"364d7e151e1062bd878d4600f09b8b52617b9ef4","isMergeCommit":false,"messageTitle":"Add user stories with priorities in DeveloperGuide","messageBody":"","fileTypesAndContributionMap":{"docs":{"insertions":19,"deletions":10}}}]},{"date":"2025-10-01T00:00:00","commitResults":[{"hash":"c26bb480b7b645672cb57b7af03ac987db1de3fd","isMergeCommit":true,"messageTitle":"Merge pull request #30 from ianchinn/Update-DG-NFR","messageBody":"Add NFRs","fileTypesAndContributionMap":{}}]},{"date":"2025-10-09T00:00:00","commitResults":[{"hash":"e9199efb58475f602f1bef0c920befc393565ec7","isMergeCommit":false,"messageTitle":"Add command descriptions for add, delete, book and find","messageBody":"","fileTypesAndContributionMap":{"functional-code":{"insertions":15,"deletions":1}}},{"hash":"4a83fffb8521df08395e7da80cd9ee3f5d0ba297","isMergeCommit":false,"messageTitle":"Update UserGuide html to replace AB3 UserGuide","messageBody":"","fileTypesAndContributionMap":{"functional-code":{"insertions":1,"deletions":1}}},{"hash":"a3e338a88121799ca17ebd5ff0badaa1b0f29376","isMergeCommit":false,"messageTitle":"Add quit button to HelpWindow and keyboard navigation","messageBody":"","fileTypesAndContributionMap":{"functional-code":{"insertions":40,"deletions":0}}},{"hash":"28b274f572b175ce5ca6eded1bbf1310cf6bf722","isMergeCommit":false,"messageTitle":"Add fxml for quit button for HelpWindow","messageBody":"","fileTypesAndContributionMap":{"functional-code":{"insertions":5,"deletions":0}}},{"hash":"edd2ab13ea491a03e6721d85b2b23f9af0e7e03b","isMergeCommit":false,"messageTitle":"Add dynamic CSS styling for better navigation of HelpWindow","messageBody":"","fileTypesAndContributionMap":{"functional-code":{"insertions":15,"deletions":3}}},{"hash":"ac2b2bb70259031aa50897c415bbe004e4e2125d","isMergeCommit":false,"messageTitle":"Fix checkstyle errors on HelpWindow","messageBody":"","fileTypesAndContributionMap":{"functional-code":{"insertions":5,"deletions":5}}}]},{"date":"2025-10-12T00:00:00","commitResults":[{"hash":"3c562fcb5de8570cdd0fea4e8661c89d2451be0f","isMergeCommit":false,"messageTitle":"Fix FindCommand and FindCommandParser checkstyle","messageBody":"","fileTypesAndContributionMap":{"functional-code":{"insertions":23,"deletions":11}}},{"hash":"779dc6e50ff468dda54831f81fcbe97207136de2","isMergeCommit":false,"messageTitle":"Fix ClientContainsKeywordsPredicate model checkstyle","messageBody":"","fileTypesAndContributionMap":{"functional-code":{"insertions":18,"deletions":11}}},{"hash":"17f9fa354160dbdd4ae54c709080243db1f407d5","isMergeCommit":false,"messageTitle":"Fix LogicManagerTest and AddressBookParserTest checkstyle","messageBody":"","fileTypesAndContributionMap":{"test-code":{"insertions":1,"deletions":2}}},{"hash":"4b5d657c7e8a9fd630d6169222ccd02f02deb81b","isMergeCommit":true,"messageTitle":"Merge pull request #46 from Abhijay25/update-find","messageBody":"Update find","fileTypesAndContributionMap":{}},{"hash":"202f533307838d78f1f2b1b122fc1aece0d2d3e7","isMergeCommit":true,"messageTitle":"Merge branch \u0027master\u0027 into fix-checkstyle-and-gradlew-compilation","messageBody":"","fileTypesAndContributionMap":{}},{"hash":"ebd7cd24c122a29e24166fa06408512abc8246b3","isMergeCommit":false,"messageTitle":"Fix trailing whitespace checkstyle issue for Find","messageBody":"","fileTypesAndContributionMap":{"functional-code":{"insertions":3,"deletions":5}}},{"hash":"63f83633cefc86ecfc5c0e544c4e18284a04f4e6","isMergeCommit":false,"messageTitle":"Update uses of ClientConainsKeywordsPredicate constructor","messageBody":"","fileTypesAndContributionMap":{"test-code":{"insertions":6,"deletions":2}}},{"hash":"ffa970d7af00d323321b09d1d1a675602bf9b550","isMergeCommit":false,"messageTitle":"Fix FindCommandParserTest and PersonBuilder checkstyle","messageBody":"","fileTypesAndContributionMap":{"test-code":{"insertions":6,"deletions":7}}},{"hash":"71fad48d1b262a9ee1fb6228fcf6b35682b2c039","isMergeCommit":false,"messageTitle":"Update test naming for readability using underscores","messageBody":"","fileTypesAndContributionMap":{"functional-code":{"insertions":1,"deletions":1},"test-code":{"insertions":4,"deletions":4}}},{"hash":"e67cf84846a76d3bb39a474bb0d72f7ae4530685","isMergeCommit":false,"messageTitle":"Add Persons with existing bookings to testutils","messageBody":"","fileTypesAndContributionMap":{"test-code":{"insertions":10,"deletions":3}}},{"hash":"cbbdf7de70c6941b147e9a4201e2a58bf46f85a5","isMergeCommit":false,"messageTitle":"Fix testcase for Find by Tag","messageBody":"","fileTypesAndContributionMap":{"test-code":{"insertions":4,"deletions":3}}},{"hash":"8e983d233101ea48448adc7ff95128acc77786ae","isMergeCommit":false,"messageTitle":"Add whitespace trimming for keyword for Client","messageBody":"","fileTypesAndContributionMap":{"functional-code":{"insertions":3,"deletions":0}}}]},{"date":"2025-10-13T00:00:00","commitResults":[{"hash":"40811f893ab9fda10c767ac180cc70347001fd80","isMergeCommit":false,"messageTitle":"Update test booking to use Booking constructor","messageBody":"","fileTypesAndContributionMap":{"test-code":{"insertions":10,"deletions":23}}},{"hash":"55c38672b7087188fe598dd9e608d9f71742efcc","isMergeCommit":false,"messageTitle":"Update testcase to build Bookings with constructor","messageBody":"","fileTypesAndContributionMap":{"test-code":{"insertions":23,"deletions":4}}},{"hash":"ed3923c822f9aa0d01a36ee3fa6cf51015d4f3bc","isMergeCommit":false,"messageTitle":"Add Find testcase for no space after prefix","messageBody":"","fileTypesAndContributionMap":{"test-code":{"insertions":10,"deletions":0}}},{"hash":"7d07157ea53e1f56fce25694ad5dea7cb1e8e3e9","isMergeCommit":false,"messageTitle":"Fix FindCommandParser for whitespace after prefix and SLAP","messageBody":"","fileTypesAndContributionMap":{"functional-code":{"insertions":52,"deletions":5}}}]},{"date":"2025-10-14T00:00:00","commitResults":[{"hash":"06273334579f2da4067c94531dd3a431dc462615","isMergeCommit":false,"messageTitle":"Update delimiter of commands in Help","messageBody":"","fileTypesAndContributionMap":{"functional-code":{"insertions":5,"deletions":5}}},{"hash":"e0b32c68ce4e338704c4d071f90459c548bec7f8","isMergeCommit":true,"messageTitle":"Merge branch \u0027master\u0027 into help-with-new-delimiters","messageBody":"","fileTypesAndContributionMap":{}}]},{"date":"2025-10-15T00:00:00","commitResults":[{"hash":"4d93f71f07a9e1b52d60cadc94367dcd1a642746","isMergeCommit":false,"messageTitle":"Update jar name to firstimpressions","messageBody":"","fileTypesAndContributionMap":{"other":{"insertions":1,"deletions":1}}},{"hash":"830ff1a4639f2bdf789c2cd3c5c9696469b0e0b4","isMergeCommit":false,"messageTitle":"Update Quick Start in User Guide","messageBody":"","fileTypesAndContributionMap":{"docs":{"insertions":6,"deletions":6}}},{"hash":"d8b96e13022ae25e496af1991dfce3ac9eb95694","isMergeCommit":false,"messageTitle":"Capitalise parameter names for Help","messageBody":"","fileTypesAndContributionMap":{"functional-code":{"insertions":5,"deletions":5}}}]},{"date":"2025-10-16T00:00:00","commitResults":[{"hash":"7888c0c237c7a433376ce4fb43d08e1367e938a8","isMergeCommit":false,"messageTitle":"Update Features in User Guide","messageBody":"","fileTypesAndContributionMap":{"docs":{"insertions":3,"deletions":3}}},{"hash":"435d34e100c48de862177637ab64258b4a710ab4","isMergeCommit":false,"messageTitle":"Update help description in User Guide Features","messageBody":"","fileTypesAndContributionMap":{"docs":{"insertions":1,"deletions":1}}},{"hash":"a21751f5b137d767c3572425dc4aa3e3dd9cbffa","isMergeCommit":false,"messageTitle":"Update add description in User Guide Features","messageBody":"","fileTypesAndContributionMap":{"docs":{"insertions":5,"deletions":3}}},{"hash":"c5c263aa98e68617b98ee1d936606acb77bed91e","isMergeCommit":false,"messageTitle":"Update list description in User Guide Features","messageBody":"","fileTypesAndContributionMap":{"docs":{"insertions":1,"deletions":1}}},{"hash":"148a7aeba4e7056456d1fffcb6e1258c609835f5","isMergeCommit":false,"messageTitle":"Update edit description in User Guide Features","messageBody":"","fileTypesAndContributionMap":{"docs":{"insertions":6,"deletions":4}}},{"hash":"fa2499a3339318a3c12f3aac19631fa7452177b7","isMergeCommit":false,"messageTitle":"Update find description in User Guide Features","messageBody":"","fileTypesAndContributionMap":{"docs":{"insertions":10,"deletions":10}}},{"hash":"1317520715b68f1c550d8e69a32c6965b32caa2c","isMergeCommit":false,"messageTitle":"Update delete description in User Guide Features","messageBody":"","fileTypesAndContributionMap":{"docs":{"insertions":8,"deletions":7}}},{"hash":"a8b2f74913a4bd359bb2deadb86b55fb11a57f6c","isMergeCommit":false,"messageTitle":"Update clear description in User Guide Features","messageBody":"","fileTypesAndContributionMap":{"docs":{"insertions":1,"deletions":1}}},{"hash":"e9c2124d5561acadeac913a74b75532eca05ddc1","isMergeCommit":false,"messageTitle":"Add book description in User Guide Features","messageBody":"","fileTypesAndContributionMap":{"docs":{"insertions":13,"deletions":0}}},{"hash":"ff0ba52ec8ba6cfd7b2fcce335d3464a9f71ecb5","isMergeCommit":false,"messageTitle":"Update saving and editing data in User Guide","messageBody":"","fileTypesAndContributionMap":{"docs":{"insertions":4,"deletions":10}}},{"hash":"1c038d2580308444476a235096268f867183d2f6","isMergeCommit":false,"messageTitle":"Update FAQ in User Guide","messageBody":"","fileTypesAndContributionMap":{"docs":{"insertions":1,"deletions":1}}},{"hash":"74936016be0d1073ee1ff919f9d23c39ee09352a","isMergeCommit":false,"messageTitle":"Update Command Summary in User Guide","messageBody":"","fileTypesAndContributionMap":{"docs":{"insertions":8,"deletions":6}}},{"hash":"1c62a0be4e98827082603bd1120798c327562fa9","isMergeCommit":false,"messageTitle":"Update add in User Guide Features","messageBody":"","fileTypesAndContributionMap":{"docs":{"insertions":9,"deletions":4}}},{"hash":"ce886f551b7c1e4f7c8944901c9ebca2a0499c5a","isMergeCommit":true,"messageTitle":"Merge pull request #56 from alsonleej/update-booking-gui","messageBody":"Add table GUI for booking","tags":["v1.3"],"fileTypesAndContributionMap":{}},{"hash":"03dbe83ff18fc78035b534e7a52fe35a1f6c8433","isMergeCommit":false,"messageTitle":"Update Quick Start images and links","messageBody":"","fileTypesAndContributionMap":{"docs":{"insertions":2,"deletions":2}}},{"hash":"e63a845e6202be98c5b262378587b2f9d7aa57aa","isMergeCommit":false,"messageTitle":"Update help, add and list images of User Guide Features","messageBody":"","fileTypesAndContributionMap":{"docs":{"insertions":5,"deletions":1}}},{"hash":"eb4f9432a86582f0e67fcb824538a5c8425d3bb9","isMergeCommit":false,"messageTitle":"Update edit and find images of User Guide","messageBody":"","fileTypesAndContributionMap":{"docs":{"insertions":4,"deletions":2}}},{"hash":"d1d87518fe8d9a14f31f36acbb792fffa21b9478","isMergeCommit":false,"messageTitle":"Update delete and clear images of User Guide","messageBody":"","fileTypesAndContributionMap":{"docs":{"insertions":3,"deletions":1}}},{"hash":"a9fb8112a94b441af933f1a5f17e51a319c3c9a9","isMergeCommit":false,"messageTitle":"Add book images of User Guide","messageBody":"","fileTypesAndContributionMap":{"docs":{"insertions":4,"deletions":2}}}]}],"Abhijay25":[{"date":"2025-09-29T00:00:00","commitResults":[{"hash":"7b7f1122a5a294980d6ea5ddd05fc2355bee441d","isMergeCommit":true,"messageTitle":"Merge pull request #8 from tathan08/add-athan-photo","messageBody":"Add tathan08 photo to docs","fileTypesAndContributionMap":{}},{"hash":"f95dd9ca450b2d417c5a8a51aa515bfc0d4512f8","isMergeCommit":false,"messageTitle":"Update AboutUs","messageBody":"","fileTypesAndContributionMap":{"docs":{"insertions":4,"deletions":3}}},{"hash":"d86873c81b1b3d83451cf4f260c21a536dd117af","isMergeCommit":true,"messageTitle":"Merge branch \u0027master\u0027 into update-aboutus","messageBody":"","fileTypesAndContributionMap":{}},{"hash":"eebcb9b7d340cc949efa733a93f821c68fec9244","isMergeCommit":true,"messageTitle":"Merge pull request #13 from alsonleej/update-aboutus","messageBody":"Update AboutUs.md","fileTypesAndContributionMap":{}},{"hash":"1c770a9d8e91a530b61e4ccc096e828a64886784","isMergeCommit":true,"messageTitle":"Merge pull request #21 from alsonleej/update-readme","messageBody":"Update project website ","fileTypesAndContributionMap":{}},{"hash":"292557c93ff598610d1438b1a8accfbeb9cb8f6c","isMergeCommit":false,"messageTitle":"Update DG - Use Cases","messageBody":"","fileTypesAndContributionMap":{"docs":{"insertions":108,"deletions":14}}},{"hash":"6473932ec6c3ad858e9efd8bd4b97f00a2123f82","isMergeCommit":false,"messageTitle":"Fix formatting issues in DG - Use Cases","messageBody":"","fileTypesAndContributionMap":{"docs":{"insertions":5,"deletions":5}}},{"hash":"245737db4e797860b06b86be6af6f13aef5873b9","isMergeCommit":true,"messageTitle":"Merge pull request #26 from alsonleej/update-dg-glossary","messageBody":"Add Glossary","fileTypesAndContributionMap":{}}]},{"date":"2025-10-09T00:00:00","commitResults":[{"hash":"c2dbe663908953b491e52cd0064031a5a26a015e","isMergeCommit":true,"messageTitle":"Merge pull request #36 from alsonleej/add-book","messageBody":"Add Book and update UI","fileTypesAndContributionMap":{}},{"hash":"815ecca1b0b825f8c2d9b794d459a3a8c99ecd21","isMergeCommit":false,"messageTitle":"Update Find command to search for tags","messageBody":"","fileTypesAndContributionMap":{"functional-code":{"insertions":102,"deletions":24}}},{"hash":"eb9f06fe69aeba950cdeeee8fd7825f6380fd420","isMergeCommit":false,"messageTitle":"Remove NameContainsKeywordPredicate, Update equals method in ClientContainsKeywordsPredicate","messageBody":"","fileTypesAndContributionMap":{"functional-code":{"insertions":1,"deletions":45},"test-code":{"insertions":0,"deletions":5}}},{"hash":"62c235f9dcccc2b6fda090b5a34da3dc4995870e","isMergeCommit":false,"messageTitle":"Fix formatting for switch case function in ClientContainsKeywordsPredicate","messageBody":"","fileTypesAndContributionMap":{"functional-code":{"insertions":9,"deletions":9}}}]},{"date":"2025-10-11T00:00:00","commitResults":[{"hash":"91844a4dd18514ceafa808232cbb1e6778c158d9","isMergeCommit":true,"messageTitle":"Merge pull request #44 from alsonleej/update-add","messageBody":"Update add","fileTypesAndContributionMap":{}},{"hash":"280a03b072515f8c1827cbbff279d7480b6a7f17","isMergeCommit":false,"messageTitle":"Add find capability for Team Member bookings","messageBody":"","fileTypesAndContributionMap":{"functional-code":{"insertions":26,"deletions":59},"test-code":{"insertions":0,"deletions":3}}},{"hash":"3e927b03a7d30b750a94bf3bbe4c28ab1e15d59f","isMergeCommit":false,"messageTitle":"Edit tests to reflect updated find command","messageBody":"","fileTypesAndContributionMap":{"other":{"insertions":0,"deletions":0}}},{"hash":"706fdaf0716fc9446f926426f32cc81597fae6ca","isMergeCommit":false,"messageTitle":"Edit tests to reflect updated find command v2","messageBody":"","fileTypesAndContributionMap":{"test-code":{"insertions":220,"deletions":41}}}]},{"date":"2025-10-12T00:00:00","commitResults":[{"hash":"50a09fd94cbc8cf87946204dec53895ad39d3107","isMergeCommit":false,"messageTitle":"Fix checkstyle issues, edit test cases to reflect correct delimeters","messageBody":"","fileTypesAndContributionMap":{"functional-code":{"insertions":19,"deletions":17},"test-code":{"insertions":9,"deletions":9}}}]},{"date":"2025-10-14T00:00:00","commitResults":[{"hash":"05bb9e5eddb52f88342bc6b48eba24510ddbd1fd","isMergeCommit":true,"messageTitle":"Merge pull request #50 from tathan08/fix-checkstyle-and-gradlew-compilation","messageBody":"Fix checkstyle and gradlew compilation","fileTypesAndContributionMap":{}}]},{"date":"2025-10-20T00:00:00","commitResults":[{"hash":"827c51eea94abcf86e15a1b89fa197622e069efa","isMergeCommit":false,"messageTitle":"Update gradle.build, .gitignore for formatting purposes","messageBody":"","fileTypesAndContributionMap":{"other":{"insertions":9,"deletions":0}}}]}],"ianchinn":[{"date":"2025-09-29T00:00:00","commitResults":[{"hash":"5cf00d4f36b1b2f3991afb5a26def044fe0e599b","isMergeCommit":false,"messageTitle":"Update AboutUs","messageBody":"","fileTypesAndContributionMap":{"docs":{"insertions":5,"deletions":4}}},{"hash":"6f42b9fa150940eb7869faabd8719f3d528780e0","isMergeCommit":false,"messageTitle":"Edit photo name","messageBody":"Edited to match github username\n","fileTypesAndContributionMap":{"docs":{"insertions":1,"deletions":1}}},{"hash":"983ef4f601ef99f6d262a180f26c03a4054af0d4","isMergeCommit":true,"messageTitle":"Merge branch \u0027master\u0027 into update-aboutus","messageBody":"","fileTypesAndContributionMap":{}},{"hash":"4c87fd22f8c3c52a880c1acfeb1e8158f2f2d11c","isMergeCommit":true,"messageTitle":"Merge pull request #18 from tathan08/update-aboutus","messageBody":"Add Athan info in AboutUs","fileTypesAndContributionMap":{}},{"hash":"e05a4cb431089a2ff791cf313c4a2960289c0b94","isMergeCommit":false,"messageTitle":"Add NFRs","messageBody":"","fileTypesAndContributionMap":{"docs":{"insertions":16,"deletions":1}}},{"hash":"b7ea8a9616ca60e48d358daacc1eb8e36c155b92","isMergeCommit":true,"messageTitle":"Merge pull request #29 from tathan08/add-user-profiles-and-stories","messageBody":"Add target user profiles, user stories and value proposition","fileTypesAndContributionMap":{}}]},{"date":"2025-10-09T00:00:00","commitResults":[{"hash":"2bbb6b1f4683dbe1e97f4b62f018528e21a5dd98","isMergeCommit":false,"messageTitle":"Update Delete Command","messageBody":"Delete is now via name and not index. All unit tests for Delete Command are also updated accordingly.\n","fileTypesAndContributionMap":{"functional-code":{"insertions":40,"deletions":13},"test-code":{"insertions":33,"deletions":28}}},{"hash":"89fb3fd6685fcef6726e706c92bb3f0a9837cc47","isMergeCommit":false,"messageTitle":"Edit Delete Command","messageBody":"Corrected to use /n instead of n/\n","fileTypesAndContributionMap":{"functional-code":{"insertions":6,"deletions":7},"test-code":{"insertions":3,"deletions":5}}},{"hash":"ed5beb71cf4693c1a48cffd413de32f8c2720c86","isMergeCommit":false,"messageTitle":"Edit Delete Command Unit Tests","messageBody":"","fileTypesAndContributionMap":{"functional-code":{"insertions":1,"deletions":1},"test-code":{"insertions":4,"deletions":4}}},{"hash":"77ffbc2748957bd0879e5c0d2697723f8d56e9e3","isMergeCommit":true,"messageTitle":"Merge pull request #38 from tathan08/update-help-command","messageBody":"Update help command","fileTypesAndContributionMap":{}}]},{"date":"2025-10-16T00:00:00","commitResults":[{"hash":"d33bcc030d96f7fa6d55261857d75ada291bf30f","isMergeCommit":false,"messageTitle":"Update Delete Command","messageBody":"Able to delete multiple tags at once, updated deletion to ensure that multiple names containing similar parts can be deleted more deliberately\n","fileTypesAndContributionMap":{"functional-code":{"insertions":172,"deletions":27},"test-code":{"insertions":139,"deletions":11}}},{"hash":"de908d0672b7bffe5c5cc28f55a5060e421fcae5","isMergeCommit":false,"messageTitle":"fix checkstyle errors","messageBody":"","fileTypesAndContributionMap":{"functional-code":{"insertions":3,"deletions":20}}},{"hash":"d10e9bbd5350ee5d4f1893eb0f6a1e5114e66b76","isMergeCommit":false,"messageTitle":"fix logic manager test","messageBody":"delete command test syntax fixed\n","fileTypesAndContributionMap":{"test-code":{"insertions":1,"deletions":1}}},{"hash":"22d9030fa15eb366e369a079a2361396aa20b018","isMergeCommit":true,"messageTitle":"Merge pull request #51 from tathan08/help-with-new-delimiters","messageBody":"Update delimiter of commands in Help","fileTypesAndContributionMap":{}},{"hash":"f20c6fe5cc39cff5cc98f0759f40adeef4d44bb5","isMergeCommit":false,"messageTitle":"fix delete test syntax","messageBody":"","fileTypesAndContributionMap":{"test-code":{"insertions":8,"deletions":8}}},{"hash":"a791151805f876c635bc2288e3d4dc92d5b3f347","isMergeCommit":false,"messageTitle":"fix delete syntax","messageBody":"","fileTypesAndContributionMap":{"functional-code":{"insertions":1,"deletions":1}}},{"hash":"7d53e45154030e2d249936d1e6f80355ff8f2c18","isMergeCommit":false,"messageTitle":"fix delete syntax","messageBody":"","fileTypesAndContributionMap":{"functional-code":{"insertions":1,"deletions":1}}},{"hash":"e17e312c9ab9f9d6582bfcac46e2f0b9a1c973e1","isMergeCommit":false,"messageTitle":"fix delete syntax","messageBody":"","fileTypesAndContributionMap":{"functional-code":{"insertions":1,"deletions":1}}},{"hash":"387e5ab1e921c10626f890066601e0f1e6e77029","isMergeCommit":true,"messageTitle":"Merge pull request #57 from tathan08/update-ug-for-mvp","messageBody":"Update User Guide for MVP","fileTypesAndContributionMap":{}}]}]},"authorFileTypeContributionMap":{"alsonleej":{"docs":14,"functional-code":798,"test-code":137,"other":618},"tathan08":{"docs":106,"functional-code":150,"test-code":58,"other":1},"Abhijay25":{"docs":107,"functional-code":94,"test-code":188,"other":9},"ianchinn":{"docs":28,"functional-code":171,"test-code":154}},"authorContributionVariance":{"alsonleej":59677.043,"tathan08":1711.7148,"Abhijay25":5148.5264,"ianchinn":5265.858},"authorDisplayNameMap":{"alsonleej":"CS2103T-T08-4 ALSO..YANG","tathan08":"CS2103T-T08-4 TAN ..THAN","Abhijay25":"CS2103T-T08-4 THIR..IJAY","ianchinn":"CS2103T-T08-4 CHIN.. IAN"}}
