{"authorDailyContributionsMap":{"alsonleej":[],"tathan08":[],"Abhijay25":[],"ianchinn":[]},"authorFileTypeContributionMap":{"alsonleej":{"docs":0,"functional-code":0,"test-code":0},"tathan08":{"docs":0,"functional-code":0,"test-code":0},"Abhijay25":{"docs":0,"functional-code":0,"test-code":0},"ianchinn":{"docs":0,"functional-code":0,"test-code":0}},"authorContributionVariance":{"alsonleej":0.0,"tathan08":0.0,"Abhijay25":0.0,"ianchinn":0.0},"authorDisplayNameMap":{"alsonleej":"CS2103T-T08-4 ALSO..YANG","tathan08":"CS2103T-T08-4 TAN ..THAN","Abhijay25":"CS2103T-T08-4 THIR..IJAY","ianchinn":"CS2103T-T08-4 CHIN.. IAN"}}
