{"authorDailyContributionsMap":{"pokedot":[{"date":"2025-10-01T00:00:00","commitResults":[{"hash":"7b21043d9912f0e1a646b9232bef0747dceda50b","isMergeCommit":false,"messageTitle":"Update mj\u0027s aboutus","messageBody":"","fileTypesAndContributionMap":{"docs":{"insertions":3,"deletions":3}}},{"hash":"13e8c1ef40729eca9dc94a605d20ab420a57cf28","isMergeCommit":true,"messageTitle":"Merge pull request #24 from kin-chong/edit-aboutus-casey","messageBody":"Edit Casey\u0027s details in AboutUs.md","fileTypesAndContributionMap":{}}]},{"date":"2025-10-03T00:00:00","commitResults":[{"hash":"23e9778f58143fc5188d22d2d001ac452cd68829","isMergeCommit":true,"messageTitle":"Merge pull request #37 from kin-chong/week-7-task-2aa","messageBody":"Update README.md to remove AB3 references","fileTypesAndContributionMap":{}},{"hash":"df1a537ff56400bfc93d84e3da7b63eaf826aa89","isMergeCommit":false,"messageTitle":"Update project webpages and themes","messageBody":"","fileTypesAndContributionMap":{"other":{"insertions":3,"deletions":1},"docs":{"insertions":32,"deletions":28}}}]},{"date":"2025-10-04T00:00:00","commitResults":[{"hash":"66522f26bbe2875138f22885971c8a2bc98e5c2b","isMergeCommit":false,"messageTitle":"Update badge links to match current repo","messageBody":"","fileTypesAndContributionMap":{"docs":{"insertions":3,"deletions":3}}}]},{"date":"2025-10-05T00:00:00","commitResults":[{"hash":"6989cd4f53a997aca93d71007e13cbda84e4a916","isMergeCommit":false,"messageTitle":"Update validation logic for name and phone","messageBody":"","fileTypesAndContributionMap":{"functional-code":{"insertions":6,"deletions":4},"test-code":{"insertions":14,"deletions":10}}}]},{"date":"2025-10-07T00:00:00","commitResults":[{"hash":"6a19ce132dab7e4a16e00c8e098808e8fe811424","isMergeCommit":true,"messageTitle":"Merge pull request #42 from kin-chong/update-find-command","messageBody":"Add new predicate and change find command to use prefixes","fileTypesAndContributionMap":{}}]},{"date":"2025-10-14T00:00:00","commitResults":[{"hash":"cff7faa58c3f5214f54897a8e092b447840596ee","isMergeCommit":false,"messageTitle":"Update add command to allow persons with same name","messageBody":"This commit updates the AddCommand to allow adding persons with the same\nname as long as one other attribute is different. The equality check in\nUniquePersonList is modified to reflect this change. Corresponding tests\nare also updated to ensure the new functionality works as intended.\n","fileTypesAndContributionMap":{"functional-code":{"insertions":51,"deletions":5},"test-code":{"insertions":23,"deletions":10}}},{"hash":"a896473d80a417371297b5a44be1453b9ced74f6","isMergeCommit":false,"messageTitle":"Add test cases for same name Persons","messageBody":"","fileTypesAndContributionMap":{"functional-code":{"insertions":0,"deletions":1},"test-code":{"insertions":41,"deletions":0}}},{"hash":"854e5bab9b635c2bad2aa0c91cd8faf63a31178e","isMergeCommit":false,"messageTitle":"Exclude tags from isSamePerson check","messageBody":"","fileTypesAndContributionMap":{"functional-code":{"insertions":13,"deletions":3}}},{"hash":"cbf1596f8b68fa007b277bfa8d39c333d2f8e44e","isMergeCommit":true,"messageTitle":"Merge pull request #50 from kin-chong/update-find-command","messageBody":"Update find command","fileTypesAndContributionMap":{}}]},{"date":"2025-10-20T00:00:00","commitResults":[{"hash":"fceb64728535804d7a54b85ea440ad6659dfb57b","isMergeCommit":true,"messageTitle":"Merge pull request #60 from plingplingshiny/add-property-and-price-fields","messageBody":"Add property type and price fields","fileTypesAndContributionMap":{}},{"hash":"c4a6d2600939bdf09a9098979acf4fd8c64779de","isMergeCommit":true,"messageTitle":"Merge pull request #68 from plingplingshiny/update-UG-pt-and-pr","messageBody":"Update User Guide for new Property Type and Price fields 2.0","fileTypesAndContributionMap":{}},{"hash":"471db1827459d70aa8976ef944dc73fadcfa4704","isMergeCommit":true,"messageTitle":"Merge pull request #69 from kin-chong/update-find-command","messageBody":"Enable assertions for the run task in build.gradle","fileTypesAndContributionMap":{}}]},{"date":"2025-10-21T00:00:00","commitResults":[{"hash":"2079e56949efd5e9b48532b955a57eddecedc9fd","isMergeCommit":false,"messageTitle":"Add fonts and update GUI","messageBody":"","fileTypesAndContributionMap":{"functional-code":{"insertions":330,"deletions":55},"test-code":{"insertions":1,"deletions":1}}},{"hash":"f1d6e5a678b42c3f94e2b40efd0ed8b88b5c5780","isMergeCommit":false,"messageTitle":"Remove trailing whitespace from DG","messageBody":"","fileTypesAndContributionMap":{"docs":{"insertions":4,"deletions":4}}},{"hash":"bcb1ad40ca10f806e9d28cf36bff7f79a6c994f3","isMergeCommit":false,"messageTitle":"Update GUI and tests","messageBody":"","fileTypesAndContributionMap":{"functional-code":{"insertions":60,"deletions":217},"test-code":{"insertions":90,"deletions":89}}},{"hash":"9feb42b158fd39116043486050c2837db696e258","isMergeCommit":false,"messageTitle":"Add newline to eof","messageBody":"","fileTypesAndContributionMap":{"functional-code":{"insertions":0,"deletions":2},"test-code":{"insertions":1,"deletions":1}}},{"hash":"117580cc3e8ce924deada56df9032e6b606f7c24","isMergeCommit":false,"messageTitle":"Update import order","messageBody":"","fileTypesAndContributionMap":{"functional-code":{"insertions":0,"deletions":1},"test-code":{"insertions":1,"deletions":1}}},{"hash":"9f60b87f1f17c626b1f68a97ab967e8de6e5c6a1","isMergeCommit":false,"messageTitle":"Update import order for test","messageBody":"","fileTypesAndContributionMap":{"functional-code":{"insertions":1,"deletions":0}}},{"hash":"aebfc7711eb43776492c61b654665c2d7463121d","isMergeCommit":false,"messageTitle":"Add borders to PersonList","messageBody":"","fileTypesAndContributionMap":{"functional-code":{"insertions":5,"deletions":13}}},{"hash":"6d9e5a688d3718da53699f08a6f952faca901b05","isMergeCommit":true,"messageTitle":"Merge pull request #72 from kin-chong/update-find-command","messageBody":"Enhance find command to support new prefixes","fileTypesAndContributionMap":{}},{"hash":"9561d147adae764fdaf5ef5121b36b00d0610ccc","isMergeCommit":false,"messageTitle":"Update boolean expressions in PersonList for empty checks","messageBody":"","fileTypesAndContributionMap":{"functional-code":{"insertions":18,"deletions":6}}},{"hash":"497ea3f6e2907ff624fdcac1fee5c5e7587d261f","isMergeCommit":true,"messageTitle":"Merge pull request #76 from pokedot/update-dg","messageBody":"Remove trailing whitespace from DG","fileTypesAndContributionMap":{}},{"hash":"3c1f4b80a8767067af004e793ad92679a503da07","isMergeCommit":false,"messageTitle":"Bug fix columns and update intent logic","messageBody":"","fileTypesAndContributionMap":{"functional-code":{"insertions":6,"deletions":6}}},{"hash":"f7fc278e174b3c2367b422a83d806838ad5b7ffc","isMergeCommit":true,"messageTitle":"Merge pull request #77 from kin-chong/update-find-command","messageBody":"Update app name","tags":["v1.4"],"fileTypesAndContributionMap":{}},{"hash":"c28f285f59efb6788d6a0e82a5debaa51fe9618a","isMergeCommit":false,"messageTitle":"Update Ui uml diagram","messageBody":"","fileTypesAndContributionMap":{"docs":{"insertions":1,"deletions":4}}}]},{"date":"2025-10-23T00:00:00","commitResults":[{"hash":"3b4151e868bc7261e01ce4b6c7218a64974d07af","isMergeCommit":false,"messageTitle":"Update Model diagram multiplicities","messageBody":"","fileTypesAndContributionMap":{"docs":{"insertions":2,"deletions":2}}}]},{"date":"2025-10-26T00:00:00","commitResults":[{"hash":"0a353bc6a4e5bbe2af1df30dcf7afb57d8a6fedd","isMergeCommit":true,"messageTitle":"Merge pull request #101 from plingplingshiny/update-UML-diagrams","messageBody":"Add future proposed find-by-postal-code feature to Developer Guide","fileTypesAndContributionMap":{}},{"hash":"e84f7da74c20a0d46772d0636366960db4e7d3c8","isMergeCommit":false,"messageTitle":"Update help bar and GUI colors and item placements","messageBody":"","fileTypesAndContributionMap":{"functional-code":{"insertions":88,"deletions":20}}},{"hash":"f1232f9c91b8a72245332754e7683c9db077875e","isMergeCommit":false,"messageTitle":"Update add to allow flexible argument order","messageBody":"","fileTypesAndContributionMap":{"functional-code":{"insertions":0,"deletions":6}}},{"hash":"395735e6b5fe48eaa44ed18cfb5138cf93722f9a","isMergeCommit":false,"messageTitle":"Update GUI images","messageBody":"","fileTypesAndContributionMap":{"docs":{"insertions":1,"deletions":1}}},{"hash":"ec249d49d9a0d4487ad9cbe377fdbb58ca8c2809","isMergeCommit":false,"messageTitle":"Remove duplicate tests","messageBody":"","fileTypesAndContributionMap":{"test-code":{"insertions":1,"deletions":27}}}]}],"kin-chong":[{"date":"2025-10-01T00:00:00","commitResults":[{"hash":"6c2d8bea80e4e3dc8ce9eda7a5059124ce817feb","isMergeCommit":false,"messageTitle":"Edit Casey\u0027s details in AboutUs.md","messageBody":"","fileTypesAndContributionMap":{"docs":{"insertions":4,"deletions":14}}},{"hash":"b2fb0d18d5fcc56f2e6eb64812f6070c6bde1bec","isMergeCommit":true,"messageTitle":"Merge pull request #22 from pokedot/update-aboutus-mj","messageBody":"Update mj\u0027s details in AboutUs page","fileTypesAndContributionMap":{}},{"hash":"0b95155ac8c76573702c7063c961ff214e4168e2","isMergeCommit":false,"messageTitle":"Add kin-chong.md and change AboutUs.md","messageBody":"","fileTypesAndContributionMap":{"docs":{"insertions":1,"deletions":1}}},{"hash":"9dc656108cd7ffceceb13ded740ebd6675baf480","isMergeCommit":true,"messageTitle":"Merge pull request #30 from kin-chong/master","messageBody":"Add kin-chong.md and change AboutUs.md","fileTypesAndContributionMap":{}}]},{"date":"2025-10-03T00:00:00","commitResults":[{"hash":"57c6b2d3796e13c1f740b0737a1329b46b7fbf84","isMergeCommit":false,"messageTitle":"Add NFRs and glossary terms to DeveloperGuide.md","messageBody":"","fileTypesAndContributionMap":{"docs":{"insertions":12,"deletions":2}}},{"hash":"4765950fdfead16caa576ffc465c49094d021297","isMergeCommit":true,"messageTitle":"Merge pull request #36 from mjykxz17/week-7-task-2a","messageBody":"Update Ui design and README.md","fileTypesAndContributionMap":{}},{"hash":"b1876210a65a9ad0a4bfa0b4e21a8acb568d2eb5","isMergeCommit":false,"messageTitle":"Update README.md to remove AB3 references","messageBody":"","fileTypesAndContributionMap":{"docs":{"insertions":89,"deletions":10}}},{"hash":"468c3ef7551a40ae3d96ec16bc87ed547e52f07a","isMergeCommit":true,"messageTitle":"Merge pull request #38 from pokedot/update-website","messageBody":"Update project webpages and themes","fileTypesAndContributionMap":{}}]},{"date":"2025-10-04T00:00:00","commitResults":[{"hash":"7115b6ce68f2206474446644a02278a435f8e169","isMergeCommit":true,"messageTitle":"Merge pull request #39 from plingplingshiny/update-DG-user-stories","messageBody":"Update user stories and use cases in DeveloperGuide.md","fileTypesAndContributionMap":{}},{"hash":"860fcf54897883f31ee40938526748ee6789fb0c","isMergeCommit":true,"messageTitle":"Merge pull request #40 from pokedot/update-website","messageBody":"Update badge links to match current repo","fileTypesAndContributionMap":{}}]},{"date":"2025-10-05T00:00:00","commitResults":[{"hash":"5b23fe239b221a3a776fe56c10aa49671e710e01","isMergeCommit":true,"messageTitle":"Merge pull request #41 from pokedot/update-add-command","messageBody":"Update validation logic for name and phone","fileTypesAndContributionMap":{}}]},{"date":"2025-10-07T00:00:00","commitResults":[{"hash":"20cd2f849667fbde60f85df4df531e96bdd9cac7","isMergeCommit":false,"messageTitle":"Add new predicate and change find command to use prefixes","messageBody":"","fileTypesAndContributionMap":{"functional-code":{"insertions":87,"deletions":14},"test-code":{"insertions":120,"deletions":36}}},{"hash":"0a69c5275b34b52560792bd8e31a6e947c502a15","isMergeCommit":false,"messageTitle":"Fix checkstyle","messageBody":"","fileTypesAndContributionMap":{"functional-code":{"insertions":33,"deletions":7}}},{"hash":"3b8eadf2550affee0d5c198b6e181d0d624904aa","isMergeCommit":false,"messageTitle":"Fix checkstyle 2","messageBody":"","fileTypesAndContributionMap":{"test-code":{"insertions":1,"deletions":2}}}]},{"date":"2025-10-08T00:00:00","commitResults":[{"hash":"6008104a024ba975bf471bbae6f528ec69cd52bc","isMergeCommit":true,"messageTitle":"Merge pull request #43 from plingplingshiny/update-list-command","messageBody":"Update list command to sort contacts alphabetically","fileTypesAndContributionMap":{}}]},{"date":"2025-10-09T00:00:00","commitResults":[{"hash":"e551bf392590cf4992e27547749167e1fe37b3ee","isMergeCommit":true,"messageTitle":"Merge pull request #44 from mjykxz17/mvp-delete","messageBody":"add delete function, delete by name","fileTypesAndContributionMap":{}}]},{"date":"2025-10-14T00:00:00","commitResults":[{"hash":"573b681969e2e3e1ade17eddaef41ec7abc0ab54","isMergeCommit":false,"messageTitle":"Update find command to support all prefixes","messageBody":"","fileTypesAndContributionMap":{"functional-code":{"insertions":52,"deletions":23},"test-code":{"insertions":170,"deletions":30}}},{"hash":"883e6c40a3bcc3246418894ec7699d1b6b08ba92","isMergeCommit":false,"messageTitle":"Change UG to update \"find\" command","messageBody":"","fileTypesAndContributionMap":{"docs":{"insertions":20,"deletions":9}}},{"hash":"4d9944df45b726e52db343d8d0423c2d73146091","isMergeCommit":false,"messageTitle":"Checkstyle fixes","messageBody":"","fileTypesAndContributionMap":{"functional-code":{"insertions":12,"deletions":7}}},{"hash":"8341777cca292dd68dcecb2e7d96ce5d6c31170b","isMergeCommit":false,"messageTitle":"Checkstyle fix","messageBody":"","fileTypesAndContributionMap":{"functional-code":{"insertions":2,"deletions":2}}},{"hash":"2d4c035ca064230697e4a0fdb01f9c686f4f80ee","isMergeCommit":false,"messageTitle":"Add PersonContainsKeywordsPredicateTest.java","messageBody":"","fileTypesAndContributionMap":{"test-code":{"insertions":119,"deletions":0}}},{"hash":"6c3aa3a7dd361b47e49841024b142201d53dce9d","isMergeCommit":false,"messageTitle":"Checkstyle fix","messageBody":"","fileTypesAndContributionMap":{"test-code":{"insertions":3,"deletions":1}}},{"hash":"866060c2b1bbf1d79d4bb91209c07d188d4dddfb","isMergeCommit":false,"messageTitle":"Checkstyle fix","messageBody":"","fileTypesAndContributionMap":{"test-code":{"insertions":0,"deletions":1}}},{"hash":"9512a1ca37c2095511f1ba1362a9bfd8b8ccd6d3","isMergeCommit":false,"messageTitle":"Update UG with requested changes","messageBody":"","fileTypesAndContributionMap":{"docs":{"insertions":4,"deletions":4}}},{"hash":"24de397d3c7e887091e5fb7f51303d0dcfe5cf23","isMergeCommit":true,"messageTitle":"Merge branch \u0027master\u0027 into update-add-command","messageBody":"","fileTypesAndContributionMap":{}}]},{"date":"2025-10-20T00:00:00","commitResults":[{"hash":"bb0cf7ca61c302794971a41ffcb9447c2584e4f8","isMergeCommit":true,"messageTitle":"Merge pull request #64 from mjykxz17/Add-property-purpose-field","messageBody":"Add property purpose field","fileTypesAndContributionMap":{}},{"hash":"11f326b424049620bdf327b6539e077576dcd20b","isMergeCommit":true,"messageTitle":"Merge branch \u0027master\u0027 into updateUG","messageBody":"","fileTypesAndContributionMap":{}},{"hash":"4c8c699b4b2d217b82d6ca528941fc3f46de7537","isMergeCommit":false,"messageTitle":"Enable assertions for the run task in build.gradle","messageBody":"","fileTypesAndContributionMap":{"other":{"insertions":4,"deletions":0}}},{"hash":"b674f4bc3b769e050498c6ed9af4f7082bcf4ef4","isMergeCommit":false,"messageTitle":"Enhance find command to support new prefixes","messageBody":"","fileTypesAndContributionMap":{"functional-code":{"insertions":67,"deletions":39}}},{"hash":"ff9ca43e2b309a69fcb4b5024a971f3a4e6d5fb6","isMergeCommit":false,"messageTitle":"Change find command tests to work","messageBody":"","fileTypesAndContributionMap":{"functional-code":{"insertions":2,"deletions":2},"test-code":{"insertions":264,"deletions":35}}},{"hash":"f9a72054bd09e54616ac7fdc6b0369cb144a694d","isMergeCommit":false,"messageTitle":"Update User Guide for add and find commands","messageBody":"","fileTypesAndContributionMap":{"docs":{"insertions":7,"deletions":5}}},{"hash":"539aaab3f0dc9b7d8091e04410c4928fdad6d256","isMergeCommit":false,"messageTitle":"Fix checkstyle","messageBody":"","fileTypesAndContributionMap":{"test-code":{"insertions":2,"deletions":4}}},{"hash":"dd1c65e5aa9bde7af3c382c5addc5a165b983b86","isMergeCommit":false,"messageTitle":"Fix checkstyle issues","messageBody":"","fileTypesAndContributionMap":{"test-code":{"insertions":2,"deletions":1}}},{"hash":"ba348c2e62daa79d00b72f6f043c4e8716999697","isMergeCommit":false,"messageTitle":"Add assertions to find command","messageBody":"","fileTypesAndContributionMap":{"functional-code":{"insertions":26,"deletions":0}}},{"hash":"e657426eb20c6e30f37791aeaa49e2d0aa72d279","isMergeCommit":false,"messageTitle":"Fix checkstyle issue","messageBody":"","fileTypesAndContributionMap":{"functional-code":{"insertions":6,"deletions":3}}},{"hash":"01fa7569fdcd2700d089ae2100773f74d04520be","isMergeCommit":false,"messageTitle":"Fix checkstyle issue","messageBody":"","fileTypesAndContributionMap":{"functional-code":{"insertions":6,"deletions":6}}},{"hash":"0436651d692716633ac912ad2c396f6bf6071b44","isMergeCommit":false,"messageTitle":"Fix checkstyle issue","messageBody":"","fileTypesAndContributionMap":{"functional-code":{"insertions":10,"deletions":5}}},{"hash":"5d5b63dca105a45920678eb75f745eb1a703ffe0","isMergeCommit":false,"messageTitle":"Change test coverage for PersonContainsKeywordsPredicate","messageBody":"","fileTypesAndContributionMap":{"functional-code":{"insertions":0,"deletions":17},"test-code":{"insertions":45,"deletions":76}}},{"hash":"87db4d75ef958fa22b7b2bec15c73196ad99633b","isMergeCommit":false,"messageTitle":"Change test coverage for PersonContainsKeywordsPredicate","messageBody":"","fileTypesAndContributionMap":{"test-code":{"insertions":26,"deletions":68}}},{"hash":"7c24bb9d986660b9a2734dcdb70b5041394efa54","isMergeCommit":false,"messageTitle":"Change test coverage for PersonContainsKeywordsPredicate","messageBody":"","fileTypesAndContributionMap":{"test-code":{"insertions":140,"deletions":0}}},{"hash":"8d95cdfd990df41d921933d471d7856c28fb46fd","isMergeCommit":false,"messageTitle":"Change test coverage for PersonContainsKeywordsPredicate","messageBody":"","fileTypesAndContributionMap":{"functional-code":{"insertions":0,"deletions":12},"test-code":{"insertions":0,"deletions":2}}},{"hash":"b5c18906d10d3f9e2b4c474e525ccddd34e2e7be","isMergeCommit":false,"messageTitle":"Make changes according to comments","messageBody":"","fileTypesAndContributionMap":{"functional-code":{"insertions":1,"deletions":1}}},{"hash":"b66bb1016adc051b551f649ae9d3d0b0b7431289","isMergeCommit":false,"messageTitle":"Make changes according to comments","messageBody":"","fileTypesAndContributionMap":{"docs":{"insertions":3,"deletions":2}}}]},{"date":"2025-10-21T00:00:00","commitResults":[{"hash":"f0a7f38c4be7c25ae0aa951d236d05a772d3faf5","isMergeCommit":false,"messageTitle":"Update class diagrams to include Price, PropertyType, and Intention","messageBody":"","fileTypesAndContributionMap":{"docs":{"insertions":18,"deletions":0}}},{"hash":"b7df0054281917c158631e1dabe3219776e7c649","isMergeCommit":false,"messageTitle":"Refactor price matching logic","messageBody":"","fileTypesAndContributionMap":{"functional-code":{"insertions":1,"deletions":1},"test-code":{"insertions":5,"deletions":0}}},{"hash":"a54762b4b42ace748e853c32ab20f972f7ababe3","isMergeCommit":true,"messageTitle":"Merge branch \u0027master\u0027 into update-user-guide","messageBody":"","fileTypesAndContributionMap":{}},{"hash":"c2173dd7c1819600af61f2623a7e193256438a0b","isMergeCommit":false,"messageTitle":"Update app name","messageBody":"","fileTypesAndContributionMap":{"other":{"insertions":1,"deletions":1}}}]},{"date":"2025-10-23T00:00:00","commitResults":[{"hash":"57a66e218277676de28773df8799198474963063","isMergeCommit":true,"messageTitle":"Merge pull request #89 from pokedot/update-uml","messageBody":"Update Ui uml diagram","fileTypesAndContributionMap":{}},{"hash":"a7f580c26b3ec27440f52cdbeb8e6ee7814c18fe","isMergeCommit":true,"messageTitle":"Merge pull request #92 from mjykxz17/Update-UML-diagram-for-delete-feature","messageBody":"Update UML diagram for delete feature","fileTypesAndContributionMap":{}},{"hash":"e60a1146711a38055901fe1ebd14bcdcc8f7a085","isMergeCommit":true,"messageTitle":"Merge pull request #98 from mjykxz17/updateUG","messageBody":"Update user guide for delete feature","fileTypesAndContributionMap":{}}]},{"date":"2025-10-26T00:00:00","commitResults":[{"hash":"cbf1d9ab1f5c6db044b845ad2ce21bc8ca09f896","isMergeCommit":false,"messageTitle":"Enhance find command to support exact price matching","messageBody":"","fileTypesAndContributionMap":{"functional-code":{"insertions":22,"deletions":5}}},{"hash":"9b684b3674bcb2cf94ea9a1324f431c277df6341","isMergeCommit":false,"messageTitle":"Change UG to remove mention of tags and update find","messageBody":"","fileTypesAndContributionMap":{"docs":{"insertions":13,"deletions":17}}},{"hash":"e50617739c2ea7db05500065337a181fc04a9dec","isMergeCommit":false,"messageTitle":"Update team roles and responsibilities in AboutUs.md","messageBody":"","fileTypesAndContributionMap":{"docs":{"insertions":6,"deletions":5}}},{"hash":"bf3f3b5bf0762d3ca7a78914efb98ffc122a5fc9","isMergeCommit":false,"messageTitle":"Add my contributions to the project","messageBody":"","fileTypesAndContributionMap":{"docs":{"insertions":36,"deletions":0}}},{"hash":"2613445772f56763e55e8428f4c5df7d17777ee0","isMergeCommit":false,"messageTitle":"Fix checkstyle issues","messageBody":"","fileTypesAndContributionMap":{"docs":{"insertions":3,"deletions":3}}},{"hash":"7176d8365e3fe884c1e34cd01683460d119cd4fd","isMergeCommit":false,"messageTitle":"Add rationale for `OR` search in find command","messageBody":"","fileTypesAndContributionMap":{"docs":{"insertions":34,"deletions":92}}},{"hash":"aa8b955b24ba48479db817448e912c504b4e1844","isMergeCommit":false,"messageTitle":"Remove tag references from DG","messageBody":"","fileTypesAndContributionMap":{"docs":{"insertions":4,"deletions":13}}},{"hash":"1e60f961cf7ad236fbc6dc2c6c76efe6e846c16b","isMergeCommit":false,"messageTitle":"Fix to match decimal with non-decimal values","messageBody":"","fileTypesAndContributionMap":{"functional-code":{"insertions":8,"deletions":2}}},{"hash":"9d33bdba8424d015caab8cdb694fc96a86fb3ec1","isMergeCommit":false,"messageTitle":"Fix test and add comments for methods","messageBody":"","fileTypesAndContributionMap":{"functional-code":{"insertions":15,"deletions":0},"test-code":{"insertions":4,"deletions":9}}},{"hash":"c0f4ea3df8d56fe102a339b027007bb51813e9a5","isMergeCommit":false,"messageTitle":"Add tests","messageBody":"","fileTypesAndContributionMap":{"test-code":{"insertions":11,"deletions":0}}},{"hash":"cd09d320fff5b12c07fa8a6cb3e69f8c55e542cb","isMergeCommit":false,"messageTitle":"Update find command to match within a range of prices","messageBody":"","fileTypesAndContributionMap":{"functional-code":{"insertions":101,"deletions":2},"test-code":{"insertions":130,"deletions":0}}},{"hash":"fc47ba8548f25b46dab1ac8db85d562df1c43e15","isMergeCommit":false,"messageTitle":"Fix checkstyle issues","messageBody":"","fileTypesAndContributionMap":{"functional-code":{"insertions":2,"deletions":1}}},{"hash":"af4947172adca54ec408ca3e406df91e1ff69f8a","isMergeCommit":false,"messageTitle":"Add appendix for proposed future features","messageBody":"","fileTypesAndContributionMap":{"docs":{"insertions":109,"deletions":13}}}]},{"date":"2025-10-27T00:00:00","commitResults":[{"hash":"dd46be1cbe410781427f4f580d823fb1855a8c35","isMergeCommit":false,"messageTitle":"Add finding by price explanation in UG","messageBody":"","fileTypesAndContributionMap":{"docs":{"insertions":4,"deletions":0}}},{"hash":"c6061e752a624a0ce4f0b85d26c65386dc8621b9","isMergeCommit":false,"messageTitle":"Remove reference of tags","messageBody":"","fileTypesAndContributionMap":{"docs":{"insertions":1,"deletions":1}}},{"hash":"3b0d7246216db7d462b1f5e471b983f5ed5ac67c","isMergeCommit":true,"messageTitle":"Merge pull request #114 from pokedot/update-gui","messageBody":"Update help bar and GUI colors and item placements","fileTypesAndContributionMap":{}},{"hash":"2b5c3aea3558a6f1b736b89d2119858cca04d655","isMergeCommit":true,"messageTitle":"Merge branch \u0027master\u0027 into update-user-guide","messageBody":"# Conflicts:\n#\tdocs/UserGuide.md\n","fileTypesAndContributionMap":{}},{"hash":"9c715527716f8afbf37fdf7b55faac2c1ea23532","isMergeCommit":false,"messageTitle":"Merge conflicts and made corrections","messageBody":"","fileTypesAndContributionMap":{"docs":{"insertions":2,"deletions":2}}},{"hash":"b240a654c0afe159f9bf63dfa1293f5429ef626f","isMergeCommit":false,"messageTitle":"Made corrections","messageBody":"","fileTypesAndContributionMap":{"docs":{"insertions":1,"deletions":1}}}]}],"plingplingshiny":[{"date":"2025-10-01T00:00:00","commitResults":[{"hash":"5d2fed65b111e4d84f1dc9607a28b857fca8f2bc","isMergeCommit":false,"messageTitle":"Edit pei ling\u0027s details in AboutUs page","messageBody":"","fileTypesAndContributionMap":{"docs":{"insertions":3,"deletions":14}}},{"hash":"2ae3297fac2cddca822d1b28b4007f428435031a","isMergeCommit":true,"messageTitle":"Merge pull request #25 from mjykxz17/Edit-AboutUs-Aiden","messageBody":"Edit AboutUs.md","fileTypesAndContributionMap":{}}]},{"date":"2025-10-04T00:00:00","commitResults":[{"hash":"1cc2dd884dbe5d38c8d9fe46db90795e83c296c9","isMergeCommit":false,"messageTitle":"Update user stories and use cases in DeveloperGuide.md","messageBody":"","fileTypesAndContributionMap":{"docs":{"insertions":131,"deletions":24}}},{"hash":"fa466dff662fd75fb01453ae8752af5382c3ba0d","isMergeCommit":false,"messageTitle":"Update glossary with new terms from use cases","messageBody":"","fileTypesAndContributionMap":{"docs":{"insertions":3,"deletions":0}}}]},{"date":"2025-10-08T00:00:00","commitResults":[{"hash":"888d5719b19ff07c7900f66751f23053dfed797a","isMergeCommit":false,"messageTitle":"Update list command to sort contacts alphabetically","messageBody":"","fileTypesAndContributionMap":{"functional-code":{"insertions":16,"deletions":1}}},{"hash":"da9c6cae863f98ed1e7a9eb0082060f93767fd79","isMergeCommit":false,"messageTitle":"Add unit tests for alphabetical sorting for list command","messageBody":"","fileTypesAndContributionMap":{"test-code":{"insertions":28,"deletions":0}}},{"hash":"ffd7a1ab6772f8ebf4501ccce408c80303662b1a","isMergeCommit":false,"messageTitle":"Remove parenthesis for checkstyle test","messageBody":"","fileTypesAndContributionMap":{"functional-code":{"insertions":1,"deletions":1}}}]},{"date":"2025-10-14T00:00:00","commitResults":[{"hash":"cac6c8caa5434f0d5aa24a37606fda33e7b11a94","isMergeCommit":false,"messageTitle":"Update list command to handle duplicate entries","messageBody":"Sort contacts alphabetically by name first, then phone number,\naddress and email.\n","fileTypesAndContributionMap":{"functional-code":{"insertions":15,"deletions":2}}},{"hash":"55e7ea3c4face7385a9f9241b4c56e8373026ec6","isMergeCommit":false,"messageTitle":"Add test to check if list command handles duplicates correctly","messageBody":"","fileTypesAndContributionMap":{"test-code":{"insertions":2,"deletions":0}}}]},{"date":"2025-10-15T00:00:00","commitResults":[{"hash":"5e13d59c2bbf43c6bc44c9260c5ec60baca066ec","isMergeCommit":true,"messageTitle":"Merge remote-tracking branch \u0027upstream\u0027 into update-list-command-2","messageBody":"","fileTypesAndContributionMap":{}},{"hash":"45b8767ebe03956b8519b471e209e7ce547406c1","isMergeCommit":false,"messageTitle":"Add test case for duplicate entries in list command","messageBody":"","fileTypesAndContributionMap":{"test-code":{"insertions":21,"deletions":0}}},{"hash":"9301b9fff6fbe0596968a1be0e4bf376864c4fd8","isMergeCommit":false,"messageTitle":"Fix checkstyle error in ModelManager.java","messageBody":"","fileTypesAndContributionMap":{"functional-code":{"insertions":1,"deletions":1}}},{"hash":"dc96bc4eb719de6e9a6fdae234a0288cb2445b3a","isMergeCommit":false,"messageTitle":"Add test case for duplicate entries with different addresses","messageBody":"","fileTypesAndContributionMap":{"test-code":{"insertions":7,"deletions":0}}},{"hash":"3c4158d5f330460e632ffec71dcce374ea6e30b4","isMergeCommit":true,"messageTitle":"Merge pull request #49 from mjykxz17/delete-multiple-name","messageBody":"Update delete command to allow multiple delete by name","tags":["v1.3"],"fileTypesAndContributionMap":{}}]},{"date":"2025-10-16T00:00:00","commitResults":[{"hash":"8d89f1b5fa9addde558c56f4fe04b26b6900ac24","isMergeCommit":false,"messageTitle":"Update user guide for list command","messageBody":"","fileTypesAndContributionMap":{"docs":{"insertions":2,"deletions":1}}},{"hash":"8288a07ecde9cba0982110e222756cacfe8ad38c","isMergeCommit":false,"messageTitle":"Update user guide for list command","messageBody":"","fileTypesAndContributionMap":{"docs":{"insertions":1,"deletions":0}}}]},{"date":"2025-10-18T00:00:00","commitResults":[{"hash":"37d1a11c7ae8e8eacc1a2dc52fbf36260bdf059c","isMergeCommit":false,"messageTitle":"Add PropertyType and Price fields to Person and related classes","messageBody":"","fileTypesAndContributionMap":{"functional-code":{"insertions":283,"deletions":12},"test-code":{"insertions":104,"deletions":10}}}]},{"date":"2025-10-19T00:00:00","commitResults":[{"hash":"dce65bc210be6825d7a64f68ae19a7a5d3899b89","isMergeCommit":false,"messageTitle":"Add test cases for propertyType and Price fields","messageBody":"","fileTypesAndContributionMap":{"functional-code":{"insertions":17,"deletions":3},"test-code":{"insertions":237,"deletions":45}}},{"hash":"51a3ae30c14f866afa2bb42835368ab57419bc5c","isMergeCommit":false,"messageTitle":"Fix checkstyle error","messageBody":"","fileTypesAndContributionMap":{"functional-code":{"insertions":1,"deletions":2}}},{"hash":"57cff0730ddb6c04daadf221a1c722e2b0fa67e0","isMergeCommit":false,"messageTitle":"Fix checkstyle errors","messageBody":"","fileTypesAndContributionMap":{"functional-code":{"insertions":6,"deletions":6}}},{"hash":"e894e42e46fe63076d17a4656550508a8a7371ed","isMergeCommit":false,"messageTitle":"Fix checkstyle errors","messageBody":"","fileTypesAndContributionMap":{"test-code":{"insertions":13,"deletions":13}}},{"hash":"a9a68b6f1bb45940558ffbccdf5da7dd5720b1ad","isMergeCommit":false,"messageTitle":"Allow decimal points and commas for Price field","messageBody":"","fileTypesAndContributionMap":{"functional-code":{"insertions":1,"deletions":1},"test-code":{"insertions":8,"deletions":0}}},{"hash":"8647492da20c07e0bbd762aebc1e67bc9563c039","isMergeCommit":false,"messageTitle":"Add more test cases for Person, Price and PropertyType","messageBody":"","fileTypesAndContributionMap":{"test-code":{"insertions":237,"deletions":31}}},{"hash":"10c7e1d45993f06ef9b48c5ecf62c12710a84f63","isMergeCommit":false,"messageTitle":"Add extra new line at end of PriceTest.java","messageBody":"","fileTypesAndContributionMap":{"test-code":{"insertions":1,"deletions":1}}},{"hash":"436d1f452f9035cf33d45fafdad36b757884890d","isMergeCommit":false,"messageTitle":"Fix checkstyle error","messageBody":"","fileTypesAndContributionMap":{"test-code":{"insertions":0,"deletions":1}}},{"hash":"bc577d78a8cf30eacdc9ebcb65f8e8ef72d572c3","isMergeCommit":false,"messageTitle":"Fix formatting issue for AddCommand.java in GUI","messageBody":"","fileTypesAndContributionMap":{"functional-code":{"insertions":2,"deletions":2}}},{"hash":"31e22f924d413d3e542d4d1f9102fa295437445b","isMergeCommit":false,"messageTitle":"Fix formatting issue for AddCommand.java in GUI","messageBody":"","fileTypesAndContributionMap":{"functional-code":{"insertions":2,"deletions":2}}},{"hash":"0acc158f97a63d5b3d88d0d386fd229de4048083","isMergeCommit":false,"messageTitle":"Display new fields in PersonCard in GUI","messageBody":"","fileTypesAndContributionMap":{"functional-code":{"insertions":8,"deletions":0}}}]},{"date":"2025-10-20T00:00:00","commitResults":[{"hash":"3b35797c5dcf5f77866bd78f40b482946de3af03","isMergeCommit":false,"messageTitle":"Change prefixes for Property Type and Price fields","messageBody":"","fileTypesAndContributionMap":{"functional-code":{"insertions":2,"deletions":2}}},{"hash":"98cf355106bd05f61139033b589d91cf9073715d","isMergeCommit":false,"messageTitle":"Update MESSAGE_CONSTRAINTS String in Price.java","messageBody":"","fileTypesAndContributionMap":{"functional-code":{"insertions":2,"deletions":1}}},{"hash":"4db1978cfe8f3120256897186b1211cca2c5e4ab","isMergeCommit":false,"messageTitle":"Fix tests in PropertyTypeTest.java to use the correct methods","messageBody":"","fileTypesAndContributionMap":{"test-code":{"insertions":4,"deletions":4}}},{"hash":"e195def410ccf343ac9bf3c17ed81a779e0cbaae","isMergeCommit":false,"messageTitle":"Add test cases for PersonCard.java","messageBody":"","fileTypesAndContributionMap":{"functional-code":{"insertions":8,"deletions":8},"test-code":{"insertions":54,"deletions":0}}},{"hash":"bb09f80319eb61e338d7c39327304aed08e3640d","isMergeCommit":false,"messageTitle":"Fix missing newline at EOF error","messageBody":"","fileTypesAndContributionMap":{"test-code":{"insertions":1,"deletions":1}}},{"hash":"6e12981c528a5119b571324f9d2aae8153441469","isMergeCommit":false,"messageTitle":"Fix checkstyle error","messageBody":"","fileTypesAndContributionMap":{"functional-code":{"insertions":8,"deletions":7}}},{"hash":"f286009544277de5268ab5bb0363165bf398319d","isMergeCommit":false,"messageTitle":"Add more test cases for PersonCard.java","messageBody":"","fileTypesAndContributionMap":{"test-code":{"insertions":201,"deletions":9}}},{"hash":"096c4aea62f0ce8769abfd470f0b28d180884025","isMergeCommit":false,"messageTitle":"Fix checkstyle error","messageBody":"","fileTypesAndContributionMap":{"test-code":{"insertions":1,"deletions":3}}},{"hash":"746212dea6e8cc915d6e2c659c35f03ba77a3dac","isMergeCommit":false,"messageTitle":"Update tests in PersonCardTest.java","messageBody":"","fileTypesAndContributionMap":{"test-code":{"insertions":89,"deletions":185}}},{"hash":"47c8af4e83ec6f65e357764cb239b7be456f5d5b","isMergeCommit":false,"messageTitle":"Remove PersonCardTest.java","messageBody":"","fileTypesAndContributionMap":{"test-code":{"insertions":0,"deletions":148}}},{"hash":"948a24e37e2c2653dca625b2acbfedd6cf913fd0","isMergeCommit":false,"messageTitle":"Update User Guide for new Property Type and Price fields","messageBody":"","fileTypesAndContributionMap":{"docs":{"insertions":18,"deletions":18}}}]},{"date":"2025-10-24T00:00:00","commitResults":[{"hash":"5c271eaf104fce49339bcdc4345a1a78b43fc1c5","isMergeCommit":false,"messageTitle":"Add future proposed find-by-postal-code feature to Developer Guide","messageBody":"","fileTypesAndContributionMap":{"docs":{"insertions":102,"deletions":2}}}]},{"date":"2025-10-26T00:00:00","commitResults":[{"hash":"ac47dd3765856d1e949737c234fa7a3fbba2ca14","isMergeCommit":false,"messageTitle":"Edit UML diagram for proposed future find-by-postal-code feature","messageBody":"","fileTypesAndContributionMap":{"docs":{"insertions":11,"deletions":2}}}]},{"date":"2025-10-27T00:00:00","commitResults":[{"hash":"ebd35a255a1ae4dbbaf1cd4ca4625924dce2d250","isMergeCommit":true,"messageTitle":"Merge pull request #117 from pokedot/update-add-command","messageBody":"Update add to allow flexible argument order","fileTypesAndContributionMap":{}}]}],"mjykxz17":[{"date":"2025-10-01T00:00:00","commitResults":[{"hash":"4ddcaa410eefb706dc0ea7b266eb0031c2e8f448","isMergeCommit":false,"messageTitle":"Edit AboutUs.md","messageBody":"","fileTypesAndContributionMap":{"docs":{"insertions":4,"deletions":4}}},{"hash":"25723551e378e97982d52675f5fd6b085d5c9916","isMergeCommit":true,"messageTitle":"Merge pull request #23 from plingplingshiny/edit-about-us","messageBody":"Edit pei ling\u0027s details in AboutUs page","fileTypesAndContributionMap":{}}]},{"date":"2025-10-03T00:00:00","commitResults":[{"hash":"ccd37681bd918687de77b66a8cb3f2506f203786","isMergeCommit":false,"messageTitle":"Update Ui design and README.md","messageBody":"","fileTypesAndContributionMap":{"docs":{"insertions":2,"deletions":0}}},{"hash":"d3dae7c03ed62eb5262e1ae13f8a7d84c24215aa","isMergeCommit":true,"messageTitle":"Merge pull request #31 from kin-chong/week-7-task-3b","messageBody":"Add NFRs and glossary terms to DeveloperGuide.md","fileTypesAndContributionMap":{}}]},{"date":"2025-10-09T00:00:00","commitResults":[{"hash":"2e6a2b7a0d303967fa0f5bd115855ba104dc1486","isMergeCommit":false,"messageTitle":"add delete function, delete by name","messageBody":"","fileTypesAndContributionMap":{"functional-code":{"insertions":83,"deletions":24},"test-code":{"insertions":48,"deletions":17}}},{"hash":"dd0ed3628c97576891a03a40b0e1a6af560a31f7","isMergeCommit":false,"messageTitle":"Bug Fix","messageBody":"","fileTypesAndContributionMap":{"functional-code":{"insertions":6,"deletions":4},"test-code":{"insertions":12,"deletions":10}}},{"hash":"5f933c5493683e404d8b5682a71e2efa4d2ff780","isMergeCommit":false,"messageTitle":"Add test coverage","messageBody":"","fileTypesAndContributionMap":{"test-code":{"insertions":19,"deletions":0}}},{"hash":"ac0a94f28e6c3d93fb3ac3f338844a7e9a3a428e","isMergeCommit":false,"messageTitle":"Check style fix","messageBody":"","fileTypesAndContributionMap":{"test-code":{"insertions":2,"deletions":1}}}]},{"date":"2025-10-11T00:00:00","commitResults":[{"hash":"3ac386353953fe7ca68a71cdab188919ef7b3fd1","isMergeCommit":false,"messageTitle":"Allow multiple delete by name","messageBody":"","fileTypesAndContributionMap":{"functional-code":{"insertions":177,"deletions":35},"test-code":{"insertions":172,"deletions":11}}},{"hash":"213317788ed056a2fa22104993bb132ae76c7ac2","isMergeCommit":false,"messageTitle":"Bug fix","messageBody":"","fileTypesAndContributionMap":{"functional-code":{"insertions":2,"deletions":0},"test-code":{"insertions":2,"deletions":1}}},{"hash":"7c74516dfd7dac9987f7dc2fa3cb12eed96c7c46","isMergeCommit":false,"messageTitle":"Style fix","messageBody":"","fileTypesAndContributionMap":{"functional-code":{"insertions":27,"deletions":25},"test-code":{"insertions":15,"deletions":13}}},{"hash":"1303ca3beada9416deb2e43eb8679b315f5c4493","isMergeCommit":false,"messageTitle":"Bug fix","messageBody":"","fileTypesAndContributionMap":{"functional-code":{"insertions":25,"deletions":27},"test-code":{"insertions":39,"deletions":15}}},{"hash":"d84086baadf5396d665cdc048d9615797cebed0d","isMergeCommit":false,"messageTitle":"Follow up bug fix","messageBody":"","fileTypesAndContributionMap":{"functional-code":{"insertions":30,"deletions":25},"test-code":{"insertions":17,"deletions":14}}}]},{"date":"2025-10-14T00:00:00","commitResults":[{"hash":"b2d4d42d00780b043384313635f95f01715e7774","isMergeCommit":true,"messageTitle":"Merge pull request #51 from pokedot/update-add-command","messageBody":"Update add command to allow persons with same name","fileTypesAndContributionMap":{}}]},{"date":"2025-10-15T00:00:00","commitResults":[{"hash":"0efcb7d1dbc1c06ca9a621f124c7447bf2abaf6a","isMergeCommit":true,"messageTitle":"Merge pull request #52 from plingplingshiny/update-list-command-2","messageBody":"Update list command to handle duplicate entries","fileTypesAndContributionMap":{}},{"hash":"12796fb7a7a019dc821ccd74dbc16eb1536a5c09","isMergeCommit":false,"messageTitle":"Code optimization","messageBody":"","fileTypesAndContributionMap":{"functional-code":{"insertions":44,"deletions":36}}},{"hash":"82d31b63e767d0573ebe54613d293a60bb6f3b39","isMergeCommit":true,"messageTitle":"Merge branch \u0027master\u0027 of https://github.com/AY2526S1-CS2103-F10-2/tp into delete-multiple-name","messageBody":"* \u0027master\u0027 of https://github.com/AY2526S1-CS2103-F10-2/tp:\n  Add test case for duplicate entries with different addresses\n  Fix checkstyle error in ModelManager.java\n  Add test case for duplicate entries in list command\n  Add test to check if list command handles duplicates correctly\n  Update list command to handle duplicate entries\n  Update UG with requested changes\n  Exclude tags from isSamePerson check\n  Add test cases for same name Persons\n  Update add command to allow persons with same name\n  Checkstyle fix\n  Checkstyle fix\n  Add PersonContainsKeywordsPredicateTest.java\n  Checkstyle fix\n  Checkstyle fixes\n  Change UG to update \"find\" command\n  Update find command to support all prefixes\n","fileTypesAndContributionMap":{}},{"hash":"1b968fc65c87c943ce2f45f889787ba4cbb6c59d","isMergeCommit":false,"messageTitle":"Code optimization","messageBody":"","fileTypesAndContributionMap":{"functional-code":{"insertions":99,"deletions":71}}},{"hash":"bc2ceab6c61cb9990c412d2e05beaaa83af8daa2","isMergeCommit":false,"messageTitle":"Check Style fix","messageBody":"","fileTypesAndContributionMap":{"functional-code":{"insertions":71,"deletions":41}}},{"hash":"393b5d3644af479d5d3fc055faa85f69dcd2307c","isMergeCommit":true,"messageTitle":"Merge branch \u0027delete-multiple-name\u0027 of https://github.com/mjykxz17/tp into delete-multiple-name","messageBody":"* \u0027delete-multiple-name\u0027 of https://github.com/mjykxz17/tp:\n  Code optimization\n","fileTypesAndContributionMap":{}},{"hash":"cfd1b83e84c38141155d22dc684f3feb0b5a1c6b","isMergeCommit":false,"messageTitle":"Fix check style issue","messageBody":"","fileTypesAndContributionMap":{"functional-code":{"insertions":30,"deletions":28}}}]},{"date":"2025-10-16T00:00:00","commitResults":[{"hash":"b8dd6f44e9a382aa74e47565d76d4f859677f9de","isMergeCommit":true,"messageTitle":"Bug fix","messageBody":"","fileTypesAndContributionMap":{}},{"hash":"6c84d9a6d9f67ad4b857fb6e70b2f6f0886e47a6","isMergeCommit":false,"messageTitle":"Check Style Fix","messageBody":"","fileTypesAndContributionMap":{"functional-code":{"insertions":28,"deletions":88}}},{"hash":"ca5eea740cb8a5093829008555b2d52f8f158dc1","isMergeCommit":false,"messageTitle":"Check style fix","messageBody":"","fileTypesAndContributionMap":{"functional-code":{"insertions":10,"deletions":4}}},{"hash":"0ecb77e396e2c40a4915e7702a13d0ffba791f6e","isMergeCommit":false,"messageTitle":"Update user manual for delete function","messageBody":"","fileTypesAndContributionMap":{"docs":{"insertions":9,"deletions":5}}}]},{"date":"2025-10-17T00:00:00","commitResults":[{"hash":"043319cc72adc19d83acfaf1e442f15f95e36959","isMergeCommit":true,"messageTitle":"Merge pull request #59 from plingplingshiny/update-list-command-2","messageBody":"Update User Guide for list command","fileTypesAndContributionMap":{}},{"hash":"18811aba6a5e4343607f131a082963730ad477bd","isMergeCommit":true,"messageTitle":"Merge branch \u0027master\u0027 of https://github.com/AY2526S1-CS2103-F10-2/tp","messageBody":"* \u0027master\u0027 of https://github.com/AY2526S1-CS2103-F10-2/tp:\n  Update user guide for list command\n  Update user guide for list command\n","fileTypesAndContributionMap":{}}]},{"date":"2025-10-19T00:00:00","commitResults":[{"hash":"5cd61b42841692d7da4ac1e5fe62ebccf7d1ec4e","isMergeCommit":false,"messageTitle":"Add intention field to Person and update related commands","messageBody":"","fileTypesAndContributionMap":{"functional-code":{"insertions":192,"deletions":33},"test-code":{"insertions":82,"deletions":60}}}]},{"date":"2025-10-20T00:00:00","commitResults":[{"hash":"309f7636b2d0ff42bd68da039acb32f41f57aafc","isMergeCommit":false,"messageTitle":"Fix checkstyle issue","messageBody":"","fileTypesAndContributionMap":{"functional-code":{"insertions":39,"deletions":40},"test-code":{"insertions":152,"deletions":66}}},{"hash":"1f5070bdb637501b2c51e1af173fd610d976714e","isMergeCommit":false,"messageTitle":"Add test to PersonCard.java","messageBody":"","fileTypesAndContributionMap":{"test-code":{"insertions":142,"deletions":0}}},{"hash":"20185f3890358807ddeba04ee70e3e920ce9a18e","isMergeCommit":false,"messageTitle":"Fix checkstyle","messageBody":"","fileTypesAndContributionMap":{"test-code":{"insertions":0,"deletions":1}}},{"hash":"5b68a01ce9e0f0f35540f31c591ea154acc436ff","isMergeCommit":false,"messageTitle":"Fix checkstyle","messageBody":"","fileTypesAndContributionMap":{"other":{"insertions":3,"deletions":0}}},{"hash":"d1e280ea1fe0544b5e9d002b9635d07dd50aa6e4","isMergeCommit":false,"messageTitle":"Fix checkstyle","messageBody":"","fileTypesAndContributionMap":{"test-code":{"insertions":20,"deletions":3}}},{"hash":"33391fe75c572679a5aae661e52e7d8d2d7bc072","isMergeCommit":false,"messageTitle":"Add new line at EOF","messageBody":"","fileTypesAndContributionMap":{"test-code":{"insertions":1,"deletions":1}}},{"hash":"6a8401cde5744315293f716d959fbff4bf46e05a","isMergeCommit":false,"messageTitle":"Add more test case for Person.java","messageBody":"","fileTypesAndContributionMap":{"test-code":{"insertions":39,"deletions":0}}},{"hash":"6abc25fc894abb09605ac3a0491c182e838292aa","isMergeCommit":false,"messageTitle":"Add more test case","messageBody":"","fileTypesAndContributionMap":{"test-code":{"insertions":18,"deletions":43}}},{"hash":"de3696e956de11b2dee72225a1919132cc1bd0ac","isMergeCommit":false,"messageTitle":"Add unit tests for SampleDataUtil methods","messageBody":"","fileTypesAndContributionMap":{"test-code":{"insertions":39,"deletions":0}}},{"hash":"709edd15a81913c377f49eb6d31bba05d8962ccc","isMergeCommit":false,"messageTitle":"Update user guide","messageBody":"","fileTypesAndContributionMap":{"docs":{"insertions":1,"deletions":1}}},{"hash":"a04e61f855b8dbd43ce60353d0b779cbc4e2607b","isMergeCommit":true,"messageTitle":"Sync with upstream-master","messageBody":"","fileTypesAndContributionMap":{}},{"hash":"7e53a3862cac19ab424fa44cbf353380225e35cd","isMergeCommit":true,"messageTitle":"Merge branch \u0027master\u0027 into Add-property-purpose-field","messageBody":"# Conflicts:\n#\tsrc/main/java/seedu/address/logic/commands/EditCommand.java\n#\tsrc/main/java/seedu/address/logic/parser/AddCommandParser.java\n#\tsrc/main/java/seedu/address/logic/parser/CliSyntax.java\n#\tsrc/main/java/seedu/address/model/person/Person.java\n#\tsrc/main/java/seedu/address/model/util/SampleDataUtil.java\n#\tsrc/main/java/seedu/address/storage/JsonAdaptedPerson.java\n#\tsrc/main/java/seedu/address/ui/PersonCard.java\n#\tsrc/main/resources/view/PersonListCard.fxml\n#\tsrc/test/java/seedu/address/logic/LogicManagerTest.java\n#\tsrc/test/java/seedu/address/logic/parser/AddCommandParserTest.java\n#\tsrc/test/java/seedu/address/model/person/PersonTest.java\n#\tsrc/test/java/seedu/address/testutil/PersonBuilder.java\n","fileTypesAndContributionMap":{}},{"hash":"aacb5633fb38cf12357a3ac7658a40b8651e6270","isMergeCommit":false,"messageTitle":"Fix merge conflict","messageBody":"","fileTypesAndContributionMap":{"functional-code":{"insertions":47,"deletions":8},"test-code":{"insertions":60,"deletions":83}}},{"hash":"22ae4924c420fc4127d8972f04e54bfe5ea7c80d","isMergeCommit":false,"messageTitle":"Increase DeleteCommandTest coverage","messageBody":"","fileTypesAndContributionMap":{"test-code":{"insertions":30,"deletions":0}}},{"hash":"b9d0670e9b3f0358fca566a08513eb40aed73c50","isMergeCommit":false,"messageTitle":"Add intention field to EditCommand and EditCommandParser","messageBody":"","fileTypesAndContributionMap":{"functional-code":{"insertions":27,"deletions":6}}},{"hash":"985b59ee5cafac0608e6ca84b59e34fee726987e","isMergeCommit":false,"messageTitle":"Check style fix","messageBody":"","fileTypesAndContributionMap":{"functional-code":{"insertions":2,"deletions":2},"test-code":{"insertions":4,"deletions":2}}}]},{"date":"2025-10-21T00:00:00","commitResults":[{"hash":"07119d2068b9ebfd99b0b4e7dbb1e44f20eb55de","isMergeCommit":true,"messageTitle":"Merge pull request #73 from kin-chong/update-user-guide","messageBody":"Update User Guide for add and find commands","fileTypesAndContributionMap":{}},{"hash":"217ea4bad74ecd097662094ba098a8329bb6d562","isMergeCommit":true,"messageTitle":"Merge pull request #74 from pokedot/update-gui","messageBody":"Update GUI","fileTypesAndContributionMap":{}}]},{"date":"2025-10-23T00:00:00","commitResults":[{"hash":"e750156506a448652e1569ffeb5b03b0486d3430","isMergeCommit":false,"messageTitle":"Update UML diagram for delete feature","messageBody":"","fileTypesAndContributionMap":{"docs":{"insertions":68,"deletions":36}}},{"hash":"a1565bcb5c6608d38edef6897c94dcd019280dd7","isMergeCommit":false,"messageTitle":"Update user guide for delete feature","messageBody":"","fileTypesAndContributionMap":{"docs":{"insertions":9,"deletions":7}}},{"hash":"2a8794c7d22936db417dc0f0d07ea299fbc255ea","isMergeCommit":true,"messageTitle":"Merge pull request #91 from pokedot/update-uml","messageBody":"Update Model diagram multiplicities","fileTypesAndContributionMap":{}}]},{"date":"2025-10-28T00:00:00","commitResults":[{"hash":"6591ab045c98f6fad9fb78cab68f1d3ef875d315","isMergeCommit":true,"messageTitle":"Merge pull request #118 from kin-chong/update-find-command","messageBody":"Enhance find command to support exact price matching","fileTypesAndContributionMap":{}},{"hash":"716c2c91e6d7ad79b0f81bc85b6badb337dd3865","isMergeCommit":true,"messageTitle":"Merge pull request #120 from kin-chong/update-developer-guide","messageBody":"Update DG to reflect changes","fileTypesAndContributionMap":{}},{"hash":"2f602932fbce12dd2f13f4d5e0634617354e9d29","isMergeCommit":true,"messageTitle":"Merge pull request #119 from kin-chong/update-user-guide","messageBody":"Change UG to remove mention of tags and update find","fileTypesAndContributionMap":{}}]}]},"authorFileTypeContributionMap":{"pokedot":{"docs":41,"functional-code":436,"test-code":166,"other":3},"kin-chong":{"docs":251,"functional-code":322,"test-code":813,"other":3},"plingplingshiny":{"docs":232,"functional-code":309,"test-code":537},"mjykxz17":{"docs":78,"functional-code":477,"test-code":625,"other":3}},"authorContributionVariance":{"pokedot":21166.268,"kin-chong":34672.1,"plingplingshiny":27325.63,"mjykxz17":35546.383},"authorDisplayNameMap":{"pokedot":"CS2103-F10-2 NG M.. JIE","kin-chong":"CS2103-F10-2 CASE..CONG","plingplingshiny":"CS2103-F10-2 HO P..LING","mjykxz17":"CS2103-F10-2 MA J..IAYI"}}
