{"authorDailyContributionsMap":{"romidas99":[{"date":"2025-09-30T00:00:00","commitResults":[{"hash":"f038c17055882d3473540b45cc821db10042f1a9","isMergeCommit":false,"messageTitle":"Add romidas99 role to about us","messageBody":"","fileTypesAndContributionMap":{"docs":{"insertions":13,"deletions":13}}}]},{"date":"2025-10-02T00:00:00","commitResults":[{"hash":"2824e86cc50d56751bb88310a57633881da2ff62","isMergeCommit":false,"messageTitle":"Update Readme","messageBody":"","fileTypesAndContributionMap":{"other":{"insertions":1,"deletions":1},"docs":{"insertions":49,"deletions":8}}},{"hash":"f20cd90140e8afbaf5839a36dbea038663c12ba8","isMergeCommit":true,"messageTitle":"Merge pull request #20 from romidas99/documentation","messageBody":"Update Readme","fileTypesAndContributionMap":{}},{"hash":"e9e71f6eb7775630f561326494872361eaad9917","isMergeCommit":false,"messageTitle":"Update Readme CI status","messageBody":"","fileTypesAndContributionMap":{"docs":{"insertions":1,"deletions":1}}},{"hash":"dbe06a29f2cfc08dc11056d2a2e734d4d1c6255d","isMergeCommit":true,"messageTitle":"Merge pull request #26 from romidas99/documentation","messageBody":"Update Readme CI status","fileTypesAndContributionMap":{}},{"hash":"43438775f2f58b58c7b2aac90731c857f05fe34e","isMergeCommit":true,"messageTitle":"Merge pull request #4 from romidas99/about-us","messageBody":"","fileTypesAndContributionMap":{}}]},{"date":"2025-10-04T00:00:00","commitResults":[{"hash":"9080fe5b903a645f07f5bb038134a95b2c534c51","isMergeCommit":false,"messageTitle":"Update README to correct format","messageBody":"","fileTypesAndContributionMap":{"docs":{"insertions":11,"deletions":51}}},{"hash":"c0d61de18eb7cb61942f362f459162abeabbe5e3","isMergeCommit":false,"messageTitle":"Update README to correct format","messageBody":"","fileTypesAndContributionMap":{"docs":{"insertions":1,"deletions":1}}},{"hash":"3ca5bc812e7b9ebfd8ff9f29aa4275091cf5c7a1","isMergeCommit":true,"messageTitle":"Merge pull request #35 from romidas99/documentation","messageBody":"Update README format","fileTypesAndContributionMap":{}},{"hash":"5eda786b79b419f460f4ecbc4f9526f8778847b1","isMergeCommit":false,"messageTitle":"Configure Codecov integration","messageBody":"","fileTypesAndContributionMap":{"other":{"insertions":32,"deletions":1},"docs":{"insertions":6,"deletions":6}}},{"hash":"ef6c2664d505cb6615f5c22a86afb0f3182ff421","isMergeCommit":false,"messageTitle":"Configure Codecov integration","messageBody":"","fileTypesAndContributionMap":{"other":{"insertions":0,"deletions":31}}},{"hash":"c3f74a019dbdd1e8b7a5457eef83afd066a23afb","isMergeCommit":true,"messageTitle":"Merge pull request #36 from romidas99/documentation","messageBody":"Update project website","fileTypesAndContributionMap":{}},{"hash":"9d2335e80237015aba8e8bc641140a24f513b87c","isMergeCommit":false,"messageTitle":"Fix typo in index.md","messageBody":"","fileTypesAndContributionMap":{"docs":{"insertions":1,"deletions":1}}},{"hash":"4b6858fbd6c5f52a0e4d6bc06b9a75ca91c24e2b","isMergeCommit":true,"messageTitle":"Merge pull request #37 from romidas99/documentation","messageBody":"Fix typo in index.md","fileTypesAndContributionMap":{}},{"hash":"d03e0e2af2700582b3744c3cf25cfad55ff9a47e","isMergeCommit":false,"messageTitle":"Configure Codecov integration","messageBody":"","fileTypesAndContributionMap":{"docs":{"insertions":1,"deletions":1}}},{"hash":"24a7defcf1604a6aae303ba921456c59084bac19","isMergeCommit":true,"messageTitle":"Merge pull request #38 from romidas99/documentation","messageBody":"Configure Codecov integration","fileTypesAndContributionMap":{}},{"hash":"a74bf8245047e5db443fcae235acb6f046717f95","isMergeCommit":true,"messageTitle":"Merge pull request #40 from caiwang0/update-dg-requirements","messageBody":"","fileTypesAndContributionMap":{}}]},{"date":"2025-10-10T00:00:00","commitResults":[{"hash":"01ee94e90fa0d46031247a0c1a8bdc2c8ee5784b","isMergeCommit":false,"messageTitle":"Refactor Help Command","messageBody":"","fileTypesAndContributionMap":{"functional-code":{"insertions":33,"deletions":10}}},{"hash":"a3fe69741b73a44cce82ec50fd7c528395c2c47c","isMergeCommit":true,"messageTitle":"Merge pull request #47 from romidas99/Branch-help-command","messageBody":"Refactor Help Command","fileTypesAndContributionMap":{}}]},{"date":"2025-10-12T00:00:00","commitResults":[{"hash":"b8eeba809129fc4d24f9b1ec56cf1ea3f61237d3","isMergeCommit":false,"messageTitle":"Add UG url into helpwindow.java","messageBody":"","fileTypesAndContributionMap":{"functional-code":{"insertions":36,"deletions":31}}},{"hash":"ec76c85bb97ab8f14b41c3d92cbee0e7c93d6da9","isMergeCommit":true,"messageTitle":"Merge pull request #53 from romidas99/Branch-help-command","messageBody":"Add UG url into helpwindow.java","fileTypesAndContributionMap":{}},{"hash":"bcfdcf7c6f180bfb9528b9908672a1e92062ea72","isMergeCommit":true,"messageTitle":"Resolve merge conflict in HelpWindow with updated URL","messageBody":"","fileTypesAndContributionMap":{}},{"hash":"9f00f2348b8cc6a5cd6b27ca62a91399b3fa6647","isMergeCommit":false,"messageTitle":"Updated help command","messageBody":"","fileTypesAndContributionMap":{"functional-code":{"insertions":8,"deletions":30}}},{"hash":"7f2ed5fd2da76a8cb0789582bfb628615f314ce3","isMergeCommit":true,"messageTitle":"Merge pull request #54 from romidas99/updated-help-command","messageBody":"Updated help command","fileTypesAndContributionMap":{}},{"hash":"d8eebf13ef90c565a36df17e7efd5708c06efcf6","isMergeCommit":true,"messageTitle":"Merge branch \u0027biggillyboyman-Refactored-Code\u0027 of github.com:AY2526S1-CS2103T-T10-1/tp","messageBody":"","fileTypesAndContributionMap":{}}]},{"date":"2025-10-13T00:00:00","commitResults":[{"hash":"d733df4d155625a26f1dd1f03904f13c2869ded6","isMergeCommit":false,"messageTitle":"Modify JobType model","messageBody":"","fileTypesAndContributionMap":{"functional-code":{"insertions":4,"deletions":3}}}]},{"date":"2025-10-14T00:00:00","commitResults":[{"hash":"4b4cc890878991acaf4a823cb92e0dd38c39bc66","isMergeCommit":false,"messageTitle":"Modify JobType model","messageBody":"","fileTypesAndContributionMap":{"functional-code":{"insertions":1,"deletions":0}}},{"hash":"89cf2b8c660badbab9d50b711de4ba61cf6cb9a9","isMergeCommit":true,"messageTitle":"Merge pull request #61 from romidas99/JobType-model","messageBody":"Job type model","fileTypesAndContributionMap":{}}]},{"date":"2025-10-16T00:00:00","commitResults":[{"hash":"2906ca58df6d7d5aa8f33a3c9f365aaae6f1d842","isMergeCommit":false,"messageTitle":"Reformat user guide","messageBody":"","fileTypesAndContributionMap":{"docs":{"insertions":2,"deletions":2}}},{"hash":"e445b9d223990a733b0736224d319544d4c236c8","isMergeCommit":true,"messageTitle":"Merge pull request #78 from romidas99/User-guide","messageBody":"Reformat user guide","fileTypesAndContributionMap":{}}]},{"date":"2025-10-19T00:00:00","commitResults":[{"hash":"805c7d98667b0891e3c2ffd1184c2b1afabb8721","isMergeCommit":false,"messageTitle":"Latest changes","messageBody":"","fileTypesAndContributionMap":{"other":{"insertions":1,"deletions":1},"docs":{"insertions":6,"deletions":6}}},{"hash":"b456ed94b771fd91fdb8bb681ae550eac27e32cf","isMergeCommit":false,"messageTitle":"Fix CI tests","messageBody":"","fileTypesAndContributionMap":{"test-code":{"insertions":2,"deletions":2}}},{"hash":"1b3c72dc80d1a6c2104d4994580486e272480d20","isMergeCommit":false,"messageTitle":"Add date field","messageBody":"","fileTypesAndContributionMap":{"functional-code":{"insertions":204,"deletions":44},"test-code":{"insertions":52,"deletions":15}}},{"hash":"b5bd35035766fef63a1e47859be32dee1d533be7","isMergeCommit":false,"messageTitle":"Fix Ci tests after adding date","messageBody":"","fileTypesAndContributionMap":{"functional-code":{"insertions":24,"deletions":21},"test-code":{"insertions":66,"deletions":29}}},{"hash":"a88c39820f88b2f1df18d408160a58acfdb4a5af","isMergeCommit":false,"messageTitle":"Fix build tests after adding date","messageBody":"","fileTypesAndContributionMap":{"test-code":{"insertions":13,"deletions":12}}},{"hash":"5fe91f8107deca8ff9d5bf469f41825001cf2b5b","isMergeCommit":false,"messageTitle":"Fix date parser","messageBody":"","fileTypesAndContributionMap":{"functional-code":{"insertions":5,"deletions":2}}}]},{"date":"2025-10-20T00:00:00","commitResults":[{"hash":"a62d154de759f87a78e49fa5756ed9daad9ce21a","isMergeCommit":false,"messageTitle":"Enable assertions in build.gradle","messageBody":"","fileTypesAndContributionMap":{"other":{"insertions":5,"deletions":0}}}]},{"date":"2025-10-21T00:00:00","commitResults":[{"hash":"7bc92353f3f31602bb1872d7045d22f93886ac50","isMergeCommit":false,"messageTitle":"Update documentation to include date field","messageBody":"","fileTypesAndContributionMap":{"docs":{"insertions":48,"deletions":21}}},{"hash":"5cdc922d48780d049aa19fbfb8de3df41772b71e","isMergeCommit":false,"messageTitle":"Update documentation to include date field","messageBody":"","fileTypesAndContributionMap":{"docs":{"insertions":13,"deletions":32}}},{"hash":"3b2037f8634f936f0a552f32185347b611369308","isMergeCommit":false,"messageTitle":"Update BetterModelClassDiagram.puml","messageBody":"","fileTypesAndContributionMap":{"docs":{"insertions":9,"deletions":12}}},{"hash":"6a764053df68f710e2ff57589e9ce8fe482e61a2","isMergeCommit":false,"messageTitle":"Fix formatting issues","messageBody":"","fileTypesAndContributionMap":{"docs":{"insertions":17,"deletions":17}}}]},{"date":"2025-10-22T00:00:00","commitResults":[{"hash":"7fdde43bb48dd30e57f81158f811ab0bf7c0221a","isMergeCommit":true,"messageTitle":"Merge pull request #92 from romidas99/Fix-Ci","messageBody":"Fix ci","fileTypesAndContributionMap":{}}]},{"date":"2025-10-23T00:00:00","commitResults":[{"hash":"50c200da464517221bda7dc74a89af53f08f9e86","isMergeCommit":false,"messageTitle":"Update documentation","messageBody":"","fileTypesAndContributionMap":{"docs":{"insertions":241,"deletions":10}}},{"hash":"f7d60864205dc348ad893216e9881d0d8ca3c14b","isMergeCommit":false,"messageTitle":"Update documentation","messageBody":"","fileTypesAndContributionMap":{"docs":{"insertions":8,"deletions":183}}},{"hash":"6dcc11561dc3eeb570ff44b05a3139b0d033c439","isMergeCommit":false,"messageTitle":"Update documentation","messageBody":"","fileTypesAndContributionMap":{"docs":{"insertions":3,"deletions":35}}},{"hash":"fb47bf01e108ac3db164caff28753bd3b58a3116","isMergeCommit":true,"messageTitle":"Merge pull request #102 from romidas99/Fix-Ci","messageBody":"Update documentation","fileTypesAndContributionMap":{}}]},{"date":"2025-10-25T00:00:00","commitResults":[{"hash":"a356b974713e2e63d62ba9d01fe9b79e117f747d","isMergeCommit":true,"messageTitle":"Merge pull request #94 from Bosh1707/sort-feature","messageBody":"add sort feature (sort by name, status and date)","fileTypesAndContributionMap":{}}]},{"date":"2025-10-26T00:00:00","commitResults":[{"hash":"2a88cb9ccd23799acb0463b78ce27ec84fb93eba","isMergeCommit":false,"messageTitle":"Add filter command","messageBody":"","fileTypesAndContributionMap":{"functional-code":{"insertions":299,"deletions":36},"docs":{"insertions":36,"deletions":11},"test-code":{"insertions":463,"deletions":10}}},{"hash":"e0ec625e33a4a9a8663b12e536629bc9fac4e460","isMergeCommit":true,"messageTitle":"Merge branch \u0027master\u0027 into Fix-Ci","messageBody":"","fileTypesAndContributionMap":{}},{"hash":"79d4da79f206b4d4ca58712a75a9d0ba87081551","isMergeCommit":false,"messageTitle":"Fix checkstyle","messageBody":"","fileTypesAndContributionMap":{"functional-code":{"insertions":24,"deletions":23}}},{"hash":"4dda281571d4323fe52d6f99a7007f247ce324b6","isMergeCommit":true,"messageTitle":"Fix checkstlye","messageBody":"","fileTypesAndContributionMap":{}},{"hash":"d614fb93b30ed746ffbc62459d5cad23d017e5c8","isMergeCommit":true,"messageTitle":"Merge branch \u0027Fix-Ci\u0027 of github.com:romidas99/tp into Fix-Ci","messageBody":"","fileTypesAndContributionMap":{}},{"hash":"6c1612f69e9c433dfbed92445283e82265beedac","isMergeCommit":false,"messageTitle":"Fix checkstlye","messageBody":"","fileTypesAndContributionMap":{"functional-code":{"insertions":10,"deletions":11}}},{"hash":"22fa76785f1012f0860437cbf2aed7209e340b0f","isMergeCommit":false,"messageTitle":"Fix checkstyle","messageBody":"","fileTypesAndContributionMap":{"functional-code":{"insertions":10,"deletions":9}}},{"hash":"019bc30813657f8a6203269e563b4d56ed107924","isMergeCommit":false,"messageTitle":"Fix checkstyle","messageBody":"","fileTypesAndContributionMap":{"test-code":{"insertions":21,"deletions":15}}},{"hash":"a30aac6f13587fff9dd4f321a98186fcf3e19c07","isMergeCommit":false,"messageTitle":"Fix checkstyle","messageBody":"","fileTypesAndContributionMap":{"test-code":{"insertions":3,"deletions":3}}},{"hash":"190f263fb92bf3a5fece9753d1d1f52ed76cceb0","isMergeCommit":true,"messageTitle":"Merge pull request #109 from romidas99/Fix-Ci","messageBody":"Add filter command","fileTypesAndContributionMap":{}}]},{"date":"2025-10-30T00:00:00","commitResults":[{"hash":"17a25eea6355ed7b7ce536a073196dcd69c5ed7e","isMergeCommit":false,"messageTitle":"Add user centric intro to ug","messageBody":"","fileTypesAndContributionMap":{"docs":{"insertions":1,"deletions":1}}},{"hash":"422bb693261fc821a21ec66d8a94e05ccbb97df2","isMergeCommit":true,"messageTitle":"Merge pull request #156 from romidas99/bug-fix","messageBody":"Add user centric intro to ug","fileTypesAndContributionMap":{}}]},{"date":"2025-11-01T00:00:00","commitResults":[{"hash":"318c88c186bc86cc2b6f06d73e8f565a4ce9d28a","isMergeCommit":false,"messageTitle":"Change ID to index number","messageBody":"","fileTypesAndContributionMap":{"docs":{"insertions":40,"deletions":40}}},{"hash":"bbc4b7f4dca5bdad9263672bd059531b54f6826d","isMergeCommit":true,"messageTitle":"Merge branch \u0027master\u0027 of github.com:AY2526S1-CS2103T-T10-1/tp into bug-fix","messageBody":"","fileTypesAndContributionMap":{}},{"hash":"0bf4dffaf2325cc5d9b80666ea0b7bdc4b4c9205","isMergeCommit":true,"messageTitle":"Merge pull request #231 from romidas99/bug-fix","messageBody":"Bug fix","fileTypesAndContributionMap":{}},{"hash":"3ac86f31402d55a777411a6406fe3dd20799d83c","isMergeCommit":false,"messageTitle":"Change add application description in ug","messageBody":"","fileTypesAndContributionMap":{"docs":{"insertions":11,"deletions":0}}}]},{"date":"2025-11-02T00:00:00","commitResults":[{"hash":"7bf62cc4f7e84872e6e1df9feebb83a374ef9a00","isMergeCommit":true,"messageTitle":"Merge pull request #232 from romidas99/bug-fix","messageBody":"Change add application description in ug","fileTypesAndContributionMap":{}},{"hash":"f048b5cc908afc7ba5f0763f75b7e038e0a3daae","isMergeCommit":false,"messageTitle":"Allow company name to wrap around","messageBody":"","fileTypesAndContributionMap":{"functional-code":{"insertions":3,"deletions":3}}},{"hash":"3c20c55cff973423ac5d1f5a91683a5d3c39f5dd","isMergeCommit":true,"messageTitle":"Merge pull request #233 from romidas99/buggy","messageBody":"Allow company name to wrap around","fileTypesAndContributionMap":{}},{"hash":"7b762d2569c0287d130c0172da22411cd91572f4","isMergeCommit":false,"messageTitle":"Allow first character to be special character","messageBody":"","fileTypesAndContributionMap":{"functional-code":{"insertions":2,"deletions":1}}},{"hash":"0c02b7c486d0ee40297c38e641631c1e40385e2b","isMergeCommit":false,"messageTitle":"Fix formatting","messageBody":"","fileTypesAndContributionMap":{"functional-code":{"insertions":1,"deletions":2}}},{"hash":"3dfeba48adf4cf97e29447139714f8de5cf6b557","isMergeCommit":false,"messageTitle":"Company name cannot be blank","messageBody":"","fileTypesAndContributionMap":{"functional-code":{"insertions":1,"deletions":1}}},{"hash":"8efa15eaf035f985b533327833d2e091c8070097","isMergeCommit":true,"messageTitle":"Merge pull request #235 from romidas99/buggy","messageBody":"Buggy","fileTypesAndContributionMap":{}},{"hash":"6b1fbb085df05f32f54fd8de269ee31f7843dc7d","isMergeCommit":false,"messageTitle":"Remove mentions of addressbook in ug","messageBody":"","fileTypesAndContributionMap":{"docs":{"insertions":2,"deletions":2}}},{"hash":"00e00d287e6dc2e4c464a8fe8835ae4cae51a782","isMergeCommit":true,"messageTitle":"Merge pull request #236 from romidas99/bug","messageBody":"Remove mentions of addressbook in ug","fileTypesAndContributionMap":{}},{"hash":"c463a90a05dccfc6b4412cdd723b98531979d66f","isMergeCommit":false,"messageTitle":"Format pg 21 in dg","messageBody":"","fileTypesAndContributionMap":{"docs":{"insertions":2,"deletions":1}}},{"hash":"454a591a05e46086987729d96c4578f705074d9b","isMergeCommit":true,"messageTitle":"Merge pull request #237 from romidas99/bug","messageBody":"Format pg 21 in dg","fileTypesAndContributionMap":{}},{"hash":"74560dcd4f296c9adb2fb6cfb0556c0d77df06bd","isMergeCommit":false,"messageTitle":"Clarify that list and clear ignore extra parameters","messageBody":"","fileTypesAndContributionMap":{"docs":{"insertions":19,"deletions":1}}},{"hash":"b729b3db2fa9f6b8ea39dedc7774de5c6436a4e9","isMergeCommit":true,"messageTitle":"Merge pull request #238 from romidas99/bug","messageBody":"Clarify that list and clear ignore extra parameters","fileTypesAndContributionMap":{}},{"hash":"3cafdf8328b1b03183f6e996d2f206d504fe6fab","isMergeCommit":false,"messageTitle":"Update prefix error and order in ug and dg","messageBody":"","fileTypesAndContributionMap":{"docs":{"insertions":24,"deletions":24}}},{"hash":"1e4721e7bbf9eb15f76e1383ddb77fa1b76bb165","isMergeCommit":true,"messageTitle":"Merge pull request #239 from romidas99/bug","messageBody":"Update prefix error and order in ug and dg","fileTypesAndContributionMap":{}}]}],"BiggillyBoyMan":[{"date":"2025-10-02T00:00:00","commitResults":[{"hash":"d79463cba0f411bb9af4cf1ca1c481cb188e305c","isMergeCommit":true,"messageTitle":"Merge pull request #27 from BiggillyBoyMan/master","messageBody":"add biggillyboyman photo","fileTypesAndContributionMap":{}},{"hash":"00c2f3d05e986c61397d086b47a1e4d64081d5cd","isMergeCommit":false,"messageTitle":"update aboutus docs - \u0010BiggillyBoyMan","messageBody":"","fileTypesAndContributionMap":{"docs":{"insertions":2,"deletions":2}}},{"hash":"f4a89cdca390c5974295bdbd50eb17da398e2bc0","isMergeCommit":true,"messageTitle":"Merge commit \u0027d79463cba0f411bb9af4cf1ca1c481cb188e305c\u0027 into aboutus_BiggillyBoyMan","messageBody":"# Conflicts:\n#\tdocs/AboutUs.md\n","fileTypesAndContributionMap":{}},{"hash":"1d94049bd6eb74a3fd23ddc84615b065e8eb97ff","isMergeCommit":true,"messageTitle":"Merge pull request #29 from BiggillyBoyMan/aboutus_BiggillyBoyMan","messageBody":"add aboutus docs with biggillyboyman information","fileTypesAndContributionMap":{}},{"hash":"34e478e52d1592e42cf1651571ccb36cedd9f0d9","isMergeCommit":false,"messageTitle":"Revert \"add aboutus docs with biggillyboyman information\"","messageBody":"","fileTypesAndContributionMap":{"docs":{"insertions":0,"deletions":6}}},{"hash":"b276c3e4a9a96be6b402e281548a84b78b3ee926","isMergeCommit":true,"messageTitle":"Merge pull request #30 from AY2526S1-CS2103T-T10-1/revert-29-aboutus_BiggillyBoyMan","messageBody":"Revert \"add aboutus docs with biggillyboyman information\"","fileTypesAndContributionMap":{}},{"hash":"a7a36ea7cf156a1c62408aa8f9651316580ab5e3","isMergeCommit":false,"messageTitle":"update aboutus docs","messageBody":"","fileTypesAndContributionMap":{"docs":{"insertions":4,"deletions":6}}},{"hash":"7f4971cde6575d416dcf5981e3530149875da1e4","isMergeCommit":false,"messageTitle":"update aboutus again","messageBody":"","fileTypesAndContributionMap":{"docs":{"insertions":0,"deletions":1}}},{"hash":"af8a628b5e003a689788a658e19bf732658362d9","isMergeCommit":true,"messageTitle":"Merge branch \u0027master\u0027 into aboutus_BiggillyBoyMan","messageBody":"","fileTypesAndContributionMap":{}},{"hash":"b3acb169ec8ab92847ff27dc364711b4c84ca34a","isMergeCommit":true,"messageTitle":"Merge pull request #31 from BiggillyBoyMan/aboutus_BiggillyBoyMan","messageBody":"Aboutus biggilly boy man","fileTypesAndContributionMap":{}},{"hash":"90484a776bb1fab17d7af280bdb5bd44ec280e85","isMergeCommit":true,"messageTitle":"Merge branch \u0027master\u0027 into AboutUs-bosh1707","messageBody":"","fileTypesAndContributionMap":{}},{"hash":"b5c95a1c07261e88b225e0385c9c6ef47f9aa92f","isMergeCommit":true,"messageTitle":"Merge pull request #17 from Bosh1707/AboutUs-bosh1707","messageBody":"Update AboutUs for bosh1707","fileTypesAndContributionMap":{}}]},{"date":"2025-10-10T00:00:00","commitResults":[{"hash":"5bf66dedae070e5e7e2ab3d592848006eee8c296","isMergeCommit":false,"messageTitle":"Refactor entire model","messageBody":"","fileTypesAndContributionMap":{"functional-code":{"insertions":721,"deletions":663},"other":{"insertions":255,"deletions":254},"docs":{"insertions":69,"deletions":69},"test-code":{"insertions":800,"deletions":723}}}]},{"date":"2025-10-12T00:00:00","commitResults":[{"hash":"919af0c38bd8d218dc109f11b72cb92e08242854","isMergeCommit":false,"messageTitle":"update refactoring","messageBody":"","fileTypesAndContributionMap":{"functional-code":{"insertions":2,"deletions":6},"test-code":{"insertions":26,"deletions":42}}},{"hash":"b71b2a2bc1b8ada231570fa4f913f7ccc3b9fdee","isMergeCommit":true,"messageTitle":"Merge branch \u0027List-list-features\u0027 into master","messageBody":"","fileTypesAndContributionMap":{}},{"hash":"f363db5fbf79108a74a0bd6782fa19cded5e78ff","isMergeCommit":true,"messageTitle":"Merge pull request #1 from BiggillyBoyMan/master","messageBody":"merge master to list","fileTypesAndContributionMap":{}},{"hash":"511411a15f306fdffe637db6d947825c818402e1","isMergeCommit":false,"messageTitle":"refactor code -- Changed up the model","messageBody":"","fileTypesAndContributionMap":{"functional-code":{"insertions":85,"deletions":85},"other":{"insertions":22,"deletions":22},"test-code":{"insertions":15,"deletions":23}}},{"hash":"6ef38c160e9da6300777e422168c1639a5df52c7","isMergeCommit":true,"messageTitle":"Merge branch \u0027List-list-features\u0027 of https://github.com/BiggillyBoyMan/tp into List-list-features","messageBody":"","fileTypesAndContributionMap":{}},{"hash":"aa742ad13779079c3fe450d7db06a816a280ec91","isMergeCommit":false,"messageTitle":"no message","messageBody":"","fileTypesAndContributionMap":{"docs":{"insertions":0,"deletions":1}}},{"hash":"51c6119da186d7c9098aac7f8543b9042465f912","isMergeCommit":true,"messageTitle":"Merge branch \u0027master\u0027 of https://github.com/BiggillyBoyMan/tp","messageBody":"","fileTypesAndContributionMap":{}},{"hash":"42ff747f9e1c7680f0edfe69e246e7e9d8192e1c","isMergeCommit":true,"messageTitle":"Merge pull request #48 from BiggillyBoyMan/List-list-features","messageBody":"Refactor entire model","fileTypesAndContributionMap":{}},{"hash":"248ba31a1801bb075a4f5b609384e9480324623b","isMergeCommit":false,"messageTitle":"comment out update feature","messageBody":"","fileTypesAndContributionMap":{"functional-code":{"insertions":123,"deletions":123},"test-code":{"insertions":11,"deletions":11}}},{"hash":"98a3378d183de62fbea83bc5d33bd9b795623c33","isMergeCommit":true,"messageTitle":"Merge pull request #51 from BiggillyBoyMan/List-list-features","messageBody":"List list features","fileTypesAndContributionMap":{}}]},{"date":"2025-10-14T00:00:00","commitResults":[{"hash":"d91d557f1789dc1fd97ac87a8a37d9fd4353431c","isMergeCommit":false,"messageTitle":"no message","messageBody":"","fileTypesAndContributionMap":{"functional-code":{"insertions":1,"deletions":1}}}]},{"date":"2025-10-15T00:00:00","commitResults":[{"hash":"709406d40e263111b60626a44670f71305b005d0","isMergeCommit":true,"messageTitle":"Merge pull request #68 from Bosh1707/update-email-model","messageBody":"Update email model","fileTypesAndContributionMap":{}},{"hash":"bc4e84a32be8c84daeea58cfb0d94f13acc647a7","isMergeCommit":false,"messageTitle":"change the UI model","messageBody":"","fileTypesAndContributionMap":{"functional-code":{"insertions":11,"deletions":13}}},{"hash":"a0deb503509372c0aad563144fa395e27d437cd9","isMergeCommit":true,"messageTitle":"Merge pull request #3 from AY2526S1-CS2103T-T10-1/biggillyboyman-Refactored-Code","messageBody":"Biggillyboyman refactored code","fileTypesAndContributionMap":{}},{"hash":"80acdd00ac801aaf1117c3f87f6fc23a3ede0636","isMergeCommit":true,"messageTitle":"Merge pull request #69 from BiggillyBoyMan/List-list-features","messageBody":"Complete UI Changes to App. Storage is working","fileTypesAndContributionMap":{}}]},{"date":"2025-10-16T00:00:00","commitResults":[{"hash":"77d87ae97b0f5fedf30776e0da4233fb82456ccc","isMergeCommit":true,"messageTitle":"Merge pull request #74 from AY2526S1-CS2103T-T10-1/fix-checkstyle","messageBody":"Fix naming convention in checkstyle.xml","fileTypesAndContributionMap":{}},{"hash":"2a61549618cc10795000fe075546eea243a351dd","isMergeCommit":true,"messageTitle":"Merge pull request #4 from AY2526S1-CS2103T-T10-1/biggillyboyman-Refactored-Code","messageBody":"Biggillyboyman refactored code","fileTypesAndContributionMap":{}},{"hash":"6afba87d2eb37241cbff4b72a50dc0fedbf2cc3b","isMergeCommit":true,"messageTitle":"Merge pull request #75 from AY2526S1-CS2103T-T10-1/biggillyboyman-Refactored-Code","messageBody":"Merge the entire refactored code","fileTypesAndContributionMap":{}},{"hash":"5eb38ee34debd3b55743dcd18eb5551fb8f98184","isMergeCommit":false,"messageTitle":"update Release Files","messageBody":"","fileTypesAndContributionMap":{"functional-code":{"insertions":4,"deletions":4},"other":{"insertions":22,"deletions":22},"docs":{"insertions":1,"deletions":1},"test-code":{"insertions":4,"deletions":4}}},{"hash":"b6583357fda44358df1f405af67e72cdbab8698b","isMergeCommit":true,"messageTitle":"Merge pull request #76 from BiggillyBoyMan/List-list-features","messageBody":"Update for Release Files","tags":["V1.3","V1.0.0"],"fileTypesAndContributionMap":{}}]},{"date":"2025-10-17T00:00:00","commitResults":[{"hash":"b07ab6df3a787297a6c5943c6cdd9f714cf801b4","isMergeCommit":true,"messageTitle":"Merge pull request #80 from caiwang0/edit-UserGuide","messageBody":"Refactor test files to align with BizBook model and fix checkstyle violations","fileTypesAndContributionMap":{}},{"hash":"06dc4c4481ac6f02e6e3f8f4d55211ff73b134db","isMergeCommit":true,"messageTitle":"Merge pull request #5 from AY2526S1-CS2103T-T10-1/master","messageBody":"Pull Team repo code to my master branch","fileTypesAndContributionMap":{}}]},{"date":"2025-10-19T00:00:00","commitResults":[{"hash":"1b493b0cd571c90352ccfe28c8b26cc824597326","isMergeCommit":true,"messageTitle":"Merge pull request #84 from Bosh1707/checkstyle-violation-fix","messageBody":"Fix checkstyle for test and main","fileTypesAndContributionMap":{}},{"hash":"934448bf874773771d7239fbc68163085778175b","isMergeCommit":true,"messageTitle":"Merge pull request #89 from Bosh1707/model-tests","messageBody":"Good Job","fileTypesAndContributionMap":{}},{"hash":"9f43e8942b3b358420ce5f9a244509889b2994d9","isMergeCommit":true,"messageTitle":"Merge pull request #6 from AY2526S1-CS2103T-T10-1/master","messageBody":"Pull from upstream","fileTypesAndContributionMap":{}}]},{"date":"2025-10-20T00:00:00","commitResults":[{"hash":"dd9f5adf0a6e5a0ca21ce2a1695cd507e159513f","isMergeCommit":true,"messageTitle":"Merge pull request #90 from romidas99/Fix-Ci","messageBody":"Good Job","fileTypesAndContributionMap":{}}]},{"date":"2025-10-23T00:00:00","commitResults":[{"hash":"8b441b979bdd904ad5df8127904fc99ba9dbc46d","isMergeCommit":true,"messageTitle":"Merge pull request #7 from AY2526S1-CS2103T-T10-1/master","messageBody":"Pull code from main branch to local repo","fileTypesAndContributionMap":{}},{"hash":"c67973f18fc4aca012fb61d4a04cd3bfa5a7e3c3","isMergeCommit":false,"messageTitle":"no message","messageBody":"","fileTypesAndContributionMap":{"other":{"insertions":1,"deletions":1}}},{"hash":"30a785dee4f964d5ee57283a39093b399942683c","isMergeCommit":true,"messageTitle":"Merge remote-tracking branch \u0027origin/master\u0027","messageBody":"# Conflicts:\n#\tbuild.gradle\n","fileTypesAndContributionMap":{}}]},{"date":"2025-10-29T00:00:00","commitResults":[{"hash":"42ec2cb88a4015dd5ac9c4a2d426989348f9ae4b","isMergeCommit":true,"messageTitle":"Merge pull request #8 from AY2526S1-CS2103T-T10-1/master","messageBody":"Pull Code from upstream master branch to local repo branch","fileTypesAndContributionMap":{}},{"hash":"e655458aa31d214bb6d59811f989a61cbf418ba5","isMergeCommit":true,"messageTitle":"Merge remote-tracking branch \u0027origin/master\u0027","messageBody":"","fileTypesAndContributionMap":{}},{"hash":"c9d421a7182191db471ef21862b9bd440aa87881","isMergeCommit":false,"messageTitle":"refactor names to suit company for better understanding of code","messageBody":"","fileTypesAndContributionMap":{"functional-code":{"insertions":76,"deletions":76},"other":{"insertions":12,"deletions":12},"test-code":{"insertions":362,"deletions":364}}},{"hash":"b23a1de8f686737b77f95c4c2f2d61a4d747e071","isMergeCommit":true,"messageTitle":"Merge pull request #9 from BiggillyBoyMan/fix-refactoring","messageBody":"refactor names to suit company for better understanding of code","fileTypesAndContributionMap":{}},{"hash":"69f33caf1126b444cad78b898b2800193a46d637","isMergeCommit":true,"messageTitle":"Merge remote-tracking branch \u0027origin/master\u0027","messageBody":"","fileTypesAndContributionMap":{}},{"hash":"a6e328604cf380bee87fd222b69e2a01eca05684","isMergeCommit":false,"messageTitle":"change company name","messageBody":"","fileTypesAndContributionMap":{"docs":{"insertions":1,"deletions":1}}},{"hash":"3178e234262ec8bece5affa643af1e9c6f9c6875","isMergeCommit":false,"messageTitle":"update checkstyle, clean build works","messageBody":"","fileTypesAndContributionMap":{"test-code":{"insertions":13,"deletions":10}}},{"hash":"2ccd84f32b637f3493cc3e817506ebedc1636136","isMergeCommit":true,"messageTitle":"Merge pull request #10 from BiggillyBoyMan/master","messageBody":"pull master into fix-refactoring branch","fileTypesAndContributionMap":{}},{"hash":"5eab2d682751c9c099970a2a894d5f9dd4e5b039","isMergeCommit":true,"messageTitle":"Merge pull request #137 from bmathnguyen/branch-UG","messageBody":"Add walkthrough example, clarify \u0027delete\u0027 after \u0027sort\u0027","fileTypesAndContributionMap":{}}]},{"date":"2025-10-30T00:00:00","commitResults":[{"hash":"6dd2618d3f98b1c3136c3a62872e341889714dee","isMergeCommit":true,"messageTitle":"Merge pull request #111 from Bosh1707/sort-industry-feature","messageBody":"add sort by industry feature","fileTypesAndContributionMap":{}},{"hash":"769707314dbae07c94a0dfc0028f6794f6eccef4","isMergeCommit":true,"messageTitle":"Merge pull request #11 from AY2526S1-CS2103T-T10-1/master","messageBody":"pull from upstream repo into local repo","fileTypesAndContributionMap":{}},{"hash":"9c74bd8ca54919bf9515a46df7d4727f97e9a8f4","isMergeCommit":true,"messageTitle":"Merge pull request #150 from caiwang0/master","messageBody":"Update DG","fileTypesAndContributionMap":{}},{"hash":"d7d83e063346597097657bd3dcaf1d33b77449ea","isMergeCommit":true,"messageTitle":"Merge branch \u0027AY2526S1-CS2103T-T10-1:master\u0027 into master","messageBody":"","fileTypesAndContributionMap":{}},{"hash":"d1780c15e0976f32fd478c7d7192f84cf5956bb0","isMergeCommit":false,"messageTitle":"refactor code and puml","messageBody":"","fileTypesAndContributionMap":{"functional-code":{"insertions":144,"deletions":142},"other":{"insertions":64,"deletions":64},"docs":{"insertions":85,"deletions":85},"test-code":{"insertions":141,"deletions":141}}},{"hash":"cc38dbe2291c124359d425de2daa162ec5033919","isMergeCommit":true,"messageTitle":"Merge pull request #157 from BiggillyBoyMan/refactor-puml","messageBody":"Refactor puml","fileTypesAndContributionMap":{}},{"hash":"3fa36bc7ab7f1adf2d8d370f3462ccb4ca588f26","isMergeCommit":true,"messageTitle":"Merge pull request #154 from Bosh1707/Enhcance-UG","messageBody":"Enhance UG with images of commands","fileTypesAndContributionMap":{}},{"hash":"d9ae54ad4c2b4ec7363947bc4f16128f4ae8b05f","isMergeCommit":true,"messageTitle":"Merge pull request #12 from AY2526S1-CS2103T-T10-1/master","messageBody":"pull upstream","fileTypesAndContributionMap":{}}]},{"date":"2025-11-02T00:00:00","commitResults":[{"hash":"e45f11b80e259d277bd2e45a1caa53610f03ab9d","isMergeCommit":false,"messageTitle":"Update Issue Quickstart UG Photo","messageBody":"","fileTypesAndContributionMap":{"docs":{"insertions":6,"deletions":6}}},{"hash":"8a544e6a0c7dded51914b2fd8ba46d96212cff22","isMergeCommit":true,"messageTitle":"Merge pull request #240 from BiggillyBoyMan/master","messageBody":"Update Issue Quickstart UG Photo","fileTypesAndContributionMap":{}},{"hash":"1db6f435f9d75076d18c79650dd4f629a8a93a87","isMergeCommit":false,"messageTitle":"update the unique application to Company Name, Role and Description","messageBody":"","fileTypesAndContributionMap":{"functional-code":{"insertions":3,"deletions":2},"test-code":{"insertions":13,"deletions":5}}},{"hash":"f9ebb28ceb3a17eba2a904133c01166e7547159b","isMergeCommit":false,"messageTitle":"update DG and UG","messageBody":"","fileTypesAndContributionMap":{"docs":{"insertions":2,"deletions":1}}},{"hash":"97b6a28b9bcee9ba924bfdd7f507e29f4fc62466","isMergeCommit":true,"messageTitle":"Merge pull request #249 from bmathnguyen/branch-bug-2","messageBody":"Branch bug 2","fileTypesAndContributionMap":{}},{"hash":"53d30dd1b6975e57dd6e2a890bd5dbe83f3ff8bd","isMergeCommit":true,"messageTitle":"Merge branch \u0027master\u0027 into master","messageBody":"","fileTypesAndContributionMap":{}},{"hash":"7a34564087281b52cacab6d1d9c073c10a7c05ac","isMergeCommit":true,"messageTitle":"Merge pull request #250 from BiggillyBoyMan/master","messageBody":"update the unique application to Company Name, Role and Description","fileTypesAndContributionMap":{}}]}],"bmathnguyen":[{"date":"2025-10-02T00:00:00","commitResults":[{"hash":"3395dbbc5194532ba001ae9041fda80fa88693cc","isMergeCommit":false,"messageTitle":"Add bmathnguyen to AboutUs","messageBody":"","fileTypesAndContributionMap":{"docs":{"insertions":5,"deletions":5}}},{"hash":"fb407a04e6cc12e8352f7c0b6ad00ce81e86fa14","isMergeCommit":true,"messageTitle":"Merge pull request #32 from bmathnguyen/update-aboutus-bmathnguyen","messageBody":"Add bmathnguyen to AboutUs","fileTypesAndContributionMap":{}}]},{"date":"2025-10-16T00:00:00","commitResults":[{"hash":"e7c1e3efac70bcf80e53124d83693e6ca5815983","isMergeCommit":false,"messageTitle":"Changed 4 files under testutl/","messageBody":"","fileTypesAndContributionMap":{"test-code":{"insertions":1153,"deletions":90}}}]},{"date":"2025-10-17T00:00:00","commitResults":[{"hash":"45456da93c740974df1636bf73ac4d0a8dcde272","isMergeCommit":false,"messageTitle":"Delete commented out code","messageBody":"","fileTypesAndContributionMap":{"test-code":{"insertions":1,"deletions":1}}}]},{"date":"2025-10-18T00:00:00","commitResults":[{"hash":"519c54f664eaac0effbc3246f8ba0f512b7bec70","isMergeCommit":true,"messageTitle":"Merge branch \u0027master\u0027 into branch-testutil","messageBody":"","fileTypesAndContributionMap":{}},{"hash":"ce0162d670ea618d64ce43b4c323364edcab9eca","isMergeCommit":true,"messageTitle":"Merge pull request #81 from bmathnguyen/branch-testutil","messageBody":"Branch testutil","fileTypesAndContributionMap":{}},{"hash":"92bda13be5fac216ce5820cbdd9be939c28cf8c4","isMergeCommit":false,"messageTitle":"Add back files","messageBody":"","fileTypesAndContributionMap":{"other":{"insertions":581,"deletions":0}}},{"hash":"be41d32f3ed41ff9e7407a4f48283d34175e5e4d","isMergeCommit":false,"messageTitle":"Add package, delete comments under testutil/","messageBody":"","fileTypesAndContributionMap":{"test-code":{"insertions":2,"deletions":170}}},{"hash":"fe5a048908c7b1d3ad4032a453c56e1733823f51","isMergeCommit":false,"messageTitle":"Delete bin/","messageBody":"","fileTypesAndContributionMap":{"other":{"insertions":0,"deletions":581}}},{"hash":"e3b726689cc889049b1ea81030e6255e46125b77","isMergeCommit":true,"messageTitle":"Merge pull request #83 from bmathnguyen/branch-testutil-2","messageBody":"Branch testutil 2","fileTypesAndContributionMap":{}}]},{"date":"2025-10-23T00:00:00","commitResults":[{"hash":"d29bb8101e002c5fbfbacf023f8dcfaefa0d0d2c","isMergeCommit":true,"messageTitle":"Merge pull request #99 from Bosh1707/update-uml","messageBody":"Update uml for ModelClassDiagram","fileTypesAndContributionMap":{}}]},{"date":"2025-10-29T00:00:00","commitResults":[{"hash":"6d5547ad46f6327c5a974fc62f181c8b46a310a7","isMergeCommit":false,"messageTitle":"Modify AboutUs","messageBody":"","fileTypesAndContributionMap":{"docs":{"insertions":1,"deletions":1}}},{"hash":"424d79a539f047fff995bdaba68f527f539da998","isMergeCommit":false,"messageTitle":"Add SortCommandTest and UML","messageBody":"","fileTypesAndContributionMap":{"functional-code":{"insertions":4,"deletions":1},"docs":{"insertions":9,"deletions":2},"test-code":{"insertions":163,"deletions":0}}},{"hash":"59906cdfc74ff42d128466cad701f01a3718fc86","isMergeCommit":false,"messageTitle":"Modify UG","messageBody":"","fileTypesAndContributionMap":{"docs":{"insertions":0,"deletions":6}}},{"hash":"ac757a1bbe73ebcaff6d3d50a8b3cb12c6653dbb","isMergeCommit":false,"messageTitle":"Change indentation","messageBody":"","fileTypesAndContributionMap":{"test-code":{"insertions":7,"deletions":9}}},{"hash":"172b9ec318e0f775d3cb962430ddade7e902c075","isMergeCommit":false,"messageTitle":"Change indentation","messageBody":"","fileTypesAndContributionMap":{"test-code":{"insertions":0,"deletions":9}}},{"hash":"dfd553aca687f8bdd7a5c62007d55093f6b2ea2c","isMergeCommit":false,"messageTitle":"Rename method","messageBody":"","fileTypesAndContributionMap":{"test-code":{"insertions":1,"deletions":1}}},{"hash":"704db93117c62c393fd54c3f05b0436ab673c0b0","isMergeCommit":true,"messageTitle":"Merge pull request #132 from bmathnguyen/branch-sort-test","messageBody":"Branch sort test","fileTypesAndContributionMap":{}},{"hash":"1e3f513ddebdced9d1a6e39910accb2e317e64d6","isMergeCommit":true,"messageTitle":"Merge pull request #131 from bmathnguyen/branch-parallel","messageBody":"Modify AboutUs","fileTypesAndContributionMap":{}},{"hash":"52ca99e2696909a1a2a850e1b7001a40fb117c85","isMergeCommit":false,"messageTitle":"Add walkthrough example, clarify \u0027delete\u0027 after \u0027sort\u0027","messageBody":"","fileTypesAndContributionMap":{"docs":{"insertions":44,"deletions":1}}},{"hash":"d16f31e4f4d18e75d982f19448cef1b9e719cf2b","isMergeCommit":false,"messageTitle":"Modify the DG from AB3 to BizBook","messageBody":"","fileTypesAndContributionMap":{"docs":{"insertions":24,"deletions":24}}},{"hash":"e539367ba7af283b2bc87cbbedb47410583b4067","isMergeCommit":true,"messageTitle":"Merge pull request #146 from bmathnguyen/branch-DG","messageBody":"Modify the DG from AB3 to BizBook","fileTypesAndContributionMap":{}}]},{"date":"2025-10-30T00:00:00","commitResults":[{"hash":"6835a1a669554c56ded8e9785647770dd0647229","isMergeCommit":false,"messageTitle":"Code Quality for main/commands, /logic, and test/commands","messageBody":"","fileTypesAndContributionMap":{"functional-code":{"insertions":17,"deletions":15},"test-code":{"insertions":2,"deletions":2}}},{"hash":"94ef8abb0945895c60d169a2dde331097ecbbf36","isMergeCommit":true,"messageTitle":"Merge pull request #147 from bmathnguyen/branch-code-quality","messageBody":"Code Quality for main/commands, main/logic, and test/commands","fileTypesAndContributionMap":{}},{"hash":"0f42c6b9f2bd6a913e0e6475d38de76e5cbf5f49","isMergeCommit":false,"messageTitle":"Modify comments and code quality","messageBody":"","fileTypesAndContributionMap":{"functional-code":{"insertions":68,"deletions":37}}},{"hash":"3d49f6062d6eccb64e5935f53a0500a11c9af9da","isMergeCommit":true,"messageTitle":"Merge pull request #151 from bmathnguyen/branch-code-quality","messageBody":"Modify comments and code quality","fileTypesAndContributionMap":{}},{"hash":"d52d3df92c9d9a4f987e4c0dac24407f887f1e4d","isMergeCommit":false,"messageTitle":"Code quality for main/parser","messageBody":"","fileTypesAndContributionMap":{"functional-code":{"insertions":10,"deletions":5}}},{"hash":"3f23f431abe9b6b56784611d460741bdad779f5c","isMergeCommit":true,"messageTitle":"Merge pull request #152 from bmathnguyen/branch-code-quality","messageBody":"Code quality for main/parser","fileTypesAndContributionMap":{}}]},{"date":"2025-11-02T00:00:00","commitResults":[{"hash":"8e2c9b919cd22610ede0093fe41f75f35a4aac91","isMergeCommit":false,"messageTitle":"Fix RegEx to not allow dl/","messageBody":"","fileTypesAndContributionMap":{"functional-code":{"insertions":46,"deletions":0}}},{"hash":"6aa26e767de21603ee24b0313afc229730cd329d","isMergeCommit":false,"messageTitle":"Add Data archiving part","messageBody":"","fileTypesAndContributionMap":{"docs":{"insertions":11,"deletions":1}}},{"hash":"c5f7770cffc36cb5a3b0014d8cd84693fa14816c","isMergeCommit":false,"messageTitle":"Modify AddressBookParser to BizBookParser","messageBody":"","fileTypesAndContributionMap":{"docs":{"insertions":12,"deletions":12}}},{"hash":"11a6ad56049012fb2ae7c990916f2e4b11909694","isMergeCommit":false,"messageTitle":"Delete part in DG","messageBody":"","fileTypesAndContributionMap":{"docs":{"insertions":0,"deletions":2}}},{"hash":"0568bfaa7e90439cb49c064cbd305ec767b2fec0","isMergeCommit":false,"messageTitle":"Modify link in DG and add notes about email in UG","messageBody":"","fileTypesAndContributionMap":{"docs":{"insertions":2,"deletions":1}}},{"hash":"cb96109dc708e28fb378c7beb9dda7bfa8cb913d","isMergeCommit":true,"messageTitle":"Merge pull request #241 from bmathnguyen/branch-bug","messageBody":"Branch bug","fileTypesAndContributionMap":{}},{"hash":"2bd1c01da1ebe98f2f76871c5bad27c2fdbb1924","isMergeCommit":false,"messageTitle":"Fix UG and DG: filter, email","messageBody":"","fileTypesAndContributionMap":{"docs":{"insertions":7,"deletions":4}}},{"hash":"724e86dfd6e4ea767ba2eb54b913a69c4c86de9e","isMergeCommit":false,"messageTitle":"Modify Deadline to be before 2030-01-01, DG and UG follows","messageBody":"","fileTypesAndContributionMap":{"functional-code":{"insertions":7,"deletions":3},"docs":{"insertions":6,"deletions":3},"test-code":{"insertions":37,"deletions":0}}},{"hash":"d150566a26c6299c6218977b3a65b6f8d0de4af6","isMergeCommit":false,"messageTitle":"Fix checkstyle","messageBody":"","fileTypesAndContributionMap":{"docs":{"insertions":11,"deletions":11},"test-code":{"insertions":1,"deletions":1}}},{"hash":"dd0e917e15dfbf94f9b53767c7208f2790bfd700","isMergeCommit":false,"messageTitle":"Modify deadline to be in range 2020-01-01 to 2030-01-01","messageBody":"","fileTypesAndContributionMap":{"functional-code":{"insertions":3,"deletions":3},"docs":{"insertions":3,"deletions":3},"test-code":{"insertions":4,"deletions":3}}},{"hash":"4cd074288a0f475f871e3280383b609003d8f451","isMergeCommit":true,"messageTitle":"Merge branch \u0027master\u0027 into branch-bug-2","messageBody":"","fileTypesAndContributionMap":{}}]}],"caiwang0":[{"date":"2025-10-02T00:00:00","commitResults":[{"hash":"20ceabca992658f946ffc1c35277110372802bcc","isMergeCommit":false,"messageTitle":"Update AboutUs page for caiwang0","messageBody":"","fileTypesAndContributionMap":{"docs":{"insertions":3,"deletions":3}}},{"hash":"3a2596b5ff67e4ffe90f14a79c7261a4b44506fc","isMergeCommit":true,"messageTitle":"Merge pull request #25 from caiwang0/add-aboutus","messageBody":"Update AboutUs for caiwang0","fileTypesAndContributionMap":{}}]},{"date":"2025-10-04T00:00:00","commitResults":[{"hash":"ee818dd43fa19a5dd233b9960fab56e780b5f514","isMergeCommit":false,"messageTitle":"Update DG requirements section for BizBook","messageBody":"","fileTypesAndContributionMap":{"docs":{"insertions":256,"deletions":40}}},{"hash":"76bd8534b70ba648fe9bd6c7e1179ffd2305f449","isMergeCommit":false,"messageTitle":"Fix formatting issues","messageBody":"","fileTypesAndContributionMap":{"docs":{"insertions":8,"deletions":8}}}]},{"date":"2025-10-11T00:00:00","commitResults":[{"hash":"eb4e7235b6677e8c8b610f0c110b06470164e5da","isMergeCommit":false,"messageTitle":"Implement Update command for the current status","messageBody":"","fileTypesAndContributionMap":{"functional-code":{"insertions":124,"deletions":0}}},{"hash":"a28664037278f5a236a347bf746837448cf35acd","isMergeCommit":false,"messageTitle":"Fix trailing whitespace errors","messageBody":"","fileTypesAndContributionMap":{"functional-code":{"insertions":1,"deletions":3},"docs":{"insertions":4,"deletions":4}}},{"hash":"835c1cf7bf5ca4d4163482db5d3862414860f9e8","isMergeCommit":true,"messageTitle":"Merge pull request #50 from caiwang0/add-update-command","messageBody":"Implement Update command for the current status","fileTypesAndContributionMap":{}}]},{"date":"2025-10-12T00:00:00","commitResults":[{"hash":"c449d3dcb6dd846f6f2f9757d3430b9d264c9d30","isMergeCommit":false,"messageTitle":"Implement update command","messageBody":"","fileTypesAndContributionMap":{"functional-code":{"insertions":158,"deletions":120}}},{"hash":"9573e78bcb6969a57fb6729fddf2de781e5ed665","isMergeCommit":false,"messageTitle":"Add new line at end of file","messageBody":"","fileTypesAndContributionMap":{"functional-code":{"insertions":2,"deletions":2}}},{"hash":"9efeb5a19d52574a1477fd1dfad311ec39a5ba44","isMergeCommit":false,"messageTitle":"Remove Trailing Whitespace","messageBody":"","fileTypesAndContributionMap":{"functional-code":{"insertions":4,"deletions":4}}},{"hash":"5d51b8cba86b96531cc2e4e4f9578402625caccd","isMergeCommit":false,"messageTitle":"Add new line at end of file and remove trailing whitespaces to pass the test case in github","messageBody":"","fileTypesAndContributionMap":{"functional-code":{"insertions":4,"deletions":4},"docs":{"insertions":4,"deletions":4},"test-code":{"insertions":2,"deletions":2}}},{"hash":"053f348b7ef3b5768cb8d73626b882353149bac7","isMergeCommit":true,"messageTitle":"Merge pull request #52 from caiwang0/add-update-command-refactored-code","messageBody":"Implement update command","fileTypesAndContributionMap":{}}]},{"date":"2025-10-13T00:00:00","commitResults":[{"hash":"a17ad83436a5c49f7cd8a90b569a55c34c25900c","isMergeCommit":false,"messageTitle":"Update userguide for the current features","messageBody":"","fileTypesAndContributionMap":{"docs":{"insertions":55,"deletions":41}}}]},{"date":"2025-10-14T00:00:00","commitResults":[{"hash":"0762224f10a448b07673b75c49d61f0cc9e81d05","isMergeCommit":true,"messageTitle":"Merge pull request #58 from caiwang0/edit-UserGuide","messageBody":"Update userguide for the current features","fileTypesAndContributionMap":{}},{"hash":"02014b3b196cc26f07bb86143541e80bfcf6f8c8","isMergeCommit":true,"messageTitle":"Merge pull request #62 from caiwang0/edit-UserGuide","messageBody":"Replace the help message explaining how to access the help page","fileTypesAndContributionMap":{}}]},{"date":"2025-10-15T00:00:00","commitResults":[{"hash":"e23164634157215676c6f05e2ed1835c8a5e496e","isMergeCommit":false,"messageTitle":"Improve on UserGuide","messageBody":"","fileTypesAndContributionMap":{"docs":{"insertions":1,"deletions":12}}},{"hash":"c124304e1ad4f5fc09607038b64046d6fc4a65c0","isMergeCommit":true,"messageTitle":"Merge pull request #65 from caiwang0/edit-UserGuide","messageBody":"Improve on UserGuide","fileTypesAndContributionMap":{}},{"hash":"e8abc98516f4a65de3ec417665699a22d2eed0a6","isMergeCommit":false,"messageTitle":"Improve UserGuide","messageBody":"","fileTypesAndContributionMap":{"docs":{"insertions":0,"deletions":32}}},{"hash":"766dc057b9d98d7b28df407eba3a26851061ae39","isMergeCommit":true,"messageTitle":"Merge pull request #66 from caiwang0/edit-UserGuide","messageBody":"Improve UserGuide","fileTypesAndContributionMap":{}},{"hash":"40a5929fbec1675915e300b83c96277c4295659f","isMergeCommit":false,"messageTitle":"Improve edit command","messageBody":"","fileTypesAndContributionMap":{"functional-code":{"insertions":94,"deletions":87}}},{"hash":"9c729f2d3000db3bffac2ae12283660ca6e92ed0","isMergeCommit":false,"messageTitle":"Remove Update Command","messageBody":"","fileTypesAndContributionMap":{"functional-code":{"insertions":0,"deletions":159}}},{"hash":"a63f45dece9e47976ce5cdf8e3a8bc2a4df2f02f","isMergeCommit":true,"messageTitle":"Merge pull request #70 from caiwang0/edit-UserGuide","messageBody":"Improve Edit Command and remove Update Command","fileTypesAndContributionMap":{}},{"hash":"a408ddbce25bb18db6bad55a4ab321bb71bf3069","isMergeCommit":false,"messageTitle":"Update the UserGuide to the latest change: removal of Update and implementation of Edit command","messageBody":"","fileTypesAndContributionMap":{"docs":{"insertions":15,"deletions":9}}},{"hash":"806b1aa0d03d66a68231b3742d0b07136f5ec7fa","isMergeCommit":true,"messageTitle":"Merge pull request #71 from caiwang0/edit-UserGuide","messageBody":"Update the UserGuide to the latest change","fileTypesAndContributionMap":{}},{"hash":"40152492ee7ee9814bef457c93e2e54bdab0c619","isMergeCommit":false,"messageTitle":"Add all necessary command tests and refactor personbuilder","messageBody":"","fileTypesAndContributionMap":{"docs":{"insertions":1,"deletions":1},"test-code":{"insertions":171,"deletions":132}}},{"hash":"d32dd25287bcdf20fdf2e285e7684d77d4816ba1","isMergeCommit":false,"messageTitle":"Implement EditCommandTest","messageBody":"","fileTypesAndContributionMap":{"test-code":{"insertions":37,"deletions":61}}},{"hash":"1b944ad7af8065de3b10c2ca632c4c500b800aaf","isMergeCommit":false,"messageTitle":"Refactor EditInternshipApplicationDescriptorTest.java","messageBody":"","fileTypesAndContributionMap":{"test-code":{"insertions":17,"deletions":16}}}]},{"date":"2025-10-16T00:00:00","commitResults":[{"hash":"d0e8c0e79a2d5ca144dbe58d548bb0fcf62aa581","isMergeCommit":false,"messageTitle":"Update changes","messageBody":"","fileTypesAndContributionMap":{"functional-code":{"insertions":2,"deletions":0},"test-code":{"insertions":68,"deletions":58}}}]},{"date":"2025-10-17T00:00:00","commitResults":[{"hash":"3604142577e2866098fd14c87cd603bee1598c23","isMergeCommit":false,"messageTitle":"Refactor test files to align with BizBook model and fix checkstyle violations","messageBody":"","fileTypesAndContributionMap":{"functional-code":{"insertions":120,"deletions":74},"other":{"insertions":162,"deletions":162},"test-code":{"insertions":406,"deletions":320}}},{"hash":"be77e11903aa6f09b207bf61a6117c3fdd7f7335","isMergeCommit":true,"messageTitle":"Resolve conflicts","messageBody":"","fileTypesAndContributionMap":{}}]},{"date":"2025-10-23T00:00:00","commitResults":[{"hash":"a3e41392e4c118c294bd3151b3f2b25ce2f6f08f","isMergeCommit":false,"messageTitle":"Update UserGuide to include Sort feature","messageBody":"","fileTypesAndContributionMap":{"docs":{"insertions":24,"deletions":1}}},{"hash":"873583b582424cb37edbc3d716b733a2d5ec5cd0","isMergeCommit":true,"messageTitle":"Resolve merge conflict","messageBody":"","fileTypesAndContributionMap":{}},{"hash":"1088262e0c1209e3d76f7cfc5ee905e8aa787173","isMergeCommit":true,"messageTitle":"Merge pull request #103 from caiwang0/add-feature-UG","messageBody":"Update UserGuide to include Sort feature","fileTypesAndContributionMap":{}},{"hash":"7f5363bf988eff4e5a26626ef09fd9e082f9a733","isMergeCommit":false,"messageTitle":"Clear parallel pr requirement","messageBody":"","fileTypesAndContributionMap":{"docs":{"insertions":1,"deletions":1}}},{"hash":"f6cf237e5944ccb58518f9aaaa1136f5524bb77e","isMergeCommit":true,"messageTitle":"Resolve merge conflict","messageBody":"","fileTypesAndContributionMap":{}},{"hash":"52ef0d6266faccd9d9f48169d507576db9b97982","isMergeCommit":true,"messageTitle":"Merge pull request #104 from caiwang0/extra","messageBody":"Clear parallel pr requirement","tags":["V1.4"],"fileTypesAndContributionMap":{}}]},{"date":"2025-10-25T00:00:00","commitResults":[{"hash":"6b8126f1e83b4fe09540633d25cc01bf5896a75d","isMergeCommit":false,"messageTitle":"Update DeleteSequenceDiagram.puml","messageBody":"","fileTypesAndContributionMap":{"docs":{"insertions":9,"deletions":1}}},{"hash":"f34ef9701e2402eb28170933faebd492a1925bd5","isMergeCommit":false,"messageTitle":"Clear parallel pr requirement","messageBody":"","fileTypesAndContributionMap":{"docs":{"insertions":2,"deletions":2}}},{"hash":"758b5c1c7249f93a3c329a4dacc459932c7d43fc","isMergeCommit":true,"messageTitle":"Merge pull request #106 from caiwang0/edit-UML","messageBody":"Update DeleteSequenceDiagram.puml","fileTypesAndContributionMap":{}},{"hash":"de4c5b2784f446cebc9b1cc31fc3ea9402776328","isMergeCommit":true,"messageTitle":"Merge pull request #107 from caiwang0/extra","messageBody":"Clear parallel pr requirement","fileTypesAndContributionMap":{}}]},{"date":"2025-10-28T00:00:00","commitResults":[{"hash":"401cd7fbf3d79d0a03798b032762c55fb0747b10","isMergeCommit":false,"messageTitle":"Fix issue #124 and #125","messageBody":"","fileTypesAndContributionMap":{"functional-code":{"insertions":34,"deletions":9},"docs":{"insertions":5,"deletions":5},"test-code":{"insertions":29,"deletions":3}}},{"hash":"86533623570d14fc25cfa80deb9612c18a8f56af","isMergeCommit":false,"messageTitle":"Fix issue #126","messageBody":"","fileTypesAndContributionMap":{"functional-code":{"insertions":20,"deletions":3},"docs":{"insertions":2,"deletions":1}}},{"hash":"f077734d03372a3cf7f268f2431548412f66cdb6","isMergeCommit":false,"messageTitle":"Fix trailing whitespace issues","messageBody":"","fileTypesAndContributionMap":{"functional-code":{"insertions":2,"deletions":2},"test-code":{"insertions":1,"deletions":1}}},{"hash":"6530ede3751a27ab6906c574b651cffe5771e992","isMergeCommit":false,"messageTitle":"Fix checkstyle error","messageBody":"","fileTypesAndContributionMap":{"functional-code":{"insertions":7,"deletions":9}}},{"hash":"fb8b40ea1a1639283d4a71576ed68f0f37b7ea51","isMergeCommit":false,"messageTitle":"Fix checkstyle","messageBody":"","fileTypesAndContributionMap":{"test-code":{"insertions":2,"deletions":2}}},{"hash":"af8f142300f876db7f74e1b505b309da3844e13a","isMergeCommit":false,"messageTitle":"Update UG","messageBody":"","fileTypesAndContributionMap":{"docs":{"insertions":4,"deletions":0}}},{"hash":"5ea9b17521f6fb293a11d3f5f12aaae9a521fee9","isMergeCommit":true,"messageTitle":"Merge pull request #128 from caiwang0/fix-alpha-bugs","messageBody":"Fix issue #124, #125, #126","fileTypesAndContributionMap":{}}]},{"date":"2025-10-29T00:00:00","commitResults":[{"hash":"19938bcd77182554b3a93164d4888588d23ecd95","isMergeCommit":false,"messageTitle":"Fix index issue, email test case, output message","messageBody":"","fileTypesAndContributionMap":{"functional-code":{"insertions":23,"deletions":21},"test-code":{"insertions":27,"deletions":8}}},{"hash":"12684a2869dade86cf774f95553efea58f0549cb","isMergeCommit":false,"messageTitle":"Fix checkstyle error","messageBody":"","fileTypesAndContributionMap":{"test-code":{"insertions":3,"deletions":3}}},{"hash":"a14d4e988f39675097695b66c84c3e314b6b3dc7","isMergeCommit":false,"messageTitle":"Fix checkstyle error","messageBody":"","fileTypesAndContributionMap":{"functional-code":{"insertions":2,"deletions":1}}},{"hash":"1654a105f3903f919a96ea89bdd80eea8a2091a0","isMergeCommit":false,"messageTitle":"Fix test case for email boundary","messageBody":"","fileTypesAndContributionMap":{"functional-code":{"insertions":1,"deletions":1},"test-code":{"insertions":13,"deletions":8}}},{"hash":"781bcb3c00e105fad0b624a7c425348ae9707cad","isMergeCommit":true,"messageTitle":"Merge pull request #129 from caiwang0/fix-alpha-bugs","messageBody":"Fix index issue, email test case, output message","fileTypesAndContributionMap":{}},{"hash":"208301fd74fa4b02010ff7466a1956d466e33b9b","isMergeCommit":false,"messageTitle":"Update to the current internship application instead of persons","messageBody":"","fileTypesAndContributionMap":{"functional-code":{"insertions":10,"deletions":10}}},{"hash":"01da3fd19d84b8c423f5b40668c14e58a5f1b44d","isMergeCommit":false,"messageTitle":"Change certain comments","messageBody":"","fileTypesAndContributionMap":{"functional-code":{"insertions":3,"deletions":3}}},{"hash":"ac0d94c57e2d148a87bb1f2b11c26f46fc639c45","isMergeCommit":true,"messageTitle":"Merge pull request #130 from caiwang0/fix-alpha-bugs","messageBody":"Update to the current internship application instead of persons","fileTypesAndContributionMap":{}}]},{"date":"2025-10-30T00:00:00","commitResults":[{"hash":"3930bf040486e12ef817a556254521f5976b07dc","isMergeCommit":true,"messageTitle":"Merge pull request #142 from BiggillyBoyMan/fix-refactoring","messageBody":"Fix refactoring - change person methods name to company","fileTypesAndContributionMap":{}},{"hash":"3257f699bafe8fdc9907b99cd17d4521fa9e0623","isMergeCommit":false,"messageTitle":"Update the .puml files","messageBody":"","fileTypesAndContributionMap":{"docs":{"insertions":382,"deletions":250}}},{"hash":"c985aab5b930abef685a7f026d549d12fbc61e29","isMergeCommit":false,"messageTitle":"Update changes","messageBody":"","fileTypesAndContributionMap":{"docs":{"insertions":2,"deletions":2}}},{"hash":"2e3be55c074234832bc06f0c645d7e8d7d71a34d","isMergeCommit":false,"messageTitle":"Fix last change","messageBody":"","fileTypesAndContributionMap":{"docs":{"insertions":1,"deletions":1}}},{"hash":"2a58ab95083ffddc0916a9b763c43e10fc0fc465","isMergeCommit":true,"messageTitle":"Merge pull request #149 from caiwang0/master","messageBody":"Update .puml files","fileTypesAndContributionMap":{}},{"hash":"436dfca2da96b7bd1502eee9945378d9ee95c584","isMergeCommit":false,"messageTitle":"Update DG","messageBody":"","fileTypesAndContributionMap":{"docs":{"insertions":405,"deletions":88}}},{"hash":"42d906bb0474f415edb04fa04cd46a988ee99ce8","isMergeCommit":false,"messageTitle":"Image size adjustment","messageBody":"","fileTypesAndContributionMap":{"docs":{"insertions":47,"deletions":1}}},{"hash":"cf608d4f3a9e18ff279f34ac642a933135264cbc","isMergeCommit":false,"messageTitle":"Image size adjustment","messageBody":"","fileTypesAndContributionMap":{"docs":{"insertions":1,"deletions":0}}},{"hash":"390804448b5ae7584d647c0422fb6a08b6c91fce","isMergeCommit":false,"messageTitle":"Image resize","messageBody":"","fileTypesAndContributionMap":{"docs":{"insertions":1,"deletions":2}}},{"hash":"64d5a23a9546640911583cf1e57aec8e9ed86a9d","isMergeCommit":false,"messageTitle":"Resize image","messageBody":"","fileTypesAndContributionMap":{"docs":{"insertions":3,"deletions":3}}},{"hash":"02b5122d5ce108944836a920b49703a025c96215","isMergeCommit":false,"messageTitle":"Resize image","messageBody":"","fileTypesAndContributionMap":{"docs":{"insertions":1,"deletions":1}}},{"hash":"48c50da7d1142c4b5f53a987552d4c5e472db8d9","isMergeCommit":false,"messageTitle":"Resize image","messageBody":"","fileTypesAndContributionMap":{"docs":{"insertions":1,"deletions":1}}},{"hash":"e7e2e22ddb8b6c55e8c2ed375971ab83e2e4ceca","isMergeCommit":false,"messageTitle":"Resize image","messageBody":"","fileTypesAndContributionMap":{"docs":{"insertions":1,"deletions":1}}},{"hash":"79ac7b7a2d8dbfe7c0f938d36a0e0d8730e60d93","isMergeCommit":false,"messageTitle":"Resize image","messageBody":"","fileTypesAndContributionMap":{"docs":{"insertions":1,"deletions":1}}},{"hash":"0ff61d9b99922c065e1ad1f91f85bec3beeaccbc","isMergeCommit":false,"messageTitle":"Resize image","messageBody":"","fileTypesAndContributionMap":{"docs":{"insertions":1,"deletions":1}}},{"hash":"43780784470a71946cf0ba3b6fcc7c957c581364","isMergeCommit":true,"messageTitle":"Merge pull request #153 from caiwang0/master","messageBody":"Image resizing for DG","fileTypesAndContributionMap":{}}]}],"Bosh1707":[{"date":"2025-10-02T00:00:00","commitResults":[{"hash":"c13d610a17d6948b8a376fbc24b54e0ad263b03b","isMergeCommit":false,"messageTitle":"Update AboutUs for bosh1707","messageBody":"","fileTypesAndContributionMap":{"docs":{"insertions":5,"deletions":5}}}]},{"date":"2025-10-09T00:00:00","commitResults":[{"hash":"fbd7723f6e8bd5afa466087075a984f1bb45547e","isMergeCommit":false,"messageTitle":"docs(UserGuide): Update branding to BizBook","messageBody":"","fileTypesAndContributionMap":{"docs":{"insertions":13,"deletions":13}}},{"hash":"32cd052904663286d1288bf58d618d596111bb9d","isMergeCommit":true,"messageTitle":"Merge pull request #43 from Bosh1707/update-ug","messageBody":"docs(UserGuide): Update branding to BizBook","fileTypesAndContributionMap":{}}]},{"date":"2025-10-15T00:00:00","commitResults":[{"hash":"94ee6d3853febe08ec90dc009d948bdc0e886b7f","isMergeCommit":false,"messageTitle":"Fix Email regex to handle invalid domain and special character edge cases","messageBody":"","fileTypesAndContributionMap":{"functional-code":{"insertions":1,"deletions":1}}}]},{"date":"2025-10-16T00:00:00","commitResults":[{"hash":"d9a8b97a4a125268f1aedf1cc341016ae481e536","isMergeCommit":false,"messageTitle":"Fix naming convention in checkstyle.xml","messageBody":"","fileTypesAndContributionMap":{"other":{"insertions":142,"deletions":142}}}]},{"date":"2025-10-19T00:00:00","commitResults":[{"hash":"c22dcf1653fefa03836f0999c5e4a76655658732","isMergeCommit":false,"messageTitle":"Fix checkstyle for test and main","messageBody":"","fileTypesAndContributionMap":{"functional-code":{"insertions":60,"deletions":53},"other":{"insertions":38,"deletions":38},"test-code":{"insertions":66,"deletions":64}}},{"hash":"8e2c53618cb7ec88454032660891f4e8d2f53c21","isMergeCommit":true,"messageTitle":"Merge pull request #86 from romidas99/Fix-Ci","messageBody":"Fix ci","fileTypesAndContributionMap":{}},{"hash":"7873052b227233e27c6a82e3561d85cfcbe1d288","isMergeCommit":false,"messageTitle":"add additional tests for model and update industry test","messageBody":"","fileTypesAndContributionMap":{"test-code":{"insertions":278,"deletions":1}}},{"hash":"a7b8e2114fd7a3df858f9006230ab08546ca2c16","isMergeCommit":false,"messageTitle":"add javadocs for BoundaryValueTests","messageBody":"","fileTypesAndContributionMap":{"test-code":{"insertions":55,"deletions":2}}}]},{"date":"2025-10-23T00:00:00","commitResults":[{"hash":"f1fa16c744efc914b2d32f6a60de32183e60637c","isMergeCommit":false,"messageTitle":"implement sort feature (sort by name, status and date)","messageBody":"","fileTypesAndContributionMap":{"functional-code":{"insertions":203,"deletions":32}}},{"hash":"cbbc31632aaad149b69275d557a235c57d03ab3a","isMergeCommit":false,"messageTitle":"update ModelClassDiagram and add sequence diagram for Sort Command","messageBody":"","fileTypesAndContributionMap":{"docs":{"insertions":100,"deletions":23}}},{"hash":"1a03b6d7ae1201016b71d7d84e8762f68a7c3701","isMergeCommit":false,"messageTitle":"fix checkstyle errors","messageBody":"","fileTypesAndContributionMap":{"functional-code":{"insertions":50,"deletions":50}}},{"hash":"96286dd5abcd79a6fa9afcf46a5557ad2eeb8a94","isMergeCommit":false,"messageTitle":"fix test compilation error in AddCommandTest","messageBody":"","fileTypesAndContributionMap":{"test-code":{"insertions":6,"deletions":0}}},{"hash":"28c8020fdd07277b3e53771181ef2afb75a9ad10","isMergeCommit":true,"messageTitle":"Merge branch \u0027master\u0027 of https://github.com/AY2526S1-CS2103T-T10-1/tp into update-uml","messageBody":"","fileTypesAndContributionMap":{}},{"hash":"6dd80784cfd10fdd155cd22eb26bf46033379806","isMergeCommit":false,"messageTitle":"Revert \"implement sort feature (sort by name, status and date)\"","messageBody":"This reverts commit f1fa16c744efc914b2d32f6a60de32183e60637c.\n","fileTypesAndContributionMap":{"functional-code":{"insertions":32,"deletions":203}}},{"hash":"790e80784d80547d91bcbbe88ea1636f8006acb1","isMergeCommit":false,"messageTitle":"fix checkstyle error","messageBody":"","fileTypesAndContributionMap":{"docs":{"insertions":1,"deletions":1}}}]},{"date":"2025-10-24T00:00:00","commitResults":[{"hash":"fb53ec80718b5cd170198a4eaae6be8699aeaa54","isMergeCommit":true,"messageTitle":"Merge remote-tracking branch \u0027upstream/master\u0027 into sort-feature","messageBody":"fix merge conflict\n","fileTypesAndContributionMap":{}},{"hash":"dd2895a9066b61b35e7da69f7181f208510c2aae","isMergeCommit":false,"messageTitle":"Merge branch \u0027master\u0027 of https://github.com/AY2526S1-CS2103T-T10-1/tp into sort-feature","messageBody":"","fileTypesAndContributionMap":{"docs":{"insertions":200,"deletions":71}}}]},{"date":"2025-10-27T00:00:00","commitResults":[{"hash":"4c1eba39ee1024a548b92695eeb0e68d3cfb80a3","isMergeCommit":false,"messageTitle":"add sort by industry featrue","messageBody":"","fileTypesAndContributionMap":{"functional-code":{"insertions":10,"deletions":3}}}]},{"date":"2025-10-30T00:00:00","commitResults":[{"hash":"a717699cd1b5385265716d39d11719dc03a4713c","isMergeCommit":false,"messageTitle":"Enhance UG with images of commands","messageBody":"","fileTypesAndContributionMap":{"docs":{"insertions":30,"deletions":0}}},{"hash":"3ef025f70333ad2fa7f03b7fefedc5750598a704","isMergeCommit":false,"messageTitle":"Change quickstart and update Ui.png","messageBody":"","fileTypesAndContributionMap":{"docs":{"insertions":8,"deletions":24}}}]}]},"authorFileTypeContributionMap":{"romidas99":{"docs":158,"functional-code":458,"test-code":528,"other":51},"BiggillyBoyMan":{"docs":108,"functional-code":884,"test-code":1075,"other":7},"bmathnguyen":{"docs":82,"functional-code":141,"test-code":238},"caiwang0":{"docs":996,"functional-code":197,"test-code":452,"other":1},"Bosh1707":{"docs":127,"functional-code":260,"test-code":396,"other":1}},"authorContributionVariance":{"romidas99":30502.672,"BiggillyBoyMan":306176.25,"bmathnguyen":72167.2,"caiwang0":77935.85,"Bosh1707":21961.799},"authorDisplayNameMap":{"romidas99":"CS2103T-T10-1 THEN..SIEN","BiggillyBoyMan":"CS2103T-T10-1 LOW ..UCAS","bmathnguyen":"CS2103T-T10-1 NGUY..BACH","caiwang0":"CS2103T-T10-1 KELV..WANG","Bosh1707":"CS2103T-T10-1 JOSH..ARAN"}}
