{"authorDailyContributionsMap":{"romidas99":[{"date":"2025-09-30T00:00:00","commitResults":[{"hash":"f038c17055882d3473540b45cc821db10042f1a9","isMergeCommit":false,"messageTitle":"Add romidas99 role to about us","messageBody":"","fileTypesAndContributionMap":{"docs":{"insertions":13,"deletions":13}}}]},{"date":"2025-10-02T00:00:00","commitResults":[{"hash":"2824e86cc50d56751bb88310a57633881da2ff62","isMergeCommit":false,"messageTitle":"Update Readme","messageBody":"","fileTypesAndContributionMap":{"other":{"insertions":1,"deletions":1},"docs":{"insertions":49,"deletions":8}}},{"hash":"f20cd90140e8afbaf5839a36dbea038663c12ba8","isMergeCommit":true,"messageTitle":"Merge pull request #20 from romidas99/documentation","messageBody":"Update Readme","fileTypesAndContributionMap":{}},{"hash":"e9e71f6eb7775630f561326494872361eaad9917","isMergeCommit":false,"messageTitle":"Update Readme CI status","messageBody":"","fileTypesAndContributionMap":{"docs":{"insertions":1,"deletions":1}}},{"hash":"dbe06a29f2cfc08dc11056d2a2e734d4d1c6255d","isMergeCommit":true,"messageTitle":"Merge pull request #26 from romidas99/documentation","messageBody":"Update Readme CI status","fileTypesAndContributionMap":{}},{"hash":"43438775f2f58b58c7b2aac90731c857f05fe34e","isMergeCommit":true,"messageTitle":"Merge pull request #4 from romidas99/about-us","messageBody":"","fileTypesAndContributionMap":{}}]},{"date":"2025-10-04T00:00:00","commitResults":[{"hash":"9080fe5b903a645f07f5bb038134a95b2c534c51","isMergeCommit":false,"messageTitle":"Update README to correct format","messageBody":"","fileTypesAndContributionMap":{"docs":{"insertions":11,"deletions":51}}},{"hash":"c0d61de18eb7cb61942f362f459162abeabbe5e3","isMergeCommit":false,"messageTitle":"Update README to correct format","messageBody":"","fileTypesAndContributionMap":{"docs":{"insertions":1,"deletions":1}}},{"hash":"3ca5bc812e7b9ebfd8ff9f29aa4275091cf5c7a1","isMergeCommit":true,"messageTitle":"Merge pull request #35 from romidas99/documentation","messageBody":"Update README format","fileTypesAndContributionMap":{}},{"hash":"5eda786b79b419f460f4ecbc4f9526f8778847b1","isMergeCommit":false,"messageTitle":"Configure Codecov integration","messageBody":"","fileTypesAndContributionMap":{"other":{"insertions":32,"deletions":1},"docs":{"insertions":6,"deletions":6}}},{"hash":"ef6c2664d505cb6615f5c22a86afb0f3182ff421","isMergeCommit":false,"messageTitle":"Configure Codecov integration","messageBody":"","fileTypesAndContributionMap":{"other":{"insertions":0,"deletions":31}}},{"hash":"c3f74a019dbdd1e8b7a5457eef83afd066a23afb","isMergeCommit":true,"messageTitle":"Merge pull request #36 from romidas99/documentation","messageBody":"Update project website","fileTypesAndContributionMap":{}},{"hash":"9d2335e80237015aba8e8bc641140a24f513b87c","isMergeCommit":false,"messageTitle":"Fix typo in index.md","messageBody":"","fileTypesAndContributionMap":{"docs":{"insertions":1,"deletions":1}}},{"hash":"4b6858fbd6c5f52a0e4d6bc06b9a75ca91c24e2b","isMergeCommit":true,"messageTitle":"Merge pull request #37 from romidas99/documentation","messageBody":"Fix typo in index.md","fileTypesAndContributionMap":{}},{"hash":"d03e0e2af2700582b3744c3cf25cfad55ff9a47e","isMergeCommit":false,"messageTitle":"Configure Codecov integration","messageBody":"","fileTypesAndContributionMap":{"docs":{"insertions":1,"deletions":1}}},{"hash":"24a7defcf1604a6aae303ba921456c59084bac19","isMergeCommit":true,"messageTitle":"Merge pull request #38 from romidas99/documentation","messageBody":"Configure Codecov integration","fileTypesAndContributionMap":{}},{"hash":"a74bf8245047e5db443fcae235acb6f046717f95","isMergeCommit":true,"messageTitle":"Merge pull request #40 from caiwang0/update-dg-requirements","messageBody":"","fileTypesAndContributionMap":{}}]},{"date":"2025-10-10T00:00:00","commitResults":[{"hash":"01ee94e90fa0d46031247a0c1a8bdc2c8ee5784b","isMergeCommit":false,"messageTitle":"Refactor Help Command","messageBody":"","fileTypesAndContributionMap":{"functional-code":{"insertions":33,"deletions":10}}},{"hash":"a3fe69741b73a44cce82ec50fd7c528395c2c47c","isMergeCommit":true,"messageTitle":"Merge pull request #47 from romidas99/Branch-help-command","messageBody":"Refactor Help Command","fileTypesAndContributionMap":{}}]},{"date":"2025-10-12T00:00:00","commitResults":[{"hash":"b8eeba809129fc4d24f9b1ec56cf1ea3f61237d3","isMergeCommit":false,"messageTitle":"Add UG url into helpwindow.java","messageBody":"","fileTypesAndContributionMap":{"functional-code":{"insertions":36,"deletions":31}}},{"hash":"ec76c85bb97ab8f14b41c3d92cbee0e7c93d6da9","isMergeCommit":true,"messageTitle":"Merge pull request #53 from romidas99/Branch-help-command","messageBody":"Add UG url into helpwindow.java","fileTypesAndContributionMap":{}},{"hash":"bcfdcf7c6f180bfb9528b9908672a1e92062ea72","isMergeCommit":true,"messageTitle":"Resolve merge conflict in HelpWindow with updated URL","messageBody":"","fileTypesAndContributionMap":{}},{"hash":"9f00f2348b8cc6a5cd6b27ca62a91399b3fa6647","isMergeCommit":false,"messageTitle":"Updated help command","messageBody":"","fileTypesAndContributionMap":{"functional-code":{"insertions":8,"deletions":30}}},{"hash":"7f2ed5fd2da76a8cb0789582bfb628615f314ce3","isMergeCommit":true,"messageTitle":"Merge pull request #54 from romidas99/updated-help-command","messageBody":"Updated help command","fileTypesAndContributionMap":{}},{"hash":"d8eebf13ef90c565a36df17e7efd5708c06efcf6","isMergeCommit":true,"messageTitle":"Merge branch \u0027biggillyboyman-Refactored-Code\u0027 of github.com:AY2526S1-CS2103T-T10-1/tp","messageBody":"","fileTypesAndContributionMap":{}}]},{"date":"2025-10-13T00:00:00","commitResults":[{"hash":"d733df4d155625a26f1dd1f03904f13c2869ded6","isMergeCommit":false,"messageTitle":"Modify JobType model","messageBody":"","fileTypesAndContributionMap":{"functional-code":{"insertions":4,"deletions":3}}}]},{"date":"2025-10-14T00:00:00","commitResults":[{"hash":"4b4cc890878991acaf4a823cb92e0dd38c39bc66","isMergeCommit":false,"messageTitle":"Modify JobType model","messageBody":"","fileTypesAndContributionMap":{"functional-code":{"insertions":1,"deletions":0}}},{"hash":"89cf2b8c660badbab9d50b711de4ba61cf6cb9a9","isMergeCommit":true,"messageTitle":"Merge pull request #61 from romidas99/JobType-model","messageBody":"Job type model","fileTypesAndContributionMap":{}}]},{"date":"2025-10-16T00:00:00","commitResults":[{"hash":"2906ca58df6d7d5aa8f33a3c9f365aaae6f1d842","isMergeCommit":false,"messageTitle":"Reformat user guide","messageBody":"","fileTypesAndContributionMap":{"docs":{"insertions":2,"deletions":2}}},{"hash":"e445b9d223990a733b0736224d319544d4c236c8","isMergeCommit":true,"messageTitle":"Merge pull request #78 from romidas99/User-guide","messageBody":"Reformat user guide","fileTypesAndContributionMap":{}}]}],"BiggillyBoyMan":[{"date":"2025-10-02T00:00:00","commitResults":[{"hash":"d79463cba0f411bb9af4cf1ca1c481cb188e305c","isMergeCommit":true,"messageTitle":"Merge pull request #27 from BiggillyBoyMan/master","messageBody":"add biggillyboyman photo","fileTypesAndContributionMap":{}},{"hash":"00c2f3d05e986c61397d086b47a1e4d64081d5cd","isMergeCommit":false,"messageTitle":"update aboutus docs - \u0010BiggillyBoyMan","messageBody":"","fileTypesAndContributionMap":{"docs":{"insertions":2,"deletions":2}}},{"hash":"f4a89cdca390c5974295bdbd50eb17da398e2bc0","isMergeCommit":true,"messageTitle":"Merge commit \u0027d79463cba0f411bb9af4cf1ca1c481cb188e305c\u0027 into aboutus_BiggillyBoyMan","messageBody":"# Conflicts:\n#\tdocs/AboutUs.md\n","fileTypesAndContributionMap":{}},{"hash":"1d94049bd6eb74a3fd23ddc84615b065e8eb97ff","isMergeCommit":true,"messageTitle":"Merge pull request #29 from BiggillyBoyMan/aboutus_BiggillyBoyMan","messageBody":"add aboutus docs with biggillyboyman information","fileTypesAndContributionMap":{}},{"hash":"34e478e52d1592e42cf1651571ccb36cedd9f0d9","isMergeCommit":false,"messageTitle":"Revert \"add aboutus docs with biggillyboyman information\"","messageBody":"","fileTypesAndContributionMap":{"docs":{"insertions":0,"deletions":6}}},{"hash":"b276c3e4a9a96be6b402e281548a84b78b3ee926","isMergeCommit":true,"messageTitle":"Merge pull request #30 from AY2526S1-CS2103T-T10-1/revert-29-aboutus_BiggillyBoyMan","messageBody":"Revert \"add aboutus docs with biggillyboyman information\"","fileTypesAndContributionMap":{}},{"hash":"a7a36ea7cf156a1c62408aa8f9651316580ab5e3","isMergeCommit":false,"messageTitle":"update aboutus docs","messageBody":"","fileTypesAndContributionMap":{"docs":{"insertions":4,"deletions":6}}},{"hash":"7f4971cde6575d416dcf5981e3530149875da1e4","isMergeCommit":false,"messageTitle":"update aboutus again","messageBody":"","fileTypesAndContributionMap":{"docs":{"insertions":0,"deletions":1}}},{"hash":"af8a628b5e003a689788a658e19bf732658362d9","isMergeCommit":true,"messageTitle":"Merge branch \u0027master\u0027 into aboutus_BiggillyBoyMan","messageBody":"","fileTypesAndContributionMap":{}},{"hash":"b3acb169ec8ab92847ff27dc364711b4c84ca34a","isMergeCommit":true,"messageTitle":"Merge pull request #31 from BiggillyBoyMan/aboutus_BiggillyBoyMan","messageBody":"Aboutus biggilly boy man","fileTypesAndContributionMap":{}},{"hash":"90484a776bb1fab17d7af280bdb5bd44ec280e85","isMergeCommit":true,"messageTitle":"Merge branch \u0027master\u0027 into AboutUs-bosh1707","messageBody":"","fileTypesAndContributionMap":{}},{"hash":"b5c95a1c07261e88b225e0385c9c6ef47f9aa92f","isMergeCommit":true,"messageTitle":"Merge pull request #17 from Bosh1707/AboutUs-bosh1707","messageBody":"Update AboutUs for bosh1707","fileTypesAndContributionMap":{}}]},{"date":"2025-10-10T00:00:00","commitResults":[{"hash":"5bf66dedae070e5e7e2ab3d592848006eee8c296","isMergeCommit":false,"messageTitle":"Refactor entire model","messageBody":"","fileTypesAndContributionMap":{"functional-code":{"insertions":721,"deletions":663},"other":{"insertions":255,"deletions":254},"docs":{"insertions":69,"deletions":69},"test-code":{"insertions":800,"deletions":723}}}]},{"date":"2025-10-12T00:00:00","commitResults":[{"hash":"919af0c38bd8d218dc109f11b72cb92e08242854","isMergeCommit":false,"messageTitle":"update refactoring","messageBody":"","fileTypesAndContributionMap":{"functional-code":{"insertions":2,"deletions":6},"test-code":{"insertions":26,"deletions":42}}},{"hash":"b71b2a2bc1b8ada231570fa4f913f7ccc3b9fdee","isMergeCommit":true,"messageTitle":"Merge branch \u0027List-list-features\u0027 into master","messageBody":"","fileTypesAndContributionMap":{}},{"hash":"f363db5fbf79108a74a0bd6782fa19cded5e78ff","isMergeCommit":true,"messageTitle":"Merge pull request #1 from BiggillyBoyMan/master","messageBody":"merge master to list","fileTypesAndContributionMap":{}},{"hash":"511411a15f306fdffe637db6d947825c818402e1","isMergeCommit":false,"messageTitle":"refactor code -- Changed up the model","messageBody":"","fileTypesAndContributionMap":{"functional-code":{"insertions":85,"deletions":85},"other":{"insertions":22,"deletions":22},"test-code":{"insertions":15,"deletions":23}}},{"hash":"6ef38c160e9da6300777e422168c1639a5df52c7","isMergeCommit":true,"messageTitle":"Merge branch \u0027List-list-features\u0027 of https://github.com/BiggillyBoyMan/tp into List-list-features","messageBody":"","fileTypesAndContributionMap":{}},{"hash":"42ff747f9e1c7680f0edfe69e246e7e9d8192e1c","isMergeCommit":true,"messageTitle":"Merge pull request #48 from BiggillyBoyMan/List-list-features","messageBody":"Refactor entire model","fileTypesAndContributionMap":{}},{"hash":"248ba31a1801bb075a4f5b609384e9480324623b","isMergeCommit":false,"messageTitle":"comment out update feature","messageBody":"","fileTypesAndContributionMap":{"functional-code":{"insertions":123,"deletions":123},"test-code":{"insertions":11,"deletions":11}}},{"hash":"98a3378d183de62fbea83bc5d33bd9b795623c33","isMergeCommit":true,"messageTitle":"Merge pull request #51 from BiggillyBoyMan/List-list-features","messageBody":"List list features","fileTypesAndContributionMap":{}}]},{"date":"2025-10-14T00:00:00","commitResults":[{"hash":"d91d557f1789dc1fd97ac87a8a37d9fd4353431c","isMergeCommit":false,"messageTitle":"no message","messageBody":"","fileTypesAndContributionMap":{"functional-code":{"insertions":1,"deletions":1}}}]},{"date":"2025-10-15T00:00:00","commitResults":[{"hash":"709406d40e263111b60626a44670f71305b005d0","isMergeCommit":true,"messageTitle":"Merge pull request #68 from Bosh1707/update-email-model","messageBody":"Update email model","fileTypesAndContributionMap":{}},{"hash":"bc4e84a32be8c84daeea58cfb0d94f13acc647a7","isMergeCommit":false,"messageTitle":"change the UI model","messageBody":"","fileTypesAndContributionMap":{"functional-code":{"insertions":11,"deletions":13}}},{"hash":"a0deb503509372c0aad563144fa395e27d437cd9","isMergeCommit":true,"messageTitle":"Merge pull request #3 from AY2526S1-CS2103T-T10-1/biggillyboyman-Refactored-Code","messageBody":"Biggillyboyman refactored code","fileTypesAndContributionMap":{}},{"hash":"80acdd00ac801aaf1117c3f87f6fc23a3ede0636","isMergeCommit":true,"messageTitle":"Merge pull request #69 from BiggillyBoyMan/List-list-features","messageBody":"Complete UI Changes to App. Storage is working","fileTypesAndContributionMap":{}}]},{"date":"2025-10-16T00:00:00","commitResults":[{"hash":"77d87ae97b0f5fedf30776e0da4233fb82456ccc","isMergeCommit":true,"messageTitle":"Merge pull request #74 from AY2526S1-CS2103T-T10-1/fix-checkstyle","messageBody":"Fix naming convention in checkstyle.xml","fileTypesAndContributionMap":{}},{"hash":"2a61549618cc10795000fe075546eea243a351dd","isMergeCommit":true,"messageTitle":"Merge pull request #4 from AY2526S1-CS2103T-T10-1/biggillyboyman-Refactored-Code","messageBody":"Biggillyboyman refactored code","fileTypesAndContributionMap":{}},{"hash":"6afba87d2eb37241cbff4b72a50dc0fedbf2cc3b","isMergeCommit":true,"messageTitle":"Merge pull request #75 from AY2526S1-CS2103T-T10-1/biggillyboyman-Refactored-Code","messageBody":"Merge the entire refactored code","fileTypesAndContributionMap":{}},{"hash":"5eb38ee34debd3b55743dcd18eb5551fb8f98184","isMergeCommit":false,"messageTitle":"update Release Files","messageBody":"","fileTypesAndContributionMap":{"functional-code":{"insertions":4,"deletions":4},"other":{"insertions":22,"deletions":22},"docs":{"insertions":1,"deletions":1},"test-code":{"insertions":4,"deletions":4}}},{"hash":"b6583357fda44358df1f405af67e72cdbab8698b","isMergeCommit":true,"messageTitle":"Merge pull request #76 from BiggillyBoyMan/List-list-features","messageBody":"Update for Release Files","tags":["V1.3","V1.0.0"],"fileTypesAndContributionMap":{}}]},{"date":"2025-10-17T00:00:00","commitResults":[{"hash":"b07ab6df3a787297a6c5943c6cdd9f714cf801b4","isMergeCommit":true,"messageTitle":"Merge pull request #80 from caiwang0/edit-UserGuide","messageBody":"Refactor test files to align with BizBook model and fix checkstyle violations","fileTypesAndContributionMap":{}}]}],"bmathnguyen":[{"date":"2025-10-02T00:00:00","commitResults":[{"hash":"3395dbbc5194532ba001ae9041fda80fa88693cc","isMergeCommit":false,"messageTitle":"Add bmathnguyen to AboutUs","messageBody":"","fileTypesAndContributionMap":{"docs":{"insertions":5,"deletions":5}}},{"hash":"fb407a04e6cc12e8352f7c0b6ad00ce81e86fa14","isMergeCommit":true,"messageTitle":"Merge pull request #32 from bmathnguyen/update-aboutus-bmathnguyen","messageBody":"Add bmathnguyen to AboutUs","fileTypesAndContributionMap":{}}]},{"date":"2025-10-16T00:00:00","commitResults":[{"hash":"e7c1e3efac70bcf80e53124d83693e6ca5815983","isMergeCommit":false,"messageTitle":"Changed 4 files under testutl/","messageBody":"","fileTypesAndContributionMap":{"test-code":{"insertions":1153,"deletions":90}}}]},{"date":"2025-10-17T00:00:00","commitResults":[{"hash":"45456da93c740974df1636bf73ac4d0a8dcde272","isMergeCommit":false,"messageTitle":"Delete commented out code","messageBody":"","fileTypesAndContributionMap":{"test-code":{"insertions":1,"deletions":1}}}]},{"date":"2025-10-18T00:00:00","commitResults":[{"hash":"519c54f664eaac0effbc3246f8ba0f512b7bec70","isMergeCommit":true,"messageTitle":"Merge branch \u0027master\u0027 into branch-testutil","messageBody":"","fileTypesAndContributionMap":{}},{"hash":"ce0162d670ea618d64ce43b4c323364edcab9eca","isMergeCommit":true,"messageTitle":"Merge pull request #81 from bmathnguyen/branch-testutil","messageBody":"Branch testutil","fileTypesAndContributionMap":{}},{"hash":"92bda13be5fac216ce5820cbdd9be939c28cf8c4","isMergeCommit":false,"messageTitle":"Add back files","messageBody":"","fileTypesAndContributionMap":{"other":{"insertions":581,"deletions":0}}},{"hash":"be41d32f3ed41ff9e7407a4f48283d34175e5e4d","isMergeCommit":false,"messageTitle":"Add package, delete comments under testutil/","messageBody":"","fileTypesAndContributionMap":{"test-code":{"insertions":2,"deletions":170}}},{"hash":"fe5a048908c7b1d3ad4032a453c56e1733823f51","isMergeCommit":false,"messageTitle":"Delete bin/","messageBody":"","fileTypesAndContributionMap":{"other":{"insertions":0,"deletions":581}}},{"hash":"e3b726689cc889049b1ea81030e6255e46125b77","isMergeCommit":true,"messageTitle":"Merge pull request #83 from bmathnguyen/branch-testutil-2","messageBody":"Branch testutil 2","fileTypesAndContributionMap":{}}]}],"caiwang0":[{"date":"2025-10-02T00:00:00","commitResults":[{"hash":"20ceabca992658f946ffc1c35277110372802bcc","isMergeCommit":false,"messageTitle":"Update AboutUs page for caiwang0","messageBody":"","fileTypesAndContributionMap":{"docs":{"insertions":3,"deletions":3}}},{"hash":"3a2596b5ff67e4ffe90f14a79c7261a4b44506fc","isMergeCommit":true,"messageTitle":"Merge pull request #25 from caiwang0/add-aboutus","messageBody":"Update AboutUs for caiwang0","fileTypesAndContributionMap":{}}]},{"date":"2025-10-04T00:00:00","commitResults":[{"hash":"ee818dd43fa19a5dd233b9960fab56e780b5f514","isMergeCommit":false,"messageTitle":"Update DG requirements section for BizBook","messageBody":"","fileTypesAndContributionMap":{"docs":{"insertions":256,"deletions":40}}},{"hash":"76bd8534b70ba648fe9bd6c7e1179ffd2305f449","isMergeCommit":false,"messageTitle":"Fix formatting issues","messageBody":"","fileTypesAndContributionMap":{"docs":{"insertions":8,"deletions":8}}}]},{"date":"2025-10-11T00:00:00","commitResults":[{"hash":"eb4e7235b6677e8c8b610f0c110b06470164e5da","isMergeCommit":false,"messageTitle":"Implement Update command for the current status","messageBody":"","fileTypesAndContributionMap":{"functional-code":{"insertions":124,"deletions":0}}},{"hash":"a28664037278f5a236a347bf746837448cf35acd","isMergeCommit":false,"messageTitle":"Fix trailing whitespace errors","messageBody":"","fileTypesAndContributionMap":{"functional-code":{"insertions":1,"deletions":3},"docs":{"insertions":4,"deletions":4}}},{"hash":"835c1cf7bf5ca4d4163482db5d3862414860f9e8","isMergeCommit":true,"messageTitle":"Merge pull request #50 from caiwang0/add-update-command","messageBody":"Implement Update command for the current status","fileTypesAndContributionMap":{}}]},{"date":"2025-10-12T00:00:00","commitResults":[{"hash":"c449d3dcb6dd846f6f2f9757d3430b9d264c9d30","isMergeCommit":false,"messageTitle":"Implement update command","messageBody":"","fileTypesAndContributionMap":{"functional-code":{"insertions":158,"deletions":120}}},{"hash":"9573e78bcb6969a57fb6729fddf2de781e5ed665","isMergeCommit":false,"messageTitle":"Add new line at end of file","messageBody":"","fileTypesAndContributionMap":{"functional-code":{"insertions":2,"deletions":2}}},{"hash":"9efeb5a19d52574a1477fd1dfad311ec39a5ba44","isMergeCommit":false,"messageTitle":"Remove Trailing Whitespace","messageBody":"","fileTypesAndContributionMap":{"functional-code":{"insertions":4,"deletions":4}}},{"hash":"5d51b8cba86b96531cc2e4e4f9578402625caccd","isMergeCommit":false,"messageTitle":"Add new line at end of file and remove trailing whitespaces to pass the test case in github","messageBody":"","fileTypesAndContributionMap":{"functional-code":{"insertions":4,"deletions":4},"docs":{"insertions":4,"deletions":4},"test-code":{"insertions":2,"deletions":2}}},{"hash":"053f348b7ef3b5768cb8d73626b882353149bac7","isMergeCommit":true,"messageTitle":"Merge pull request #52 from caiwang0/add-update-command-refactored-code","messageBody":"Implement update command","fileTypesAndContributionMap":{}}]},{"date":"2025-10-13T00:00:00","commitResults":[{"hash":"a17ad83436a5c49f7cd8a90b569a55c34c25900c","isMergeCommit":false,"messageTitle":"Update userguide for the current features","messageBody":"","fileTypesAndContributionMap":{"docs":{"insertions":55,"deletions":41}}}]},{"date":"2025-10-14T00:00:00","commitResults":[{"hash":"0762224f10a448b07673b75c49d61f0cc9e81d05","isMergeCommit":true,"messageTitle":"Merge pull request #58 from caiwang0/edit-UserGuide","messageBody":"Update userguide for the current features","fileTypesAndContributionMap":{}},{"hash":"02014b3b196cc26f07bb86143541e80bfcf6f8c8","isMergeCommit":true,"messageTitle":"Merge pull request #62 from caiwang0/edit-UserGuide","messageBody":"Replace the help message explaining how to access the help page","fileTypesAndContributionMap":{}}]},{"date":"2025-10-15T00:00:00","commitResults":[{"hash":"e23164634157215676c6f05e2ed1835c8a5e496e","isMergeCommit":false,"messageTitle":"Improve on UserGuide","messageBody":"","fileTypesAndContributionMap":{"docs":{"insertions":1,"deletions":12}}},{"hash":"c124304e1ad4f5fc09607038b64046d6fc4a65c0","isMergeCommit":true,"messageTitle":"Merge pull request #65 from caiwang0/edit-UserGuide","messageBody":"Improve on UserGuide","fileTypesAndContributionMap":{}},{"hash":"e8abc98516f4a65de3ec417665699a22d2eed0a6","isMergeCommit":false,"messageTitle":"Improve UserGuide","messageBody":"","fileTypesAndContributionMap":{"docs":{"insertions":0,"deletions":32}}},{"hash":"766dc057b9d98d7b28df407eba3a26851061ae39","isMergeCommit":true,"messageTitle":"Merge pull request #66 from caiwang0/edit-UserGuide","messageBody":"Improve UserGuide","fileTypesAndContributionMap":{}},{"hash":"40a5929fbec1675915e300b83c96277c4295659f","isMergeCommit":false,"messageTitle":"Improve edit command","messageBody":"","fileTypesAndContributionMap":{"functional-code":{"insertions":94,"deletions":87}}},{"hash":"9c729f2d3000db3bffac2ae12283660ca6e92ed0","isMergeCommit":false,"messageTitle":"Remove Update Command","messageBody":"","fileTypesAndContributionMap":{"functional-code":{"insertions":0,"deletions":159}}},{"hash":"a63f45dece9e47976ce5cdf8e3a8bc2a4df2f02f","isMergeCommit":true,"messageTitle":"Merge pull request #70 from caiwang0/edit-UserGuide","messageBody":"Improve Edit Command and remove Update Command","fileTypesAndContributionMap":{}},{"hash":"a408ddbce25bb18db6bad55a4ab321bb71bf3069","isMergeCommit":false,"messageTitle":"Update the UserGuide to the latest change: removal of Update and implementation of Edit command","messageBody":"","fileTypesAndContributionMap":{"docs":{"insertions":15,"deletions":9}}},{"hash":"806b1aa0d03d66a68231b3742d0b07136f5ec7fa","isMergeCommit":true,"messageTitle":"Merge pull request #71 from caiwang0/edit-UserGuide","messageBody":"Update the UserGuide to the latest change","fileTypesAndContributionMap":{}},{"hash":"40152492ee7ee9814bef457c93e2e54bdab0c619","isMergeCommit":false,"messageTitle":"Add all necessary command tests and refactor personbuilder","messageBody":"","fileTypesAndContributionMap":{"docs":{"insertions":1,"deletions":1},"test-code":{"insertions":171,"deletions":132}}},{"hash":"d32dd25287bcdf20fdf2e285e7684d77d4816ba1","isMergeCommit":false,"messageTitle":"Implement EditCommandTest","messageBody":"","fileTypesAndContributionMap":{"test-code":{"insertions":37,"deletions":61}}},{"hash":"1b944ad7af8065de3b10c2ca632c4c500b800aaf","isMergeCommit":false,"messageTitle":"Refactor EditInternshipApplicationDescriptorTest.java","messageBody":"","fileTypesAndContributionMap":{"test-code":{"insertions":17,"deletions":16}}}]},{"date":"2025-10-16T00:00:00","commitResults":[{"hash":"d0e8c0e79a2d5ca144dbe58d548bb0fcf62aa581","isMergeCommit":false,"messageTitle":"Update changes","messageBody":"","fileTypesAndContributionMap":{"functional-code":{"insertions":2,"deletions":0},"test-code":{"insertions":68,"deletions":58}}}]},{"date":"2025-10-17T00:00:00","commitResults":[{"hash":"3604142577e2866098fd14c87cd603bee1598c23","isMergeCommit":false,"messageTitle":"Refactor test files to align with BizBook model and fix checkstyle violations","messageBody":"","fileTypesAndContributionMap":{"functional-code":{"insertions":120,"deletions":74},"other":{"insertions":162,"deletions":162},"test-code":{"insertions":406,"deletions":320}}},{"hash":"be77e11903aa6f09b207bf61a6117c3fdd7f7335","isMergeCommit":true,"messageTitle":"Resolve conflicts","messageBody":"","fileTypesAndContributionMap":{}}]}],"Bosh1707":[{"date":"2025-10-02T00:00:00","commitResults":[{"hash":"c13d610a17d6948b8a376fbc24b54e0ad263b03b","isMergeCommit":false,"messageTitle":"Update AboutUs for bosh1707","messageBody":"","fileTypesAndContributionMap":{"docs":{"insertions":5,"deletions":5}}}]},{"date":"2025-10-09T00:00:00","commitResults":[{"hash":"fbd7723f6e8bd5afa466087075a984f1bb45547e","isMergeCommit":false,"messageTitle":"docs(UserGuide): Update branding to BizBook","messageBody":"","fileTypesAndContributionMap":{"docs":{"insertions":13,"deletions":13}}},{"hash":"32cd052904663286d1288bf58d618d596111bb9d","isMergeCommit":true,"messageTitle":"Merge pull request #43 from Bosh1707/update-ug","messageBody":"docs(UserGuide): Update branding to BizBook","fileTypesAndContributionMap":{}}]},{"date":"2025-10-15T00:00:00","commitResults":[{"hash":"94ee6d3853febe08ec90dc009d948bdc0e886b7f","isMergeCommit":false,"messageTitle":"Fix Email regex to handle invalid domain and special character edge cases","messageBody":"","fileTypesAndContributionMap":{"functional-code":{"insertions":1,"deletions":1}}}]},{"date":"2025-10-16T00:00:00","commitResults":[{"hash":"d9a8b97a4a125268f1aedf1cc341016ae481e536","isMergeCommit":false,"messageTitle":"Fix naming convention in checkstyle.xml","messageBody":"","fileTypesAndContributionMap":{"other":{"insertions":142,"deletions":142}}}]}]},"authorFileTypeContributionMap":{"romidas99":{"docs":29,"functional-code":7,"test-code":0,"other":46},"BiggillyBoyMan":{"docs":37,"functional-code":734,"test-code":639,"other":7},"bmathnguyen":{"docs":5,"functional-code":0,"test-code":73},"caiwang0":{"docs":280,"functional-code":174,"test-code":571,"other":1},"Bosh1707":{"docs":12,"functional-code":1,"test-code":0,"other":1}},"authorContributionVariance":{"romidas99":1099.232,"BiggillyBoyMan":412878.8,"bmathnguyen":103375.93,"caiwang0":72784.65,"Bosh1707":2599.3286},"authorDisplayNameMap":{"romidas99":"CS2103T-T10-1 THEN..SIEN","BiggillyBoyMan":"CS2103T-T10-1 LOW ..UCAS","bmathnguyen":"CS2103T-T10-1 NGUY..BACH","caiwang0":"CS2103T-T10-1 KELV..WANG","Bosh1707":"CS2103T-T10-1 JOSH..ARAN"}}
