{"authorDailyContributionsMap":{"yzr456":[{"date":"2025-09-20T00:00:00","commitResults":[{"hash":"436efe2fea752ccba10a30d163d91cf0b3ceeacf","isMergeCommit":true,"messageTitle":"Merge pull request #1 from AY2526S1-CS2103-F12-4/switch-docs-to-markbind","messageBody":"Switch docs to markbind","fileTypesAndContributionMap":{}},{"hash":"f0c203f9435049e67c84b35ce9239c3718af7b4c","isMergeCommit":false,"messageTitle":"Update product name in default.md * site.json","messageBody":"","fileTypesAndContributionMap":{"docs":{"insertions":1,"deletions":1}}}]},{"date":"2025-10-01T00:00:00","commitResults":[{"hash":"b213a7f3966dd17886e9a018396d3ae82f31a810","isMergeCommit":false,"messageTitle":"Update AboutUs page with Zirui\u0027s role","messageBody":"","fileTypesAndContributionMap":{"docs":{"insertions":4,"deletions":44}}},{"hash":"92a40fdc50c98bf664f3c218d334f475e96971f3","isMergeCommit":true,"messageTitle":"Merge branch \u0027master\u0027 into branch-update-aboutus","messageBody":"","fileTypesAndContributionMap":{}},{"hash":"b8589d3c357f1217421270c4e934705432da6560","isMergeCommit":true,"messageTitle":"Merge pull request #19 from ZavierCSJ/branch-update-aboutus","messageBody":"Update AboutUs page with Zavier\u0027s details","fileTypesAndContributionMap":{}},{"hash":"8d534f99745a051cd8aa6e64236bfe37a5e82e85","isMergeCommit":true,"messageTitle":"Merge pull request #35 from ZavierCSJ/branch-update-readme","messageBody":"Branch update readme","fileTypesAndContributionMap":{}}]},{"date":"2025-10-02T00:00:00","commitResults":[{"hash":"1718289b084ffa78691afdbe61cb75667a5253dd","isMergeCommit":false,"messageTitle":"Update use cases","messageBody":"","fileTypesAndContributionMap":{"docs":{"insertions":212,"deletions":12}}},{"hash":"b49e18b05923aed1fc1280f604666e6f3e66701d","isMergeCommit":true,"messageTitle":"Merge pull request #38 from TeeJinSeng/branch-update-DG","messageBody":"doc/DeveloperGuide.md: Update user profile, stories and value prosition","fileTypesAndContributionMap":{}},{"hash":"28b43df179e0e8ae4a27d90561506f0c773e1e13","isMergeCommit":true,"messageTitle":"Merge pull request #39 from yzr456/update-usecases","messageBody":"Update use cases","fileTypesAndContributionMap":{}},{"hash":"63fcf384e0b771bf40a97230a6e6d861f837d30b","isMergeCommit":true,"messageTitle":"Merge pull request #36 from kbyeo/branch-add-nfr","messageBody":"Update non-functional requirements in developer guide","fileTypesAndContributionMap":{}},{"hash":"703e8e57339469ebef5c46cfb71a11a6a8da576b","isMergeCommit":true,"messageTitle":"Merge pull request #37 from kbyeo/branch-update-glossary","messageBody":"Update glossary in developer guide","fileTypesAndContributionMap":{}}]},{"date":"2025-10-09T00:00:00","commitResults":[{"hash":"9517206bbe85ca6553d3ec5d391f9193aa3f5bd4","isMergeCommit":false,"messageTitle":"Update FindCommand and its JUnitTest","messageBody":"","fileTypesAndContributionMap":{"functional-code":{"insertions":35,"deletions":15},"test-code":{"insertions":36,"deletions":18}}},{"hash":"0cb26f60a00c61d3d511ee6b1b5c63a79a97a2a4","isMergeCommit":true,"messageTitle":"Merge pull request #47 from kbyeo/branch-update-delete-command","messageBody":"Update Delete command and related messages","fileTypesAndContributionMap":{}},{"hash":"6403404b12525ea859d54e918432b19989f5e444","isMergeCommit":false,"messageTitle":"Update Messages.java","messageBody":"Include update MESSAGE_ARGUMENT_ERROR to explicitly state it is an ArgumentError","fileTypesAndContributionMap":{"functional-code":{"insertions":1,"deletions":1}}},{"hash":"dd070f420d835ae795dc2284e0106ee2bbedd8dd","isMergeCommit":false,"messageTitle":"Update FindCommand.java","messageBody":"Add command syntax to MESSAGE_USAGE","fileTypesAndContributionMap":{"functional-code":{"insertions":1,"deletions":0}}},{"hash":"84e796199446c43626a1eff45e99b643a9a3c6ab","isMergeCommit":true,"messageTitle":"Merge branch \u0027master\u0027 into branch-Update-FindCommand","messageBody":"","fileTypesAndContributionMap":{}},{"hash":"102c2bda2c40be24255371dbe69b48903c181730","isMergeCommit":true,"messageTitle":"Merge branch \u0027master\u0027 into branch-updateHelpCommand","messageBody":"","fileTypesAndContributionMap":{}},{"hash":"1ce1c13b2d12efb70ed2d961a9d8c4133a3e41f2","isMergeCommit":false,"messageTitle":"Update FindCommand.java","messageBody":"","fileTypesAndContributionMap":{"functional-code":{"insertions":0,"deletions":1}}}]},{"date":"2025-10-15T00:00:00","commitResults":[{"hash":"e987dc118dbb3935a56ce3162196dd50cea091e4","isMergeCommit":false,"messageTitle":"Update logic in FindCommand","messageBody":"","fileTypesAndContributionMap":{"functional-code":{"insertions":7,"deletions":10},"test-code":{"insertions":13,"deletions":27}}},{"hash":"282a85cba11ae065b6f286e82395130ad925ff8c","isMergeCommit":true,"messageTitle":"Merge pull request #61 from yzr456/Update-Find-Command-Logic","messageBody":"Update logic in FindCommand","fileTypesAndContributionMap":{}}]},{"date":"2025-10-16T00:00:00","commitResults":[{"hash":"0a7d58bcc003047383966331cbf7da1254fa1c02","isMergeCommit":false,"messageTitle":"Add AddSubject command","messageBody":"","fileTypesAndContributionMap":{"functional-code":{"insertions":195,"deletions":0},"test-code":{"insertions":334,"deletions":0}}},{"hash":"ea4d9c8a4104b2283c89dea29c5d0dd4ab298d53","isMergeCommit":false,"messageTitle":"Remove trailing whitespaces in DG","messageBody":"","fileTypesAndContributionMap":{"docs":{"insertions":32,"deletions":32}}},{"hash":"97f14f0bede054c11f12062f6babfda5fb7b2cf6","isMergeCommit":false,"messageTitle":"Add newline at EOF at DetailedView \u0026 MainWindow","messageBody":"","fileTypesAndContributionMap":{"functional-code":{"insertions":2,"deletions":3}}},{"hash":"792f2146b41aa5c68ebb36e92ca6717c9ca224e4","isMergeCommit":false,"messageTitle":"Remove last remaining trailing whitespace in DG","messageBody":"","fileTypesAndContributionMap":{"docs":{"insertions":1,"deletions":1}}},{"hash":"97fc7cc0a2d1a86788cd2dc84835a43a7131e72a","isMergeCommit":true,"messageTitle":"Merge pull request #69 from yzr456/branch-JavaCI-fix","messageBody":"Add newline at EOF at DetailedView.fxml \u0026 MainWindow.fxml to fix JavaCI checks","fileTypesAndContributionMap":{}},{"hash":"540164a068ad31b996739c293e78c1680a3e5c25","isMergeCommit":true,"messageTitle":"Merge pull request #68 from ZavierCSJ/branch-update-edit-command","messageBody":"Implement edit command with -c flag for contact editing","fileTypesAndContributionMap":{}},{"hash":"d134be1d1473bbfbc1d0205838c0a0f0b549d310","isMergeCommit":true,"messageTitle":"Merge pull request #70 from TeeJinSeng/branch-Typical-AddSession","messageBody":"Add AddSession command","tags":["v1.3","mvp"],"fileTypesAndContributionMap":{}}]},{"date":"2025-10-23T00:00:00","commitResults":[{"hash":"6d361393641dbb11997c96101045e755dbe1991d","isMergeCommit":false,"messageTitle":"Add Payment attribute to Person","messageBody":"","fileTypesAndContributionMap":{"functional-code":{"insertions":160,"deletions":2}}},{"hash":"224896b662540d5b20e26cab60e4bcae5c4672d7","isMergeCommit":false,"messageTitle":"Update PersonBuilder and PersonTest","messageBody":"","fileTypesAndContributionMap":{"test-code":{"insertions":31,"deletions":2}}},{"hash":"01a7012c3906cf922f0ec8bef6bef6231166a068","isMergeCommit":false,"messageTitle":"Add support for multiple subjects in the same line","messageBody":"","fileTypesAndContributionMap":{"functional-code":{"insertions":57,"deletions":34},"test-code":{"insertions":54,"deletions":16}}},{"hash":"eb42d55e83e6c9e60d55ad2d908b41fd3c96ecb2","isMergeCommit":false,"messageTitle":"Enable assertions and update some .puml files","messageBody":"","fileTypesAndContributionMap":{"other":{"insertions":4,"deletions":0},"docs":{"insertions":9,"deletions":0}}},{"hash":"5486c639a4540a38623a6012d2fa8a3d11e465e9","isMergeCommit":false,"messageTitle":"Fix typo and minor grammar mistakes in Session","messageBody":"","fileTypesAndContributionMap":{"functional-code":{"insertions":12,"deletions":10}}},{"hash":"8957d11f26e7dc01837967c8402c7bdc798ccf95","isMergeCommit":true,"messageTitle":"Merge pull request #83 from kbyeo/branch-add-payment-status-command","messageBody":"Add setpayment command support with autosave","fileTypesAndContributionMap":{}},{"hash":"6f8a6e52128a2e3eaceddb9c6896bf5e7b63b80f","isMergeCommit":true,"messageTitle":"Merge pull request #84 from mackerelsoup/branch-addSessionTagClass","messageBody":"Add SessionTag","fileTypesAndContributionMap":{}}]},{"date":"2025-10-26T00:00:00","commitResults":[{"hash":"61629472370ece51c44061a69e43894223259b90","isMergeCommit":false,"messageTitle":"Fix bug #104","messageBody":"","fileTypesAndContributionMap":{"functional-code":{"insertions":8,"deletions":0}}},{"hash":"3195d87134ad9ec9e536d759f8ec3f385c15bb77","isMergeCommit":false,"messageTitle":"Fix bug #100","messageBody":"","fileTypesAndContributionMap":{"functional-code":{"insertions":3,"deletions":2}}},{"hash":"2a34fb0f54aeccfbba2a01a559a9f2df4db045da","isMergeCommit":false,"messageTitle":"Rename addressbook.json to Zenith.json","messageBody":"","fileTypesAndContributionMap":{"functional-code":{"insertions":7,"deletions":6},"docs":{"insertions":1,"deletions":1},"test-code":{"insertions":3,"deletions":3}}},{"hash":"fa75fccd7f52b5139c3537ee95fbf1604da01594","isMergeCommit":false,"messageTitle":"Made command names case insensitive","messageBody":"","fileTypesAndContributionMap":{"functional-code":{"insertions":5,"deletions":3}}},{"hash":"64a4d6d6a9a3c12dace3a8d685368a49cd4473d9","isMergeCommit":false,"messageTitle":"Fix multiple bugs","messageBody":"","fileTypesAndContributionMap":{"functional-code":{"insertions":52,"deletions":51},"test-code":{"insertions":29,"deletions":40}}},{"hash":"48a26d3e3e99f9a9040c693e2cd39fc63b56e9f7","isMergeCommit":false,"messageTitle":"Fix minor checkstyle issue","messageBody":"","fileTypesAndContributionMap":{"functional-code":{"insertions":0,"deletions":1}}}]},{"date":"2025-10-27T00:00:00","commitResults":[{"hash":"b0268c41519b7e786ecadd4cd1e4ea4515d2e57f","isMergeCommit":true,"messageTitle":"Merge pull request #129 from yzr456/branch-bugfix#100","messageBody":"Fix bug #100","fileTypesAndContributionMap":{}},{"hash":"e579905ce0223ac7312bcefe43787483e5a84fed","isMergeCommit":true,"messageTitle":"Merge pull request #130 from yzr456/branch-bugfix#104","messageBody":"Fix bug #104","fileTypesAndContributionMap":{}},{"hash":"77d7cfdee0452fc8db61db110bbd2bd99bf1f6e5","isMergeCommit":false,"messageTitle":"Modify AddSubjectCommand to prevent merge conflict","messageBody":"","fileTypesAndContributionMap":{"functional-code":{"insertions":1,"deletions":2}}},{"hash":"b1c4094a4b7757a65131a0fbcfc45751ced79332","isMergeCommit":true,"messageTitle":"Merge branch \u0027master\u0027 into branch-multiplebugfixes","messageBody":"","fileTypesAndContributionMap":{}},{"hash":"3ab6890c6f1217d1e48c6f5521506a312eaaa83a","isMergeCommit":false,"messageTitle":"Update AddSubjectCommand.java","messageBody":"","fileTypesAndContributionMap":{"functional-code":{"insertions":1,"deletions":1}}},{"hash":"102f88f15798c1e57592fdecb59584a08909f15f","isMergeCommit":false,"messageTitle":"Update SetPaymentCommandParserTest.java","messageBody":"","fileTypesAndContributionMap":{"test-code":{"insertions":0,"deletions":1}}},{"hash":"ee79ff3f59be3e9bbc1bfe316caf787e84b5d2c6","isMergeCommit":false,"messageTitle":"Update Payment.java","messageBody":"","fileTypesAndContributionMap":{"functional-code":{"insertions":1,"deletions":1}}},{"hash":"2f00767ce4911baa9cabf8fca47c77a5589c1a77","isMergeCommit":false,"messageTitle":"Update AddSubjectCommand.java","messageBody":"","fileTypesAndContributionMap":{"functional-code":{"insertions":1,"deletions":1}}},{"hash":"3a86a70445c6fdef9620d91a006d8a6f2b531a50","isMergeCommit":false,"messageTitle":"Update Messages.java","messageBody":"","fileTypesAndContributionMap":{"functional-code":{"insertions":1,"deletions":1}}},{"hash":"9a206e79bdb7a0882fba82d515f8c5d3ced1fc17","isMergeCommit":false,"messageTitle":"Update Messages.java","messageBody":"","fileTypesAndContributionMap":{"functional-code":{"insertions":2,"deletions":2}}},{"hash":"e15c8dc3764fa9265bc65804cb3d815f2bc564c8","isMergeCommit":false,"messageTitle":"Update Payment.java","messageBody":"","fileTypesAndContributionMap":{"functional-code":{"insertions":1,"deletions":1}}},{"hash":"efa3ac9beaff07203746741d426a7bf0cf676b2c","isMergeCommit":false,"messageTitle":"Update SetPaymentCommandParser.java","messageBody":"","fileTypesAndContributionMap":{"functional-code":{"insertions":1,"deletions":1}}},{"hash":"b03daf185eb89f47530ff946ad69ed7501ac87dd","isMergeCommit":false,"messageTitle":"Update SetPaymentCommandParser.java","messageBody":"","fileTypesAndContributionMap":{"functional-code":{"insertions":0,"deletions":1}}},{"hash":"39e9fc2fd5a78ff3f34e06d803686f32a1e2a543","isMergeCommit":true,"messageTitle":"Merge pull request #135 from ZavierCSJ/branch-fix-edit-test-ordering","messageBody":"Branch fix edit test ordering","fileTypesAndContributionMap":{}},{"hash":"d8d62fc92876127f55fbb3b87443a430a1298bbe","isMergeCommit":false,"messageTitle":"Fix bug in overdue logic in Payment","messageBody":"","fileTypesAndContributionMap":{"functional-code":{"insertions":7,"deletions":3}}},{"hash":"360a3c9924a5c4aa3d51e2efd35e9ac9e9bad464","isMergeCommit":false,"messageTitle":"Update PaymentTest","messageBody":"","fileTypesAndContributionMap":{"functional-code":{"insertions":1,"deletions":1},"test-code":{"insertions":92,"deletions":2}}}]},{"date":"2025-10-28T00:00:00","commitResults":[{"hash":"862684fd1c4b486a225c74a9868abb5daed3d381","isMergeCommit":true,"messageTitle":"Merge pull request #147 from yzr456/branch-PaymentOverdueFix","messageBody":"Fix bug in overdue logic in Payment","fileTypesAndContributionMap":{}},{"hash":"436f967bc5e017bc34db1d3610fb2a4714fb8bb6","isMergeCommit":false,"messageTitle":"Revert original ParserUtil functionality","messageBody":"","fileTypesAndContributionMap":{"functional-code":{"insertions":2,"deletions":2},"test-code":{"insertions":7,"deletions":7}}},{"hash":"d64bed9974fd2cce11221bea06c34057c1eac225","isMergeCommit":false,"messageTitle":"Fix checkstyle","messageBody":"","fileTypesAndContributionMap":{"test-code":{"insertions":0,"deletions":2}}},{"hash":"53e899c965ee1b9bf0b265bdc041b91005842dab","isMergeCommit":true,"messageTitle":"Merge pull request #150 from yzr456/branch-revertParserUtil","messageBody":"Revert original ParserUtil functionality","fileTypesAndContributionMap":{}}]}],"TeeJinSeng":[{"date":"2025-10-01T00:00:00","commitResults":[{"hash":"18307e2ac119ea32545625761b433701ce4d50b8","isMergeCommit":false,"messageTitle":"Update AboutUs Page with Jin Seng\u0027s Role","messageBody":"","fileTypesAndContributionMap":{"docs":{"insertions":4,"deletions":45}}},{"hash":"f61a37a4cde973285d9f13ecaf91c6c5306b243f","isMergeCommit":true,"messageTitle":"Merge branch \u0027master\u0027 into update-AboutUs","messageBody":"","fileTypesAndContributionMap":{}},{"hash":"75b3864e4c5d7416b680cc0b018290d208c42057","isMergeCommit":true,"messageTitle":"Merge pull request #21 from yzr456/update-AboutUs","messageBody":"Update AboutUs page with Zirui\u0027s role","fileTypesAndContributionMap":{}}]},{"date":"2025-10-02T00:00:00","commitResults":[{"hash":"ceff6dd320dc5a54f98f31bfdad69263d2d2f1ea","isMergeCommit":false,"messageTitle":"doc/DeveloperGuide.md: Update user profile, stories and value prosition","messageBody":"","fileTypesAndContributionMap":{"docs":{"insertions":12,"deletions":12}}},{"hash":"7d07b377fb824c1e52c43843b8e52c0d0a1628ae","isMergeCommit":false,"messageTitle":"doc/DeveloperGuide.md: Refine user profile, stories and value prosition","messageBody":"","fileTypesAndContributionMap":{"docs":{"insertions":33,"deletions":11}}}]},{"date":"2025-10-10T00:00:00","commitResults":[{"hash":"d39da9278f788bcc0f1778e0780ab730b2eb2fe8","isMergeCommit":false,"messageTitle":"Modify add command to include study year field","messageBody":"Updates include:\n- Update PersonListCard.fxml to include study year field\n- Update PersonCard.java to set study year field\n- Update SampleDataUtil to include study year in sample persons\n- Update Person.java to include study year attribute\n- Update JsonAdaptedPerson to include study year in\nserialization/deserialization\n- Update Messages.java to include error message for study year\n- Update AddCommand and EditCommand to handle study year\n- Update AddCommandParser and EditCommandParser to parse study year\n- Update CliSyntax to include PREFIX_STUDY_YEAR\n- Update test files to include study year in test cases\n","fileTypesAndContributionMap":{"functional-code":{"insertions":74,"deletions":23},"test-code":{"insertions":98,"deletions":55}}},{"hash":"d2ba5d56348a2e1f0b4861599f974726fe6781e4","isMergeCommit":false,"messageTitle":"AddCommandParserTest.java: modify to include study year in tests","messageBody":"","fileTypesAndContributionMap":{"test-code":{"insertions":5,"deletions":4}}}]},{"date":"2025-10-14T00:00:00","commitResults":[{"hash":"c278e72edb0d3285d6bf5f27df670f675ae0a4db","isMergeCommit":false,"messageTitle":"Address missed updates to `StudyYear` attribute","messageBody":"- Updates several existing examples to include the `StudyYear`\nattribute, which was missed in previous commits.\n- Adds a **unit test** to ensure the code correctly handles a **null**\nor missing study year value.\n","fileTypesAndContributionMap":{"functional-code":{"insertions":4,"deletions":6},"test-code":{"insertions":28,"deletions":14}}},{"hash":"d9b18089d975381f8879e3171efbbe1e33b2db1e","isMergeCommit":false,"messageTitle":"src/main/java/seedu/address/model/person: add `StudyYear` model","messageBody":"- Update `ParserUtil` to include `parseStudyYear` method\n- Update unit tests for `StudyYear` and `ParserUtil`\n- Fix the code styling issues(* import and unused import)\n","fileTypesAndContributionMap":{"functional-code":{"insertions":108,"deletions":1},"test-code":{"insertions":101,"deletions":2}}}]},{"date":"2025-10-16T00:00:00","commitResults":[{"hash":"b51acde6c29af85e03893307ba3a886234bf31c5","isMergeCommit":false,"messageTitle":"Refactor(`Person`): Change `studyYear` attribute type from `String` to `StudyYear`","messageBody":"The \u0027studyYear\u0027 attribute in the Person class has been refactored from a\nsimple String to the custom `StudyYear` value object.\n\nThis change:\n- Replaces raw String storage with the new StudyYear type.\n- Ensures all setter/getter/constructor logic is updated to use the new\ntype.\n- Delegates study year validation and formatting responsibilities to the\n`StudyYear` object, improving the integrity of the Person model.\n","fileTypesAndContributionMap":{"functional-code":{"insertions":26,"deletions":19},"test-code":{"insertions":15,"deletions":6}}},{"hash":"810c9b4b2c7fff311f95d7afde064fa4e434871b","isMergeCommit":true,"messageTitle":"Merge branch \u0027master\u0027 into branch-essential-AddContact","messageBody":"","fileTypesAndContributionMap":{}},{"hash":"79af9fa8446f57ae60bb5a992d2afc577a19bc20","isMergeCommit":false,"messageTitle":"Add AddSession command","messageBody":"","fileTypesAndContributionMap":{"functional-code":{"insertions":339,"deletions":2}}},{"hash":"38172ee6a81db5573c3bab402bd5644891400128","isMergeCommit":false,"messageTitle":"Fix checkstyle issues","messageBody":"","fileTypesAndContributionMap":{"functional-code":{"insertions":31,"deletions":26}}}]},{"date":"2025-10-17T00:00:00","commitResults":[{"hash":"c85c61001868987d09b3b56ef2c0522c906197f8","isMergeCommit":false,"messageTitle":"Fix some bugs in addsession command","messageBody":"","fileTypesAndContributionMap":{"functional-code":{"insertions":6,"deletions":6}}},{"hash":"731d68ab594756eaa6233de96716b67e47070158","isMergeCommit":true,"messageTitle":"Merge branch \u0027master\u0027 into branch-Typical-AddSession","messageBody":"","fileTypesAndContributionMap":{}}]},{"date":"2025-10-20T00:00:00","commitResults":[{"hash":"9daf4a29c22ef7285e8f307360a344dd6beec95c","isMergeCommit":false,"messageTitle":"`AddSessionCommand`: Add unit tests, fix test-related bugs, and align post-execution behavior with `EditCommand`","messageBody":"- Added unit tests for `AddSessionCommand` and related files\n- Fixed errors discovered during testing\n- Modified `AddSessionCommand` to display the full list after adding a\nsession, ensuring consistent behavior with `EditCommand`\n","fileTypesAndContributionMap":{"functional-code":{"insertions":21,"deletions":11},"test-code":{"insertions":432,"deletions":0}}}]},{"date":"2025-10-21T00:00:00","commitResults":[{"hash":"80e283a0b702973d51faf470c0df083482a3acc2","isMergeCommit":false,"messageTitle":"Merge branch \u0027master\u0027 into branch-essential-AddContact","messageBody":"","fileTypesAndContributionMap":{"functional-code":{"insertions":467,"deletions":36},"test-code":{"insertions":48,"deletions":75}}},{"hash":"455e62aaa389b45457b5af7930a7f0ab04b02e33","isMergeCommit":true,"messageTitle":"Merge branch \u0027master\u0027 into branch-essential-AddContact","messageBody":"","fileTypesAndContributionMap":{}},{"hash":"68ef611e3c5ef8b3ef9f06c1bb18943d1d65c454","isMergeCommit":false,"messageTitle":"Fix checkstyle and unit test errors","messageBody":"","fileTypesAndContributionMap":{"functional-code":{"insertions":2,"deletions":1},"test-code":{"insertions":1,"deletions":1}}}]},{"date":"2025-10-23T00:00:00","commitResults":[{"hash":"26bebd31cad7af2ac3c4b4bc6170041ee66a21bb","isMergeCommit":false,"messageTitle":"Update logic for AddSessionCommand to look for overlapping sessions","messageBody":"","fileTypesAndContributionMap":{"functional-code":{"insertions":25,"deletions":4}}},{"hash":"c415bd2695ca6737a98c99274e8d993008e327f9","isMergeCommit":false,"messageTitle":"Update ParserUtil to parser `Tag` back into `Session`","messageBody":"","fileTypesAndContributionMap":{"functional-code":{"insertions":23,"deletions":0}}},{"hash":"22c3998ff042fd3ad05eee952750c5d77df1ffed","isMergeCommit":false,"messageTitle":"Add Update unit test for inserting overlapping sessions","messageBody":"","fileTypesAndContributionMap":{"test-code":{"insertions":14,"deletions":8}}},{"hash":"c422f86c299f9d3ef9a7f3d8e795d61f6541c249","isMergeCommit":false,"messageTitle":"Fix minor error in AddSessionCommandParserTest","messageBody":"","fileTypesAndContributionMap":{"test-code":{"insertions":1,"deletions":1}}},{"hash":"41e56e4199b7037f1226071d92b77593b7daad12","isMergeCommit":false,"messageTitle":"Update AddSessionCommand to detect overlap sessions in other person","messageBody":"","fileTypesAndContributionMap":{"functional-code":{"insertions":22,"deletions":11}}},{"hash":"3961d8e6f68831355ca47bca0329a64c90f9e178","isMergeCommit":false,"messageTitle":"Update unit test for updated AddSessionCommand","messageBody":"","fileTypesAndContributionMap":{"test-code":{"insertions":155,"deletions":12}}},{"hash":"3e7040b816ce7c4594f7d748e7a0708f9ed57680","isMergeCommit":false,"messageTitle":"Fix checkstyle issue in AddSessionCommandTest","messageBody":"","fileTypesAndContributionMap":{"test-code":{"insertions":4,"deletions":2}}},{"hash":"dd64babfcd0a8275b5ec9fded5bce0958c28b6b1","isMergeCommit":false,"messageTitle":"Fix the `isHappeningOn(LocalTime, Localtime)` overload","messageBody":"","fileTypesAndContributionMap":{"functional-code":{"insertions":14,"deletions":0}}}]}],"ZavierCSJ":[{"date":"2025-10-01T00:00:00","commitResults":[{"hash":"8dafe34f1e3a8079cce6df7fe303c93d9fe4e1f2","isMergeCommit":false,"messageTitle":"Update AboutUs page with Zavier\u0027s details","messageBody":"","fileTypesAndContributionMap":{"docs":{"insertions":4,"deletions":44}}},{"hash":"25afd676ba0834111029b5601e0ae134ae2387d1","isMergeCommit":true,"messageTitle":"Merge branch \u0027master\u0027 into branch-update-aboutus","messageBody":"","fileTypesAndContributionMap":{}},{"hash":"940f8ee546334588dfdf0c3f6e70561bed513108","isMergeCommit":true,"messageTitle":"Merge pull request #26 from kbyeo/branch-update-aboutus","messageBody":"Update AboutUs Page with Kai Bin\u0027s Role","fileTypesAndContributionMap":{}},{"hash":"6364866a285518bfbfb27f41a057b279f9c66598","isMergeCommit":false,"messageTitle":"Update README with new UI and contents of the page","messageBody":"","fileTypesAndContributionMap":{"docs":{"insertions":27,"deletions":11}}},{"hash":"074ecc92fc60a9f461ce1a8f565315a84284243c","isMergeCommit":false,"messageTitle":"Update README with new UI and contents of the page","messageBody":"","fileTypesAndContributionMap":{"docs":{"insertions":0,"deletions":2}}}]},{"date":"2025-10-10T00:00:00","commitResults":[{"hash":"eb0b3a453c1ec10089f1db448ed9d422d90b6d26","isMergeCommit":true,"messageTitle":"Merge pull request #50 from TeeJinSeng/branch-essential-AddContact","messageBody":"Add command: includes study year","fileTypesAndContributionMap":{}}]},{"date":"2025-10-14T00:00:00","commitResults":[{"hash":"d6da9cbea347b21416b5621ad6ff5ec0e20c95e2","isMergeCommit":true,"messageTitle":"Merge pull request #53 from mackerelsoup/branch-updateHelpCommand","messageBody":"Update testing for HelpWindow Class","fileTypesAndContributionMap":{}}]},{"date":"2025-10-16T00:00:00","commitResults":[{"hash":"e878a77fe632904ea9a6278438a9f5d9ba83648c","isMergeCommit":true,"messageTitle":"Merge pull request #62 from kbyeo/branch-update-ui","messageBody":"Branch update UI","fileTypesAndContributionMap":{}},{"hash":"b86433288b6c8904622ce53fe72d3daa422da8c6","isMergeCommit":false,"messageTitle":"Update AddCommand MESSAGE_USAGE for new parameter format","messageBody":"","fileTypesAndContributionMap":{"functional-code":{"insertions":3,"deletions":5}}},{"hash":"7de3aa8c33ced7ee211dde35bc51ccccf2260e51","isMergeCommit":false,"messageTitle":"Update AddCommand MESSAGE_USAGE for new parameter format","messageBody":"","fileTypesAndContributionMap":{"functional-code":{"insertions":2,"deletions":3}}},{"hash":"21850d8a925cfd2607b0ceb8d6ac5631ddc5b887","isMergeCommit":true,"messageTitle":"Merge pull request #66 from yzr456/branch-subject-tag","messageBody":"Add AddSubject command","fileTypesAndContributionMap":{}},{"hash":"a0eeb1bec767bd4cfa2e0f185734fded94b930c6","isMergeCommit":false,"messageTitle":"Implement edit command with -c flag for contact editing","messageBody":"","fileTypesAndContributionMap":{"functional-code":{"insertions":112,"deletions":24},"test-code":{"insertions":6,"deletions":6}}},{"hash":"0f8d1cf70258dc0be212fb2e6541c5a65bc11d72","isMergeCommit":false,"messageTitle":"Fix the build test","messageBody":"","fileTypesAndContributionMap":{"test-code":{"insertions":40,"deletions":68}}},{"hash":"1e9457c9cc786403aa438cec2a0d6464d42ca625","isMergeCommit":false,"messageTitle":"Fix missing newlines at EOF in FXML files","messageBody":"","fileTypesAndContributionMap":{"functional-code":{"insertions":2,"deletions":2}}}]},{"date":"2025-10-22T00:00:00","commitResults":[{"hash":"67ec8b075a8b0252e2ed48513c03285c50f7d09c","isMergeCommit":true,"messageTitle":"Merge pull request #67 from TeeJinSeng/branch-essential-AddContact","messageBody":"Refactor(`Person`): Change `StudyYear` attribute type from `String` to `StudyYear`","fileTypesAndContributionMap":{}}]},{"date":"2025-10-23T00:00:00","commitResults":[{"hash":"46f35fef7cccde057d774625cac5193ba0639486","isMergeCommit":false,"messageTitle":"Add edit -s command to edit student sessions","messageBody":"","fileTypesAndContributionMap":{"functional-code":{"insertions":145,"deletions":15}}},{"hash":"e0d5c65e91b57ec17b81dd54d3339a1e30357d31","isMergeCommit":false,"messageTitle":"Fix whitespace","messageBody":"","fileTypesAndContributionMap":{"functional-code":{"insertions":4,"deletions":4}}},{"hash":"f07b2f9255d7317f00d4286c78eb003b762fb0fd","isMergeCommit":false,"messageTitle":"Fix test case","messageBody":"","fileTypesAndContributionMap":{"test-code":{"insertions":2,"deletions":1}}},{"hash":"4ba67771fe74de3fa71866fe6e9ae51475ac2e46","isMergeCommit":true,"messageTitle":"Merge pull request #86 from mackerelsoup/branch-freeCommand","messageBody":"Add Free command","tags":["v1.4"],"fileTypesAndContributionMap":{}}]},{"date":"2025-10-25T00:00:00","commitResults":[{"hash":"1510b3391d13dd060d9fbdaf9eb56006971d8ccb","isMergeCommit":true,"messageTitle":"Merge pull request #91 from mackerelsoup/branch-umlDiagrams","messageBody":"Add some uml diagrams","fileTypesAndContributionMap":{}},{"hash":"26a63370b7b262fb5561611f62986a5f8fb28702","isMergeCommit":false,"messageTitle":"Add new SubjectSequenceDiagram for UG","messageBody":"","fileTypesAndContributionMap":{"docs":{"insertions":84,"deletions":0}}},{"hash":"91cc392f206d23edefb4c3618d3db534c6dcf7a3","isMergeCommit":false,"messageTitle":"Add comprehensive test cases for Edit command","messageBody":"","fileTypesAndContributionMap":{"test-code":{"insertions":716,"deletions":0}}}]},{"date":"2025-10-27T00:00:00","commitResults":[{"hash":"a4997672f0dcc04453d04a4732eac469cab5649e","isMergeCommit":false,"messageTitle":"\"Fix_intermittent_test_failure\"","messageBody":"","fileTypesAndContributionMap":{"test-code":{"insertions":27,"deletions":3}}},{"hash":"242b3f7563e2f843022f3a4ed13ce2137340dd71","isMergeCommit":false,"messageTitle":"Fix ordering testcase issue","messageBody":"","fileTypesAndContributionMap":{"test-code":{"insertions":32,"deletions":23}}},{"hash":"1272432d3704573f7bb671a0905e9f8566a265f1","isMergeCommit":false,"messageTitle":"Fix checkstyle","messageBody":"","fileTypesAndContributionMap":{"test-code":{"insertions":0,"deletions":5}}},{"hash":"55487582a4924321032b24e58db12f71827ee974","isMergeCommit":false,"messageTitle":"Bug fix edit commands and modify the edit session to fix some bugs","messageBody":"","fileTypesAndContributionMap":{"functional-code":{"insertions":108,"deletions":41},"test-code":{"insertions":21,"deletions":16}}}]}],"mackerelsoup":[{"date":"2025-10-01T00:00:00","commitResults":[{"hash":"d69664d1103cdb7a42916916779f27c3aedeb336","isMergeCommit":false,"messageTitle":"Add role to AboutUs.md","messageBody":"","fileTypesAndContributionMap":{"docs":{"insertions":4,"deletions":45}}},{"hash":"f491b3a245c028f4fe2ccce3b1e2e95ddea7310a","isMergeCommit":true,"messageTitle":"Merge pull request #27 from TeeJinSeng/branch-Update-About-Us","messageBody":"Update AboutUs Page with Jin Seng\u0027s Role","fileTypesAndContributionMap":{}}]},{"date":"2025-10-09T00:00:00","commitResults":[{"hash":"d4eee289d91e0aa8cf820e14412b1642ed41bab9","isMergeCommit":false,"messageTitle":"Update UG and DG headers to zenith","messageBody":"","fileTypesAndContributionMap":{"functional-code":{"insertions":1,"deletions":1},"docs":{"insertions":2,"deletions":2}}},{"hash":"7a5e871994a9930c9e9032f8586a6741623b7b70","isMergeCommit":false,"messageTitle":"Add COMMAND_WORD variable to command class","messageBody":"","fileTypesAndContributionMap":{"functional-code":{"insertions":1,"deletions":1}}},{"hash":"745d47e040a0808b454b6592749536e9197033ae","isMergeCommit":false,"messageTitle":"Add MESSAGE_USAGE variable to Command class","messageBody":"","fileTypesAndContributionMap":{"functional-code":{"insertions":1,"deletions":0}}},{"hash":"a64b36538ba1a507ab0ed04785c24ae02ac804ec","isMergeCommit":false,"messageTitle":"Update Exit and List command to support MESSAGE_USAGE","messageBody":"","fileTypesAndContributionMap":{"functional-code":{"insertions":4,"deletions":0}}},{"hash":"a2a359689076b99438229db50e8c4c2d15b0524c","isMergeCommit":false,"messageTitle":"Update HelpWindow to support listing of commands","messageBody":"","fileTypesAndContributionMap":{"functional-code":{"insertions":44,"deletions":7}}},{"hash":"a0bec0450fa8302a831750178879667a4e5c86c8","isMergeCommit":false,"messageTitle":"Update Main.java to remove spaces","messageBody":"","fileTypesAndContributionMap":{"functional-code":{"insertions":1,"deletions":1}}}]},{"date":"2025-10-12T00:00:00","commitResults":[{"hash":"258045f143f86953c719fe16afdd8e6553fd2cc5","isMergeCommit":false,"messageTitle":"Remove redundant variable","messageBody":"","fileTypesAndContributionMap":{"functional-code":{"insertions":0,"deletions":1}}},{"hash":"4e04ad4a38bd3b42b1346d447a402ae611b3839d","isMergeCommit":false,"messageTitle":"Modify getCommandUsage to support dependency injection","messageBody":"","fileTypesAndContributionMap":{"functional-code":{"insertions":15,"deletions":4}}},{"hash":"94289d6315bdff06ba5378c8071e1641787b028a","isMergeCommit":false,"messageTitle":"Add testing support for HelpWindow","messageBody":"","fileTypesAndContributionMap":{"test-code":{"insertions":104,"deletions":0}}},{"hash":"b80056140ca472004dd11d332d3b3353ec202082","isMergeCommit":false,"messageTitle":"Remove trailing whitespace","messageBody":"","fileTypesAndContributionMap":{"test-code":{"insertions":4,"deletions":4}}},{"hash":"5e51dea5fc3c2550afc957c6810d2443321ae545","isMergeCommit":false,"messageTitle":"Add newline at EOF","messageBody":"","fileTypesAndContributionMap":{"test-code":{"insertions":1,"deletions":1}}},{"hash":"cc6a222efd5ec36240b3c59d5cd1c23d7292974f","isMergeCommit":false,"messageTitle":"Fix import order","messageBody":"","fileTypesAndContributionMap":{"test-code":{"insertions":4,"deletions":2}}}]},{"date":"2025-10-15T00:00:00","commitResults":[{"hash":"5f390330378736bc1422a68bbcb0b883d11cf32a","isMergeCommit":false,"messageTitle":"Update validation regex","messageBody":"","fileTypesAndContributionMap":{"functional-code":{"insertions":1,"deletions":1}}},{"hash":"ff6341c4a2a2d755ff87fd384e278312d0f7483c","isMergeCommit":false,"messageTitle":"Add StudyYear class","messageBody":"","fileTypesAndContributionMap":{"functional-code":{"insertions":55,"deletions":0}}},{"hash":"b28cc0f5cc413e710695266c2fc16a5eb1814c24","isMergeCommit":false,"messageTitle":"Update ParserUtil to support StudyYear class","messageBody":"","fileTypesAndContributionMap":{"functional-code":{"insertions":10,"deletions":4}}},{"hash":"900a6574ac1e444ea08966278a44bd2055eb4b48","isMergeCommit":false,"messageTitle":"Update Person to support StudyYear class","messageBody":"","fileTypesAndContributionMap":{"functional-code":{"insertions":3,"deletions":3}}},{"hash":"c275d00f22c72e85409d925fc3116495f69572b0","isMergeCommit":false,"messageTitle":"Update AddCommandParser to support StudyYear class","messageBody":"","fileTypesAndContributionMap":{"functional-code":{"insertions":2,"deletions":6}}},{"hash":"49c2e336d8756550e6ea141525f968652edb8488","isMergeCommit":false,"messageTitle":"Update classes to support StudyYear class","messageBody":"","fileTypesAndContributionMap":{"functional-code":{"insertions":13,"deletions":21}}},{"hash":"56bfed262d8105ebe01666d328edaba06d1a8d90","isMergeCommit":false,"messageTitle":"Update remaining classes to support StudyYear class","messageBody":"","fileTypesAndContributionMap":{"functional-code":{"insertions":4,"deletions":8}}},{"hash":"9bafa2644ef64401adc117800fb3a8af775db13f","isMergeCommit":false,"messageTitle":"Update example string for add command","messageBody":"","fileTypesAndContributionMap":{"functional-code":{"insertions":1,"deletions":0}}},{"hash":"9075c38f95ca40b4c36ac5e890ac8ffb403b73ad","isMergeCommit":false,"messageTitle":"Update regex string","messageBody":"","fileTypesAndContributionMap":{"functional-code":{"insertions":3,"deletions":2}}},{"hash":"4285f28a5f5ebfcdc3029e97287cde44070e49e0","isMergeCommit":false,"messageTitle":"Remove redundant spacing for name and address input","messageBody":"","fileTypesAndContributionMap":{"functional-code":{"insertions":2,"deletions":2}}},{"hash":"d5aca8c36ff71bce394edfc5d28d2331759b295e","isMergeCommit":false,"messageTitle":"Add JavaDoc comments","messageBody":"","fileTypesAndContributionMap":{"functional-code":{"insertions":48,"deletions":7}}},{"hash":"e3e0a3f39b2f3a0fecc077ecf0e940d6248da446","isMergeCommit":false,"messageTitle":"Update constraints message to reflect required constraints","messageBody":"","fileTypesAndContributionMap":{"functional-code":{"insertions":1,"deletions":1}}},{"hash":"a089659272a3c604761c8114968c0090f0369935","isMergeCommit":false,"messageTitle":"Updated testing to support new StudyYear class","messageBody":"","fileTypesAndContributionMap":{"functional-code":{"insertions":1,"deletions":1},"test-code":{"insertions":19,"deletions":23}}},{"hash":"7aec96928865e62c98cb1fe6df6521156412d25e","isMergeCommit":false,"messageTitle":"Update imports in PersonBuilder to follow Checkstyle","messageBody":"","fileTypesAndContributionMap":{"test-code":{"insertions":6,"deletions":1}}}]},{"date":"2025-10-16T00:00:00","commitResults":[{"hash":"e73ff698dbeaca03bd9d05c2f15420a1250cd3dd","isMergeCommit":true,"messageTitle":"Merge branch \u0027master\u0027 of https://github.com/mackerelsoup/tp into branch-updateCommandConstraints","messageBody":"","fileTypesAndContributionMap":{}},{"hash":"719ac5bcd288a2a972901dd2785dea1fb953bbd5","isMergeCommit":false,"messageTitle":"Update MESSAGE_CONSTRAINTS formatting","messageBody":"","fileTypesAndContributionMap":{"functional-code":{"insertions":7,"deletions":7}}},{"hash":"28638ba3f2208d441918683cdb8ba29ee759df39","isMergeCommit":true,"messageTitle":"Merge branch \u0027branch-updateCommandConstraints\u0027 of https://github.com/mackerelsoup/tp into branch-updateCommandConstraints","messageBody":"","fileTypesAndContributionMap":{}},{"hash":"2a085dad232779575798d2a2ce03fb67d41d7da1","isMergeCommit":true,"messageTitle":"Merge branch \u0027master\u0027 into branch-essential-AddContact","messageBody":"","fileTypesAndContributionMap":{}},{"hash":"e68898286d7189070329e5ccfd66bf2815e7b102","isMergeCommit":true,"messageTitle":"Merge branch \u0027master\u0027 into branch-Typical-AddSession","messageBody":"","fileTypesAndContributionMap":{}}]},{"date":"2025-10-22T00:00:00","commitResults":[{"hash":"e6081a71bf3fd22bcc709b5cb21c1926ba899141","isMergeCommit":false,"messageTitle":"Add FreeCommand class","messageBody":"","fileTypesAndContributionMap":{"functional-code":{"insertions":27,"deletions":0}}},{"hash":"d3cefd8ba29123238088aba4815c33df5d7f4322","isMergeCommit":false,"messageTitle":"Add parseDuration method","messageBody":"","fileTypesAndContributionMap":{"functional-code":{"insertions":14,"deletions":0}}},{"hash":"02f9a6c245aee6cb4641da1ea664642e10b2be0b","isMergeCommit":false,"messageTitle":"Add FreeCommandParser class","messageBody":"","fileTypesAndContributionMap":{"functional-code":{"insertions":18,"deletions":0}}},{"hash":"46cddf14a4b6b2ff4a41c0e6d8247c97ed04f0b8","isMergeCommit":false,"messageTitle":"Add WeeklySessions class","messageBody":"","fileTypesAndContributionMap":{"functional-code":{"insertions":4,"deletions":0}}},{"hash":"e26437704220cf3f2a1dec2992787923a1886721","isMergeCommit":false,"messageTitle":"Update WeeklySessions logic","messageBody":"Update WeeklySessions to support adding session functionality and\ngetting the earliest time slot\n","fileTypesAndContributionMap":{"functional-code":{"insertions":100,"deletions":0}}},{"hash":"fe18169f323744a55fd1620353e0f6bee013a033","isMergeCommit":false,"messageTitle":"Add session exceptions","messageBody":"","fileTypesAndContributionMap":{"functional-code":{"insertions":7,"deletions":1}}},{"hash":"9ef76ee2b8c44769fe3ddc2320c4561412fe4248","isMergeCommit":false,"messageTitle":"Add getter and setter methods","messageBody":"","fileTypesAndContributionMap":{"functional-code":{"insertions":106,"deletions":1}}},{"hash":"9ccec82c07e9860554ec1981c26ff36fb189eb1c","isMergeCommit":false,"messageTitle":"Add Session support for Address book","messageBody":"","fileTypesAndContributionMap":{"functional-code":{"insertions":51,"deletions":2}}},{"hash":"e1af06d5e4ff402dad8b2166b43d3306814148d4","isMergeCommit":true,"messageTitle":"Merge branch \u0027branch-paymentUiSupport\u0027 into branch-freeCommand","messageBody":"","fileTypesAndContributionMap":{}},{"hash":"c8693c09ee16a31ac537ed08ecf4284f072b6d3d","isMergeCommit":false,"messageTitle":"Update Model to support WeeklySession","messageBody":"","fileTypesAndContributionMap":{"functional-code":{"insertions":49,"deletions":0}}},{"hash":"46612134b5006cb000206730fbb9946fd0a8719f","isMergeCommit":false,"messageTitle":"Add isHappeningOn overload","messageBody":"","fileTypesAndContributionMap":{"functional-code":{"insertions":16,"deletions":0}}},{"hash":"79d421613c40ba0beed575ce122572244396556c","isMergeCommit":false,"messageTitle":"Update execute method","messageBody":"","fileTypesAndContributionMap":{"functional-code":{"insertions":11,"deletions":1}}},{"hash":"1b84b7f15f357e5acb561b814094d84fc00a9802","isMergeCommit":false,"messageTitle":"Correct String syntax","messageBody":"","fileTypesAndContributionMap":{"functional-code":{"insertions":1,"deletions":1}}},{"hash":"0a23a800553420a7aca0e3e6151c10c6f34de2ba","isMergeCommit":false,"messageTitle":"Add FreeCommand to AddressBookParser","messageBody":"","fileTypesAndContributionMap":{"functional-code":{"insertions":4,"deletions":0}}}]},{"date":"2025-10-23T00:00:00","commitResults":[{"hash":"6669b686f74507a709b40ff8bec1f19fc7bdaa1b","isMergeCommit":true,"messageTitle":"Merge pull request #71 from TeeJinSeng/branch-Typical-AddSession","messageBody":"Fix some bugs in addsession command, the current PR uses exceptions to check for the existence of tags, need to modify this behaviour","fileTypesAndContributionMap":{}},{"hash":"846366820dc1a058607b1620f3e8d8cfea7801f0","isMergeCommit":false,"messageTitle":"Add SessionTag class","messageBody":"","fileTypesAndContributionMap":{"functional-code":{"insertions":7,"deletions":0}}},{"hash":"5ed97dcb9028ccb5ff72c571f11cbcd131d98d10","isMergeCommit":false,"messageTitle":"Add isSessionTag method","messageBody":"","fileTypesAndContributionMap":{"functional-code":{"insertions":4,"deletions":0}}},{"hash":"b8f2dcf8ecb9364d66af267b4cfb2b0b598bec94","isMergeCommit":false,"messageTitle":"Update SessionTag to override methods","messageBody":"","fileTypesAndContributionMap":{"functional-code":{"insertions":34,"deletions":1}}},{"hash":"2fa829404059e72d15193f6dd97823b29d6ae752","isMergeCommit":false,"messageTitle":"Update ParserUtil to support SessionTag","messageBody":"","fileTypesAndContributionMap":{"functional-code":{"insertions":4,"deletions":1}}},{"hash":"f25b9ac3e05717d6b378538fcb8069596b9628c4","isMergeCommit":false,"messageTitle":"Update AddSessionCommand to support using SessionTag","messageBody":"","fileTypesAndContributionMap":{"functional-code":{"insertions":16,"deletions":16}}},{"hash":"46d7f89135915bcd07eb8d072ac70c162b30c56f","isMergeCommit":false,"messageTitle":"Modify MESSAGE_CONSTRAINTS","messageBody":"","fileTypesAndContributionMap":{"functional-code":{"insertions":2,"deletions":2}}},{"hash":"9c2cb39036347aeb9cdf236c62e8477d80a45546","isMergeCommit":false,"messageTitle":"Update test case to accomodate SessionTag","messageBody":"","fileTypesAndContributionMap":{"test-code":{"insertions":67,"deletions":29}}},{"hash":"7b7bc03fa32a155082d914dbb9f701a025c787ec","isMergeCommit":true,"messageTitle":"Merge branch \u0027branch-addSessionTagClass\u0027 into branch-freeCommand","messageBody":"","fileTypesAndContributionMap":{}},{"hash":"c3558131d67cd2a577239ef6b3101f333413f10b","isMergeCommit":false,"messageTitle":"Update AddSessionCommand to support WeeklySessions","messageBody":"","fileTypesAndContributionMap":{"functional-code":{"insertions":9,"deletions":34}}},{"hash":"f23c98e650873bc1518091d6b69667b2e5a28ed8","isMergeCommit":false,"messageTitle":"Remove duplicate isHappenigOn method","messageBody":"","fileTypesAndContributionMap":{"functional-code":{"insertions":0,"deletions":3}}},{"hash":"74f1607d68c28783d17d0ed9d29298193bf01104","isMergeCommit":false,"messageTitle":"Add getOverlap method","messageBody":"","fileTypesAndContributionMap":{"functional-code":{"insertions":7,"deletions":0}}},{"hash":"e47d2d921944ce5256e6c139c51597586dd11fd3","isMergeCommit":true,"messageTitle":"Merge branch \u0027master\u0027 of https://github.com/AY2526S1-CS2103-F12-4/tp into branch-freeCommand","messageBody":"","fileTypesAndContributionMap":{}},{"hash":"0beed6548ab1db61cfa8f511dfb457e0e33e746a","isMergeCommit":false,"messageTitle":"Update storage to support encoding and decoding sessiontag","messageBody":"","fileTypesAndContributionMap":{"functional-code":{"insertions":23,"deletions":1}}},{"hash":"b3d514dacaa659f36c601220f841365571c55049","isMergeCommit":false,"messageTitle":"Add auxiliary methods to support testing","messageBody":"","fileTypesAndContributionMap":{"functional-code":{"insertions":69,"deletions":34}}},{"hash":"1856584e5d0aa6b83fa43ff2b67c904a77dba042","isMergeCommit":false,"messageTitle":"Update session logic","messageBody":"","fileTypesAndContributionMap":{"functional-code":{"insertions":45,"deletions":6}}},{"hash":"7bf0dfda4c6c1a0b5e8eecfedbe4534955d69adf","isMergeCommit":false,"messageTitle":"Add JavaDoc comments","messageBody":"","fileTypesAndContributionMap":{"functional-code":{"insertions":21,"deletions":1}}},{"hash":"e0319f220551df45a00f299726f99fedab305cf1","isMergeCommit":false,"messageTitle":"Update testing","messageBody":"","fileTypesAndContributionMap":{"test-code":{"insertions":200,"deletions":8}}},{"hash":"a89d21125e665826327ac0bf899e46ef164f6110","isMergeCommit":false,"messageTitle":"Update checkstyle","messageBody":"","fileTypesAndContributionMap":{"functional-code":{"insertions":36,"deletions":0},"test-code":{"insertions":0,"deletions":1}}},{"hash":"d985068c2fea6bbeb4b4c719a8180bd472d33170","isMergeCommit":false,"messageTitle":"Improve testing code coverage","messageBody":"","fileTypesAndContributionMap":{"test-code":{"insertions":129,"deletions":0}}},{"hash":"51e3b8553f62d38d42f0dac41904f4d81d9a0b97","isMergeCommit":false,"messageTitle":"Add WeeklySessions test","messageBody":"","fileTypesAndContributionMap":{"test-code":{"insertions":319,"deletions":0}}},{"hash":"c461f66d6559c377c58e6bd10144d10e5e38d91f","isMergeCommit":false,"messageTitle":"Fix checkstyle","messageBody":"","fileTypesAndContributionMap":{"test-code":{"insertions":1,"deletions":1}}},{"hash":"786d5a3a9f1ef36f61a4d9f80d383f8515381b07","isMergeCommit":true,"messageTitle":"Merge pull request #85 from yzr456/branch-puml","messageBody":"Enable assertions and update some .puml files","fileTypesAndContributionMap":{}}]},{"date":"2025-10-24T00:00:00","commitResults":[{"hash":"38336b35a1ee10b3ec8973503bfc58662676ee00","isMergeCommit":false,"messageTitle":"Update Model for better abstraction","messageBody":"","fileTypesAndContributionMap":{"functional-code":{"insertions":13,"deletions":0}}},{"hash":"59aeac18d56eac43e522074d0ff0fb4113ecc190","isMergeCommit":false,"messageTitle":"Add UML diagrams","messageBody":"","fileTypesAndContributionMap":{"docs":{"insertions":75,"deletions":1}}}]},{"date":"2025-10-25T00:00:00","commitResults":[{"hash":"0868fd89d16b61e48c9b02b83cf920c36d380b14","isMergeCommit":false,"messageTitle":"Update AddCommandTest stub","messageBody":"","fileTypesAndContributionMap":{"test-code":{"insertions":3,"deletions":0}}},{"hash":"f5390544796d0d865b669b46050f380da3216ef4","isMergeCommit":false,"messageTitle":"Update to match checkstyle","messageBody":"","fileTypesAndContributionMap":{"test-code":{"insertions":2,"deletions":1}}},{"hash":"1fdda1703c63c5b0e444dff63aef318c67063b97","isMergeCommit":false,"messageTitle":"Remove false assertion","messageBody":"","fileTypesAndContributionMap":{"functional-code":{"insertions":0,"deletions":1}}}]},{"date":"2025-10-26T00:00:00","commitResults":[{"hash":"2e5de36fbee75f7529bed6b1c632df8fca1482bf","isMergeCommit":true,"messageTitle":"Merge pull request #93 from ZavierCSJ/branch-update-sequence-diagram","messageBody":"Add new SubjectSequenceDiagram for UG","fileTypesAndContributionMap":{}},{"hash":"6e2154dc9f6c4bf03d53aae50eaa70ba20b71194","isMergeCommit":true,"messageTitle":"Merge pull request #94 from ZavierCSJ/branch-add-testcase-for-edit-command","messageBody":"Branch add testcase for edit command","fileTypesAndContributionMap":{}}]},{"date":"2025-10-27T00:00:00","commitResults":[{"hash":"e83ffdefcce1aab117748ef0fd596c542c9af407","isMergeCommit":true,"messageTitle":"Merge pull request #131 from yzr456/branch-multiplebugfixes","messageBody":"Branch multiplebugfixes","fileTypesAndContributionMap":{}}]},{"date":"2025-10-28T00:00:00","commitResults":[{"hash":"fb3428416d513df08227e96dc090df26b8f4c6e9","isMergeCommit":true,"messageTitle":"Merge pull request #143 from ZavierCSJ/branch-bug-fix-edit-command","messageBody":"Branch bug fix edit command","fileTypesAndContributionMap":{}}]}],"kbyeo":[{"date":"2025-10-01T00:00:00","commitResults":[{"hash":"b29bf2e7a235b5c01b5536ff425a9788e2aab741","isMergeCommit":false,"messageTitle":"Update AboutUs section","messageBody":"","fileTypesAndContributionMap":{"docs":{"insertions":5,"deletions":41}}},{"hash":"7736fc6036c172a03fdec14ad008659589d7b18e","isMergeCommit":true,"messageTitle":"Merge branch \u0027master\u0027 into branch-updateAboutUs","messageBody":"","fileTypesAndContributionMap":{}},{"hash":"f3ff698ac1ca88a62223318805a8243d7094364d","isMergeCommit":true,"messageTitle":"Merge pull request #18 from mackerelsoup/branch-updateAboutUs","messageBody":"Update AboutUs with Zheng Ting\u0027s role","fileTypesAndContributionMap":{}}]},{"date":"2025-10-02T00:00:00","commitResults":[{"hash":"6b441a169da24ae4ec654f56f5acbdb31e65878b","isMergeCommit":false,"messageTitle":"Update non-functional requirements in developer guide","messageBody":"","fileTypesAndContributionMap":{"docs":{"insertions":5,"deletions":0}}},{"hash":"41876bde6c021f501c5bc521bfead4fa6385522f","isMergeCommit":false,"messageTitle":"Update glossary in developer guide","messageBody":"","fileTypesAndContributionMap":{"docs":{"insertions":7,"deletions":0}}}]},{"date":"2025-10-09T00:00:00","commitResults":[{"hash":"9d5c19dbfd973017d2a435ec9faa7d633ca3a6a5","isMergeCommit":false,"messageTitle":"Update Delete command and related messages","messageBody":"","fileTypesAndContributionMap":{"functional-code":{"insertions":6,"deletions":3},"test-code":{"insertions":2,"deletions":2}}},{"hash":"0be5a6b1807eda5879cb6fc4456f3485b8963a4d","isMergeCommit":true,"messageTitle":"Merge pull request #43 from yzr456/branch-Update-FindCommand","messageBody":"Update FindCommand and its JUnitTest","fileTypesAndContributionMap":{}},{"hash":"6119265647c707497a00c460739a74ba986f639c","isMergeCommit":true,"messageTitle":"Merge pull request #46 from mackerelsoup/branch-updateSiteSettings","messageBody":"Update UG and DG headers to Zenith","fileTypesAndContributionMap":{}},{"hash":"63df162b91c1610f5045e199399afc80913e8314","isMergeCommit":true,"messageTitle":"Merge pull request #48 from mackerelsoup/branch-updateHelpCommand","messageBody":"Update Help Command","fileTypesAndContributionMap":{}}]},{"date":"2025-10-14T00:00:00","commitResults":[{"hash":"711f875a33c9fcbd57a5514aa5a12dcf80ddd2c4","isMergeCommit":false,"messageTitle":"Update zenith ui format","messageBody":"","fileTypesAndContributionMap":{"functional-code":{"insertions":306,"deletions":23}}}]},{"date":"2025-10-15T00:00:00","commitResults":[{"hash":"83a92980058692245dd5020c215a44dc9f6185ac","isMergeCommit":false,"messageTitle":"Update zenith ui style sheet","messageBody":"","fileTypesAndContributionMap":{"functional-code":{"insertions":406,"deletions":62}}}]},{"date":"2025-10-16T00:00:00","commitResults":[{"hash":"ebcd791dbef50bba6839e8297e17d8b69a23adf6","isMergeCommit":true,"messageTitle":"Merge pull request #65 from ZavierCSJ/branch-update-add-command-message-usage","messageBody":"Update AddCommand MESSAGE_USAGE for new parameter format","fileTypesAndContributionMap":{}},{"hash":"c2836f24a26fa712d34a5490e7faa9aa7c91d0cc","isMergeCommit":true,"messageTitle":"Merge branch \u0027master\u0027 into branch-updateCommandConstraints","messageBody":"","fileTypesAndContributionMap":{}},{"hash":"30ed914fd06e50afb0b13c17781fbe722c9917ce","isMergeCommit":true,"messageTitle":"Merge pull request #63 from mackerelsoup/branch-updateCommandConstraints","messageBody":"Update Add command constraints","fileTypesAndContributionMap":{}}]},{"date":"2025-10-23T00:00:00","commitResults":[{"hash":"7b5eeced4b0ffac5a0222704a248a0f3cf647ed6","isMergeCommit":true,"messageTitle":"Merge pull request #80 from yzr456/branch-Payment-attribute","messageBody":"Add Payment attribute to Person","fileTypesAndContributionMap":{}},{"hash":"93676d8fb9e0d957aed4a51d43a415d69e16e01b","isMergeCommit":false,"messageTitle":"Add setpayment command support with autosave","messageBody":"","fileTypesAndContributionMap":{"functional-code":{"insertions":396,"deletions":20},"test-code":{"insertions":590,"deletions":11}}},{"hash":"c242863228700c4241c955be104fdc1e4f7af07b","isMergeCommit":true,"messageTitle":"Merge pull request #81 from yzr456/branch-SubjectCommand-MultipleSubjects","messageBody":"Branch subject command multiple subjects","fileTypesAndContributionMap":{}},{"hash":"16aba645f91e0e492ddf45b60c22521a5d7f0f7e","isMergeCommit":true,"messageTitle":"Merge branch \u0027master\u0027 into branch-add-payment-status-command","messageBody":"","fileTypesAndContributionMap":{}},{"hash":"a533ec8b33d88aad48b7a4d7ecb07105691c406d","isMergeCommit":false,"messageTitle":"Fix merge conflict in ParserUtil","messageBody":"","fileTypesAndContributionMap":{"functional-code":{"insertions":5,"deletions":1}}},{"hash":"8ba7af2b85cbee141f04f6c843e9855bfe08c634","isMergeCommit":false,"messageTitle":"Update ParserUtil.java","messageBody":"","fileTypesAndContributionMap":{"functional-code":{"insertions":1,"deletions":1}}},{"hash":"b77c8c60730e74ac9d69e3b4216cc7805760b93d","isMergeCommit":true,"messageTitle":"Merge pull request #79 from ZavierCSJ/branch-update-edit-command-with-session-tag","messageBody":"Add edit -s command to edit student sessions","fileTypesAndContributionMap":{}}]},{"date":"2025-10-24T00:00:00","commitResults":[{"hash":"97d823c76d9f1ee280b3f39aa7cabf4f6a57888d","isMergeCommit":false,"messageTitle":"Update ui class diagram","messageBody":"","fileTypesAndContributionMap":{"docs":{"insertions":3,"deletions":0}}}]},{"date":"2025-10-25T00:00:00","commitResults":[{"hash":"8a356a56a3c26aab3e3719061258e58924b22277","isMergeCommit":true,"messageTitle":"Merge pull request #90 from kbyeo/branch-update-ui-uml","messageBody":"Update ui class diagram","fileTypesAndContributionMap":{}}]}]},"authorFileTypeContributionMap":{"yzr456":{"docs":219,"functional-code":452,"test-code":519,"other":4},"TeeJinSeng":{"docs":38,"functional-code":437,"test-code":761},"ZavierCSJ":{"docs":112,"functional-code":304,"test-code":776},"mackerelsoup":{"docs":81,"functional-code":768,"test-code":842},"kbyeo":{"docs":22,"functional-code":1064,"test-code":567}},"authorContributionVariance":{"yzr456":14068.76,"TeeJinSeng":22579.715,"ZavierCSJ":19076.21,"mackerelsoup":35763.723,"kbyeo":32261.438},"authorDisplayNameMap":{"yzr456":"CS2103-F12-4 YEON..IRUI","TeeJinSeng":"CS2103-F12-4 TEE ..SENG","ZavierCSJ":"CS2103-F12-4 CHEW..VIER","mackerelsoup":"CS2103-F12-4 LEE ..TING","kbyeo":"CS2103-F12-4 YEO .. BIN"}}
