{"authorDailyContributionsMap":{"luciusyeo":[{"date":"2025-10-01T00:00:00","commitResults":[{"hash":"b9686f900ac289dd8496b396801ec12a5ef9c237","isMergeCommit":false,"messageTitle":"Update personal details to AboutUs Page","messageBody":"","fileTypesAndContributionMap":{"docs":{"insertions":4,"deletions":4}}},{"hash":"5ecb8d3991cf7a7aad97a8a78f1a9624b717162c","isMergeCommit":false,"messageTitle":"Create personal md file","messageBody":"","fileTypesAndContributionMap":{"docs":{"insertions":42,"deletions":1}}}]},{"date":"2025-10-02T00:00:00","commitResults":[{"hash":"20dd2dbc98023801dcd7fc1dff472d4ed23910c4","isMergeCommit":false,"messageTitle":"Transfer product scope and user stories from project notes","messageBody":"","fileTypesAndContributionMap":{"docs":{"insertions":34,"deletions":12}}},{"hash":"6947013f243f76a44fa8e484def6314c760ab371","isMergeCommit":true,"messageTitle":"Merge pull request #10 from JovanTeo1103/add-jovanTeo-info","messageBody":"Add Jovan\u0027s Photo","fileTypesAndContributionMap":{}}]},{"date":"2025-10-03T00:00:00","commitResults":[{"hash":"2c8abe9bbe093ce1bb3644b74d2ce7fef2981a4f","isMergeCommit":true,"messageTitle":"Merge pull request #25 from raynergoh/update-project-website","messageBody":"Update project website","fileTypesAndContributionMap":{}},{"hash":"938461e03ec3bbec4f5fb3e2a1bdcad95af930e5","isMergeCommit":false,"messageTitle":"Refine user stories and product scope, and add new glossary terms","messageBody":"","fileTypesAndContributionMap":{"docs":{"insertions":50,"deletions":36}}},{"hash":"11b184973b44e11a815d081672dc11f3ff83abae","isMergeCommit":true,"messageTitle":"Merge pull request #23 from rk2k3/update-aboutus","messageBody":"Update AboutUs page with Ron\u0027s details","fileTypesAndContributionMap":{}}]},{"date":"2025-10-04T00:00:00","commitResults":[{"hash":"91b18698e1185e0d73eb8c93b2b80a5a59b9661d","isMergeCommit":true,"messageTitle":"Merge pull request #27 from luciusyeo/update-dg-product-scope-user-stories","messageBody":"Transfer product scope and user stories from project notes","fileTypesAndContributionMap":{}}]},{"date":"2025-10-05T00:00:00","commitResults":[{"hash":"7a8d749ea68984968a7396520b7b273863a056dd","isMergeCommit":true,"messageTitle":"Merge pull request #40 from JovanTeo1103/update-dg-nfr","messageBody":"Update NFR requirements","fileTypesAndContributionMap":{}}]},{"date":"2025-10-09T00:00:00","commitResults":[{"hash":"1a2223496a21fffb8dde152ff832f7d7d51781dd","isMergeCommit":false,"messageTitle":"Add basic support for role field in person","messageBody":"","fileTypesAndContributionMap":{"functional-code":{"insertions":32,"deletions":3}}},{"hash":"14371e22fd429dbe160417bcd33d05068bc78783","isMergeCommit":false,"messageTitle":"Fix backward compatibility for person constructor","messageBody":"","fileTypesAndContributionMap":{"functional-code":{"insertions":17,"deletions":0}}},{"hash":"6248368c6bbfc689bde83b9842fc727d7035c08c","isMergeCommit":false,"messageTitle":"Add validation rules for role name","messageBody":"","fileTypesAndContributionMap":{"functional-code":{"insertions":40,"deletions":4},"test-code":{"insertions":47,"deletions":1}}},{"hash":"a5a9f6fdcb27528bafabd040de9ba17d30b88c2e","isMergeCommit":false,"messageTitle":"Update user stories with new role feature specifications","messageBody":"","fileTypesAndContributionMap":{"docs":{"insertions":10,"deletions":10}}},{"hash":"0ab9e09fe76aed831276404715cc3aa9000bb8ea","isMergeCommit":false,"messageTitle":"Add more test coverage for role","messageBody":"","fileTypesAndContributionMap":{"test-code":{"insertions":21,"deletions":0}}}]},{"date":"2025-10-10T00:00:00","commitResults":[{"hash":"f082e4ade3257e29df0e87602edcb5a4d3f478c5","isMergeCommit":false,"messageTitle":"Fix small typo in comment of role validation regex","messageBody":"","fileTypesAndContributionMap":{"functional-code":{"insertions":1,"deletions":1}}},{"hash":"15c9dd3efe351e6fb9e2fb39f406bd475482f78c","isMergeCommit":true,"messageTitle":"Merge pull request #50 from rk2k3/add-filter-command","messageBody":"Add Parser support for filter command","fileTypesAndContributionMap":{}}]},{"date":"2025-10-11T00:00:00","commitResults":[{"hash":"b54861fcd8c9711cb6de641c64baf9d7545b0f70","isMergeCommit":true,"messageTitle":"Merge pull request #59 from raynergoh/tag-1.2","messageBody":"Modify Tag validation","fileTypesAndContributionMap":{}}]},{"date":"2025-10-15T00:00:00","commitResults":[{"hash":"24fcd4530b573d8a460082baf1740e98c2ecf035","isMergeCommit":false,"messageTitle":"Improve message usage instruction formatting in Add Command","messageBody":"","fileTypesAndContributionMap":{"functional-code":{"insertions":2,"deletions":2}}},{"hash":"00f235ad51cdb597e98191d541c8edc7040c9790","isMergeCommit":false,"messageTitle":"Setup support for testing role field in person","messageBody":"","fileTypesAndContributionMap":{"functional-code":{"insertions":10,"deletions":0},"test-code":{"insertions":9,"deletions":0}}},{"hash":"deb7515f04f61b987496a5dab61ddc558fd83763","isMergeCommit":false,"messageTitle":"Add support for role to JsonAdaptedPerson","messageBody":"","fileTypesAndContributionMap":{"functional-code":{"insertions":67,"deletions":3},"test-code":{"insertions":22,"deletions":9}}},{"hash":"69cba64502fdb79dadb52454b6942f1aaaea8ca7","isMergeCommit":false,"messageTitle":"Fix missing role field in feedback message displayed to user","messageBody":"","fileTypesAndContributionMap":{"functional-code":{"insertions":4,"deletions":2}}},{"hash":"ea829f0b01ccdcf2670ca699b97ac57cc0a3fc77","isMergeCommit":false,"messageTitle":"Fix code style issue","messageBody":"","fileTypesAndContributionMap":{"test-code":{"insertions":8,"deletions":4}}},{"hash":"d636cf73827ea528cf64bfcb5a29e0ac2fd8a9ae","isMergeCommit":false,"messageTitle":"Add sample roles to sample dataset","messageBody":"","fileTypesAndContributionMap":{"functional-code":{"insertions":7,"deletions":6}}},{"hash":"b78a609df4117a98fa2ab59246f2225af27bdc4f","isMergeCommit":false,"messageTitle":"Display roles in the UI","messageBody":"","fileTypesAndContributionMap":{"functional-code":{"insertions":22,"deletions":1}}},{"hash":"fc67d8124370da06029e7e28a78f9100f0e68f7e","isMergeCommit":false,"messageTitle":"Fix non-appearance bug for role field","messageBody":"","fileTypesAndContributionMap":{"functional-code":{"insertions":1,"deletions":1}}},{"hash":"48dda609a3ffb29d160da14a1e6497573bb975ab","isMergeCommit":false,"messageTitle":"Add test support for validating sample dataset","messageBody":"","fileTypesAndContributionMap":{"test-code":{"insertions":39,"deletions":0}}},{"hash":"5f477db7c7844b7bec8432d7fca93c16e90ed136","isMergeCommit":false,"messageTitle":"Fix checkstyle","messageBody":"","fileTypesAndContributionMap":{"test-code":{"insertions":2,"deletions":8}}}]},{"date":"2025-10-16T00:00:00","commitResults":[{"hash":"28283341060dbc77ccf500fba48a7c1da6ef5cfa","isMergeCommit":true,"messageTitle":"Merge branch \u0027master\u0027 into support-storing-role-field","messageBody":"","fileTypesAndContributionMap":{}},{"hash":"bb3200df1c22cb15041f5b403592c57463a8a749","isMergeCommit":false,"messageTitle":"Fix CheckStyle","messageBody":"","fileTypesAndContributionMap":{"test-code":{"insertions":25,"deletions":13}}},{"hash":"eab6f65eec2e2e6c3a2e1579b318de33531b6d60","isMergeCommit":false,"messageTitle":"Fix CheckStyle","messageBody":"","fileTypesAndContributionMap":{"test-code":{"insertions":0,"deletions":1}}},{"hash":"0779b4d7de6db7035e412cd2e4943c53b1df2d18","isMergeCommit":true,"messageTitle":"Merge pull request #76 from luciusyeo/support-storing-role-field","messageBody":"Support storing role field","fileTypesAndContributionMap":{}},{"hash":"ae78eab1ecbff9b5bd129ab0a71c9d5cac38c44a","isMergeCommit":true,"messageTitle":"Merge branch \u0027master\u0027 into add-support-for-displaying-roles-in-ui","messageBody":"","fileTypesAndContributionMap":{}},{"hash":"db4dbfc4cedd8a5af918c22360a3d3595c3d93fe","isMergeCommit":true,"messageTitle":"Merge pull request #83 from soomin-k/add-duplicate-check","messageBody":"Add duplicate check for phone number","fileTypesAndContributionMap":{}}]},{"date":"2025-10-22T00:00:00","commitResults":[{"hash":"ae533ba2867dcc7cd61192c55ee41de626b0694e","isMergeCommit":false,"messageTitle":"Add justification for the hyphen validation constraint in role","messageBody":"","fileTypesAndContributionMap":{"functional-code":{"insertions":3,"deletions":1}}},{"hash":"1a65133fff6be6235ef9f896624f8d98a1f8dd7f","isMergeCommit":false,"messageTitle":"Add support for parsing and applying permanent edits to role field via edit command","messageBody":"","fileTypesAndContributionMap":{"functional-code":{"insertions":50,"deletions":3},"test-code":{"insertions":52,"deletions":36}}},{"hash":"dd77f52efb6d92c314e2547b0f372b9a72fe498f","isMergeCommit":false,"messageTitle":"Enhance tests for role field","messageBody":"","fileTypesAndContributionMap":{"test-code":{"insertions":9,"deletions":29}}},{"hash":"71442749bdd914ce4163943e233929317c7621cd","isMergeCommit":false,"messageTitle":"Fix checkstyle and failed test cases","messageBody":"","fileTypesAndContributionMap":{"test-code":{"insertions":39,"deletions":5}}},{"hash":"c95c9ffebcf23e6411e299e9021e3f8806d86f05","isMergeCommit":false,"messageTitle":"Fix checkstyle and failed tests","messageBody":"","fileTypesAndContributionMap":{"test-code":{"insertions":32,"deletions":1}}}]},{"date":"2025-10-23T00:00:00","commitResults":[{"hash":"85974e136f9c3cb43291bbf40db18143424d1187","isMergeCommit":false,"messageTitle":"Swap DG url\u0027s to lead to our own repository","messageBody":"","fileTypesAndContributionMap":{"docs":{"insertions":6,"deletions":7}}},{"hash":"351a743fc6a71436c6de6b4c3dec8278b595b1f9","isMergeCommit":false,"messageTitle":"Represent role field in DG UML diagrams","messageBody":"","fileTypesAndContributionMap":{"docs":{"insertions":10,"deletions":1}}},{"hash":"c8d063c4407651f955411ea018b430f3b0907405","isMergeCommit":true,"messageTitle":"Merge pull request #85 from rk2k3/update-filter-command","messageBody":"Update RoleStatusPredicate logic","fileTypesAndContributionMap":{}},{"hash":"1b168717f7fb9b4c601b16351279db4d748e4322","isMergeCommit":true,"messageTitle":"Merge pull request #97 from luciusyeo/support-role-in-edit-command","messageBody":"Add support for role edits and parser","fileTypesAndContributionMap":{}},{"hash":"befca5d98c7b057465e14de0add9d91361eed1f4","isMergeCommit":true,"messageTitle":"Fix merge conflict","messageBody":"","fileTypesAndContributionMap":{}},{"hash":"e8fcd595bb2d9e2b59dd15d725c30c65e0dab000","isMergeCommit":true,"messageTitle":"Merge pull request #98 from luciusyeo/enhance-role-tests-in-add-command-parser","messageBody":"Enhance tests for role field","fileTypesAndContributionMap":{}}]},{"date":"2025-10-24T00:00:00","commitResults":[{"hash":"07ec43a3b4757270a2db2b9be15c90510ba498ba","isMergeCommit":true,"messageTitle":"Merge pull request #106 from soomin-k/update-build-gradle","messageBody":"Enable assertion in build gradle","fileTypesAndContributionMap":{}}]},{"date":"2025-10-27T00:00:00","commitResults":[{"hash":"74467cabb012bce6d075c624dd005a227fd3049f","isMergeCommit":false,"messageTitle":"Refactor UG\u0027s quick start for clarity","messageBody":"","fileTypesAndContributionMap":{"functional-code":{"insertions":1,"deletions":1},"docs":{"insertions":49,"deletions":26}}},{"hash":"1f5ad4b6309895cf6bf4210105f33b50dffd523c","isMergeCommit":true,"messageTitle":"Merge branch \u0027master\u0027 into refactor-ug-quick-start","messageBody":"","fileTypesAndContributionMap":{}},{"hash":"f672258ec46702001c4e9a47f071a5ee2585b0f9","isMergeCommit":false,"messageTitle":"Add glossary definition for GUI","messageBody":"","fileTypesAndContributionMap":{"docs":{"insertions":4,"deletions":1}}}]},{"date":"2025-10-28T00:00:00","commitResults":[{"hash":"a37e2eb81554e65aa19950aee16bdda75564fa26","isMergeCommit":true,"messageTitle":"Merge pull request #158 from raynergoh/storage-1.5","messageBody":"Implement storage of Tag Groups","fileTypesAndContributionMap":{}},{"hash":"a349d1007ecca2db5a29cb9922e21999957802dd","isMergeCommit":true,"messageTitle":"Merge pull request #167 from rk2k3/update-ug","messageBody":"Update UG Glossary","fileTypesAndContributionMap":{}},{"hash":"c218bf752fe811dd4269ccb687591dae5f7e0f9b","isMergeCommit":false,"messageTitle":"fix dg diagram layout","messageBody":"","fileTypesAndContributionMap":{"docs":{"insertions":6,"deletions":3}}},{"hash":"94e07bebdf3a51899af16621e5c98600f7fb044f","isMergeCommit":false,"messageTitle":"Fix run checks","messageBody":"","fileTypesAndContributionMap":{"docs":{"insertions":8,"deletions":11}}},{"hash":"4ce770e5fdf25fbc0c6a25f5fbbf7cacc6b824e6","isMergeCommit":false,"messageTitle":"Fix run checks 2","messageBody":"","fileTypesAndContributionMap":{"docs":{"insertions":3,"deletions":4}}},{"hash":"cb64401eae47432f2e94b56b2f0ab7d8e40bdd06","isMergeCommit":false,"messageTitle":"Fix run checks 3","messageBody":"","fileTypesAndContributionMap":{"docs":{"insertions":2,"deletions":2}}}]},{"date":"2025-10-29T00:00:00","commitResults":[{"hash":"66a1352f001fbca04a30badc33cbc0402ad0e933","isMergeCommit":true,"messageTitle":"Merge pull request #192 from raynergoh/dg-1.5","messageBody":"Update Tag Group Management","fileTypesAndContributionMap":{}},{"hash":"5d7f58d1dab5b0d676145bc373935cb8131a9790","isMergeCommit":true,"messageTitle":"Merge pull request #187 from raynergoh/testdg-1.5","messageBody":"Update Manual Testing instructions","fileTypesAndContributionMap":{}},{"hash":"8905426a283495858dcba81f1e39a33b0e3eab21","isMergeCommit":true,"messageTitle":"Merge pull request #183 from raynergoh/ug-1.5","messageBody":"Update TagGroupCommand Docs","fileTypesAndContributionMap":{}},{"hash":"ea0f9398bf885874e9f23ffc40d2b963414d5e6b","isMergeCommit":false,"messageTitle":"Improve formatting of quick start section and features","messageBody":"","fileTypesAndContributionMap":{"docs":{"insertions":28,"deletions":39}}},{"hash":"5a56055868516844f2141d8dbb2e4c210f8a2b66","isMergeCommit":false,"messageTitle":"Allow underscore for role validation","messageBody":"","fileTypesAndContributionMap":{"functional-code":{"insertions":8,"deletions":7},"test-code":{"insertions":16,"deletions":4}}},{"hash":"9679e71fdfbf59a013c18f6c81be4c17c3474d8b","isMergeCommit":false,"messageTitle":"Fix validation bug for multi-word with invalid character","messageBody":"","fileTypesAndContributionMap":{"functional-code":{"insertions":4,"deletions":3},"test-code":{"insertions":2,"deletions":0}}},{"hash":"939f2d3d6a63c7db13d34f842489b4db7f40333c","isMergeCommit":false,"messageTitle":"Fix duplicate roles","messageBody":"","fileTypesAndContributionMap":{"functional-code":{"insertions":37,"deletions":1},"test-code":{"insertions":52,"deletions":1}}},{"hash":"03234f40a10cd4c4f2ecb851d09794275f42725e","isMergeCommit":false,"messageTitle":"Make roles case insensitive when filtering","messageBody":"","fileTypesAndContributionMap":{"functional-code":{"insertions":5,"deletions":3},"test-code":{"insertions":48,"deletions":0}}}]},{"date":"2025-10-30T00:00:00","commitResults":[{"hash":"e4047454272aba0b66585dc65626ff94deda1feb","isMergeCommit":false,"messageTitle":"Improve clarity of error msg","messageBody":"","fileTypesAndContributionMap":{"functional-code":{"insertions":2,"deletions":3}}},{"hash":"bb574c735b1ded5fddc1fc919849c163f7fe02a4","isMergeCommit":true,"messageTitle":"Merge pull request #208 from luciusyeo/fix-role-validation-and-error-msg","messageBody":"Fix role validation and error msg","fileTypesAndContributionMap":{}},{"hash":"da49c44134bf3336bc3f8c2b7f01e3542a0e01e4","isMergeCommit":false,"messageTitle":"Improve test name","messageBody":"","fileTypesAndContributionMap":{"test-code":{"insertions":1,"deletions":1}}},{"hash":"90c4273c52d48e9de4113c1b1811ae84b4be87c2","isMergeCommit":true,"messageTitle":"Merge pull request #209 from luciusyeo/fix-case-sensitivity-in-filter","messageBody":"Make role case-insensitive when filtering","fileTypesAndContributionMap":{}},{"hash":"63c5c7fe3f72e185c86ff6b08afe47edc847dad6","isMergeCommit":true,"messageTitle":"Merge branch \u0027master\u0027 into fix-ui-quick-start-formatting","messageBody":"","fileTypesAndContributionMap":{}},{"hash":"d83f7d7657b3207b56644a439dcb2c7fcaad77e9","isMergeCommit":true,"messageTitle":"Merge pull request #206 from luciusyeo/fix-ui-quick-start-formatting","messageBody":"Improve formatting for user guide","fileTypesAndContributionMap":{}},{"hash":"148ce29d1eb12cf005f7510baae657a65a6419b2","isMergeCommit":true,"messageTitle":"Merge pull request #212 from JovanTeo1103/doc-1.5","messageBody":"Update acknowledgement in DG","fileTypesAndContributionMap":{}},{"hash":"1617ce99766ce08e34e6713a6cd5f7d63f4eb1e8","isMergeCommit":true,"messageTitle":"Merge pull request #210 from soomin-k/remove-name-dup-check","messageBody":"Remove duplicate check for name","fileTypesAndContributionMap":{}},{"hash":"2ac53d9e7a8a080646812a7614779e7bc019dc2d","isMergeCommit":true,"messageTitle":"Merge pull request #216 from JovanTeo1103/update-ui","messageBody":"Update UI to not show empty roles and tags","fileTypesAndContributionMap":{}},{"hash":"f39e87ee9740f937ea97446ba784132c359f3046","isMergeCommit":false,"messageTitle":"Update UG with role info","messageBody":"","fileTypesAndContributionMap":{"docs":{"insertions":113,"deletions":79}}}]}],"JovanTeo1103":[{"date":"2025-09-29T00:00:00","commitResults":[{"hash":"809c00f03b4ef2afea9a8491211207c989e8f518","isMergeCommit":false,"messageTitle":"Add individual image and markdown file","messageBody":"","fileTypesAndContributionMap":{"docs":{"insertions":14,"deletions":1}}}]},{"date":"2025-09-30T00:00:00","commitResults":[{"hash":"0c6e09feef9250c2bc2089c5280aaf7866596dac","isMergeCommit":false,"messageTitle":"Update AboutUs to include personal details","messageBody":"","fileTypesAndContributionMap":{"docs":{"insertions":3,"deletions":3}}},{"hash":"f1aefa604772f219154ad6193fa6981674676a71","isMergeCommit":false,"messageTitle":"Move individual markdown file to team directory","messageBody":"","fileTypesAndContributionMap":{"docs":{"insertions":0,"deletions":0}}}]},{"date":"2025-10-01T00:00:00","commitResults":[{"hash":"12d3e1e7a046711421378417ba5ac13530f0e490","isMergeCommit":false,"messageTitle":"Edit AboutUs formatting","messageBody":"","fileTypesAndContributionMap":{"docs":{"insertions":1,"deletions":1}}}]},{"date":"2025-10-02T00:00:00","commitResults":[{"hash":"80479996ec5753e4e1cfdf82cd07f2d4de5d723d","isMergeCommit":true,"messageTitle":"Merge branch \u0027master\u0027 of https://github.com/AY2526S1-CS2103T-F15b-3/tp into add-jovanTeo-name","messageBody":"","fileTypesAndContributionMap":{}},{"hash":"cf0cc26a72aece7d6c9925c38d2ac6804d7c6c59","isMergeCommit":false,"messageTitle":"Fix naming bug for photo","messageBody":"","fileTypesAndContributionMap":{"docs":{"insertions":1,"deletions":1}}}]},{"date":"2025-10-04T00:00:00","commitResults":[{"hash":"aa1c9574a51244b56e6b1005c6e194d713f13c0a","isMergeCommit":true,"messageTitle":"Merge pull request #34 from soomin-k/add-soomin-info","messageBody":"Fix Soomin\u0027s photo name","fileTypesAndContributionMap":{}},{"hash":"243dceef6bf506715825ba5ebfa6996ae69dffc4","isMergeCommit":true,"messageTitle":"Merge pull request #38 from raynergoh/readme","messageBody":"Update Readme","fileTypesAndContributionMap":{}},{"hash":"957329ffb64982bffb296f51d862215cd8eb8a3b","isMergeCommit":false,"messageTitle":"Update NFR requirements","messageBody":"","fileTypesAndContributionMap":{"docs":{"insertions":26,"deletions":4}}},{"hash":"50bc4f93d7b88f1ab2b0e868bea6ba51998fd1cd","isMergeCommit":false,"messageTitle":"Refine NFR requirements","messageBody":"","fileTypesAndContributionMap":{"docs":{"insertions":4,"deletions":3}}}]},{"date":"2025-10-05T00:00:00","commitResults":[{"hash":"e6003067f64d2f380a52574297281c44d9a1e7b1","isMergeCommit":true,"messageTitle":"Merge pull request #39 from soomin-k/add-soomin-usecases","messageBody":"Add UC5 and UC6","fileTypesAndContributionMap":{}}]},{"date":"2025-10-09T00:00:00","commitResults":[{"hash":"dd3de417c06d44287c936b0357eeba15f50aba09","isMergeCommit":false,"messageTitle":"Add Status enum class with toggle function","messageBody":"","fileTypesAndContributionMap":{"functional-code":{"insertions":38,"deletions":0}}},{"hash":"383cd83aa583d0cefa394c90a265ec8c3f3b8a9c","isMergeCommit":false,"messageTitle":"Add Status Test Coverage","messageBody":"","fileTypesAndContributionMap":{"test-code":{"insertions":35,"deletions":0}}}]},{"date":"2025-10-11T00:00:00","commitResults":[{"hash":"1bd7ad439a6a712761ff9f7ad35ea9120a071230","isMergeCommit":true,"messageTitle":"Merge pull request #56 from soomin-k/add-command","messageBody":"Edit add person command and description in user guide","fileTypesAndContributionMap":{}}]},{"date":"2025-10-15T00:00:00","commitResults":[{"hash":"103d0e901aeaee8593e7566347b7acf9516bb90d","isMergeCommit":false,"messageTitle":"Add constructor to accept status and empty role","messageBody":"","fileTypesAndContributionMap":{"functional-code":{"insertions":10,"deletions":2}}},{"hash":"7e2c970aa4fe0152c969fe2ddbe4bb83a33488e5","isMergeCommit":false,"messageTitle":"Modify storage to store status","messageBody":"Fixes #65\n","fileTypesAndContributionMap":{"functional-code":{"insertions":11,"deletions":1}}},{"hash":"e52b49c3c542293b7d2528739a315237f8ccbd68","isMergeCommit":false,"messageTitle":"Modify storage test to include status","messageBody":"Fixes #67\n","fileTypesAndContributionMap":{"test-code":{"insertions":27,"deletions":13}}},{"hash":"5355efc8aa436fa31de4342a78eb777d0904492e","isMergeCommit":false,"messageTitle":"Add complete status for Alice for better test coverage","messageBody":"","fileTypesAndContributionMap":{"test-code":{"insertions":2,"deletions":1}}},{"hash":"aa73a5331ddb2de57c8428d78df6a6e43b821cfd","isMergeCommit":false,"messageTitle":"Fix checkstyle issue in JsonAdaptedPersonTest","messageBody":"This commit cleans up `JsonAdaptedPersonTest.java` to resolve the style\nviolations introduced during the integration of the mandatory `Status`\nfield.\n\nThe primary issues addressed were:\n\n1.  **Line Length:** Long constructor calls in test methods were\nreformatted into multi-line calls to adhere to the 120-character limit.\n2.  **Wildcard Imports:** Replaced the use of\n`import seedu.address.model.person.*` with specific, individual class\nimports to maintain code clarity.\n\nNo functional logic related to parsing or model validation was changed\nin this commit; it is purely a stylistic cleanup to allow the CI\npipeline to pass Checkstyle.\n","fileTypesAndContributionMap":{"test-code":{"insertions":15,"deletions":6}}},{"hash":"896462b2b5274eb96ff9abfddf55666ec25c4610","isMergeCommit":false,"messageTitle":"Modify UI to include status","messageBody":"Fixes #71\n","fileTypesAndContributionMap":{"functional-code":{"insertions":4,"deletions":0}}},{"hash":"e26e9bc3016e252d4ea7d785c13dba4fc0534c28","isMergeCommit":false,"messageTitle":"Fix add command message usage formatting for status","messageBody":"","fileTypesAndContributionMap":{"functional-code":{"insertions":5,"deletions":1}}},{"hash":"7aef662546347236fc02aad14e62cc3408384af7","isMergeCommit":false,"messageTitle":"Remove status from tostring and hashcode function","messageBody":"","fileTypesAndContributionMap":{"functional-code":{"insertions":1,"deletions":2}}},{"hash":"fb30162ea6a168ebbe97fbb091f2550f1c9a6c4a","isMergeCommit":false,"messageTitle":"Remove status comparing in equals","messageBody":"","fileTypesAndContributionMap":{"functional-code":{"insertions":0,"deletions":1}}},{"hash":"5f2c9f57a98c9a06821491a535ce2e83e9c995eb","isMergeCommit":false,"messageTitle":"Revert format method in Messages","messageBody":"","fileTypesAndContributionMap":{"functional-code":{"insertions":0,"deletions":2}}},{"hash":"d37533c1516dc77009e395755a96b7896eae2330","isMergeCommit":false,"messageTitle":"Fix message issue","messageBody":"","fileTypesAndContributionMap":{"functional-code":{"insertions":3,"deletions":1},"test-code":{"insertions":1,"deletions":1}}},{"hash":"e4dbc4fa2ccd73dc9a17ef1aee72f2d30e22bf21","isMergeCommit":false,"messageTitle":"Remove unused import","messageBody":"","fileTypesAndContributionMap":{"test-code":{"insertions":0,"deletions":1}}}]},{"date":"2025-10-22T00:00:00","commitResults":[{"hash":"a36df3feeba621ed2364edc2e6a267e388244ac9","isMergeCommit":false,"messageTitle":"Update status to be optional","messageBody":"","fileTypesAndContributionMap":{"functional-code":{"insertions":36,"deletions":20},"test-code":{"insertions":4,"deletions":3}}},{"hash":"36e2b4543edbaa18fbe52cc35e619a6580c43b8d","isMergeCommit":false,"messageTitle":"Fix bugs due to old constructor usage","messageBody":"","fileTypesAndContributionMap":{"functional-code":{"insertions":4,"deletions":2},"test-code":{"insertions":16,"deletions":14}}},{"hash":"363a31478678a1987bb79bde50e1de50639d14f8","isMergeCommit":false,"messageTitle":"Fix test failures","messageBody":"","fileTypesAndContributionMap":{"test-code":{"insertions":24,"deletions":12}}},{"hash":"d64799c259ab751483a9ccfbc446edad5740aa43","isMergeCommit":false,"messageTitle":"Remove redundant line","messageBody":"","fileTypesAndContributionMap":{"test-code":{"insertions":1,"deletions":2}}},{"hash":"cb92b4e4d6e7c07dd42883cefdad033cc088a9d4","isMergeCommit":false,"messageTitle":"Fix checkstyle","messageBody":"","fileTypesAndContributionMap":{"functional-code":{"insertions":14,"deletions":8}}},{"hash":"eaa094c76371d002da41867089db363cde3a6e34","isMergeCommit":false,"messageTitle":"Fix lexicographical error","messageBody":"","fileTypesAndContributionMap":{"functional-code":{"insertions":2,"deletions":2}}},{"hash":"6f6b24b982341e442bc075b3c7c0597d642fbf3a","isMergeCommit":false,"messageTitle":"Fix Indentation","messageBody":"","fileTypesAndContributionMap":{"test-code":{"insertions":13,"deletions":8}}},{"hash":"db8d4828ec4558287b0562404282244e6712bf70","isMergeCommit":true,"messageTitle":"Merge pull request #91 from soomin-k/add-edit-duplicate-check","messageBody":"Add duplicate check for phone number in edit command","fileTypesAndContributionMap":{}}]},{"date":"2025-10-23T00:00:00","commitResults":[{"hash":"9f53338bfd1b7739d8de562d2190e81a3fbae818","isMergeCommit":true,"messageTitle":"Merge branch \u0027master\u0027 into update-add-command","messageBody":"","fileTypesAndContributionMap":{}},{"hash":"5057ebf17f897cd725c96575fe16cefcdced0772","isMergeCommit":false,"messageTitle":"Modify status in RoleStatusPredicate to be optional","messageBody":"","fileTypesAndContributionMap":{"functional-code":{"insertions":14,"deletions":9}}},{"hash":"79d0e78e6669ec5a9537c2c8e9f7d7a77994a941","isMergeCommit":true,"messageTitle":"Merge pull request #100 from luciusyeo/fix-dg-urls","messageBody":"Fix DG urls to point to our own repository","fileTypesAndContributionMap":{}},{"hash":"eef06895907e9fa0a04beb241c64ad8026026f78","isMergeCommit":true,"messageTitle":"Merge pull request #89 from raynergoh/ug-1.4","messageBody":"Update TagGroup commands in UG","fileTypesAndContributionMap":{}},{"hash":"98dd33b9f9b856fe7cb48ccd0b5201f09e2acf75","isMergeCommit":true,"messageTitle":"Merge branch \u0027master\u0027 into update-add-command","messageBody":"","fileTypesAndContributionMap":{}},{"hash":"42c04043c6d7fae08969777c648733dbd4a0d1e7","isMergeCommit":false,"messageTitle":"Remove unused import","messageBody":"","fileTypesAndContributionMap":{"functional-code":{"insertions":0,"deletions":1}}},{"hash":"3f539db0ac4393ebf3c319abce46a34a26626cb0","isMergeCommit":false,"messageTitle":"Fix test file error","messageBody":"","fileTypesAndContributionMap":{"test-code":{"insertions":0,"deletions":3}}},{"hash":"16def18e4641fe9d4af42ef0249de6d11e6695a0","isMergeCommit":true,"messageTitle":"Merge branch \u0027master\u0027 into update-add-command","messageBody":"","fileTypesAndContributionMap":{}},{"hash":"70576a8d76011023dbd9046c64b40ed89ff56ba1","isMergeCommit":true,"messageTitle":"Merge pull request #94 from JovanTeo1103/update-add-command","messageBody":"Update add command to include optional status ","fileTypesAndContributionMap":{}},{"hash":"5fe31cd445ce404cff285fa48af454914c20babe","isMergeCommit":true,"messageTitle":"Merge pull request #87 from raynergoh/tag-1.4","messageBody":"Update TagGroup registry and TagGroupCommand","fileTypesAndContributionMap":{}}]},{"date":"2025-10-24T00:00:00","commitResults":[{"hash":"6b1702d26ecb526ddb46e85555c2b67cb330a04a","isMergeCommit":false,"messageTitle":"Update edit command to support status","messageBody":"Fixes #113\n","fileTypesAndContributionMap":{"functional-code":{"insertions":27,"deletions":10},"test-code":{"insertions":17,"deletions":1}}},{"hash":"a8797f0a3506b6f3efcff728f1e3f645b823315b","isMergeCommit":false,"messageTitle":"Fix UI bug display Optional\u003cstatus\u003e","messageBody":"Fixes #112\n","fileTypesAndContributionMap":{"functional-code":{"insertions":1,"deletions":1}}},{"hash":"8a57a636322bf24c240ab759d7f69dc19e60ffb5","isMergeCommit":false,"messageTitle":"Increase test coverage for edit command","messageBody":"Fixes #114\n","fileTypesAndContributionMap":{"test-code":{"insertions":52,"deletions":0}}},{"hash":"8702bd6c608b1844321a1e82ac5624e37cbfdbf7","isMergeCommit":false,"messageTitle":"Fix checkstyle","messageBody":"","fileTypesAndContributionMap":{"functional-code":{"insertions":8,"deletions":4}}},{"hash":"cab8bcee25f6bada5355280d5cbc51197578e96a","isMergeCommit":false,"messageTitle":"Fix lexicographical order","messageBody":"","fileTypesAndContributionMap":{"functional-code":{"insertions":1,"deletions":1}}},{"hash":"e930f30463e8f60559d8005d5fa86c343bdf16aa","isMergeCommit":false,"messageTitle":"Fix import order","messageBody":"","fileTypesAndContributionMap":{"test-code":{"insertions":3,"deletions":4}}},{"hash":"3908a20de85f9801c53fd84e16587bb911ef96ce","isMergeCommit":true,"messageTitle":"Merge pull request #115 from JovanTeo1103/update-edit-command","messageBody":"Update edit command to support status","fileTypesAndContributionMap":{}}]},{"date":"2025-10-25T00:00:00","commitResults":[{"hash":"abde35d2709c0d56f45a66198e739194d3421181","isMergeCommit":false,"messageTitle":"Remove unused toggle method in test and status","messageBody":"","fileTypesAndContributionMap":{"functional-code":{"insertions":0,"deletions":14},"test-code":{"insertions":0,"deletions":12}}},{"hash":"01fabf584574eaf1651284a71d8f9dd4d44b6087","isMergeCommit":false,"messageTitle":"Revert \"Remove unused toggle method in test and status\"","messageBody":"This reverts commit abde35d2709c0d56f45a66198e739194d3421181.\n","fileTypesAndContributionMap":{"functional-code":{"insertions":14,"deletions":0},"test-code":{"insertions":12,"deletions":0}}},{"hash":"acd313da3248dcbf67f953af18e8adff5b84d132","isMergeCommit":false,"messageTitle":"Remove unused toggle method in status and statustest","messageBody":"Fixes #116\n","fileTypesAndContributionMap":{"functional-code":{"insertions":0,"deletions":14},"test-code":{"insertions":1,"deletions":13}}},{"hash":"6b910abe27d6e268c66761b6287fd94851efde09","isMergeCommit":false,"messageTitle":"Add logging for AddCommand","messageBody":"Fixes #117\n","fileTypesAndContributionMap":{"functional-code":{"insertions":10,"deletions":1}}},{"hash":"6fff7805135986a98ec528ec176d93788b6f4c5f","isMergeCommit":false,"messageTitle":"Add logging for EditCommand","messageBody":"Fixes #118\n","fileTypesAndContributionMap":{"functional-code":{"insertions":13,"deletions":0}}},{"hash":"e0be26a50f3210a4f96ddb910fd8551995d8ba9f","isMergeCommit":false,"messageTitle":"Add assertion","messageBody":"Fixes #119\n","fileTypesAndContributionMap":{"functional-code":{"insertions":5,"deletions":1}}},{"hash":"c9bf726e121996fb947ec13918fc1d0dbc829616","isMergeCommit":false,"messageTitle":"Fix checkstyle","messageBody":"","fileTypesAndContributionMap":{"functional-code":{"insertions":6,"deletions":7}}},{"hash":"635cf7ff60db8852d584ce49d438141f14056ba7","isMergeCommit":false,"messageTitle":"Fix import order","messageBody":"","fileTypesAndContributionMap":{"functional-code":{"insertions":2,"deletions":1}}},{"hash":"fb291ef9a9b78851d4368e4aeda95c17b5e1db46","isMergeCommit":false,"messageTitle":"Fix identation","messageBody":"","fileTypesAndContributionMap":{"test-code":{"insertions":1,"deletions":1}}},{"hash":"56a918882372ab14eac88385d313f771ccd172f0","isMergeCommit":true,"messageTitle":"Merge pull request #120 from JovanTeo1103/update-edit-command","messageBody":"Add logging and assertions","fileTypesAndContributionMap":{}},{"hash":"13545f4cf4762e74a0fa185ca2cd1fa291c9df80","isMergeCommit":false,"messageTitle":"Update model uml diagram for status","messageBody":"","fileTypesAndContributionMap":{"docs":{"insertions":37,"deletions":2}}},{"hash":"07c2cee5499190784a4f97c4079d13c5d8813b33","isMergeCommit":false,"messageTitle":"Add EOF line for puml files","messageBody":"","fileTypesAndContributionMap":{"docs":{"insertions":2,"deletions":30}}},{"hash":"20661ebe740485bb872d9724c885b0b008a16421","isMergeCommit":false,"messageTitle":"Fix uml diagram errors for status","messageBody":"Fixes #127 and #128\n","fileTypesAndContributionMap":{"docs":{"insertions":7,"deletions":7}}},{"hash":"1bacfc8109bc3b27398699566cce40172b694eac","isMergeCommit":true,"messageTitle":"Merge pull request #126 from JovanTeo1103/update-uml","messageBody":"Represent status field in DG UML diagrams","fileTypesAndContributionMap":{}}]},{"date":"2025-10-27T00:00:00","commitResults":[{"hash":"72b209cdbd168555171ece285f822e25c352c7fd","isMergeCommit":true,"messageTitle":"Merge pull request #134 from soomin-k/add-email-duplicate-check","messageBody":"Add duplicate check for email","fileTypesAndContributionMap":{}},{"hash":"9554bd079b71ed37fb519aedc388b9befa850d95","isMergeCommit":false,"messageTitle":"Update DG and UG for status","messageBody":"","fileTypesAndContributionMap":{"docs":{"insertions":5,"deletions":5}}},{"hash":"a20947d12cd577beff76f78067f56fd36ade5e82","isMergeCommit":false,"messageTitle":"Update User Story","messageBody":"","fileTypesAndContributionMap":{"docs":{"insertions":3,"deletions":2}}},{"hash":"9df81daaca8e630171f6e5ea3feeaee6b8cbe283","isMergeCommit":false,"messageTitle":"Fix status ui bug showing NA","messageBody":"","fileTypesAndContributionMap":{"functional-code":{"insertions":18,"deletions":12}}},{"hash":"4b780af4d4e22277c649c9a1a4239d361a5962de","isMergeCommit":false,"messageTitle":"Revert \"Fix status ui bug showing NA\"","messageBody":"This reverts commit 9df81daaca8e630171f6e5ea3feeaee6b8cbe283.\n","fileTypesAndContributionMap":{"functional-code":{"insertions":12,"deletions":18}}},{"hash":"22e6ba894682f9359a6337912d544d9b7bacbe04","isMergeCommit":false,"messageTitle":"Fix status bug showing NA","messageBody":"","fileTypesAndContributionMap":{"functional-code":{"insertions":17,"deletions":11}}},{"hash":"e1d087042cd0af7f7f65e35fb2a3489091366732","isMergeCommit":true,"messageTitle":"Merge pull request #151 from JovanTeo1103/fix-status-bug","messageBody":"Fix status bug","fileTypesAndContributionMap":{}},{"hash":"8991c619c1fb387e4aa0b3030da11e0704608fde","isMergeCommit":false,"messageTitle":"Update user stories for status","messageBody":"","fileTypesAndContributionMap":{"docs":{"insertions":3,"deletions":2}}},{"hash":"bcad413ae00772eabf1b462ebdb874d23b5c4306","isMergeCommit":true,"messageTitle":"Merge branch \u0027master\u0027 into doc-1.5","messageBody":"","fileTypesAndContributionMap":{}},{"hash":"785665d57217c6e09b71a52adbd61a7c7ddb1127","isMergeCommit":false,"messageTitle":"Shift java version set up to FAQ","messageBody":"","fileTypesAndContributionMap":{"docs":{"insertions":16,"deletions":14}}},{"hash":"3aa2cbcaccf4c8fc5832ff6698ef5906b65ff145","isMergeCommit":false,"messageTitle":"Add glossary and known issues in side bar","messageBody":"","fileTypesAndContributionMap":{"docs":{"insertions":3,"deletions":1}}},{"hash":"7ed3eef437d23cf210c0e1b19c42cc4ad0c7d61e","isMergeCommit":false,"messageTitle":"Update UG","messageBody":"","fileTypesAndContributionMap":{"docs":{"insertions":41,"deletions":10}}},{"hash":"3853bd0505e1ca7aec0190638dd5a7e586911856","isMergeCommit":true,"messageTitle":"Merge pull request #155 from JovanTeo1103/doc-1.5","messageBody":"Update UG","fileTypesAndContributionMap":{}},{"hash":"2e0171e8e3de4205a531240ebfc1dca6532e6f09","isMergeCommit":false,"messageTitle":"Fix edit command to support status removal","messageBody":"Fixes #156\n","fileTypesAndContributionMap":{"functional-code":{"insertions":30,"deletions":3},"test-code":{"insertions":25,"deletions":3}}}]},{"date":"2025-10-28T00:00:00","commitResults":[{"hash":"7d11540df388d5900db532926f8757935b1a4f4b","isMergeCommit":true,"messageTitle":"Merge pull request #157 from JovanTeo1103/fix-status-bug","messageBody":"Fix edit command to support status removal","fileTypesAndContributionMap":{}},{"hash":"e9a5db93e1ccdec0e7ed1eab579d7bd937e3f38f","isMergeCommit":false,"messageTitle":"Add stats function","messageBody":"","fileTypesAndContributionMap":{"functional-code":{"insertions":82,"deletions":0},"test-code":{"insertions":217,"deletions":0}}},{"hash":"39cdbe335626440c181aa92e9e9a0649a7d38668","isMergeCommit":false,"messageTitle":"Update Ug and Dg","messageBody":"","fileTypesAndContributionMap":{"docs":{"insertions":30,"deletions":2}}},{"hash":"ab8ac526d922373afcdd0ed1c838b6311906e696","isMergeCommit":false,"messageTitle":"Remove parser for stats command","messageBody":"","fileTypesAndContributionMap":{"functional-code":{"insertions":1,"deletions":22},"docs":{"insertions":2,"deletions":1},"test-code":{"insertions":0,"deletions":28}}},{"hash":"89e7b86040d41c581810d96936c3a75102f79496","isMergeCommit":false,"messageTitle":"Update Tip","messageBody":"","fileTypesAndContributionMap":{"functional-code":{"insertions":2,"deletions":2},"docs":{"insertions":1,"deletions":1}}},{"hash":"bcdcc49861905efbc286c00df7e2a80d3e77b6e0","isMergeCommit":false,"messageTitle":"Remove trailing whitespace","messageBody":"","fileTypesAndContributionMap":{"functional-code":{"insertions":1,"deletions":1}}},{"hash":"843a3f0409523c70216ebc9cd00b987f78d1f618","isMergeCommit":true,"messageTitle":"Merge pull request #171 from JovanTeo1103/add-stats-feature","messageBody":"Add Stats feature","fileTypesAndContributionMap":{}}]},{"date":"2025-10-30T00:00:00","commitResults":[{"hash":"04b285896580650bcb972f099772c09de8c0e777","isMergeCommit":false,"messageTitle":"Update acknowledgement in DG","messageBody":"#Fixes #211\n","fileTypesAndContributionMap":{"docs":{"insertions":15,"deletions":1}}},{"hash":"0d5cf714e4f2fd1a68c2710d3a33304dde8d93db","isMergeCommit":false,"messageTitle":"Update UI to not show empty roles and tags","messageBody":"","fileTypesAndContributionMap":{"functional-code":{"insertions":12,"deletions":5}}},{"hash":"89165ef8f8c832b896a726f00d816c58dcfd1b53","isMergeCommit":false,"messageTitle":"Add test cases","messageBody":"","fileTypesAndContributionMap":{"test-code":{"insertions":88,"deletions":0}}}]}],"rk2k3":[{"date":"2025-10-01T00:00:00","commitResults":[{"hash":"b400b98e2ae1ca72fa2bb8a9cb6399f7033f3c98","isMergeCommit":false,"messageTitle":"add ron\u0027s md portfolio file","messageBody":"","fileTypesAndContributionMap":{"docs":{"insertions":8,"deletions":0}}},{"hash":"8eb08b387b9b8976d0095252bc3520447404cb32","isMergeCommit":false,"messageTitle":"update Ron\u0027s section in AboutUs","messageBody":"","fileTypesAndContributionMap":{"docs":{"insertions":4,"deletions":4}}},{"hash":"b128bd4f5d509bf41feb3f128226337ef6af9e48","isMergeCommit":false,"messageTitle":"add newline to Ron\u0027s portfolio","messageBody":"","fileTypesAndContributionMap":{"docs":{"insertions":1,"deletions":1}}}]},{"date":"2025-10-03T00:00:00","commitResults":[{"hash":"35468b8b719bc46eef28fb78f6002b9f826aa1cd","isMergeCommit":true,"messageTitle":"Merge pull request #32 from soomin-k/add-soomin-name","messageBody":"Add Soomin\u0027s Info","fileTypesAndContributionMap":{}}]},{"date":"2025-10-04T00:00:00","commitResults":[{"hash":"ab53a989bb5d96eb7be336d9f7404def7ef3ae55","isMergeCommit":false,"messageTitle":"add UC1-4 to dev guide","messageBody":"","fileTypesAndContributionMap":{"docs":{"insertions":110,"deletions":11}}}]},{"date":"2025-10-05T00:00:00","commitResults":[{"hash":"efea58cb4b11d8fb4ee91f31835417216bfb5c31","isMergeCommit":true,"messageTitle":"standardize use case terms in dev guide","messageBody":"","fileTypesAndContributionMap":{}},{"hash":"752f96b65115dbf035d9f91973db8407352ef9eb","isMergeCommit":false,"messageTitle":"update Use case numbering","messageBody":"","fileTypesAndContributionMap":{"docs":{"insertions":4,"deletions":1}}},{"hash":"6c6f1b32254769d097144cc5cc8ced56c4f470a3","isMergeCommit":true,"messageTitle":"Merge pull request #41 from rk2k3/add-use-cases","messageBody":"Add UC1-4 to Developer Guide","fileTypesAndContributionMap":{}}]},{"date":"2025-10-09T00:00:00","commitResults":[{"hash":"5c0c011fa83c81ec41027ef11bdd6b052cf379d3","isMergeCommit":false,"messageTitle":"Add parser support for filter command","messageBody":"","fileTypesAndContributionMap":{"functional-code":{"insertions":156,"deletions":0}}},{"hash":"59724c4f09ea4db89c037a13b2a72dab912c287d","isMergeCommit":false,"messageTitle":"Update FilterCommandParser logic","messageBody":"","fileTypesAndContributionMap":{"functional-code":{"insertions":39,"deletions":14}}},{"hash":"62a3163b7ce2f33b120b050b030a20427deb7927","isMergeCommit":false,"messageTitle":"remove whitespace in RoleStatusPredicate class","messageBody":"","fileTypesAndContributionMap":{"functional-code":{"insertions":0,"deletions":2}}},{"hash":"022dcae0f945927023472e5aa430ff62b3267217","isMergeCommit":false,"messageTitle":"sort imports in lexicographical order","messageBody":"","fileTypesAndContributionMap":{"functional-code":{"insertions":2,"deletions":1}}},{"hash":"9a58a5218e17bbce96b36a398767a2176d0cc23a","isMergeCommit":false,"messageTitle":"add unit tests for filtercommandparser","messageBody":"","fileTypesAndContributionMap":{"functional-code":{"insertions":27,"deletions":21},"test-code":{"insertions":133,"deletions":0}}},{"hash":"3a3d352338db94aa2bc70abe64a2f618fa130d22","isMergeCommit":false,"messageTitle":"update RoleStatusPredicateTest","messageBody":"","fileTypesAndContributionMap":{"test-code":{"insertions":6,"deletions":19}}},{"hash":"ada2e9436ed7e9a6db78d79f1df8d2b001880e59","isMergeCommit":false,"messageTitle":"fix code style errors","messageBody":"","fileTypesAndContributionMap":{"functional-code":{"insertions":6,"deletions":4}}},{"hash":"95b033e13c9e1caa54095139ac14910dd702c494","isMergeCommit":false,"messageTitle":"remove whitespaces","messageBody":"","fileTypesAndContributionMap":{"test-code":{"insertions":4,"deletions":5}}},{"hash":"ae3cac49296f040070022a551ab0a8865a39454c","isMergeCommit":false,"messageTitle":"update tests for RoleStatusPredicate","messageBody":"","fileTypesAndContributionMap":{"functional-code":{"insertions":0,"deletions":5},"test-code":{"insertions":25,"deletions":0}}},{"hash":"0df3d9394f2d2c3ae86da01ca45d4fe48b92060c","isMergeCommit":false,"messageTitle":"remove redundant import","messageBody":"","fileTypesAndContributionMap":{"functional-code":{"insertions":0,"deletions":1}}}]},{"date":"2025-10-10T00:00:00","commitResults":[{"hash":"0a117b432daaa19f732f2524be370fa323db872e","isMergeCommit":true,"messageTitle":"Merge pull request #53 from luciusyeo/add-support-for-role-in-person","messageBody":"Add support for role in person","fileTypesAndContributionMap":{}},{"hash":"7c5640230ae73a39a0ed7d0a5a0b89eca4189ecd","isMergeCommit":false,"messageTitle":"use Messages class in FilterCommand result","messageBody":"","fileTypesAndContributionMap":{"functional-code":{"insertions":2,"deletions":1}}}]},{"date":"2025-10-13T00:00:00","commitResults":[{"hash":"6fad0bb702fd4df63b185b23c030c876bd933f93","isMergeCommit":false,"messageTitle":"update filtercommandparser to use parserutil","messageBody":"","fileTypesAndContributionMap":{"functional-code":{"insertions":37,"deletions":68},"test-code":{"insertions":80,"deletions":48}}},{"hash":"dce045f4c27c52f1a9e40873b8bbb6610509fca9","isMergeCommit":false,"messageTitle":"implement test method for rolestatuspredicate","messageBody":"","fileTypesAndContributionMap":{"functional-code":{"insertions":7,"deletions":3},"test-code":{"insertions":46,"deletions":20}}}]},{"date":"2025-10-15T00:00:00","commitResults":[{"hash":"bdfeab81bde9b79e292cdb16f0b204f41f04fd2f","isMergeCommit":false,"messageTitle":"add tests for FilterCommand","messageBody":"","fileTypesAndContributionMap":{"functional-code":{"insertions":0,"deletions":1},"test-code":{"insertions":95,"deletions":3}}}]},{"date":"2025-10-16T00:00:00","commitResults":[{"hash":"a01473d129406d88917f4400e0073453b0960267","isMergeCommit":true,"messageTitle":"Merge pull request #72 from JovanTeo1103/add-status","messageBody":"Complete Status Integration for Add Command","fileTypesAndContributionMap":{}},{"hash":"e88ac7aa5118a46857d105121ce3ac430a5a5c91","isMergeCommit":true,"messageTitle":"Merge pull request #80 from luciusyeo/add-support-for-displaying-roles-in-ui","messageBody":"Add support for displaying roles in UI","fileTypesAndContributionMap":{}},{"hash":"2087ccdefa263e508edeedcb215eec27b657c310","isMergeCommit":false,"messageTitle":"remove unused imports","messageBody":"","fileTypesAndContributionMap":{"functional-code":{"insertions":14,"deletions":0},"test-code":{"insertions":11,"deletions":1}}},{"hash":"f33d5c45503c736ab1da06ab58398ac286e09cf7","isMergeCommit":true,"messageTitle":"resolve merge conflicts","messageBody":"","fileTypesAndContributionMap":{}},{"hash":"a966440bdbea3cb90e439c43ea0eb3fe16cd9bc5","isMergeCommit":false,"messageTitle":"add new persons in Typical Persons","messageBody":"","fileTypesAndContributionMap":{"test-code":{"insertions":39,"deletions":14}}},{"hash":"2a5b01521c670e1ede895dae66ec3450ba192325","isMergeCommit":false,"messageTitle":"fix checkstyle errors","messageBody":"","fileTypesAndContributionMap":{"test-code":{"insertions":6,"deletions":7}}}]},{"date":"2025-10-23T00:00:00","commitResults":[{"hash":"c45b2468db2997293ace3cd673c603497576cbcf","isMergeCommit":true,"messageTitle":"Merge pull request #102 from luciusyeo/represent-role-field-in-uml","messageBody":"Represent role field in DG UML diagrams","fileTypesAndContributionMap":{}}]},{"date":"2025-10-24T00:00:00","commitResults":[{"hash":"8eeb98fc02551eac83775abcd40524136d62e2ff","isMergeCommit":false,"messageTitle":"update FilterCommand usage message","messageBody":"","fileTypesAndContributionMap":{"functional-code":{"insertions":5,"deletions":11},"test-code":{"insertions":1,"deletions":1}}}]},{"date":"2025-10-25T00:00:00","commitResults":[{"hash":"1d9781a0b4f80dac9e1ad62a6d755a1078529f35","isMergeCommit":false,"messageTitle":"fix imports","messageBody":"","fileTypesAndContributionMap":{"functional-code":{"insertions":11,"deletions":1}}},{"hash":"e26e35d609ce86ffa8a74ced0bd1a083fd9e8b7e","isMergeCommit":false,"messageTitle":"update tests for addressbookparser","messageBody":"","fileTypesAndContributionMap":{"test-code":{"insertions":16,"deletions":0}}},{"hash":"debcf15c019d64efe7af30aa5ad3ac7c6a54a834","isMergeCommit":false,"messageTitle":"improve arrow spacing on architecture diagram","messageBody":"","fileTypesAndContributionMap":{"docs":{"insertions":31,"deletions":10}}},{"hash":"6c59de69d254c1a937794b5f2ab52b32407309df","isMergeCommit":false,"messageTitle":"add user guide for filter command","messageBody":"","fileTypesAndContributionMap":{"docs":{"insertions":18,"deletions":0}}},{"hash":"22bfd991f0ac10ccd79ab8b5258fd5188dcff6ca","isMergeCommit":false,"messageTitle":"add layout hints for architecture diagram","messageBody":"","fileTypesAndContributionMap":{"docs":{"insertions":3,"deletions":11}}},{"hash":"b76690a2450d1ebc5be6f9891f639e5d67ddab20","isMergeCommit":true,"messageTitle":"Merge pull request #122 from rk2k3/integrate-filter-command","messageBody":"Integrate filter command","fileTypesAndContributionMap":{}}]},{"date":"2025-10-26T00:00:00","commitResults":[{"hash":"a8af82d93a24b47b89896ad589873c09809d6d56","isMergeCommit":true,"messageTitle":"Merge pull request #129 from rk2k3/update-dg","messageBody":"Improve arrow spacings for DG architecture diagram","fileTypesAndContributionMap":{}}]},{"date":"2025-10-27T00:00:00","commitResults":[{"hash":"e0f65765eb37ba09abab3858fef7a5510959c59d","isMergeCommit":true,"messageTitle":"Merge branch \u0027master\u0027 of https://github.com/rk2k3/tp into update-ug","messageBody":"","fileTypesAndContributionMap":{}},{"hash":"623bc80735f7125f2a4e2f6f928dcb8f50343953","isMergeCommit":false,"messageTitle":"update filter command UG","messageBody":"","fileTypesAndContributionMap":{"docs":{"insertions":7,"deletions":8}}},{"hash":"8ce493e6fa05cdc3fcad29ed0bc5c2829d9cdb22","isMergeCommit":false,"messageTitle":"add square bracket for optional fields","messageBody":"","fileTypesAndContributionMap":{"docs":{"insertions":1,"deletions":1}}},{"hash":"59ba79fa7f764a81a72d660d6b52aa24a891d1ff","isMergeCommit":false,"messageTitle":"update edit command UG","messageBody":"","fileTypesAndContributionMap":{"docs":{"insertions":4,"deletions":2}}},{"hash":"aed81db984288c12e11462cb6c94e6c256c315a8","isMergeCommit":false,"messageTitle":"update Command summary","messageBody":"","fileTypesAndContributionMap":{"docs":{"insertions":1,"deletions":0}}},{"hash":"88f3cff1d6c53656e69d21f19ad496c648e46ee1","isMergeCommit":true,"messageTitle":"Merge pull request #139 from rk2k3/update-ug","messageBody":"Update UG for filter command","fileTypesAndContributionMap":{}},{"hash":"8c147361e15a4b2e80472d2665f2e22dc840d37a","isMergeCommit":true,"messageTitle":"Merge branch \u0027master\u0027 into doc-1.5","messageBody":"","fileTypesAndContributionMap":{}},{"hash":"15af144998893650804f4d62c41f6848918d759d","isMergeCommit":true,"messageTitle":"Merge pull request #144 from JovanTeo1103/doc-1.5","messageBody":"Update DG and UG for status","fileTypesAndContributionMap":{}},{"hash":"8f2851e77bf9a68f021648d5a0ad25b4de567e90","isMergeCommit":true,"messageTitle":"Merge branch \u0027master\u0027 of https://github.com/rk2k3/tp into update-presentation","messageBody":"","fileTypesAndContributionMap":{}},{"hash":"f7dffd57b0d78205d61544b56953c5ea73209813","isMergeCommit":false,"messageTitle":"standardize formatting in ug","messageBody":"","fileTypesAndContributionMap":{"docs":{"insertions":2,"deletions":2}}},{"hash":"2c67fe2b4d22dbcefb694c9ffc138ea7b25c5dfb","isMergeCommit":true,"messageTitle":"Merge pull request #146 from rk2k3/update-presentation","messageBody":"Update the presentation of UG","fileTypesAndContributionMap":{}},{"hash":"cc3995c6a19eba4472f1b1a56f909c4b2d973851","isMergeCommit":true,"messageTitle":"Merge pull request #132 from soomin-k/add-filter-tg","messageBody":"Add filter by TagGroup feature","fileTypesAndContributionMap":{}}]},{"date":"2025-10-28T00:00:00","commitResults":[{"hash":"9e045befba956b225ee1d3f042e10da641b2091e","isMergeCommit":false,"messageTitle":"add header comment","messageBody":"","fileTypesAndContributionMap":{"functional-code":{"insertions":5,"deletions":0},"test-code":{"insertions":3,"deletions":3}}},{"hash":"3b71e9b9eb21dec5e8230ecfd198dcd67c3304eb","isMergeCommit":false,"messageTitle":"update use cases","messageBody":"","fileTypesAndContributionMap":{"docs":{"insertions":15,"deletions":41}}},{"hash":"d2dd96658e6bedd78e92c7f2e7d712017872a304","isMergeCommit":false,"messageTitle":"fix imports","messageBody":"","fileTypesAndContributionMap":{"test-code":{"insertions":0,"deletions":1}}},{"hash":"8b1d3a9e422836b94bd20b9ab1cc139bf1ff8cfd","isMergeCommit":false,"messageTitle":"add on to glossary","messageBody":"","fileTypesAndContributionMap":{"docs":{"insertions":49,"deletions":1}}},{"hash":"b51f1489a305efeffccd358fa46828bdfd9dadfa","isMergeCommit":false,"messageTitle":"fix formatting","messageBody":"","fileTypesAndContributionMap":{"functional-code":{"insertions":2,"deletions":0},"docs":{"insertions":22,"deletions":22}}},{"hash":"5653b313a343c32f6b51655ebe0baf6561a9e770","isMergeCommit":true,"messageTitle":"Merge branch \u0027master\u0027 into update-ug","messageBody":"","fileTypesAndContributionMap":{}}]},{"date":"2025-10-29T00:00:00","commitResults":[{"hash":"1c5c9f2675b84146014e2f9c23f08170efc8a34c","isMergeCommit":false,"messageTitle":"update use cases","messageBody":"","fileTypesAndContributionMap":{"docs":{"insertions":52,"deletions":18}}},{"hash":"c1ffac6295108aa417d732d3c5f479a9e21c776f","isMergeCommit":false,"messageTitle":"fix hyperlink references","messageBody":"","fileTypesAndContributionMap":{"docs":{"insertions":4,"deletions":3}}},{"hash":"179bfee592d209de1a348a37278223e91f63f244","isMergeCommit":true,"messageTitle":"Merge pull request #172 from soomin-k/code-quality","messageBody":"Create personValidator class to handle duplicate check","fileTypesAndContributionMap":{}},{"hash":"510624b7051c740affa3477e31c2adaf03943d40","isMergeCommit":true,"messageTitle":"Merge pull request #197 from rk2k3/update-dg","messageBody":"update use cases","fileTypesAndContributionMap":{}}]}],"raynergoh":[{"date":"2025-09-30T00:00:00","commitResults":[{"hash":"093a5dcc37d83892db7c9baeb00f28e42b120f06","isMergeCommit":false,"messageTitle":"Add Rayner\u0027s info","messageBody":"","fileTypesAndContributionMap":{"docs":{"insertions":41,"deletions":4}}},{"hash":"b5973cfc3e5daa01d1fdde4d7a2d01a97e69c50c","isMergeCommit":false,"messageTitle":"Update Rayner\u0027s info","messageBody":"","fileTypesAndContributionMap":{"docs":{"insertions":1,"deletions":1}}},{"hash":"686e690b5c6762761e637b59797acbbe0ab8cbac","isMergeCommit":false,"messageTitle":"Remove trailing whitespace","messageBody":"","fileTypesAndContributionMap":{"docs":{"insertions":1,"deletions":4}}},{"hash":"19c675f639f799da0ac3525a528f91da89d92f03","isMergeCommit":false,"messageTitle":"Remove trailing whitespace","messageBody":"","fileTypesAndContributionMap":{"docs":{"insertions":9,"deletions":13}}},{"hash":"7de469c37f5b7b07e8c2657aecd00f9c910c9e83","isMergeCommit":false,"messageTitle":"Add line EOF","messageBody":"","fileTypesAndContributionMap":{"docs":{"insertions":1,"deletions":2}}}]},{"date":"2025-10-01T00:00:00","commitResults":[{"hash":"a0ed233a9c9f9da139044dfd257c2fd64de551de","isMergeCommit":false,"messageTitle":"Update website info","messageBody":"Add Ui mockup, update github actions link, and acknowledgements\n","fileTypesAndContributionMap":{"docs":{"insertions":8,"deletions":8}}},{"hash":"64da23edabdee0a6e9c209f365dba3aff4ef2d25","isMergeCommit":false,"messageTitle":"Change title","messageBody":"","fileTypesAndContributionMap":{"docs":{"insertions":1,"deletions":1}}}]},{"date":"2025-10-03T00:00:00","commitResults":[{"hash":"cb1d89e7de3892e011be05e82895d449c350bb85","isMergeCommit":true,"messageTitle":"Merge pull request #13 from raynergoh/add-rayner-info","messageBody":"Add Rayner\u0027s info","fileTypesAndContributionMap":{}},{"hash":"024112a51b0369de3b808d21cee826d6ef66d031","isMergeCommit":true,"messageTitle":"Merge pull request #20 from luciusyeo/update-aboutus-page-with-lucius-details","messageBody":"Update aboutus page with lucius details","fileTypesAndContributionMap":{}}]},{"date":"2025-10-04T00:00:00","commitResults":[{"hash":"dfd3ce68335c44f06edc6bf1725ba047cc9d040c","isMergeCommit":false,"messageTitle":"Update Readme","messageBody":"","fileTypesAndContributionMap":{"docs":{"insertions":8,"deletions":11}}},{"hash":"53f696e38ebec75db9a35a0e3f4f6f39f5a96799","isMergeCommit":false,"messageTitle":"Remove Readme comments","messageBody":"","fileTypesAndContributionMap":{"docs":{"insertions":0,"deletions":1}}},{"hash":"2a2be47907dcddafb572a56bfa701ba8dc9425bc","isMergeCommit":false,"messageTitle":"Update readme","messageBody":"","fileTypesAndContributionMap":{"docs":{"insertions":6,"deletions":3}}}]},{"date":"2025-10-10T00:00:00","commitResults":[{"hash":"5b35bd7960765b065bcf65879f5134399c5b358a","isMergeCommit":false,"messageTitle":"Modify Tag validation","messageBody":"","fileTypesAndContributionMap":{"functional-code":{"insertions":12,"deletions":3},"test-code":{"insertions":28,"deletions":0}}}]},{"date":"2025-10-11T00:00:00","commitResults":[{"hash":"9df6a7cf609ec3c011070ca6d402e3bf62721383","isMergeCommit":false,"messageTitle":"Update Validation to preserve previous REGEX","messageBody":"","fileTypesAndContributionMap":{"functional-code":{"insertions":1,"deletions":1},"test-code":{"insertions":25,"deletions":22}}}]},{"date":"2025-10-14T00:00:00","commitResults":[{"hash":"11256404cdac9fc7b024568165b7ea1f993bf9bf","isMergeCommit":false,"messageTitle":"Update Tag Format Validation","messageBody":"","fileTypesAndContributionMap":{"functional-code":{"insertions":24,"deletions":24},"test-code":{"insertions":23,"deletions":23}}},{"hash":"c2e01ea8538350e6f0cef5bc29729e514408d69d","isMergeCommit":false,"messageTitle":"Create TagGroup Class","messageBody":"","fileTypesAndContributionMap":{"functional-code":{"insertions":108,"deletions":4},"test-code":{"insertions":130,"deletions":0}}},{"hash":"3d9816c3d96b3d12b40569281f3e2caffd774aa0","isMergeCommit":false,"messageTitle":"Fix CheckStyle","messageBody":"","fileTypesAndContributionMap":{"functional-code":{"insertions":6,"deletions":6}}}]},{"date":"2025-10-15T00:00:00","commitResults":[{"hash":"9b027196ad5fd70b0b8ddce6a7dc2d1d206f3da2","isMergeCommit":false,"messageTitle":"Add additional tests to increase coverage","messageBody":"","fileTypesAndContributionMap":{"functional-code":{"insertions":2,"deletions":1},"test-code":{"insertions":25,"deletions":7}}},{"hash":"09eb8c3860609196c30176d5a6b9f07fc9f45791","isMergeCommit":false,"messageTitle":"Change name of test method","messageBody":"","fileTypesAndContributionMap":{"test-code":{"insertions":1,"deletions":1}}},{"hash":"2be79edd350c9642032aebc18d0be743c5ff8f85","isMergeCommit":true,"messageTitle":"Merge pull request #64 from raynergoh/tag-1.3","messageBody":"Create TagGroup Class","fileTypesAndContributionMap":{}}]},{"date":"2025-10-16T00:00:00","commitResults":[{"hash":"d5793d97bf4d28ab4a90c8cae6bb988d18808882","isMergeCommit":false,"messageTitle":"Update UG for TagGroup","messageBody":"","fileTypesAndContributionMap":{"functional-code":{"insertions":1,"deletions":1},"docs":{"insertions":13,"deletions":7}}},{"hash":"2efd79ed17e6fedf26c51001f21b789bb9454c94","isMergeCommit":false,"messageTitle":"Change Jar file name","messageBody":"","fileTypesAndContributionMap":{"other":{"insertions":1,"deletions":1}}}]},{"date":"2025-10-17T00:00:00","commitResults":[{"hash":"bf06720906b5ddcd43398bf1547255a68f8dcf9f","isMergeCommit":false,"messageTitle":"Update TagGroup Registry","messageBody":"","fileTypesAndContributionMap":{"functional-code":{"insertions":112,"deletions":0}}},{"hash":"cc68ea2907bc68195907e7f7681cf4698baaafea","isMergeCommit":false,"messageTitle":"Update ModelStub and AddressBookStub","messageBody":"","fileTypesAndContributionMap":{"test-code":{"insertions":56,"deletions":0}}},{"hash":"52c14d3fad28533965989bb5614394ab03edb600","isMergeCommit":false,"messageTitle":"Add testcases for TagGroup registry","messageBody":"","fileTypesAndContributionMap":{"test-code":{"insertions":53,"deletions":8}}},{"hash":"0bea5753ee40ad366e7c4bdee33727a5f8d38873","isMergeCommit":false,"messageTitle":"Change naming of test methods","messageBody":"","fileTypesAndContributionMap":{"test-code":{"insertions":6,"deletions":7}}}]},{"date":"2025-10-21T00:00:00","commitResults":[{"hash":"10318dd6aecb8f74f531c08da9ce20c05661d046","isMergeCommit":false,"messageTitle":"Update TagGroup commands","messageBody":"","fileTypesAndContributionMap":{"docs":{"insertions":26,"deletions":1}}}]},{"date":"2025-10-22T00:00:00","commitResults":[{"hash":"31cd3ed5cb1fd4b387cda11e6c002c3f6fc93ac7","isMergeCommit":false,"messageTitle":"Create TagGroupCommand","messageBody":"","fileTypesAndContributionMap":{"functional-code":{"insertions":122,"deletions":1},"test-code":{"insertions":1,"deletions":0}}},{"hash":"540435c91e004abfd3d67377d7a1797f298a634d","isMergeCommit":false,"messageTitle":"Modify JavaDocs","messageBody":"","fileTypesAndContributionMap":{"functional-code":{"insertions":0,"deletions":3}}},{"hash":"19cbd2c9193cb0004e73f57eb0c75a82298b0944","isMergeCommit":false,"messageTitle":"Add testfiles for TagGroupCommand","messageBody":"","fileTypesAndContributionMap":{"test-code":{"insertions":251,"deletions":0}}}]},{"date":"2025-10-23T00:00:00","commitResults":[{"hash":"cc0fa46b075624d1f2221d0590bb33d4fc82b7ae","isMergeCommit":false,"messageTitle":"Change command format","messageBody":"","fileTypesAndContributionMap":{"docs":{"insertions":8,"deletions":6}}},{"hash":"b341b5b0cefa865ff1a877c17648c8c9d7091a7e","isMergeCommit":false,"messageTitle":"Add switch case for TagGroupCommand","messageBody":"","fileTypesAndContributionMap":{"functional-code":{"insertions":4,"deletions":0}}},{"hash":"8f3ef6b5099e8c1d9e853961f97cfd4ec335edcd","isMergeCommit":false,"messageTitle":"Fix test coverage","messageBody":"","fileTypesAndContributionMap":{"test-code":{"insertions":13,"deletions":0}}},{"hash":"92740ad2a76387b2c5e751b4da68ee60e6ac999f","isMergeCommit":false,"messageTitle":"Clean up AddressBookParserTest by removing blank lines","messageBody":"Removed unnecessary blank lines in AddressBookParserTest.","fileTypesAndContributionMap":{"test-code":{"insertions":0,"deletions":2}}},{"hash":"8107bd86f00cfb3b967e736f93594f2ca128b35e","isMergeCommit":true,"messageTitle":"Merge pull request #104 from raynergoh/tagC","messageBody":"Add switch case for TagGroupCommand","tags":["v1.4"],"fileTypesAndContributionMap":{}}]},{"date":"2025-10-25T00:00:00","commitResults":[{"hash":"3be2309393495ce0702ed0d321c39f2ee93576ee","isMergeCommit":false,"messageTitle":"Add DeleteTagGroupCommand","messageBody":"","fileTypesAndContributionMap":{"functional-code":{"insertions":104,"deletions":0},"test-code":{"insertions":233,"deletions":3}}}]},{"date":"2025-10-27T00:00:00","commitResults":[{"hash":"bfec515ff75199bf5792cac2a3cd2c5980064c8e","isMergeCommit":false,"messageTitle":"Add validation for Tag Groups","messageBody":"","fileTypesAndContributionMap":{"functional-code":{"insertions":25,"deletions":0},"test-code":{"insertions":145,"deletions":0}}},{"hash":"0e68851b58e1d4eb2928c811684f95c3375ee34c","isMergeCommit":false,"messageTitle":"Update safe deletion of TagGroups","messageBody":"","fileTypesAndContributionMap":{"functional-code":{"insertions":29,"deletions":0}}},{"hash":"12fdefb572270ad9cf6e4c757c4c06a2fae61808","isMergeCommit":false,"messageTitle":"Update checkstyle error","messageBody":"","fileTypesAndContributionMap":{"functional-code":{"insertions":4,"deletions":3}}},{"hash":"a4521117e5bee56d68bbc764676bc9f5f1cb3723","isMergeCommit":false,"messageTitle":"Update checkstyle error","messageBody":"","fileTypesAndContributionMap":{"functional-code":{"insertions":2,"deletions":2}}},{"hash":"596bc9df2d58bc82431b457ac43d18346fe3d5d5","isMergeCommit":false,"messageTitle":"Fix checkstyle","messageBody":"","fileTypesAndContributionMap":{"test-code":{"insertions":5,"deletions":2}}},{"hash":"4f1c4fd70c7713b9691b4b414282088e42a87faf","isMergeCommit":false,"messageTitle":"Update model stubs","messageBody":"","fileTypesAndContributionMap":{"test-code":{"insertions":32,"deletions":1}}},{"hash":"55f26a6578e01a1a28bdb18f6b7bbf20510b8924","isMergeCommit":false,"messageTitle":"Add override methods to model","messageBody":"","fileTypesAndContributionMap":{"test-code":{"insertions":5,"deletions":0}}},{"hash":"6b618a81295f80c35679fbdeb641d846a5c6c8c0","isMergeCommit":false,"messageTitle":"Remove override method","messageBody":"","fileTypesAndContributionMap":{"test-code":{"insertions":0,"deletions":5}}},{"hash":"6691ceef62ebe33e661ce9f81d9c389a995f686a","isMergeCommit":true,"messageTitle":"Merge branch \u0027master\u0027 into dtg-1.5","messageBody":"","fileTypesAndContributionMap":{}},{"hash":"0aa1d42d710cd21eaa6b48cf17b85cb4035986b6","isMergeCommit":false,"messageTitle":"Add hasSameEmail method","messageBody":"","fileTypesAndContributionMap":{"test-code":{"insertions":5,"deletions":0}}},{"hash":"3029988ecacbbbf4565508c4191e924e6dbe0506","isMergeCommit":false,"messageTitle":"Fix checktyle","messageBody":"","fileTypesAndContributionMap":{"test-code":{"insertions":3,"deletions":3}}},{"hash":"c85ff273f7de33a47241e5989ce03165dc0a308d","isMergeCommit":false,"messageTitle":"Fix Checkstyle","messageBody":"","fileTypesAndContributionMap":{"test-code":{"insertions":4,"deletions":3}}},{"hash":"e1f7efb285ebcfe256ddddef73a824ecda37d00a","isMergeCommit":false,"messageTitle":"Fix Checkstyle","messageBody":"","fileTypesAndContributionMap":{"test-code":{"insertions":4,"deletions":4}}},{"hash":"5507bb7e5111e72460f7a3134b82e30b4b66068f","isMergeCommit":false,"messageTitle":"Increase code coverage","messageBody":"","fileTypesAndContributionMap":{"test-code":{"insertions":53,"deletions":0}}},{"hash":"1f1b72cdd1c380f933f100f4285768c0a33d1fd7","isMergeCommit":false,"messageTitle":"Update comment","messageBody":"","fileTypesAndContributionMap":{"functional-code":{"insertions":1,"deletions":1}}},{"hash":"43ea37076ca4145abb993d5b2ef861a992b0ee8a","isMergeCommit":true,"messageTitle":"Merge pull request #150 from raynergoh/tagV-1.5","messageBody":"Add validation for Tag Groups","fileTypesAndContributionMap":{}},{"hash":"80bbe6de6e5b3977cb4569e3051a0882a3beaebf","isMergeCommit":false,"messageTitle":"Implement storage of Tag Groups","messageBody":"","fileTypesAndContributionMap":{"functional-code":{"insertions":72,"deletions":1},"test-code":{"insertions":112,"deletions":0}}}]},{"date":"2025-10-28T00:00:00","commitResults":[{"hash":"56b9a909cc13405b85921babd9d04d558796b8d9","isMergeCommit":false,"messageTitle":"Change method implementation to use streams","messageBody":"","fileTypesAndContributionMap":{"functional-code":{"insertions":4,"deletions":8}}},{"hash":"fd5e92d14aef695aa40e3731f24a8fe99d846f52","isMergeCommit":false,"messageTitle":"Remove unused import","messageBody":"","fileTypesAndContributionMap":{"functional-code":{"insertions":0,"deletions":1}}},{"hash":"0b502c9de520d0f7110634886e964bc7678c59b3","isMergeCommit":true,"messageTitle":"Merge pull request #130 from raynergoh/dtg-1.5","messageBody":"Add DeleteTagGroupCommand","fileTypesAndContributionMap":{}},{"hash":"efd34533550de763f5e9a3a5a1908f8a3ac2dd00","isMergeCommit":false,"messageTitle":"Handle valueException bugs","messageBody":"","fileTypesAndContributionMap":{"functional-code":{"insertions":13,"deletions":2},"test-code":{"insertions":2,"deletions":2}}},{"hash":"9fc5f5be555d4bbddd48061bec4bf24681dcecc4","isMergeCommit":false,"messageTitle":"Update TagGroupCommand Docs","messageBody":"","fileTypesAndContributionMap":{"functional-code":{"insertions":1,"deletions":1},"docs":{"insertions":127,"deletions":10}}},{"hash":"69f7f18b68adfb56c2a4cbb08a64a2c589b89a81","isMergeCommit":false,"messageTitle":"Update Tag Group Management","messageBody":"","fileTypesAndContributionMap":{"functional-code":{"insertions":1,"deletions":1},"docs":{"insertions":299,"deletions":0}}},{"hash":"7620b5ec15b0ab2dd253d99060ef7d42f90955c3","isMergeCommit":false,"messageTitle":"Update Model and Storage Class Diagrams","messageBody":"","fileTypesAndContributionMap":{"docs":{"insertions":29,"deletions":3}}},{"hash":"e7e2c4dbfefe3ccfc572c94296459db4e3e05b06","isMergeCommit":true,"messageTitle":"Merge branch \u0027master\u0027 into ug-1.5","messageBody":"","fileTypesAndContributionMap":{}},{"hash":"faa65eb929b08f06f1c86cd51838237d5d1ebf3d","isMergeCommit":false,"messageTitle":"Update Manual Testing instructions","messageBody":"","fileTypesAndContributionMap":{"docs":{"insertions":71,"deletions":9}}},{"hash":"335e8a2cfb13b62f32ce9fd192b402109f67900c","isMergeCommit":false,"messageTitle":"Update docs/UserGuide.md","messageBody":"Co-authored-by: Copilot \u003c175728472+Copilot@users.noreply.github.com\u003e","fileTypesAndContributionMap":{"docs":{"insertions":1,"deletions":1}}}]},{"date":"2025-10-29T00:00:00","commitResults":[{"hash":"39786cc16858911758c185b463a961c063689707","isMergeCommit":false,"messageTitle":"Update ModelClassDiagram to include TagGroup","messageBody":"","fileTypesAndContributionMap":{"docs":{"insertions":3,"deletions":0}}}]}],"soomin-k":[{"date":"2025-10-02T00:00:00","commitResults":[{"hash":"051a1cfc0f6a21be2b6e4cec445d00bcd5c6eef3","isMergeCommit":false,"messageTitle":"Add Soomin\u0027s Info","messageBody":"","fileTypesAndContributionMap":{"docs":{"insertions":43,"deletions":4}}},{"hash":"76bd8a98dd01e9d1f5f0ba575a0898d1eaa6c448","isMergeCommit":false,"messageTitle":"Fix soomink.md file name","messageBody":"","fileTypesAndContributionMap":{"docs":{"insertions":1,"deletions":1}}},{"hash":"3f55b3ee03c69388d1f7f3f5d36b7a9a411dde45","isMergeCommit":false,"messageTitle":"Fix AboutUs.md image name","messageBody":"","fileTypesAndContributionMap":{"docs":{"insertions":1,"deletions":1}}},{"hash":"6da8d54cc9539d1a8fb4cf27060619ecfd07d11c","isMergeCommit":false,"messageTitle":"Add new line in soomink.md","messageBody":"","fileTypesAndContributionMap":{"docs":{"insertions":1,"deletions":1}}}]},{"date":"2025-10-03T00:00:00","commitResults":[{"hash":"1d1810be15affa373bf312411f323e77ab7a6957","isMergeCommit":true,"messageTitle":"Merge pull request #18 from luciusyeo/add-lucius-photo","messageBody":"Add lucius profile photo","fileTypesAndContributionMap":{}},{"hash":"490c4ff81e3db3323cd240eca5c81be60f0f983f","isMergeCommit":true,"messageTitle":"Merge pull request #30 from soomin-k/add-soomin-info","messageBody":"Add Soomin\u0027s Photo","fileTypesAndContributionMap":{}},{"hash":"66b8395d455a2df881ad8eeaee989982190b5570","isMergeCommit":true,"messageTitle":"Merge pull request #15 from JovanTeo1103/add-jovanTeo-name","messageBody":"Add Jovan\u0027s Info","fileTypesAndContributionMap":{}}]},{"date":"2025-10-04T00:00:00","commitResults":[{"hash":"e51e000273658b7633908206551f1f6f9a62c250","isMergeCommit":false,"messageTitle":"Fix photo name","messageBody":"","fileTypesAndContributionMap":{"docs":{"insertions":1,"deletions":1}}},{"hash":"11e68e7f555619e197844363a87dd8641bb5ed57","isMergeCommit":false,"messageTitle":"Add UC5 and UC6","messageBody":"","fileTypesAndContributionMap":{"docs":{"insertions":51,"deletions":5}}},{"hash":"3ce3b71261555f67744241f0a5d605007a9404a7","isMergeCommit":false,"messageTitle":"Add guarantees for UC5 \u0026 UC6","messageBody":"","fileTypesAndContributionMap":{"docs":{"insertions":13,"deletions":4}}},{"hash":"f32aa0d979ae1e0ab501168224780426a7119f2b","isMergeCommit":false,"messageTitle":"Fix UC5 and formatting of the UCs","messageBody":"","fileTypesAndContributionMap":{"docs":{"insertions":6,"deletions":0}}}]},{"date":"2025-10-05T00:00:00","commitResults":[{"hash":"8783e9504c7150b8d8608e93aedf4d9d97002e6e","isMergeCommit":false,"messageTitle":"Standadise UCs and edit UC5 MSS","messageBody":"","fileTypesAndContributionMap":{"docs":{"insertions":17,"deletions":16}}}]},{"date":"2025-10-10T00:00:00","commitResults":[{"hash":"3cbe1a198a59a49e79b0e95fbde9fac7e12e9015","isMergeCommit":false,"messageTitle":"Edit add person command description in userguide","messageBody":"","fileTypesAndContributionMap":{"docs":{"insertions":4,"deletions":4}}},{"hash":"444fd4b86429ff4578672a5d050756887e054de0","isMergeCommit":false,"messageTitle":"Add role and status fields for add command","messageBody":"","fileTypesAndContributionMap":{"functional-code":{"insertions":22,"deletions":5}}},{"hash":"ac522551c417b3f288aa3d5e7c793e7e4654ce5a","isMergeCommit":true,"messageTitle":"Merge pull request #47 from JovanTeo1103/add-status","messageBody":"Add Status Enum Class with Toggle Function","fileTypesAndContributionMap":{}},{"hash":"d36777aa679bcc9c0f657e7e9d6bd5d179da43bf","isMergeCommit":true,"messageTitle":"Merge upstream master to add-command","messageBody":"","fileTypesAndContributionMap":{}},{"hash":"5c2729cad979a15507511e52b38cb779d49168eb","isMergeCommit":false,"messageTitle":"Add Role and Status fields to Person with parsing support","messageBody":"","fileTypesAndContributionMap":{"functional-code":{"insertions":63,"deletions":4}}},{"hash":"55bda377c8c4b50d2663f24cc18586a3fa7efa4b","isMergeCommit":false,"messageTitle":"Fix checkstyle error","messageBody":"","fileTypesAndContributionMap":{"functional-code":{"insertions":14,"deletions":5}}},{"hash":"1666ea3b85d7607b7e2fbfd8b99fae29f6ca67a6","isMergeCommit":false,"messageTitle":"Update PersonBuilder to support Status field","messageBody":"","fileTypesAndContributionMap":{"test-code":{"insertions":5,"deletions":1}}},{"hash":"c3674fc655d85b9e51f3efeb01c7f9ceabcd0c9f","isMergeCommit":false,"messageTitle":"Fix failing test cases","messageBody":"","fileTypesAndContributionMap":{"functional-code":{"insertions":7,"deletions":6}}}]},{"date":"2025-10-11T00:00:00","commitResults":[{"hash":"d5d75a8bb377b20ba013cf86a3bddf355a633319","isMergeCommit":false,"messageTitle":"Add test cases for Status field","messageBody":"","fileTypesAndContributionMap":{"functional-code":{"insertions":8,"deletions":3},"test-code":{"insertions":165,"deletions":0}}},{"hash":"1b23dc6c9800ad21ac6d2aced437c9d940160b1f","isMergeCommit":false,"messageTitle":"Fix checkstyle issue with Status class","messageBody":"","fileTypesAndContributionMap":{"functional-code":{"insertions":1,"deletions":1}}},{"hash":"414857bcae614837f936411f932f534ed22ca713","isMergeCommit":false,"messageTitle":"Fix checkstyle issue for test files","messageBody":"","fileTypesAndContributionMap":{"test-code":{"insertions":1,"deletions":2}}}]},{"date":"2025-10-15T00:00:00","commitResults":[{"hash":"03876dfddf8d8bcc95cdeef83cb68d644bad714f","isMergeCommit":true,"messageTitle":"Merge pull request #74 from luciusyeo/fix-add-command-message-usage-formatting","messageBody":"Fix add command message usage formatting","fileTypesAndContributionMap":{}}]},{"date":"2025-10-16T00:00:00","commitResults":[{"hash":"6a90cf1c624b8e87366ac0dd80e21831cf9599c7","isMergeCommit":false,"messageTitle":"Add duplicate check for phone number","messageBody":"","fileTypesAndContributionMap":{"functional-code":{"insertions":48,"deletions":0},"test-code":{"insertions":17,"deletions":0}}},{"hash":"7f74ebca03a08e4a2a9d9cbea173f6d01a2b180c","isMergeCommit":false,"messageTitle":"Remove unused imports","messageBody":"","fileTypesAndContributionMap":{"functional-code":{"insertions":0,"deletions":2}}},{"hash":"24a8b94094d5814932f627e9c809f5e862dac9a6","isMergeCommit":false,"messageTitle":"Add test for duplicate phone number","messageBody":"","fileTypesAndContributionMap":{"test-code":{"insertions":15,"deletions":0}}},{"hash":"634a06392449d90678c7c50996848a5e49243609","isMergeCommit":false,"messageTitle":"Fix method name to hasSamePhoneNumber","messageBody":"","fileTypesAndContributionMap":{"functional-code":{"insertions":5,"deletions":5},"test-code":{"insertions":3,"deletions":3}}},{"hash":"aaccabe83309507f0dbebf29628583895d6648df","isMergeCommit":true,"messageTitle":"Merge pull request #84 from raynergoh/tag-1.3","messageBody":"Update UG for TagGroup","tags":["v1.3"],"fileTypesAndContributionMap":{}}]},{"date":"2025-10-22T00:00:00","commitResults":[{"hash":"a3379e8889f4b004488983d0a35b62c214cb716b","isMergeCommit":false,"messageTitle":"Add duplicate check for phone number in edit command","messageBody":"","fileTypesAndContributionMap":{"functional-code":{"insertions":6,"deletions":0},"test-code":{"insertions":31,"deletions":0}}},{"hash":"576af489bfa4073f5440899f156000aedafe7dee","isMergeCommit":true,"messageTitle":"Merge pull request #93 from luciusyeo/justify-role-validation-constraint","messageBody":"Justify hyphen validation in role","fileTypesAndContributionMap":{}}]},{"date":"2025-10-24T00:00:00","commitResults":[{"hash":"27eaf7dac8ff61d8e9dc44e97940150386127bbe","isMergeCommit":false,"messageTitle":"Enable assertion","messageBody":"","fileTypesAndContributionMap":{"other":{"insertions":4,"deletions":0}}},{"hash":"0f921256c6c093edbf0ecc80dbddefd3a721a37b","isMergeCommit":false,"messageTitle":"Fix checkstyle error","messageBody":"","fileTypesAndContributionMap":{"other":{"insertions":1,"deletions":1}}}]},{"date":"2025-10-26T00:00:00","commitResults":[{"hash":"5351e8c9540db72476a16a5e4323c51e7223147e","isMergeCommit":false,"messageTitle":"Add filter taggroup feature","messageBody":"","fileTypesAndContributionMap":{"functional-code":{"insertions":120,"deletions":77},"test-code":{"insertions":202,"deletions":96}}},{"hash":"380f584b3fd5f67ea04e3d4df53677beafe8ac68","isMergeCommit":false,"messageTitle":"Add duplicate check for email","messageBody":"","fileTypesAndContributionMap":{"functional-code":{"insertions":45,"deletions":1},"test-code":{"insertions":41,"deletions":0}}},{"hash":"ed38826322ae50652f35a4811edd63db4ba21c25","isMergeCommit":false,"messageTitle":"Add test cases for code coverage","messageBody":"","fileTypesAndContributionMap":{"functional-code":{"insertions":1,"deletions":1},"test-code":{"insertions":38,"deletions":0}}},{"hash":"25bef0c1ee8446f2bc4ce78dc7f852584ba9e04b","isMergeCommit":false,"messageTitle":"Add duplicate handling sequence diagram","messageBody":"","fileTypesAndContributionMap":{"docs":{"insertions":101,"deletions":0}}}]},{"date":"2025-10-27T00:00:00","commitResults":[{"hash":"bdfce9ad32a16c82d3a8bcf40d95c0c713d5af34","isMergeCommit":false,"messageTitle":"Add line at the last line of puml","messageBody":"","fileTypesAndContributionMap":{"docs":{"insertions":1,"deletions":1}}},{"hash":"a1773b4cba0843ff95cb7c7e99f09fde4058d122","isMergeCommit":false,"messageTitle":"Edit DG for duplicate handling","messageBody":"","fileTypesAndContributionMap":{"docs":{"insertions":76,"deletions":2}}},{"hash":"406386f23142960e7c924dfbd35fa83f5dbce381","isMergeCommit":true,"messageTitle":"Merge pull request #137 from soomin-k/update-uml","messageBody":"Add duplicate handling sequence diagram","fileTypesAndContributionMap":{}},{"hash":"7611b06d101f9d91f0800adc49f11cac4d7862d1","isMergeCommit":false,"messageTitle":"Edit FAQ, Add command, note for command format in UG","messageBody":"","fileTypesAndContributionMap":{"docs":{"insertions":13,"deletions":13}}},{"hash":"34c74d9f41c2acc1b9c8e434ebe4c3696c48577d","isMergeCommit":true,"messageTitle":"Merge pull request #143 from soomin-k/fix-UG","messageBody":"Edit FAQ, Add command, note for command format in UG","fileTypesAndContributionMap":{}},{"hash":"5201d11a2aeed65a189c7cd7596b5a83cde3f9b5","isMergeCommit":true,"messageTitle":"Merge pull request #148 from luciusyeo/refactor-ug-quick-start","messageBody":"Refactor UG\u0027s quick start for clarity","fileTypesAndContributionMap":{}}]},{"date":"2025-10-28T00:00:00","commitResults":[{"hash":"5234312c2999e89afe6ce4622c9a8f5f8c897d72","isMergeCommit":false,"messageTitle":"Add duplicate check for editcommand","messageBody":"","fileTypesAndContributionMap":{"functional-code":{"insertions":7,"deletions":1},"test-code":{"insertions":68,"deletions":0}}},{"hash":"6d84df4bea1fe1d4447dc47a7c165fc35ee3d1a9","isMergeCommit":true,"messageTitle":"Merge pull request #159 from rk2k3/update-dg","messageBody":"Update Use Cases with updated feature set","fileTypesAndContributionMap":{}},{"hash":"2ac149b042ca7b3f35bb73474d576c4d238a122e","isMergeCommit":false,"messageTitle":"Add filtered list test cases for Edit Command","messageBody":"","fileTypesAndContributionMap":{"test-code":{"insertions":24,"deletions":0}}},{"hash":"f2963b0675ebbfd5fddea3f0057ff9e6bf85742f","isMergeCommit":true,"messageTitle":"Merge pull request #165 from soomin-k/edit-dup-check-email","messageBody":"Add email duplicate check for editcommand","fileTypesAndContributionMap":{}},{"hash":"956da25772fa59721167aacc05b982041d25ac15","isMergeCommit":false,"messageTitle":"Create personValidator class to handle duplicate check","messageBody":"","fileTypesAndContributionMap":{"functional-code":{"insertions":100,"deletions":35},"test-code":{"insertions":33,"deletions":10}}},{"hash":"2c00abad2c34ee3116734cac9989da11b96a0aa6","isMergeCommit":false,"messageTitle":"Fix minor typos","messageBody":"","fileTypesAndContributionMap":{"functional-code":{"insertions":3,"deletions":2}}},{"hash":"1d524127f509954dbf5b7c051907efe1af8a4b3f","isMergeCommit":false,"messageTitle":"Fix checkstyle error","messageBody":"","fileTypesAndContributionMap":{"functional-code":{"insertions":3,"deletions":2}}},{"hash":"9f37be56f9bc9c9f766d8ec5a2b49fd1950a9ac2","isMergeCommit":false,"messageTitle":"Fix variable order in person validator","messageBody":"","fileTypesAndContributionMap":{"functional-code":{"insertions":2,"deletions":2}}},{"hash":"e5ed58974e689d595cd35eb8ae5c5b3df5643d24","isMergeCommit":false,"messageTitle":"Fix checkstyle error","messageBody":"","fileTypesAndContributionMap":{"test-code":{"insertions":2,"deletions":1}}},{"hash":"ad225cd3662e88116490fd39a9822a3a22ce06bb","isMergeCommit":false,"messageTitle":"Fix checkstyle","messageBody":"","fileTypesAndContributionMap":{"test-code":{"insertions":2,"deletions":2}}},{"hash":"297db1d782a5529c4718e4098c7612afe688f3f1","isMergeCommit":true,"messageTitle":"Merge pull request #185 from luciusyeo/dg-diagram-layout","messageBody":"fix dg diagram layout","fileTypesAndContributionMap":{}},{"hash":"4daf47751223c0313279a0c948357ce5f27d4bf7","isMergeCommit":true,"messageTitle":"Merge pull request #186 from raynergoh/model-storage-dg-1.5","messageBody":"Update Model and Storage Class Diagrams","fileTypesAndContributionMap":{}}]},{"date":"2025-10-29T00:00:00","commitResults":[{"hash":"0887aed8dddfaa418a2e1c1b633928eebe582d9a","isMergeCommit":false,"messageTitle":"Remove duplicate check for name","messageBody":"","fileTypesAndContributionMap":{"functional-code":{"insertions":54,"deletions":60},"test-code":{"insertions":158,"deletions":54}}},{"hash":"76a09fde131296aeed8cda49891da3219f279a34","isMergeCommit":false,"messageTitle":"Fix checkstyle error","messageBody":"","fileTypesAndContributionMap":{"functional-code":{"insertions":2,"deletions":2}}}]},{"date":"2025-10-30T00:00:00","commitResults":[{"hash":"33ae404e7653bd152712a43d6fe92fd3554eea61","isMergeCommit":false,"messageTitle":"Add test cases for uniquepersonlistTest","messageBody":"","fileTypesAndContributionMap":{"test-code":{"insertions":58,"deletions":0}}},{"hash":"237d4507fcf2d657c24352dee1db1f94d878d82a","isMergeCommit":true,"messageTitle":"Merge pull request #217 from luciusyeo/update-ug-with-roles","messageBody":"Update UG with role info","fileTypesAndContributionMap":{}}]}]},"authorFileTypeContributionMap":{"luciusyeo":{"docs":261,"functional-code":266,"test-code":331},"JovanTeo1103":{"docs":135,"functional-code":242,"test-code":444},"rk2k3":{"docs":225,"functional-code":109,"test-code":224},"raynergoh":{"docs":571,"functional-code":597,"test-code":1126,"other":1},"soomin-k":{"docs":236,"functional-code":392,"test-code":792,"other":4}},"authorContributionVariance":{"luciusyeo":5459.966,"JovanTeo1103":6940.5625,"rk2k3":8091.663,"raynergoh":21237.348,"soomin-k":16664.541},"authorDisplayNameMap":{"luciusyeo":"CS2103T-F15b-3 YEO ..CIUS","JovanTeo1103":"CS2103T-F15b-3 JOVA..O YI","rk2k3":"CS2103T-F15b-3 RON ..ERAN","raynergoh":"CS2103T-F15b-3 GOH ..YNER","soomin-k":"CS2103T-F15b-3 KIM ..OMIN"}}
