{"authorDailyContributionsMap":{"yalasoo":[{"date":"2025-10-01T00:00:00","commitResults":[{"hash":"37d6c098a8e9ab7a440ce5b16d86f5beff795e6c","isMergeCommit":false,"messageTitle":"Update Yatong\u0027s AboutUs","messageBody":"","fileTypesAndContributionMap":{"docs":{"insertions":4,"deletions":5}}},{"hash":"8ead4f4b447a45f5a8829d564a3c516366f09c03","isMergeCommit":true,"messageTitle":"Merge branch \u0027master\u0027 into update-about-us","messageBody":"","fileTypesAndContributionMap":{}},{"hash":"7efd326168fea896e09afc26078581bf19ec014d","isMergeCommit":true,"messageTitle":"Merge pull request #20 from yalasoo/update-about-us","messageBody":"Update Yatong\u0027s AboutUs","fileTypesAndContributionMap":{}}]},{"date":"2025-10-02T00:00:00","commitResults":[{"hash":"7390722ef8e9b8b79607b4adf8596791506b3dba","isMergeCommit":false,"messageTitle":"Update build status badge","messageBody":"","fileTypesAndContributionMap":{"docs":{"insertions":1,"deletions":1}}}]},{"date":"2025-10-03T00:00:00","commitResults":[{"hash":"80081963797012f55aadbd51f7f9c3bb3097e71e","isMergeCommit":true,"messageTitle":"Merge pull request #42 from yalasoo/update-build-status-badge","messageBody":"Update build status badge","fileTypesAndContributionMap":{}},{"hash":"739e3e03ed681d2a10d2113be276e6dbfc5ed4ad","isMergeCommit":false,"messageTitle":"Update README.md","messageBody":"","fileTypesAndContributionMap":{"docs":{"insertions":2,"deletions":1}}},{"hash":"30015b3c015640c8286a011193f5ca181c1671db","isMergeCommit":false,"messageTitle":"Add use cases","messageBody":"","fileTypesAndContributionMap":{"docs":{"insertions":49,"deletions":1}}},{"hash":"a4259d81fd0e583d7b699b050ad37503dafed96f","isMergeCommit":false,"messageTitle":"Update use cases","messageBody":"","fileTypesAndContributionMap":{"docs":{"insertions":17,"deletions":26}}},{"hash":"c5d910f55f6fcf11719b975c2de2b94a3d37b5ad","isMergeCommit":false,"messageTitle":"Update use cases","messageBody":"","fileTypesAndContributionMap":{"docs":{"insertions":8,"deletions":8}}},{"hash":"ad616b94a2da6952f800055e2b2dcd4e7f4384bd","isMergeCommit":true,"messageTitle":"Merge pull request #53 from yalasoo/docs/DeveloperGuide","messageBody":"Add use cases for Developer Guide","fileTypesAndContributionMap":{}}]},{"date":"2025-10-09T00:00:00","commitResults":[{"hash":"0ffcb0157464918d9e79002af188bf4175b6147e","isMergeCommit":false,"messageTitle":"Update DeleteCommand class","messageBody":"","fileTypesAndContributionMap":{"functional-code":{"insertions":33,"deletions":4}}},{"hash":"2b99aaa8d99dafd842d919d8098e62c166168c93","isMergeCommit":false,"messageTitle":"Update DeleteCommandParser","messageBody":"","fileTypesAndContributionMap":{"functional-code":{"insertions":12,"deletions":0}}},{"hash":"338bc64c0fcd7bb688a812fb9ee09db19b20e7bb","isMergeCommit":false,"messageTitle":"Update DeleteCommandTest","messageBody":"","fileTypesAndContributionMap":{"test-code":{"insertions":13,"deletions":1}}},{"hash":"7d968735651875b38c39947ba2e3c9911d247315","isMergeCommit":false,"messageTitle":"Update DeleteCommandParserTest","messageBody":"","fileTypesAndContributionMap":{"test-code":{"insertions":10,"deletions":0}}},{"hash":"4271bebaeed2c5231d2002b1393aa3cb7b71011c","isMergeCommit":true,"messageTitle":"Merge pull request #64 from yalasoo/add-delete-by-name-command","messageBody":"Add delete by name command","fileTypesAndContributionMap":{}}]},{"date":"2025-10-14T00:00:00","commitResults":[{"hash":"dbfb9572215ff6bb76cd6de7f97f62aa354221c8","isMergeCommit":false,"messageTitle":"Implement Pop up windows","messageBody":"","fileTypesAndContributionMap":{"functional-code":{"insertions":133,"deletions":4}}},{"hash":"f1d2f42a31e7df9c3807d02f2e78c4789520172b","isMergeCommit":false,"messageTitle":"Finalise pop up windows","messageBody":"","fileTypesAndContributionMap":{"functional-code":{"insertions":105,"deletions":35},"test-code":{"insertions":1,"deletions":1}}},{"hash":"1eeaa98cca07cf2138b29e53fbd94e6c2d3aba5a","isMergeCommit":false,"messageTitle":"Add empty line for delete command test","messageBody":"","fileTypesAndContributionMap":{"test-code":{"insertions":1,"deletions":1}}},{"hash":"4eb29fc42823fb01e08b865b389362e052e94210","isMergeCommit":false,"messageTitle":"Fix checkstle errors","messageBody":"","fileTypesAndContributionMap":{"functional-code":{"insertions":11,"deletions":7}}},{"hash":"22fce3cec01d2931a5d2e723fa62c42e5917f91f","isMergeCommit":false,"messageTitle":"Fix checkstle errors","messageBody":"","fileTypesAndContributionMap":{"functional-code":{"insertions":1,"deletions":1}}}]},{"date":"2025-10-15T00:00:00","commitResults":[{"hash":"5a4425964a28f434ddaffc56e20618941cbe0b0b","isMergeCommit":false,"messageTitle":"Add test case","messageBody":"","fileTypesAndContributionMap":{"test-code":{"insertions":18,"deletions":0}}},{"hash":"7daffd90429d4435b98cc1a45f1bf46e3cd31122","isMergeCommit":true,"messageTitle":"Merge branch \u0027master\u0027 into feature/delete-command-v1.3-version","messageBody":"","fileTypesAndContributionMap":{}},{"hash":"311994a5ed98f3df7546892c6dbe5963078dd686","isMergeCommit":false,"messageTitle":"Ignore ui test","messageBody":"","fileTypesAndContributionMap":{"other":{"insertions":4,"deletions":0}}},{"hash":"f47b88a2e8b0cf3398e42fee074cc4a1fdbd0a6e","isMergeCommit":true,"messageTitle":"Merge branch \u0027feature/delete-command-v1.3-version\u0027 of https://github.com/yalasoo/tp into feature/delete-command-v1.3-version","messageBody":"","fileTypesAndContributionMap":{}},{"hash":"3bf0da0f87e2581b72bb02dd81413cf7958048ef","isMergeCommit":false,"messageTitle":"Fix codecov.yml","messageBody":"","fileTypesAndContributionMap":{"other":{"insertions":2,"deletions":2}}},{"hash":"063ae0d18956c86305ec126ac72c3297081a5bd7","isMergeCommit":true,"messageTitle":"Merge branch \u0027master\u0027 into feature/delete-command-v1.3-version","messageBody":"","fileTypesAndContributionMap":{}},{"hash":"1c019596a6749e139c5f6e64ad68beb094adf1bf","isMergeCommit":false,"messageTitle":"Add test cases for delete command","messageBody":"","fileTypesAndContributionMap":{"test-code":{"insertions":40,"deletions":1}}},{"hash":"f3880b214d5cf2265c172ab1a430373c8ad77a16","isMergeCommit":true,"messageTitle":"Merge branch \u0027feature/delete-command-v1.3-version\u0027 of https://github.com/yalasoo/tp into feature/delete-command-v1.3-version Merge the branch","messageBody":"","fileTypesAndContributionMap":{}},{"hash":"9272d586bc4c367f125b505d4291b87607748805","isMergeCommit":false,"messageTitle":"Fix checkstyle","messageBody":"","fileTypesAndContributionMap":{"test-code":{"insertions":1,"deletions":0}}}]},{"date":"2025-10-16T00:00:00","commitResults":[{"hash":"9e8dbe2ce71dc812a561c844398bd8304ec722bd","isMergeCommit":false,"messageTitle":"Add test case for command exception check","messageBody":"","fileTypesAndContributionMap":{"test-code":{"insertions":5,"deletions":0}}},{"hash":"b9a2eb21a0372590dae18244995934a73f6bdcc9","isMergeCommit":true,"messageTitle":"Merge branch \u0027master\u0027 into feature/delete-command-v1.3-version","messageBody":"","fileTypesAndContributionMap":{}},{"hash":"b8aac602dc5bbee35894adf954aea8d469d7e6c4","isMergeCommit":false,"messageTitle":"Fix checkstyle","messageBody":"","fileTypesAndContributionMap":{"test-code":{"insertions":1,"deletions":1}}},{"hash":"e98a92ed7c64e81a284fe73a04599fc7df43a701","isMergeCommit":true,"messageTitle":"Merge branch \u0027feature/delete-command-v1.3-version\u0027 of https://github.com/yalasoo/tp into feature/delete-command-v1.3-version Merge the branch","messageBody":"","fileTypesAndContributionMap":{}},{"hash":"8f1b1adaaac702ca19b1b22a742bc24790228a23","isMergeCommit":false,"messageTitle":"Update test contacts","messageBody":"","fileTypesAndContributionMap":{"test-code":{"insertions":7,"deletions":6}}},{"hash":"67482fb2af1d4a44df192c4698b704eed0146969","isMergeCommit":false,"messageTitle":"Update test cases to test for the person selected","messageBody":"","fileTypesAndContributionMap":{"test-code":{"insertions":5,"deletions":0}}},{"hash":"341cadee72cb1ecaff59edecfc9cb42a52aef7d4","isMergeCommit":true,"messageTitle":"Merge branch \u0027master\u0027 into feature/delete-command-v1.3-version","messageBody":"","fileTypesAndContributionMap":{}},{"hash":"c2e87f5cf51f74d6c6e065f0e284f16466ac2b2a","isMergeCommit":false,"messageTitle":"Fix checkstyle","messageBody":"","fileTypesAndContributionMap":{"test-code":{"insertions":13,"deletions":8}}},{"hash":"824cd30007e4a13aa903b0839b3fa868f43a2e59","isMergeCommit":false,"messageTitle":"Fix checkstyle","messageBody":"","fileTypesAndContributionMap":{"test-code":{"insertions":2,"deletions":2}}},{"hash":"485d3ba6606c10d5b2a048583974540ddf3f6d30","isMergeCommit":true,"messageTitle":"Merge pull request #82 from yalasoo/feature/delete-command-v1.3-version","messageBody":"Feature/delete command v1.3 version","fileTypesAndContributionMap":{}}]}],"TheresiaOng":[{"date":"2025-10-01T00:00:00","commitResults":[{"hash":"3fa9a056b96a75bcebb0c1a331b61070bc320c63","isMergeCommit":false,"messageTitle":"Update about-us","messageBody":"","fileTypesAndContributionMap":{"docs":{"insertions":6,"deletions":5}}},{"hash":"c8d3dfc1e4741b80a09ec82a3e43d617b0f4515f","isMergeCommit":true,"messageTitle":"Merge pull request #14 from TheresiaOng/update-about-us","messageBody":"Update Theresia\u0027s about-us","fileTypesAndContributionMap":{}}]},{"date":"2025-10-03T00:00:00","commitResults":[{"hash":"809918ef896b30ed0ef506122df91b8b4a9af0f9","isMergeCommit":true,"messageTitle":"Merge pull request #39 from TheresiaOng/docs/readme-ui-mockup","messageBody":"Update README Ui mockup","fileTypesAndContributionMap":{}},{"hash":"3a188d6ff5af4cd84ca1f89709453d9a86ba51bc","isMergeCommit":false,"messageTitle":"Update Developer Guide","messageBody":"","fileTypesAndContributionMap":{"docs":{"insertions":18,"deletions":16}}},{"hash":"212e14c63d02ea4a0585ad12043b22634ae9b745","isMergeCommit":false,"messageTitle":"Extend user stories for developer guide","messageBody":"","fileTypesAndContributionMap":{"docs":{"insertions":39,"deletions":15}}},{"hash":"6f288cdb84805a345358a22bcc787ba01cedea0c","isMergeCommit":false,"messageTitle":"Minor bug fix","messageBody":"","fileTypesAndContributionMap":{"docs":{"insertions":2,"deletions":5}}},{"hash":"1aa1f5bbfde77ca4ccde3d5489744c33e47f8fb7","isMergeCommit":true,"messageTitle":"Merge pull request #55 from TheresiaOng/docs/developer-guide","messageBody":"Update Developer Guide","fileTypesAndContributionMap":{}}]},{"date":"2025-10-09T00:00:00","commitResults":[{"hash":"71d48c17069bd621ff54481ed71aa613562db5c1","isMergeCommit":false,"messageTitle":"Add note command","messageBody":"","fileTypesAndContributionMap":{"functional-code":{"insertions":193,"deletions":11},"test-code":{"insertions":130,"deletions":12}}},{"hash":"10855f8b4cde829a6563d76a6277eba6eeb3271f","isMergeCommit":false,"messageTitle":"Fix code style","messageBody":"","fileTypesAndContributionMap":{"functional-code":{"insertions":90,"deletions":12},"test-code":{"insertions":9,"deletions":4}}},{"hash":"b81cb3308f60518fd23d0bbdd957e445b2c50dfe","isMergeCommit":false,"messageTitle":"Fix parser to recognise prefix note","messageBody":"","fileTypesAndContributionMap":{"functional-code":{"insertions":18,"deletions":5},"test-code":{"insertions":23,"deletions":8}}},{"hash":"fcb9df0b8a925fb057fa54661393bc6bd817047b","isMergeCommit":false,"messageTitle":"Add test cases","messageBody":"","fileTypesAndContributionMap":{"functional-code":{"insertions":8,"deletions":3},"test-code":{"insertions":179,"deletions":0}}},{"hash":"0fb30b230cd012148b0ea6c3092b7eb8584a7cfa","isMergeCommit":false,"messageTitle":"Fix checkstyle warning","messageBody":"","fileTypesAndContributionMap":{"test-code":{"insertions":1,"deletions":0}}},{"hash":"30a0d113ead2f34959b255b62e6152828713d93f","isMergeCommit":true,"messageTitle":"Merge pull request #62 from TheresiaOng/feature/add-notes","messageBody":"Feat: Add note command","fileTypesAndContributionMap":{}}]},{"date":"2025-10-13T00:00:00","commitResults":[{"hash":"d1bd82bc4ca7a36b01262cebb4a30ffeb4fa1a8e","isMergeCommit":false,"messageTitle":"Change Note command prefix","messageBody":"","fileTypesAndContributionMap":{"functional-code":{"insertions":3,"deletions":3}}}]},{"date":"2025-10-14T00:00:00","commitResults":[{"hash":"62a6a55c6608c1863aee4dfa8ee436faeb6bfe08","isMergeCommit":false,"messageTitle":"Implement LittleLogBook mockup color scheme","messageBody":"","fileTypesAndContributionMap":{"functional-code":{"insertions":376,"deletions":1}}},{"hash":"ec0f51c9cf5c408469148cd5fc466c91af0a45cf","isMergeCommit":true,"messageTitle":"Merge pull request #76 from TheresiaOng/feature/add-notes","messageBody":"Change Note command prefix","fileTypesAndContributionMap":{}},{"hash":"6e6d6bbcbbb2d2afa8754c158d4d006363f0c720","isMergeCommit":true,"messageTitle":"Merge pull request #78 from TheresiaOng/ui/basic-color","messageBody":"Implement LittleLogBook mockup color scheme","fileTypesAndContributionMap":{}},{"hash":"28621f4ea6c28e3ba8acd4b868665274f9e59390","isMergeCommit":false,"messageTitle":"Change Note command prefix","messageBody":"","fileTypesAndContributionMap":{"functional-code":{"insertions":3,"deletions":3}}},{"hash":"9251ca4aab7a781d533fec99067e2ea0bba3e8cf","isMergeCommit":false,"messageTitle":"Implement LittleLogBook mockup color scheme","messageBody":"","fileTypesAndContributionMap":{"functional-code":{"insertions":376,"deletions":1}}}]}],"zjaoyuki":[{"date":"2025-09-19T00:00:00","commitResults":[{"hash":"98d6d7f4b13b3109b008491a60f70522f653d52f","isMergeCommit":true,"messageTitle":"Merge pull request from markbind","messageBody":"Lacks project documentation.\n\nProject documentation helps our users understand\nour product better.\n\nLet\u0027s integrate MarkBind to our master repo.\n\nImproves maintainability and user experience\nof our project documentation.","fileTypesAndContributionMap":{}},{"hash":"fd66baed6dc0e97cf8dbd03b3d277d9cee38919b","isMergeCommit":false,"messageTitle":"Update config files","messageBody":"Site config does not use our tp\nspecific details.\n\nWe need to ensure that the files are aligned with our tp.\n\nLet\u0027s edit the config files.\n","fileTypesAndContributionMap":{"docs":{"insertions":1,"deletions":1}}}]},{"date":"2025-09-30T00:00:00","commitResults":[{"hash":"0465fbcd0f33e4b77574c4e1aab012779dbfc7e0","isMergeCommit":false,"messageTitle":"Add zengjing.png for team pictures","messageBody":"","fileTypesAndContributionMap":{"docs":{"insertions":7,"deletions":0}}}]},{"date":"2025-10-01T00:00:00","commitResults":[{"hash":"aefaaf57696a59303cfdc52b401032737f392fd5","isMergeCommit":false,"messageTitle":"Change picture name","messageBody":"","fileTypesAndContributionMap":{"docs":{"insertions":0,"deletions":7}}},{"hash":"8d9165ab8e00765d881152412dad81872f1a43b4","isMergeCommit":false,"messageTitle":"Update AboutUs.md","messageBody":"","fileTypesAndContributionMap":{"docs":{"insertions":5,"deletions":4}}},{"hash":"df138ae2539cb1ef9748ca810e2ef8de6d199c5f","isMergeCommit":true,"messageTitle":"Merge branch \u0027master\u0027 into update-about-us","messageBody":"","fileTypesAndContributionMap":{}},{"hash":"f80833938ef497c9630d633828548a8cded5a86e","isMergeCommit":true,"messageTitle":"Merge pull request #15 from zjaoyuki/update-about-us","messageBody":"Update Zeng Jing\u0027s AboutUs.md","fileTypesAndContributionMap":{}},{"hash":"8cfebb53faec73d7148b8aacaaf97b5abe4b4de0","isMergeCommit":false,"messageTitle":"Add view command in UserGuide","messageBody":"","fileTypesAndContributionMap":{"docs":{"insertions":20,"deletions":2}}},{"hash":"900682f3c188be7d68eed0df42443877e18f2a7b","isMergeCommit":false,"messageTitle":"Update Titles","messageBody":"","fileTypesAndContributionMap":{"docs":{"insertions":2,"deletions":2}}}]},{"date":"2025-10-03T00:00:00","commitResults":[{"hash":"cadba0254f2225c7d1dbbca6b584c412c7463263","isMergeCommit":true,"messageTitle":"Merge pull request #34 from zjaoyuki/update-readme-mvp3","messageBody":"Update documentation MVP3","fileTypesAndContributionMap":{}},{"hash":"7533ffb0afc648ff749c62bc95be5b6b05517434","isMergeCommit":false,"messageTitle":"Modified Index.md for LittleLogBook","messageBody":"Retrieved codecov badge link.\n","fileTypesAndContributionMap":{"docs":{"insertions":7,"deletions":5}}},{"hash":"7cc786ee77ca896af0464c96a42c4d45459769a4","isMergeCommit":false,"messageTitle":"Add newline at Index EOF","messageBody":"","fileTypesAndContributionMap":{"docs":{"insertions":1,"deletions":1}}},{"hash":"86e78fbf44f87b7ab55377590391ba604ab3ea59","isMergeCommit":true,"messageTitle":"Merge pull request #52 from zjaoyuki/docs/index","messageBody":"Modified Index.md for LittleLogBook","fileTypesAndContributionMap":{}}]},{"date":"2025-10-10T00:00:00","commitResults":[{"hash":"5d7ca28261b478b39d53cd1035590c81f974823b","isMergeCommit":false,"messageTitle":"Display view command in default box","messageBody":"","fileTypesAndContributionMap":{"functional-code":{"insertions":147,"deletions":0},"test-code":{"insertions":10,"deletions":0}}},{"hash":"bc2518134a1f79f09f643d9b91da6616cbbf1f1a","isMergeCommit":true,"messageTitle":"Merge branch \u0027master\u0027 into feature/viewcommand","messageBody":"","fileTypesAndContributionMap":{}},{"hash":"df7d974cb50b72e589f6ad3779564ea0081a6770","isMergeCommit":false,"messageTitle":"Correct imports in ViewCommandParser","messageBody":"","fileTypesAndContributionMap":{"functional-code":{"insertions":2,"deletions":2}}},{"hash":"5c90efd133d5b34bf27763ed43c58d3d57f9d518","isMergeCommit":false,"messageTitle":"Correct trailing whitespace in Parser","messageBody":"","fileTypesAndContributionMap":{"functional-code":{"insertions":24,"deletions":24}}},{"hash":"707be84247efc482e9be6f45a94ca4790adc4ee0","isMergeCommit":false,"messageTitle":"Correct files with check fails","messageBody":"","fileTypesAndContributionMap":{"functional-code":{"insertions":30,"deletions":29},"test-code":{"insertions":1,"deletions":1}}}]},{"date":"2025-10-11T00:00:00","commitResults":[{"hash":"532f7fd72de2a4866fa0b92d26396deb932f41b0","isMergeCommit":false,"messageTitle":"Correct files with check fails pt2","messageBody":"","fileTypesAndContributionMap":{"functional-code":{"insertions":1,"deletions":1},"test-code":{"insertions":205,"deletions":5}}},{"hash":"1116a2815f45e563f3b2b587e2df324a125f660c","isMergeCommit":false,"messageTitle":"Add toString test for ViewCommand","messageBody":"","fileTypesAndContributionMap":{"test-code":{"insertions":8,"deletions":0}}}]},{"date":"2025-10-12T00:00:00","commitResults":[{"hash":"9da1b5b94956cd0de84c94f9d4b4a6c49f519a94","isMergeCommit":true,"messageTitle":"Merge pull request #72 from zjaoyuki/feature/viewcommand","messageBody":"Display view command in default box","fileTypesAndContributionMap":{}},{"hash":"ee877326cc0d77d1790963dae80b5e63773e099d","isMergeCommit":false,"messageTitle":"Add ViewWindow.fxml","messageBody":"Displays all information about the person.\n","fileTypesAndContributionMap":{"functional-code":{"insertions":274,"deletions":5}}},{"hash":"5680b626e43f0b91d925388fda912a48e1d594ce","isMergeCommit":false,"messageTitle":"Update tests and stylechecks","messageBody":"","fileTypesAndContributionMap":{"functional-code":{"insertions":2,"deletions":2},"test-code":{"insertions":8,"deletions":8}}},{"hash":"7e463bc55f28c2d589e58ea2305d7f7479967365","isMergeCommit":false,"messageTitle":"Fix trailing whitespaces in fxml","messageBody":"","fileTypesAndContributionMap":{"functional-code":{"insertions":12,"deletions":15}}},{"hash":"bc9c7f6fff4614cff3511c1caef814ffcc72fc5c","isMergeCommit":false,"messageTitle":"Minor check changes","messageBody":"","fileTypesAndContributionMap":{"functional-code":{"insertions":50,"deletions":48}}},{"hash":"bf8fbcf0b322e7b5172781134b236fde1b7f83b6","isMergeCommit":false,"messageTitle":"Add more test for CommandResultTest","messageBody":"","fileTypesAndContributionMap":{"functional-code":{"insertions":2,"deletions":3},"test-code":{"insertions":17,"deletions":1}}}]},{"date":"2025-10-13T00:00:00","commitResults":[{"hash":"5c15727999232a20170745d8626678903cbab163","isMergeCommit":false,"messageTitle":"Add more tests for CommandResultTest","messageBody":"","fileTypesAndContributionMap":{"test-code":{"insertions":24,"deletions":0}}}]},{"date":"2025-10-14T00:00:00","commitResults":[{"hash":"6c60a38e728b4e417a7f7ea762aecfd9cad95310","isMergeCommit":true,"messageTitle":"Merge pull request #73 from zjaoyuki/feature/view-branch-v1.3","messageBody":"Create a new window for View Command","fileTypesAndContributionMap":{}},{"hash":"3be4ed82cb6fff934273d39600b396fe3012a781","isMergeCommit":false,"messageTitle":"Update add command","messageBody":"","fileTypesAndContributionMap":{"functional-code":{"insertions":13,"deletions":30}}},{"hash":"1ef210e94eeb670cdaf7f68e6d8fc5430f673975","isMergeCommit":false,"messageTitle":"Update Junit tests and test","messageBody":"","fileTypesAndContributionMap":{"functional-code":{"insertions":30,"deletions":13},"other":{"insertions":42,"deletions":0},"test-code":{"insertions":20,"deletions":21}}}]},{"date":"2025-10-15T00:00:00","commitResults":[{"hash":"ed8b74d593f6b084b1134776b6e1c9b73cb94640","isMergeCommit":false,"messageTitle":"Update add command","messageBody":"","fileTypesAndContributionMap":{"functional-code":{"insertions":13,"deletions":30}}},{"hash":"917c344de8dd4888d270b07d35dfcd765458799a","isMergeCommit":false,"messageTitle":"Update Junit tests and test","messageBody":"","fileTypesAndContributionMap":{"functional-code":{"insertions":30,"deletions":13},"other":{"insertions":42,"deletions":0},"test-code":{"insertions":20,"deletions":21}}},{"hash":"8dd476bf0841ea1d20b55a02ea48365f10672cab","isMergeCommit":false,"messageTitle":"Update add command","messageBody":"","fileTypesAndContributionMap":{"functional-code":{"insertions":33,"deletions":38}}},{"hash":"3592ba9ed23f0aac4e161ca3e38cf7c0e746f7a2","isMergeCommit":false,"messageTitle":"Update Junit tests and test","messageBody":"","fileTypesAndContributionMap":{"functional-code":{"insertions":30,"deletions":14},"other":{"insertions":42,"deletions":0},"test-code":{"insertions":47,"deletions":211}}},{"hash":"661b2840eeb34dc92d13af3ee642ce7d30629c5c","isMergeCommit":false,"messageTitle":"Update for code coverage again","messageBody":"","fileTypesAndContributionMap":{"test-code":{"insertions":30,"deletions":33}}},{"hash":"354630eecefc70c89670b9983ff24187e71c71c9","isMergeCommit":false,"messageTitle":"Add codecov.yml","messageBody":"","fileTypesAndContributionMap":{"other":{"insertions":4,"deletions":0}}},{"hash":"06945eec1792a8cc6b0c1d9064012cd9ce8e75fd","isMergeCommit":false,"messageTitle":"Edit codecov.yml","messageBody":"","fileTypesAndContributionMap":{"other":{"insertions":1,"deletions":1}}},{"hash":"e8664f869d9d5c5f5334fb89664def967b614833","isMergeCommit":true,"messageTitle":"Merge pull request #86 from zjaoyuki/bugfix/ui-test","messageBody":"Disabling UI test in Codecov","fileTypesAndContributionMap":{}},{"hash":"8b8201b19c9060cf16a33aef8764655231d68c4c","isMergeCommit":false,"messageTitle":"Fixed ViewWindow View command only opens one window. View command can now close with exit.","messageBody":"","fileTypesAndContributionMap":{"functional-code":{"insertions":60,"deletions":18}}},{"hash":"591bcf6888bb8c4435398b4a5ef1e2f44e325f74","isMergeCommit":false,"messageTitle":"Fixed ViewCommand tests","messageBody":"","fileTypesAndContributionMap":{"functional-code":{"insertions":4,"deletions":3},"test-code":{"insertions":20,"deletions":9}}},{"hash":"59531e32f73df3896295b7db1f5a96a2d03669e9","isMergeCommit":false,"messageTitle":"Add codecov.yml for passing checks","messageBody":"","fileTypesAndContributionMap":{"other":{"insertions":2,"deletions":2}}}]},{"date":"2025-10-16T00:00:00","commitResults":[{"hash":"62f6dab994ae10218aa7e0e20514bf46552bd7da","isMergeCommit":true,"messageTitle":"Merge pull request #87 from zjaoyuki/bugfix/ui-test","messageBody":"Fixed ViewWindow","fileTypesAndContributionMap":{}}]}],"deepa-m1":[{"date":"2025-10-01T00:00:00","commitResults":[{"hash":"d3f40811084d7190810203218763c534c06ab89c","isMergeCommit":false,"messageTitle":"Update AboutUs.md","messageBody":"The AboutUs.md is missing information.\n\nThe information is outdated and uses\nplaceholder information.\n\nLet\u0027s edit the AboutUs with my information.\n\nThis way users can understand who I am.\n","fileTypesAndContributionMap":{"docs":{"insertions":6,"deletions":4}}},{"hash":"6e2b5c3e34202d6ea2d2c43ba451cfffba8fda64","isMergeCommit":true,"messageTitle":"Merge branch \u0027master\u0027 into update-about-us","messageBody":"","fileTypesAndContributionMap":{}},{"hash":"33977ac35140341cd867f3acc93523a185306b9f","isMergeCommit":true,"messageTitle":"Merge pull request #22 from deepa-m1/update-about-us","messageBody":"Update AboutUs.md","fileTypesAndContributionMap":{}},{"hash":"024c4d9849f09dd25a36f09ccf00ceeaff6a7c61","isMergeCommit":true,"messageTitle":"Merge pull request #27 from deepa-m1/developer-photo","messageBody":"Rename deepa_m1.png to deepa-m1.png","fileTypesAndContributionMap":{}}]},{"date":"2025-10-03T00:00:00","commitResults":[{"hash":"c84d96204f2b1be90df6afc3b9815a131f47dbc6","isMergeCommit":false,"messageTitle":"Update README.md","messageBody":"The README does not have our project\u0027s\nname nor updated UI mockup.\n\nLet\u0027s edit  the content of the README.\n\nThis is so that users get the updated\noverview of our product.\n","fileTypesAndContributionMap":{"docs":{"insertions":49,"deletions":8}}},{"hash":"27e4b92e3bb85907a1b9781b6132b05482373144","isMergeCommit":true,"messageTitle":"Merge pull request #45 from deepa-m1/docs/README.md","messageBody":"Update README.md","fileTypesAndContributionMap":{}},{"hash":"8a0c77d3750ccb858ae3319a55057be972b5700c","isMergeCommit":false,"messageTitle":"Update README.md","messageBody":"","fileTypesAndContributionMap":{"docs":{"insertions":6,"deletions":14}}},{"hash":"b330a787f995a5eac23f3e0987a7288b28944a13","isMergeCommit":false,"messageTitle":"Update README.md","messageBody":"","fileTypesAndContributionMap":{"docs":{"insertions":1,"deletions":1}}},{"hash":"471c07895310a24259ff5c3fd06947bf4ace21d7","isMergeCommit":false,"messageTitle":"Update DeveloperGuide.md","messageBody":"The DeveloperGuide is missing relevant\nuse cases.\n\nLet\u0027s add the relevant minimal use cases.\n","fileTypesAndContributionMap":{"docs":{"insertions":25,"deletions":11}}},{"hash":"569de4c3ebb1a4353687906708dcd0846fc02c64","isMergeCommit":false,"messageTitle":"Update DeveloperGuide.md","messageBody":"Use case has borderline UI ideas and misses\r\nfull stop.\r\n\r\nHowever, use case must not have any UI ideas.\r\n\r\nLet\u0027s rephrase \u0027type commands\u0027 to \u0027request\u0027 \r\nand add full stops.","fileTypesAndContributionMap":{"docs":{"insertions":8,"deletions":8}}},{"hash":"f23f4707ae0e66413d9da64cdfb503b2906cedb1","isMergeCommit":false,"messageTitle":"Update DeveloperGuide.md","messageBody":"Let\u0027s add the mark attendance use case.","fileTypesAndContributionMap":{"docs":{"insertions":17,"deletions":1}}},{"hash":"34fa93f324f3151ffc9c42029c52e31bea8a5821","isMergeCommit":true,"messageTitle":"Merge branch \u0027master\u0027 into docs/DeveloperGuide","messageBody":"","fileTypesAndContributionMap":{}},{"hash":"7f53c7d8ec55847f9479c8114dd9413d5fb4de88","isMergeCommit":true,"messageTitle":"Merge pull request #54 from deepa-m1/docs/DeveloperGuide","messageBody":"Update DeveloperGuide.md","fileTypesAndContributionMap":{}}]},{"date":"2025-10-09T00:00:00","commitResults":[{"hash":"a4aa409a0f0ea261aa4ea474980b25fe3a49d0c2","isMergeCommit":false,"messageTitle":"Update StringUtil.java","messageBody":"FindCommand does not list out persons whose\npartial name matches the keyword.\n\nUsers may not recall the proper first or\nlast name and thus might have troubles\nlocating contacts.\n\nLet\u0027s edit containsWordIgnoreCase method\nto check if substrings of Person list names\nmatch user\u0027s input.\n","fileTypesAndContributionMap":{"functional-code":{"insertions":6,"deletions":5}}},{"hash":"393454b8dea878fae6a017de1618df5801f9e996","isMergeCommit":false,"messageTitle":"Update Name.java","messageBody":"Minimal message update.","fileTypesAndContributionMap":{"functional-code":{"insertions":1,"deletions":1}}},{"hash":"8d946ea5445b4a4dd3e1b6adbd2cf573cbe625cf","isMergeCommit":true,"messageTitle":"Merge pull request #65 from deepa-m1/MVP_find","messageBody":"Update StringUtil.java","fileTypesAndContributionMap":{}},{"hash":"7870e2836a6c0e2d1d8c544de793fdc2702e35e0","isMergeCommit":false,"messageTitle":"Update Name.java","messageBody":"Let\u0027s edit the String attribute.\n","fileTypesAndContributionMap":{"functional-code":{"insertions":2,"deletions":1}}}]},{"date":"2025-10-10T00:00:00","commitResults":[{"hash":"d5311c26ba104e0b21d72f9cf22aeedbf3194395","isMergeCommit":false,"messageTitle":"Update Name.java","messageBody":"Fixed attribute length to correct CI length check failure.","fileTypesAndContributionMap":{"functional-code":{"insertions":2,"deletions":1}}},{"hash":"b8461c75b412960f66102267e009384af9d1b010","isMergeCommit":false,"messageTitle":"Update Name.java","messageBody":"Minor edits to Message attribute for checkstyle purpose.","fileTypesAndContributionMap":{"functional-code":{"insertions":2,"deletions":2}}},{"hash":"679a7081254868891827ca3e9f7b437574318ba1","isMergeCommit":false,"messageTitle":"Update Name.java","messageBody":"Let\u0027s fix trailing whitespace for Name.java","fileTypesAndContributionMap":{"functional-code":{"insertions":1,"deletions":1}}}]},{"date":"2025-10-15T00:00:00","commitResults":[{"hash":"9c39552fb497c2738fb8888acca8348a50c2f907","isMergeCommit":true,"messageTitle":"Update Find into 3 subset commands \u0026 Merge remote-tracking branch \u0027origin/master\u0027 into MVP_find","messageBody":"Find command could only find matches for\npartial name. Howvever, one may only\nremember the tag given or partial phone\nnumber so find will not be useful if\nit can only find using names.\n\nLet\u0027s create 3 different find commands and\nrelated classes so that we can find name,\nfind tag, find phone.\n","fileTypesAndContributionMap":{}},{"hash":"dd91414851d704b8d2118d09ff784e7f917869d5","isMergeCommit":true,"messageTitle":"Merge remote-tracking branch \u0027origin/MVP_find\u0027 into MVP_find \u0026 Update Find command","messageBody":"","fileTypesAndContributionMap":{}},{"hash":"e112f2f7e9126b5d7030d62eba182a4360002e47","isMergeCommit":false,"messageTitle":"Update Find Command \u0026 its tests","messageBody":"New files created not staged for\ncommit.\n\nLet\u0027s add and commit the new and modified\nfiles with regards to Find Command\u0027s 3\nvariations.\n","fileTypesAndContributionMap":{"functional-code":{"insertions":326,"deletions":13},"docs":{"insertions":21,"deletions":21},"test-code":{"insertions":503,"deletions":26}}},{"hash":"9fe038bc04158a35e9a7c59a07015e461630414a","isMergeCommit":true,"messageTitle":"Merge branch \u0027master\u0027 into MVP_find","messageBody":"","fileTypesAndContributionMap":{}},{"hash":"42e25e7b9c182d8c3ec489466d7d92148d499c2f","isMergeCommit":true,"messageTitle":"Merge remote-tracking branch \u0027origin/MVP_find\u0027 into MVP_find","messageBody":"","fileTypesAndContributionMap":{}},{"hash":"d4594a104be62535cc22b0a91a9c6872d9100b90","isMergeCommit":false,"messageTitle":"Update test files","messageBody":"Test cases are failing.\n\nLet\u0027s edit the test files to solve the\nfailing issues.\n","fileTypesAndContributionMap":{"test-code":{"insertions":24,"deletions":17}}}]},{"date":"2025-10-16T00:00:00","commitResults":[{"hash":"a1dfad4bc8bc3ec86974a728574396d47e0cb1b2","isMergeCommit":true,"messageTitle":"Merge pull request #66 from deepa-m1/MVP_find","messageBody":"Update FindCommand and test files","fileTypesAndContributionMap":{}}]}],"Hypovolemic":[{"date":"2025-10-01T00:00:00","commitResults":[{"hash":"26488a725c54af7b7c8d76d16c3fcd422376497e","isMergeCommit":false,"messageTitle":"Update AboutUs.md","messageBody":"","fileTypesAndContributionMap":{"docs":{"insertions":3,"deletions":1}}},{"hash":"030a38823da8f601a9fe43893e162174e92c445b","isMergeCommit":true,"messageTitle":"Merge branch \u0027master\u0027 into update-about-us","messageBody":"","fileTypesAndContributionMap":{}},{"hash":"2f328fa928e070e7d5730f7984406e1f5f25c7d8","isMergeCommit":true,"messageTitle":"Merge pull request #19 from Hypovolemic/update-about-us","messageBody":"Update Wei Feng\u0027s AboutUs.md","fileTypesAndContributionMap":{}},{"hash":"80462e4158e61dbec5f0f866c4d02e61ca3468db","isMergeCommit":false,"messageTitle":"Update teammates\u0027 info in AboutUs","messageBody":"","fileTypesAndContributionMap":{"docs":{"insertions":3,"deletions":5}}},{"hash":"acdfe02f4c0cb4c8d432cff75d4e3e01ed07445d","isMergeCommit":false,"messageTitle":"Update Ya Tong\u0027s info","messageBody":"","fileTypesAndContributionMap":{"docs":{"insertions":2,"deletions":0}}},{"hash":"4146b38082d8d398e1aa5b95a00003853b7cadb8","isMergeCommit":true,"messageTitle":"Merge pull request #32 from Hypovolemic/update-weifeng","messageBody":"Update teammates\u0027 information","fileTypesAndContributionMap":{}}]},{"date":"2025-10-06T00:00:00","commitResults":[{"hash":"437a844f1a20e6ece3aead146f504512408ed7c0","isMergeCommit":false,"messageTitle":"Edit UserGuide.md","messageBody":"","fileTypesAndContributionMap":{"docs":{"insertions":93,"deletions":78}}},{"hash":"6a93ca0d3c38cb90f1027ee839f27131ec9f1791","isMergeCommit":false,"messageTitle":"Change name of save file","messageBody":"","fileTypesAndContributionMap":{"docs":{"insertions":1,"deletions":1}}}]},{"date":"2025-10-08T00:00:00","commitResults":[{"hash":"69286d1c75b276eccac77a69703701aaf1ebaaca","isMergeCommit":false,"messageTitle":"Make instructions user-friendly","messageBody":"","fileTypesAndContributionMap":{"docs":{"insertions":28,"deletions":2}}},{"hash":"a5c5f937ec3148ed419e996c2385c0e83d26fe95","isMergeCommit":true,"messageTitle":"Merge pull request #56 from Hypovolemic/docs/user-guide","messageBody":"Edit UserGuide.md","fileTypesAndContributionMap":{}}]},{"date":"2025-10-14T00:00:00","commitResults":[{"hash":"2e503443a4a5e3d54d7acb2146c146383d3b0711","isMergeCommit":false,"messageTitle":"Update add command","messageBody":"","fileTypesAndContributionMap":{"functional-code":{"insertions":189,"deletions":100}}},{"hash":"00cdcf99c48b43c54d4ca0d26cf8d6d7f519f42c","isMergeCommit":false,"messageTitle":"Update Junit tests and test","messageBody":"","fileTypesAndContributionMap":{"functional-code":{"insertions":30,"deletions":14},"other":{"insertions":42,"deletions":0},"test-code":{"insertions":938,"deletions":279}}},{"hash":"4293fb43ce0c4e8e3fa48441e1d58fcca112f9b7","isMergeCommit":false,"messageTitle":"Delete debugging files","messageBody":"","fileTypesAndContributionMap":{"other":{"insertions":0,"deletions":42}}},{"hash":"7b568e2c3b52d9309610a515f27d1d162bd956d6","isMergeCommit":false,"messageTitle":"Update to pass checkstyle","messageBody":"","fileTypesAndContributionMap":{"test-code":{"insertions":22,"deletions":21}}},{"hash":"1838e5e8717fd6cf83c0cc46ae23e57797a789ad","isMergeCommit":true,"messageTitle":"Merge pull request #79 from Hypovolemic/feature/add-feature","messageBody":"Update add command functionality","fileTypesAndContributionMap":{}},{"hash":"deee716725aaac4170d642830821d56892bf8f2b","isMergeCommit":false,"messageTitle":"Improve add command","messageBody":"","fileTypesAndContributionMap":{"functional-code":{"insertions":10,"deletions":4},"test-code":{"insertions":100,"deletions":0}}},{"hash":"ab087e56ef97ba46565542ae2051cf05c48911dd","isMergeCommit":false,"messageTitle":"Update for checkstyle tests","messageBody":"","fileTypesAndContributionMap":{"test-code":{"insertions":0,"deletions":1}}},{"hash":"f682e77080a3a42a223292642dc18621887c9e9f","isMergeCommit":false,"messageTitle":"Update add command","messageBody":"","fileTypesAndContributionMap":{"functional-code":{"insertions":189,"deletions":100}}},{"hash":"d66a6bc069654f86141ecc5b1a577f0fa7584b95","isMergeCommit":false,"messageTitle":"Update Junit tests and test","messageBody":"","fileTypesAndContributionMap":{"functional-code":{"insertions":30,"deletions":14},"other":{"insertions":42,"deletions":0},"test-code":{"insertions":938,"deletions":279}}},{"hash":"354e56ea58a41320af2252d7abfa2588f192d660","isMergeCommit":false,"messageTitle":"Delete debugging files","messageBody":"","fileTypesAndContributionMap":{"other":{"insertions":0,"deletions":42}}},{"hash":"a61389668998b2daa1d908579eab7d5948e36f6a","isMergeCommit":false,"messageTitle":"Update to pass checkstyle","messageBody":"","fileTypesAndContributionMap":{"test-code":{"insertions":22,"deletions":21}}},{"hash":"b5d194fb817f92cc157cc60deb6c8e4ec4d3ad0b","isMergeCommit":false,"messageTitle":"Delete debugging files","messageBody":"","fileTypesAndContributionMap":{"other":{"insertions":0,"deletions":42}}},{"hash":"3b6518b65b64d9ddbc0f411d4a4aa5eee58592d9","isMergeCommit":false,"messageTitle":"Update to pass checkstyle","messageBody":"","fileTypesAndContributionMap":{"test-code":{"insertions":21,"deletions":20}}},{"hash":"6139d1115809e3f2c571d7e5aa2e74a8eb2e1c1a","isMergeCommit":false,"messageTitle":"Update code coverage","messageBody":"","fileTypesAndContributionMap":{"functional-code":{"insertions":0,"deletions":81},"test-code":{"insertions":138,"deletions":83}}},{"hash":"e616ad3337afb21769ffe808447868ec1432dc4c","isMergeCommit":false,"messageTitle":"Update for checkstyle again","messageBody":"","fileTypesAndContributionMap":{"test-code":{"insertions":2,"deletions":1}}},{"hash":"ad00ef7b7a7232ef3bab287f8ab8ce22632ca7a0","isMergeCommit":false,"messageTitle":"Update for code coverage again","messageBody":"","fileTypesAndContributionMap":{"test-code":{"insertions":345,"deletions":0}}},{"hash":"8f888841d4704a50f0e1da772246ab1a5b9718f5","isMergeCommit":false,"messageTitle":"Update for checkstyle for coverage","messageBody":"","fileTypesAndContributionMap":{"test-code":{"insertions":33,"deletions":30}}}]},{"date":"2025-10-15T00:00:00","commitResults":[{"hash":"840280b5775591497a55c790864df63fa9f2ca9e","isMergeCommit":true,"messageTitle":"Merge pull request #81 from Hypovolemic/feature/improve-add","messageBody":"Improve add command","fileTypesAndContributionMap":{}},{"hash":"2171b53d84dda6cbd54d3d7c517cc2bcb96290e7","isMergeCommit":false,"messageTitle":"Delete debugging files","messageBody":"","fileTypesAndContributionMap":{"other":{"insertions":0,"deletions":42}}},{"hash":"782411f385c0d14a7b27c4ad484ef7dc41afe996","isMergeCommit":false,"messageTitle":"Update to pass checkstyle","messageBody":"","fileTypesAndContributionMap":{"test-code":{"insertions":21,"deletions":20}}},{"hash":"478bcf5175e5e387d7e80af73c34498a22ef7b4f","isMergeCommit":false,"messageTitle":"Improve add command","messageBody":"","fileTypesAndContributionMap":{"functional-code":{"insertions":10,"deletions":4},"test-code":{"insertions":100,"deletions":0}}},{"hash":"379485233ef67af80546a1904076a17f6e05d24d","isMergeCommit":false,"messageTitle":"Update for checkstyle tests","messageBody":"","fileTypesAndContributionMap":{"test-code":{"insertions":0,"deletions":1}}},{"hash":"1ce48cd794bda6d4c1c522322e17db4d7bcd1b51","isMergeCommit":false,"messageTitle":"Update code coverage","messageBody":"","fileTypesAndContributionMap":{"functional-code":{"insertions":0,"deletions":81},"test-code":{"insertions":138,"deletions":83}}},{"hash":"ddd6d36b3f6b6804b832004abd34b65961577736","isMergeCommit":false,"messageTitle":"Update for checkstyle again","messageBody":"","fileTypesAndContributionMap":{"test-code":{"insertions":2,"deletions":1}}},{"hash":"19628e9af29441ef7c5ad6193bb965a0c9aa342f","isMergeCommit":false,"messageTitle":"Update for code coverage again","messageBody":"","fileTypesAndContributionMap":{"test-code":{"insertions":345,"deletions":0}}},{"hash":"8762f53f2e8ec806b19bf3f1c4d676b3612019af","isMergeCommit":false,"messageTitle":"Update for checkstyle for coverage","messageBody":"","fileTypesAndContributionMap":{"test-code":{"insertions":33,"deletions":30}}},{"hash":"c72ba06bf4f5f2d9ad181e9f8c8e19baf8e6cfbf","isMergeCommit":false,"messageTitle":"Delete debugging files","messageBody":"","fileTypesAndContributionMap":{"other":{"insertions":0,"deletions":42}}},{"hash":"fdf8bebeb5a947ea57d725bc9b66aa272784d4e5","isMergeCommit":false,"messageTitle":"Update to pass checkstyle","messageBody":"","fileTypesAndContributionMap":{"test-code":{"insertions":21,"deletions":20}}},{"hash":"6706df028813b58aff4fdb59cac6b5b5d346efdd","isMergeCommit":false,"messageTitle":"Improve add command","messageBody":"","fileTypesAndContributionMap":{"functional-code":{"insertions":8,"deletions":3},"test-code":{"insertions":52,"deletions":0}}},{"hash":"93aabce72da11316989170bbf920ae7a3dc0ee16","isMergeCommit":false,"messageTitle":"Update for checkstyle tests","messageBody":"","fileTypesAndContributionMap":{"test-code":{"insertions":0,"deletions":1}}},{"hash":"65010f49d4ae98dfed14f5bb90a8921fa60a191a","isMergeCommit":false,"messageTitle":"Update code coverage","messageBody":"","fileTypesAndContributionMap":{"functional-code":{"insertions":0,"deletions":16},"test-code":{"insertions":138,"deletions":27}}},{"hash":"ab3089e750f70bac08cfc0f3b6c0c500f11d53df","isMergeCommit":false,"messageTitle":"Update for checkstyle again","messageBody":"","fileTypesAndContributionMap":{"test-code":{"insertions":2,"deletions":1}}},{"hash":"29253ad5c4d27f1cb645b2f38c9f09d6e47bf2e6","isMergeCommit":false,"messageTitle":"Update for checkstyle for coverage","messageBody":"","fileTypesAndContributionMap":{"test-code":{"insertions":33,"deletions":30}}}]},{"date":"2025-10-16T00:00:00","commitResults":[{"hash":"c25a5c50415721c2103f39e7ec8eda5a896b8e3d","isMergeCommit":false,"messageTitle":"Restore address and change category to class","messageBody":"","fileTypesAndContributionMap":{"functional-code":{"insertions":298,"deletions":161},"test-code":{"insertions":713,"deletions":761}}},{"hash":"73c5b9b32529b99993a306b013986ee627f774d7","isMergeCommit":false,"messageTitle":"Remove whitespace","messageBody":"","fileTypesAndContributionMap":{"docs":{"insertions":10,"deletions":15},"test-code":{"insertions":1,"deletions":1}}},{"hash":"646acb245b9756f7639b77e604a3a2a87e390485","isMergeCommit":false,"messageTitle":"Update for checkstyle violations","messageBody":"","fileTypesAndContributionMap":{"test-code":{"insertions":154,"deletions":118}}},{"hash":"9d39e10be1c92366ec019ce6ea91be15c03f4f3c","isMergeCommit":false,"messageTitle":"Update for tests","messageBody":"","fileTypesAndContributionMap":{"functional-code":{"insertions":22,"deletions":15},"test-code":{"insertions":141,"deletions":132}}},{"hash":"a071924ef40a1713cfa3222a0d9a1f5b73d4bbdf","isMergeCommit":false,"messageTitle":"Update for checkstyle again","messageBody":"","fileTypesAndContributionMap":{"test-code":{"insertions":2,"deletions":1}}},{"hash":"68437665dc31b6fac4dc9c2e6d983d1d39489380","isMergeCommit":true,"messageTitle":"Merge branch \u0027master\u0027 into feature/redo-address","messageBody":"","fileTypesAndContributionMap":{}},{"hash":"47926d3946565788c205583364ac360ffac72160","isMergeCommit":false,"messageTitle":"Update after merge conflict to pass tests","messageBody":"","fileTypesAndContributionMap":{"test-code":{"insertions":2,"deletions":2}}},{"hash":"ace59d505a768b504c08cfab0fe8241c049047b2","isMergeCommit":false,"messageTitle":"Update sample inputs for add command","messageBody":"","fileTypesAndContributionMap":{"functional-code":{"insertions":3,"deletions":2}}},{"hash":"4c626e6c8fde1edc2bc40032d3f64fe904d804f4","isMergeCommit":true,"messageTitle":"Merge pull request #90 from Hypovolemic/feature/redo-address","messageBody":"Restore address and change category to class","fileTypesAndContributionMap":{}}]}]},"authorFileTypeContributionMap":{"yalasoo":{"docs":36,"functional-code":246,"test-code":107},"TheresiaOng":{"docs":47,"functional-code":614,"test-code":283},"zjaoyuki":{"docs":17,"functional-code":462,"test-code":283,"other":4},"deepa-m1":{"docs":77,"functional-code":330,"test-code":506},"Hypovolemic":{"docs":117,"functional-code":268,"test-code":1371}},"authorContributionVariance":{"yalasoo":3649.1057,"TheresiaOng":35581.66,"zjaoyuki":28880.668,"deepa-m1":31465.39,"Hypovolemic":855802.4},"authorDisplayNameMap":{"yalasoo":"CS2103T-F14b-1 YANG..TONG","TheresiaOng":"CS2103T-F14b-1 THER..ESIA","zjaoyuki":"CS2103T-F14b-1 ZENG..JING","deepa-m1":"CS2103T-F14b-1 DHUL..LIKA","Hypovolemic":"CS2103T-F14b-1 WONG..FENG"}}
