{"authorDailyContributionsMap":{"haorui2004":[{"date":"2025-09-26T00:00:00","commitResults":[{"hash":"24f3207dd83cf0f65b9d5f34ecf55c24707b288a","isMergeCommit":false,"messageTitle":"Update AboutUs","messageBody":"","fileTypesAndContributionMap":{"docs":{"insertions":6,"deletions":5}}},{"hash":"c9c912f58938c75313b8a880aa06106f82d09287","isMergeCommit":true,"messageTitle":"Merge pull request #25 from haorui2004/update-AboutUs","messageBody":"[haorui2004] Update AboutUs","fileTypesAndContributionMap":{}},{"hash":"369c4f55bef3be0de6da083175380cbd541d2b1b","isMergeCommit":false,"messageTitle":"Update the website\u0027s navigation bar","messageBody":"","fileTypesAndContributionMap":{"other":{"insertions":2,"deletions":2}}},{"hash":"65d960b30fa14e261130468bd3a4769ba1842185","isMergeCommit":true,"messageTitle":"Merge pull request #36 from haorui2004/update-site-wide-settings","messageBody":"Update Site-Wide Settings","fileTypesAndContributionMap":{}}]}],"feliciaz05":[{"date":"2025-09-26T00:00:00","commitResults":[{"hash":"05c4dad3dae400c6a92ba23d0c5b9047814c6a0d","isMergeCommit":true,"messageTitle":"Merge pull request #14 from vinncee/Addphoto","messageBody":"Addphoto","fileTypesAndContributionMap":{}},{"hash":"35276cf05cb38e8840b96760997a9d120fbf45b4","isMergeCommit":false,"messageTitle":"Update AboutUs page","messageBody":"","fileTypesAndContributionMap":{"docs":{"insertions":3,"deletions":3}}},{"hash":"13a7d420333d6a72a765e1a25e41baecd623f745","isMergeCommit":true,"messageTitle":"Merge pull request #27 from feliciaz05/AboutUs","messageBody":"Update Yifei\u0027s AboutUs","fileTypesAndContributionMap":{}},{"hash":"c8d684a92bec9b62f751fc6c6889440300dffb8f","isMergeCommit":false,"messageTitle":"Update DG","messageBody":"","fileTypesAndContributionMap":{"docs":{"insertions":99,"deletions":10}}},{"hash":"853f5a2917e95927232ca46714fb45edb967686b","isMergeCommit":false,"messageTitle":"Update DG again","messageBody":"","fileTypesAndContributionMap":{"docs":{"insertions":1,"deletions":1}}},{"hash":"0885069ce283855a17e48c557dad6cd617d1a663","isMergeCommit":true,"messageTitle":"Merge pull request #33 from vinncee/UpdateDGBranch","messageBody":"Update user stories in DeveloperGuide","fileTypesAndContributionMap":{}},{"hash":"99127b94ab58c42a4949e7e8ec8615bfcbcb8eca","isMergeCommit":true,"messageTitle":"Merge pull request #38 from Anxinal/ui-photo-update","messageBody":"Update CI status link","fileTypesAndContributionMap":{}},{"hash":"03a432081c017390f7b9269db4a78da5a0d4b6db","isMergeCommit":false,"messageTitle":"Update DG again again","messageBody":"","fileTypesAndContributionMap":{"docs":{"insertions":13,"deletions":11}}},{"hash":"953997b073128f8bb4367ed5077c5d9f26357937","isMergeCommit":false,"messageTitle":"Update DG","messageBody":"","fileTypesAndContributionMap":{"docs":{"insertions":1,"deletions":1}}}]},{"date":"2025-10-01T00:00:00","commitResults":[{"hash":"23ec1f685e3eebebe703e32a33549625862f926c","isMergeCommit":false,"messageTitle":"Revert \"Add Remark Command\"","messageBody":"This reverts commit b7f5107757dab9901e9e17f5da94c03071021705.\n","fileTypesAndContributionMap":{"functional-code":{"insertions":12,"deletions":203},"test-code":{"insertions":1,"deletions":241}}}]}],"Anxinal":[{"date":"2025-09-26T00:00:00","commitResults":[{"hash":"3c9e25b95ec90c42e80b8062620f4ac922ab7b4d","isMergeCommit":false,"messageTitle":"Update my about page","messageBody":"","fileTypesAndContributionMap":{"docs":{"insertions":4,"deletions":4}}},{"hash":"bc509b609f9e4de2688b2ef12a0bfd6b673749cb","isMergeCommit":true,"messageTitle":"Merge An Xiao\u0027s aboutUs","messageBody":"Update An Xiao\u0027s about page","fileTypesAndContributionMap":{}},{"hash":"e7c9493066ae955ead01ccd8d7d7418cd19282a1","isMergeCommit":false,"messageTitle":"Update the index page","messageBody":"","fileTypesAndContributionMap":{"docs":{"insertions":7,"deletions":4}}},{"hash":"98d7db750ac89f9b18bc14fff62ca592931b616a","isMergeCommit":false,"messageTitle":"Add build status badge","messageBody":"","fileTypesAndContributionMap":{"docs":{"insertions":1,"deletions":1}}},{"hash":"d1308412c7f9b4e59b6899be29091c7da0255b78","isMergeCommit":false,"messageTitle":"Update readme","messageBody":"","fileTypesAndContributionMap":{"docs":{"insertions":8,"deletions":5}}},{"hash":"ae9533cf51d1821354c95cb01290083ae9725984","isMergeCommit":false,"messageTitle":"Change the name of the product","messageBody":"","fileTypesAndContributionMap":{"docs":{"insertions":3,"deletions":3}}},{"hash":"ef2021c841d67e40b6defd441b4d9603312d6191","isMergeCommit":false,"messageTitle":"Update the name again","messageBody":"","fileTypesAndContributionMap":{"docs":{"insertions":3,"deletions":3}}},{"hash":"854a714e2ca251e29df62aab45dba2ae6f4d9281","isMergeCommit":true,"messageTitle":"Merge pull request ui update","messageBody":"Add a new Ui image and update readme","fileTypesAndContributionMap":{}},{"hash":"d21b711dfae1db6b637c55b093426502930826d0","isMergeCommit":false,"messageTitle":"Update CI status link","messageBody":"","fileTypesAndContributionMap":{"docs":{"insertions":2,"deletions":2}}},{"hash":"f2dabd2864d07e297b9126d09170eaebd51151ea","isMergeCommit":true,"messageTitle":"Update-DG","messageBody":"Update DG","fileTypesAndContributionMap":{}}]},{"date":"2025-10-01T00:00:00","commitResults":[{"hash":"15d1dec35c4259d8e254f6748bdb7ade88b052e0","isMergeCommit":false,"messageTitle":"Add address","messageBody":"","fileTypesAndContributionMap":{"functional-code":{"insertions":66,"deletions":0}}}]},{"date":"2025-10-07T00:00:00","commitResults":[{"hash":"70aa583816d691539b616a9f302261425f75e33e","isMergeCommit":false,"messageTitle":"Create student and lesson class","messageBody":"","fileTypesAndContributionMap":{"functional-code":{"insertions":42,"deletions":0}}},{"hash":"61127947dcde4756ccced7bf3353b650b399daca","isMergeCommit":false,"messageTitle":"Add some javadoc","messageBody":"","fileTypesAndContributionMap":{"functional-code":{"insertions":22,"deletions":2}}},{"hash":"ac37d7fae0726b913f081a11944cf9b1d3bd67ff","isMergeCommit":false,"messageTitle":"Add an empty class for lesson","messageBody":"","fileTypesAndContributionMap":{"functional-code":{"insertions":17,"deletions":2}}},{"hash":"97e092f29e798773b6378d74d152ad2d06e6a03a","isMergeCommit":false,"messageTitle":"Add an empty class for lesson","messageBody":"","fileTypesAndContributionMap":{"functional-code":{"insertions":18,"deletions":2}}},{"hash":"d2973e0e4e0fa3b978859b23f45cd19abe4895be","isMergeCommit":true,"messageTitle":"Resolve local online conflict","messageBody":"","fileTypesAndContributionMap":{}}]},{"date":"2025-10-08T00:00:00","commitResults":[{"hash":"6678af6a187dad610013ed9e65ab6a4e85704a1e","isMergeCommit":false,"messageTitle":"Format the code","messageBody":"","fileTypesAndContributionMap":{"functional-code":{"insertions":9,"deletions":11}}},{"hash":"a9d6346c549ab9bc2a4165acba58f8d4f54f7be2","isMergeCommit":false,"messageTitle":"More format updates","messageBody":"","fileTypesAndContributionMap":{"functional-code":{"insertions":3,"deletions":4}}},{"hash":"e6e5b744432c3351ac5cccdc7962348b224883d3","isMergeCommit":false,"messageTitle":"More format updates","messageBody":"","fileTypesAndContributionMap":{"functional-code":{"insertions":3,"deletions":1}}},{"hash":"4de54d804dc7456effaeee977a9b1abcdc4c219f","isMergeCommit":false,"messageTitle":"Initialise the add student class","messageBody":"","fileTypesAndContributionMap":{"functional-code":{"insertions":32,"deletions":0}}},{"hash":"53773ceb909077314ebc638e18abc7f805e2b9e5","isMergeCommit":true,"messageTitle":"merge pr: create student and lesson","messageBody":"Create student and lesson class","fileTypesAndContributionMap":{}},{"hash":"3d681b7112d98ef99a1d80bd0a22535a7e01edd0","isMergeCommit":false,"messageTitle":"Incoperate addstudent command  into parser","messageBody":"","fileTypesAndContributionMap":{"functional-code":{"insertions":65,"deletions":3}}},{"hash":"fa554ca7e171c6b241bb7c4f8533f8d59989a623","isMergeCommit":false,"messageTitle":"Implement student toString","messageBody":"","fileTypesAndContributionMap":{"functional-code":{"insertions":17,"deletions":6}}},{"hash":"54922bce8180d869d7d50c336ab88130fdcfb56e","isMergeCommit":false,"messageTitle":"Disable generic add command","messageBody":"","fileTypesAndContributionMap":{"functional-code":{"insertions":5,"deletions":92}}},{"hash":"7bac63659803fa65d849d2ca8c2d463e497d6921","isMergeCommit":false,"messageTitle":"Add some test cases for add student command","messageBody":"","fileTypesAndContributionMap":{"functional-code":{"insertions":70,"deletions":7},"test-code":{"insertions":98,"deletions":196}}},{"hash":"901147241d278a6661b1f93c400b245701b8a43e","isMergeCommit":false,"messageTitle":"Add more test cases","messageBody":"","fileTypesAndContributionMap":{"test-code":{"insertions":12,"deletions":0}}},{"hash":"14cc3395b49d6fc66899c84cc01368f59f1ff30c","isMergeCommit":false,"messageTitle":"Update documentations","messageBody":"","fileTypesAndContributionMap":{"functional-code":{"insertions":4,"deletions":2}}},{"hash":"ce6a4b434814200fb30d0f1d99700223a2f176aa","isMergeCommit":false,"messageTitle":"Format the code","messageBody":"","fileTypesAndContributionMap":{"functional-code":{"insertions":10,"deletions":10}}},{"hash":"aacfaa2989ab93d539d0f17fd77fb284fde564f2","isMergeCommit":false,"messageTitle":"Include add parser back","messageBody":"","fileTypesAndContributionMap":{"functional-code":{"insertions":60,"deletions":0}}},{"hash":"91ea0909c19288708ca2b5415f468403a9323b14","isMergeCommit":false,"messageTitle":"Make some args not compulsory","messageBody":"","fileTypesAndContributionMap":{"functional-code":{"insertions":13,"deletions":4}}}]},{"date":"2025-10-09T00:00:00","commitResults":[{"hash":"71f4f605c5627dda0071c23f3445e3f8cbcb2968","isMergeCommit":false,"messageTitle":"Update some docs","messageBody":"","fileTypesAndContributionMap":{"functional-code":{"insertions":3,"deletions":2}}},{"hash":"1bd88bdd374876e79c75af98f83f95235a31a6d6","isMergeCommit":true,"messageTitle":"Merge pull request #55","messageBody":"Implement a new Addstudent command","fileTypesAndContributionMap":{}}]}],"imrenzo":[{"date":"2025-09-26T00:00:00","commitResults":[{"hash":"36a3aef1343b1d93286279e2784e643ff8f1f060","isMergeCommit":false,"messageTitle":"Update Renzo\u0027s section in AboutUs Page","messageBody":"","fileTypesAndContributionMap":{"docs":{"insertions":5,"deletions":2}}},{"hash":"d6fd890fdfc15b13d31762e5d5c3e648c04bdf77","isMergeCommit":false,"messageTitle":"Add missing portfolio file extension","messageBody":"","fileTypesAndContributionMap":{"docs":{"insertions":1,"deletions":1}}},{"hash":"3232af9d8f921c198e51208253c0e530ef43c672","isMergeCommit":true,"messageTitle":"Merge pull request #23 from imrenzo/Update-AboutUs-Page","messageBody":"Update Renzo\u0027s section in AboutUs Page","fileTypesAndContributionMap":{}},{"hash":"b523261113dd0d1258a06182aad0fd5365e27919","isMergeCommit":false,"messageTitle":"Update target users and value proposition","messageBody":"","fileTypesAndContributionMap":{"docs":{"insertions":5,"deletions":3}}},{"hash":"e387f3df0120b2645afa9792eba33b410d502a5e","isMergeCommit":true,"messageTitle":"Merge pull request #31 from imrenzo/Update-DG","messageBody":"Update target users and value proposition","fileTypesAndContributionMap":{}}]}],"vinncee":[{"date":"2025-09-22T00:00:00","commitResults":[{"hash":"b7f5107757dab9901e9e17f5da94c03071021705","isMergeCommit":false,"messageTitle":"Add Remark Command","messageBody":"","fileTypesAndContributionMap":{"functional-code":{"insertions":203,"deletions":12},"test-code":{"insertions":241,"deletions":1}}}]},{"date":"2025-09-26T00:00:00","commitResults":[{"hash":"e1b40d62dd82f6a360a2f500492b4882a8176605","isMergeCommit":false,"messageTitle":"Add photo","messageBody":"","fileTypesAndContributionMap":{"functional-code":{"insertions":0,"deletions":65}}},{"hash":"81d72074ad4b2395c433628f0af2f24122550558","isMergeCommit":false,"messageTitle":"Update AboutUs","messageBody":"","fileTypesAndContributionMap":{"docs":{"insertions":3,"deletions":2}}},{"hash":"74f42d1347911311d4792b690798e0712b589676","isMergeCommit":true,"messageTitle":"Merge pull request #26 from vinncee/AboutUsBranchVince","messageBody":"Update AboutUs","fileTypesAndContributionMap":{}},{"hash":"63889fa03df18544084c32db2253ed7700b47f7c","isMergeCommit":true,"messageTitle":"Merge pull request #30 from feliciaz05/branch-photo","messageBody":"Add new photo","fileTypesAndContributionMap":{}},{"hash":"b38fc5b020cec8346a92322d45d0d4cb8b8dd6f7","isMergeCommit":false,"messageTitle":"Update DeveloperGuide","messageBody":"","fileTypesAndContributionMap":{"docs":{"insertions":7,"deletions":8}}},{"hash":"d3832af847203c0f51ab8272ccaa81a04f405668","isMergeCommit":false,"messageTitle":"Correct typo","messageBody":"","fileTypesAndContributionMap":{"docs":{"insertions":6,"deletions":6}}},{"hash":"2db59f1f7c5f91c3987e7d91331052c869119444","isMergeCommit":false,"messageTitle":"Reformat table","messageBody":"","fileTypesAndContributionMap":{"docs":{"insertions":7,"deletions":7}}},{"hash":"7d17eeb5cf0c2c5aa1de06148e548d83729eb997","isMergeCommit":true,"messageTitle":"Merge pull request #37 from feliciaz05/Update-DG","messageBody":"Update DG","fileTypesAndContributionMap":{}}]},{"date":"2025-10-01T00:00:00","commitResults":[{"hash":"f5bf0b2d108f6237edab262ae27b41afb939047f","isMergeCommit":true,"messageTitle":"Merge pull request #46 from feliciaz05/revert-branch","messageBody":"Revert \"Add Remark Command\"","fileTypesAndContributionMap":{}},{"hash":"858894e9805327f05894d67df09e8180b9ff2217","isMergeCommit":true,"messageTitle":"Merge pull request #45 from Anxinal/add-address","messageBody":"Fix deleted address class","fileTypesAndContributionMap":{}}]}]},"authorFileTypeContributionMap":{"haorui2004":{"docs":6,"functional-code":0,"test-code":0,"other":3},"feliciaz05":{"docs":93,"functional-code":0,"test-code":0},"Anxinal":{"docs":20,"functional-code":261,"test-code":110},"imrenzo":{"docs":10,"functional-code":0,"test-code":0},"vinncee":{"docs":9,"functional-code":0,"test-code":0}},"authorContributionVariance":{"haorui2004":10.204084,"feliciaz05":10102.626,"Anxinal":24614.982,"imrenzo":13.106579,"vinncee":9800.335},"authorDisplayNameMap":{"haorui2004":"CS2103T-F09-2 HAO .. RUI","feliciaz05":"CS2103T-F09-2 ZHAN..IFEI","Anxinal":"CS2103T-F09-2 AN X..XIAO","imrenzo":"CS2103T-F09-2 CHUA..ENZO","vinncee":"CS2103T-F09-2 CHUA..INCE"}}
