{"authorDailyContributionsMap":{"haorui2004":[{"date":"2025-09-26T00:00:00","commitResults":[{"hash":"24f3207dd83cf0f65b9d5f34ecf55c24707b288a","isMergeCommit":false,"messageTitle":"Update AboutUs","messageBody":"","fileTypesAndContributionMap":{"docs":{"insertions":6,"deletions":5}}},{"hash":"c9c912f58938c75313b8a880aa06106f82d09287","isMergeCommit":true,"messageTitle":"Merge pull request #25 from haorui2004/update-AboutUs","messageBody":"[haorui2004] Update AboutUs","fileTypesAndContributionMap":{}},{"hash":"369c4f55bef3be0de6da083175380cbd541d2b1b","isMergeCommit":false,"messageTitle":"Update the website\u0027s navigation bar","messageBody":"","fileTypesAndContributionMap":{"other":{"insertions":2,"deletions":2}}},{"hash":"65d960b30fa14e261130468bd3a4769ba1842185","isMergeCommit":true,"messageTitle":"Merge pull request #36 from haorui2004/update-site-wide-settings","messageBody":"Update Site-Wide Settings","fileTypesAndContributionMap":{}}]},{"date":"2025-10-08T00:00:00","commitResults":[{"hash":"ad71c216a4f1b8c18b4e52e170cdc3619cf1c105","isMergeCommit":false,"messageTitle":"Add CancelLesson command and parser class","messageBody":"","fileTypesAndContributionMap":{"functional-code":{"insertions":97,"deletions":1}}}]},{"date":"2025-10-09T00:00:00","commitResults":[{"hash":"9811a0913fda44ab08fef184268183b16861911f","isMergeCommit":false,"messageTitle":"Add a toString method to CancelLessonCommand","messageBody":"","fileTypesAndContributionMap":{"functional-code":{"insertions":8,"deletions":0}}},{"hash":"b6c00ead5cd75ebb09d95c5d577addb62a151070","isMergeCommit":false,"messageTitle":"Add a parser class for CancelLessonCommand","messageBody":"","fileTypesAndContributionMap":{"functional-code":{"insertions":32,"deletions":1}}},{"hash":"4494a3c8d42378ed814e9c952af7e5c3cc3864b2","isMergeCommit":false,"messageTitle":"Update AddressBookParser to include the CancelLessonCommand case","messageBody":"","fileTypesAndContributionMap":{"functional-code":{"insertions":4,"deletions":0}}},{"hash":"9a21b830ae0cc3a1fa3e80a4fed2598dd2d995be","isMergeCommit":false,"messageTitle":"Add test cases for testing CancelLessonCommand","messageBody":"","fileTypesAndContributionMap":{"test-code":{"insertions":202,"deletions":0}}},{"hash":"4c132d3fabe893a50e733f8e1122f1f8b0b7d1bb","isMergeCommit":false,"messageTitle":"Add test cases for testing CancelLessonCommandParser","messageBody":"","fileTypesAndContributionMap":{"test-code":{"insertions":33,"deletions":0}}},{"hash":"380c6bcf3d013c8b64577da32061a4055719235c","isMergeCommit":false,"messageTitle":"Incoperate addstudent command  into parser","messageBody":"# Conflicts:\n#\tsrc/main/java/seedu/address/logic/parser/AddressBookParser.java\n","fileTypesAndContributionMap":{"functional-code":{"insertions":65,"deletions":3}}},{"hash":"fc0ee080c5efdb69c730efcc30829b698772b223","isMergeCommit":false,"messageTitle":"Implement student toString","messageBody":"# Conflicts:\n#\tsrc/main/java/seedu/address/logic/parser/AddressBookParser.java\n#\tsrc/main/java/seedu/address/model/person/Student.java\n","fileTypesAndContributionMap":{"functional-code":{"insertions":17,"deletions":5}}},{"hash":"d4959dafe3bfb03686b7e337f04b127927372b61","isMergeCommit":false,"messageTitle":"Update AddressBookParser to include the CancelLessonCommand case","messageBody":"# Conflicts:\n#\tsrc/main/java/seedu/address/logic/parser/AddressBookParser.java\n","fileTypesAndContributionMap":{"functional-code":{"insertions":2,"deletions":0}}},{"hash":"b525cb4ac38702268b7ebd4d30fa72f5adb217d8","isMergeCommit":true,"messageTitle":"Merge branch \u0027master\u0027 into cancelLesson","messageBody":"","fileTypesAndContributionMap":{}},{"hash":"bc4f68a2371d60f59e99f3f1f6739f36a32e091e","isMergeCommit":false,"messageTitle":"Remove redundant line in tests","messageBody":"","fileTypesAndContributionMap":{"test-code":{"insertions":0,"deletions":1}}},{"hash":"a205d536b158985774b4d1380dbc3c4502dfd0a8","isMergeCommit":true,"messageTitle":"Merge pull request #57 from haorui2004/cancelLesson","messageBody":"Implement a New CancelLesson Command","fileTypesAndContributionMap":{}},{"hash":"1a5403ef4e56d7c06bd270ac4b8f6d30681d47ea","isMergeCommit":true,"messageTitle":"Merge pull request #58 from vinncee/search-tag-branch","messageBody":"Implement SearchTagCommand feature with parser and tests","fileTypesAndContributionMap":{}}]},{"date":"2025-10-15T00:00:00","commitResults":[{"hash":"fa45c22d5ee7e04fb977e435e682f372a73e6b9e","isMergeCommit":false,"messageTitle":"Update the details about cancel lesson command","messageBody":"","fileTypesAndContributionMap":{"docs":{"insertions":11,"deletions":0}}},{"hash":"f355bfbe21a51cd7414eb6987cf36c2b36ac4ff9","isMergeCommit":false,"messageTitle":"Fix checkstyle failures","messageBody":"","fileTypesAndContributionMap":{"functional-code":{"insertions":96,"deletions":72}}},{"hash":"a1ce853b77d980e64de7c15b9a9622fd43f33259","isMergeCommit":false,"messageTitle":"Fix blank trailing spaces","messageBody":"","fileTypesAndContributionMap":{"docs":{"insertions":10,"deletions":10},"test-code":{"insertions":2,"deletions":2}}},{"hash":"7beda58f027e99cb876d180cd23e2c6211d3db74","isMergeCommit":false,"messageTitle":"Fix import issues","messageBody":"","fileTypesAndContributionMap":{"test-code":{"insertions":64,"deletions":39}}},{"hash":"4934a7ab74e9afa7ff5bee2f3b4ca713a882e69c","isMergeCommit":true,"messageTitle":"Merge branch \u0027master\u0027 into styleIssues","messageBody":"","fileTypesAndContributionMap":{}},{"hash":"840ee6497cbba807f3ac92bedd6c873e167bf1d2","isMergeCommit":false,"messageTitle":"Fix import issues","messageBody":"","fileTypesAndContributionMap":{"functional-code":{"insertions":1,"deletions":1}}},{"hash":"60a611e7eb20d8f4142cf0c411462c5dfa9db2fe","isMergeCommit":true,"messageTitle":"Merge branch \u0027styleIssues\u0027 of https://github.com/haorui2004/tp into styleIssues","messageBody":"","fileTypesAndContributionMap":{}},{"hash":"de142c0ff2d05adef658561f8222acbb3e0b2fd1","isMergeCommit":false,"messageTitle":"Fix import issues","messageBody":"","fileTypesAndContributionMap":{"functional-code":{"insertions":4,"deletions":1}}},{"hash":"ec396f8404bd6efee71e482644e356cc87c46cc4","isMergeCommit":false,"messageTitle":"Replace manual student declaration with StudentBuilder","messageBody":"","fileTypesAndContributionMap":{"test-code":{"insertions":33,"deletions":63}}},{"hash":"949c50ec5b471e50a1bfadb1c598c669f70ee851","isMergeCommit":false,"messageTitle":"Add details to define valid input","messageBody":"","fileTypesAndContributionMap":{"docs":{"insertions":7,"deletions":4}}},{"hash":"a8b3e177d2bd7335907e1ac397fb640199ff7256","isMergeCommit":false,"messageTitle":"Reformat methods","messageBody":"","fileTypesAndContributionMap":{"test-code":{"insertions":18,"deletions":27}}},{"hash":"b4c5c60dac1b1465b5700206fc1c77236ba95b1d","isMergeCommit":true,"messageTitle":"Merge branch \u0027master\u0027 into styleIssues","messageBody":"","fileTypesAndContributionMap":{}},{"hash":"ac7c5aeb7aa1fd2301abb5e78a0f8ae6eb9d4bbd","isMergeCommit":false,"messageTitle":"Optimize imports","messageBody":"","fileTypesAndContributionMap":{"functional-code":{"insertions":6,"deletions":4}}},{"hash":"f82d58d480c807bd910f202a2067c75db9c9715c","isMergeCommit":false,"messageTitle":"Add missing JavaDoc","messageBody":"","fileTypesAndContributionMap":{"functional-code":{"insertions":2,"deletions":4}}},{"hash":"6371e373f74c778fb80802d4d215af9ef3e1ca95","isMergeCommit":false,"messageTitle":"Fix errors in usage of methods","messageBody":"","fileTypesAndContributionMap":{"test-code":{"insertions":11,"deletions":9}}},{"hash":"bc43600df8949680126ef9d8e7da368f20a76af2","isMergeCommit":false,"messageTitle":"Modify import orders","messageBody":"","fileTypesAndContributionMap":{"test-code":{"insertions":3,"deletions":2}}},{"hash":"3cf90439da079520a7661df79070dae48b9a988a","isMergeCommit":false,"messageTitle":"Update the details about cancel lesson command","messageBody":"","fileTypesAndContributionMap":{"docs":{"insertions":11,"deletions":0}}},{"hash":"51aaa968c1442ed6994443cc9fdabcd88cdae9b3","isMergeCommit":false,"messageTitle":"Rebase with new commits","messageBody":"# Conflicts:\n#\tsrc/main/java/seedu/address/logic/commands/AddLessonCommand.java\n#\tsrc/main/java/seedu/address/storage/JsonAdaptedPerson.java\n","fileTypesAndContributionMap":{"functional-code":{"insertions":88,"deletions":70}}},{"hash":"e8ca5dec1f21407fdcbe39a9db1741771b17bac0","isMergeCommit":false,"messageTitle":"Fix blank trailing spaces","messageBody":"","fileTypesAndContributionMap":{"docs":{"insertions":10,"deletions":10},"test-code":{"insertions":1,"deletions":1}}},{"hash":"dacd297e02eb2294fad1877ae2b9825729b5ba00","isMergeCommit":false,"messageTitle":"Fix import issues","messageBody":"","fileTypesAndContributionMap":{"test-code":{"insertions":59,"deletions":50}}},{"hash":"38a9ee2389a33da1f7b5ba6a0e9ecad41b0f526f","isMergeCommit":false,"messageTitle":"Fix import issues","messageBody":"","fileTypesAndContributionMap":{"functional-code":{"insertions":1,"deletions":1}}},{"hash":"d820340b3ce9225b504176346412e75b5126434f","isMergeCommit":false,"messageTitle":"Fix import issues","messageBody":"","fileTypesAndContributionMap":{"functional-code":{"insertions":4,"deletions":1}}},{"hash":"2761f0141fe439d6f984d1bcac4636aca7da469a","isMergeCommit":false,"messageTitle":"Reformat methods","messageBody":"","fileTypesAndContributionMap":{"test-code":{"insertions":9,"deletions":7}}},{"hash":"eb7f4eec0f07a65aef1dfcfc6d35740a653aeeac","isMergeCommit":false,"messageTitle":"Optimize imports","messageBody":"","fileTypesAndContributionMap":{"functional-code":{"insertions":6,"deletions":2}}},{"hash":"b7e6bea400f3367dbaba0646d6f193cf7dfbaa2b","isMergeCommit":false,"messageTitle":"Fix errors in usage of methods","messageBody":"","fileTypesAndContributionMap":{"test-code":{"insertions":8,"deletions":4}}},{"hash":"598f2ed7bfdb8378b9a5e4896824065f8e349627","isMergeCommit":false,"messageTitle":"Modify import orders","messageBody":"","fileTypesAndContributionMap":{"test-code":{"insertions":3,"deletions":2}}},{"hash":"e2954c938983d560cca5d2be875c102d0a7f3da3","isMergeCommit":true,"messageTitle":"Merge branch \u0027styleIssues\u0027 of https://github.com/haorui2004/tp into styleIssues","messageBody":"# Conflicts:\n#\tsrc/test/java/seedu/address/logic/commands/AddCommandTest.java\n","fileTypesAndContributionMap":{}},{"hash":"044209dc45e7ee4e6aee2e0fc6669af94af0ce3a","isMergeCommit":true,"messageTitle":"Merge pull request #82 from haorui2004/styleIssues","messageBody":"Fix checkstyle Issues","fileTypesAndContributionMap":{}},{"hash":"f40ba02d16ccf41814b8af89009d970a12f9b07b","isMergeCommit":true,"messageTitle":"Merge branch \u0027master\u0027 into updateCancelL","messageBody":"","fileTypesAndContributionMap":{}},{"hash":"a92d0418ebd0d076c747bd6c517b2bd682714535","isMergeCommit":true,"messageTitle":"Merge pull request #84 from haorui2004/updateCancelL","messageBody":"Update CancelLesson and its relevant classes to integrate with other new classes better","fileTypesAndContributionMap":{}},{"hash":"8389a752b1342a76df90f04596c95064fdd6ceda","isMergeCommit":true,"messageTitle":"Merge pull request #81 from haorui2004/updateUG","messageBody":"Update UG for cancel lesson command","fileTypesAndContributionMap":{}}]}],"feliciaz05":[{"date":"2025-09-26T00:00:00","commitResults":[{"hash":"05c4dad3dae400c6a92ba23d0c5b9047814c6a0d","isMergeCommit":true,"messageTitle":"Merge pull request #14 from vinncee/Addphoto","messageBody":"Addphoto","fileTypesAndContributionMap":{}},{"hash":"35276cf05cb38e8840b96760997a9d120fbf45b4","isMergeCommit":false,"messageTitle":"Update AboutUs page","messageBody":"","fileTypesAndContributionMap":{"docs":{"insertions":3,"deletions":3}}},{"hash":"13a7d420333d6a72a765e1a25e41baecd623f745","isMergeCommit":true,"messageTitle":"Merge pull request #27 from feliciaz05/AboutUs","messageBody":"Update Yifei\u0027s AboutUs","fileTypesAndContributionMap":{}},{"hash":"c8d684a92bec9b62f751fc6c6889440300dffb8f","isMergeCommit":false,"messageTitle":"Update DG","messageBody":"","fileTypesAndContributionMap":{"docs":{"insertions":99,"deletions":10}}},{"hash":"853f5a2917e95927232ca46714fb45edb967686b","isMergeCommit":false,"messageTitle":"Update DG again","messageBody":"","fileTypesAndContributionMap":{"docs":{"insertions":1,"deletions":1}}},{"hash":"0885069ce283855a17e48c557dad6cd617d1a663","isMergeCommit":true,"messageTitle":"Merge pull request #33 from vinncee/UpdateDGBranch","messageBody":"Update user stories in DeveloperGuide","fileTypesAndContributionMap":{}},{"hash":"99127b94ab58c42a4949e7e8ec8615bfcbcb8eca","isMergeCommit":true,"messageTitle":"Merge pull request #38 from Anxinal/ui-photo-update","messageBody":"Update CI status link","fileTypesAndContributionMap":{}},{"hash":"03a432081c017390f7b9269db4a78da5a0d4b6db","isMergeCommit":false,"messageTitle":"Update DG again again","messageBody":"","fileTypesAndContributionMap":{"docs":{"insertions":13,"deletions":11}}},{"hash":"953997b073128f8bb4367ed5077c5d9f26357937","isMergeCommit":false,"messageTitle":"Update DG","messageBody":"","fileTypesAndContributionMap":{"docs":{"insertions":1,"deletions":1}}}]},{"date":"2025-10-01T00:00:00","commitResults":[{"hash":"23ec1f685e3eebebe703e32a33549625862f926c","isMergeCommit":false,"messageTitle":"Revert \"Add Remark Command\"","messageBody":"This reverts commit b7f5107757dab9901e9e17f5da94c03071021705.\n","fileTypesAndContributionMap":{"functional-code":{"insertions":12,"deletions":203},"test-code":{"insertions":1,"deletions":241}}}]},{"date":"2025-10-09T00:00:00","commitResults":[{"hash":"110cb151fc7ee12805de863c6bd8634ac06e5fc2","isMergeCommit":false,"messageTitle":"Add addLesson feature","messageBody":"","fileTypesAndContributionMap":{"functional-code":{"insertions":304,"deletions":40},"test-code":{"insertions":14,"deletions":13}}},{"hash":"e3984ddf8b20dc307053b57936c283b0c115c465","isMergeCommit":true,"messageTitle":"Merge branch-AddLesson","messageBody":"","fileTypesAndContributionMap":{}},{"hash":"a71a5861222501ddc4962ba273fb0a6efbeb5ecd","isMergeCommit":true,"messageTitle":"Merge branch \u0027master\u0027 into branch-AddLesson","messageBody":"","fileTypesAndContributionMap":{}},{"hash":"22c6b0c1b1146db744e423296572d1ad472d54df","isMergeCommit":true,"messageTitle":"Merge pull request #60 from feliciaz05/branch-AddLesson","messageBody":"Add addLesson feature","fileTypesAndContributionMap":{}}]},{"date":"2025-10-12T00:00:00","commitResults":[{"hash":"c037957eec68580a2a8896df1b214d1a3ed564ee","isMergeCommit":false,"messageTitle":"Fix error","messageBody":"","fileTypesAndContributionMap":{"functional-code":{"insertions":9,"deletions":0}}},{"hash":"b91a3096d2b9b33ab413fa8f497af83ae5de8c69","isMergeCommit":true,"messageTitle":"Merge branch \u0027branch-error\u0027","messageBody":"","fileTypesAndContributionMap":{}},{"hash":"598d6e4657a57054b4cf29ad74b1ad0da7415036","isMergeCommit":true,"messageTitle":"Fix merge conflict","messageBody":"","fileTypesAndContributionMap":{}},{"hash":"e8871b0cdb0a2c124b56007686231d55b55c5399","isMergeCommit":false,"messageTitle":"Fix parseCommand","messageBody":"","fileTypesAndContributionMap":{"functional-code":{"insertions":3,"deletions":19}}}]},{"date":"2025-10-13T00:00:00","commitResults":[{"hash":"8c38299b9f6e2106bb3c3e443f61755c530d7374","isMergeCommit":true,"messageTitle":"Merge pull request #65 from feliciaz05/branch-fix-error","messageBody":"Fix parseCommand","fileTypesAndContributionMap":{}}]},{"date":"2025-10-16T00:00:00","commitResults":[{"hash":"bcf60898d59e8c982af6c91b341e0adff4d4c032","isMergeCommit":false,"messageTitle":"Add test case","messageBody":"","fileTypesAndContributionMap":{"test-code":{"insertions":68,"deletions":0}}},{"hash":"d74bf3ab93af5c0b1fd88bddf730d6078ab878e4","isMergeCommit":false,"messageTitle":"Add addLesson to UserGuide","messageBody":"","fileTypesAndContributionMap":{"docs":{"insertions":12,"deletions":0}}},{"hash":"603c9e63613f43cd76b60524e445c311e7383f7a","isMergeCommit":false,"messageTitle":"Fix bug for AddLessonCommand","messageBody":"","fileTypesAndContributionMap":{"functional-code":{"insertions":12,"deletions":1},"test-code":{"insertions":4,"deletions":0}}},{"hash":"2b08446b0535c62bc24e00b8f9b513ee761b46f9","isMergeCommit":false,"messageTitle":"Fix Lesson checkstyle","messageBody":"","fileTypesAndContributionMap":{"functional-code":{"insertions":26,"deletions":24}}},{"hash":"1577b9b86b2f13b5e4867357c1d3105776b42cce","isMergeCommit":false,"messageTitle":"Fix AddLessonCommand bug","messageBody":"","fileTypesAndContributionMap":{"functional-code":{"insertions":6,"deletions":7}}},{"hash":"b09b3a94af3c8b1d02e9f963e7b069c105871e69","isMergeCommit":false,"messageTitle":"Add checkstyle","messageBody":"","fileTypesAndContributionMap":{"functional-code":{"insertions":4,"deletions":4}}},{"hash":"8ef3feec3b9cc2a65ff6226d4f2956d45657a8c5","isMergeCommit":false,"messageTitle":"Correct typo","messageBody":"","fileTypesAndContributionMap":{"test-code":{"insertions":1,"deletions":1}}},{"hash":"22a17129be5d7a7dd6098edfc8c2f82d65dfefee","isMergeCommit":true,"messageTitle":"Merge pull request #93 from feliciaz05/branch-AddLessonCommandTest","messageBody":"Add test case for AddLessson","fileTypesAndContributionMap":{}},{"hash":"3d3854cbe43522d3bdd204330977849a0122b102","isMergeCommit":true,"messageTitle":"Merge pull request #96 from feliciaz05/branch-UG-addLesson","messageBody":"Add addLesson to UserGuide","tags":["v1.3"],"fileTypesAndContributionMap":{}},{"hash":"12a20195a39556e397a082d12589decade3160d9","isMergeCommit":true,"messageTitle":"Merge branch \u0027master\u0027 into branch-AddLessonCommand-bugfix","messageBody":"","fileTypesAndContributionMap":{}},{"hash":"71b4df70c23af96d2e4eeaa58f534a446456a191","isMergeCommit":true,"messageTitle":"Merge pull request #97 from feliciaz05/branch-AddLessonCommand-bugfix","messageBody":"Fix bug for AddLessonCommand","fileTypesAndContributionMap":{}}]}],"Anxinal":[{"date":"2025-09-26T00:00:00","commitResults":[{"hash":"3c9e25b95ec90c42e80b8062620f4ac922ab7b4d","isMergeCommit":false,"messageTitle":"Update my about page","messageBody":"","fileTypesAndContributionMap":{"docs":{"insertions":4,"deletions":4}}},{"hash":"bc509b609f9e4de2688b2ef12a0bfd6b673749cb","isMergeCommit":true,"messageTitle":"Merge An Xiao\u0027s aboutUs","messageBody":"Update An Xiao\u0027s about page","fileTypesAndContributionMap":{}},{"hash":"e7c9493066ae955ead01ccd8d7d7418cd19282a1","isMergeCommit":false,"messageTitle":"Update the index page","messageBody":"","fileTypesAndContributionMap":{"docs":{"insertions":7,"deletions":4}}},{"hash":"98d7db750ac89f9b18bc14fff62ca592931b616a","isMergeCommit":false,"messageTitle":"Add build status badge","messageBody":"","fileTypesAndContributionMap":{"docs":{"insertions":1,"deletions":1}}},{"hash":"d1308412c7f9b4e59b6899be29091c7da0255b78","isMergeCommit":false,"messageTitle":"Update readme","messageBody":"","fileTypesAndContributionMap":{"docs":{"insertions":8,"deletions":5}}},{"hash":"ae9533cf51d1821354c95cb01290083ae9725984","isMergeCommit":false,"messageTitle":"Change the name of the product","messageBody":"","fileTypesAndContributionMap":{"docs":{"insertions":3,"deletions":3}}},{"hash":"ef2021c841d67e40b6defd441b4d9603312d6191","isMergeCommit":false,"messageTitle":"Update the name again","messageBody":"","fileTypesAndContributionMap":{"docs":{"insertions":3,"deletions":3}}},{"hash":"854a714e2ca251e29df62aab45dba2ae6f4d9281","isMergeCommit":true,"messageTitle":"Merge pull request ui update","messageBody":"Add a new Ui image and update readme","fileTypesAndContributionMap":{}},{"hash":"d21b711dfae1db6b637c55b093426502930826d0","isMergeCommit":false,"messageTitle":"Update CI status link","messageBody":"","fileTypesAndContributionMap":{"docs":{"insertions":2,"deletions":2}}},{"hash":"f2dabd2864d07e297b9126d09170eaebd51151ea","isMergeCommit":true,"messageTitle":"Update-DG","messageBody":"Update DG","fileTypesAndContributionMap":{}}]},{"date":"2025-10-01T00:00:00","commitResults":[{"hash":"15d1dec35c4259d8e254f6748bdb7ade88b052e0","isMergeCommit":false,"messageTitle":"Add address","messageBody":"","fileTypesAndContributionMap":{"functional-code":{"insertions":66,"deletions":0}}}]},{"date":"2025-10-07T00:00:00","commitResults":[{"hash":"70aa583816d691539b616a9f302261425f75e33e","isMergeCommit":false,"messageTitle":"Create student and lesson class","messageBody":"","fileTypesAndContributionMap":{"functional-code":{"insertions":42,"deletions":0}}},{"hash":"61127947dcde4756ccced7bf3353b650b399daca","isMergeCommit":false,"messageTitle":"Add some javadoc","messageBody":"","fileTypesAndContributionMap":{"functional-code":{"insertions":22,"deletions":2}}},{"hash":"ac37d7fae0726b913f081a11944cf9b1d3bd67ff","isMergeCommit":false,"messageTitle":"Add an empty class for lesson","messageBody":"","fileTypesAndContributionMap":{"functional-code":{"insertions":17,"deletions":2}}},{"hash":"97e092f29e798773b6378d74d152ad2d06e6a03a","isMergeCommit":false,"messageTitle":"Add an empty class for lesson","messageBody":"","fileTypesAndContributionMap":{"functional-code":{"insertions":18,"deletions":2}}},{"hash":"d2973e0e4e0fa3b978859b23f45cd19abe4895be","isMergeCommit":true,"messageTitle":"Resolve local online conflict","messageBody":"","fileTypesAndContributionMap":{}}]},{"date":"2025-10-08T00:00:00","commitResults":[{"hash":"6678af6a187dad610013ed9e65ab6a4e85704a1e","isMergeCommit":false,"messageTitle":"Format the code","messageBody":"","fileTypesAndContributionMap":{"functional-code":{"insertions":9,"deletions":11}}},{"hash":"a9d6346c549ab9bc2a4165acba58f8d4f54f7be2","isMergeCommit":false,"messageTitle":"More format updates","messageBody":"","fileTypesAndContributionMap":{"functional-code":{"insertions":3,"deletions":4}}},{"hash":"e6e5b744432c3351ac5cccdc7962348b224883d3","isMergeCommit":false,"messageTitle":"More format updates","messageBody":"","fileTypesAndContributionMap":{"functional-code":{"insertions":3,"deletions":1}}},{"hash":"4de54d804dc7456effaeee977a9b1abcdc4c219f","isMergeCommit":false,"messageTitle":"Initialise the add student class","messageBody":"","fileTypesAndContributionMap":{"functional-code":{"insertions":32,"deletions":0}}},{"hash":"53773ceb909077314ebc638e18abc7f805e2b9e5","isMergeCommit":true,"messageTitle":"merge pr: create student and lesson","messageBody":"Create student and lesson class","fileTypesAndContributionMap":{}},{"hash":"3d681b7112d98ef99a1d80bd0a22535a7e01edd0","isMergeCommit":false,"messageTitle":"Incoperate addstudent command  into parser","messageBody":"","fileTypesAndContributionMap":{"functional-code":{"insertions":65,"deletions":3}}},{"hash":"fa554ca7e171c6b241bb7c4f8533f8d59989a623","isMergeCommit":false,"messageTitle":"Implement student toString","messageBody":"","fileTypesAndContributionMap":{"functional-code":{"insertions":17,"deletions":6}}},{"hash":"54922bce8180d869d7d50c336ab88130fdcfb56e","isMergeCommit":false,"messageTitle":"Disable generic add command","messageBody":"","fileTypesAndContributionMap":{"functional-code":{"insertions":5,"deletions":92}}},{"hash":"7bac63659803fa65d849d2ca8c2d463e497d6921","isMergeCommit":false,"messageTitle":"Add some test cases for add student command","messageBody":"","fileTypesAndContributionMap":{"functional-code":{"insertions":70,"deletions":7},"test-code":{"insertions":98,"deletions":196}}},{"hash":"901147241d278a6661b1f93c400b245701b8a43e","isMergeCommit":false,"messageTitle":"Add more test cases","messageBody":"","fileTypesAndContributionMap":{"test-code":{"insertions":12,"deletions":0}}},{"hash":"14cc3395b49d6fc66899c84cc01368f59f1ff30c","isMergeCommit":false,"messageTitle":"Update documentations","messageBody":"","fileTypesAndContributionMap":{"functional-code":{"insertions":4,"deletions":2}}},{"hash":"ce6a4b434814200fb30d0f1d99700223a2f176aa","isMergeCommit":false,"messageTitle":"Format the code","messageBody":"","fileTypesAndContributionMap":{"functional-code":{"insertions":10,"deletions":10}}},{"hash":"aacfaa2989ab93d539d0f17fd77fb284fde564f2","isMergeCommit":false,"messageTitle":"Include add parser back","messageBody":"","fileTypesAndContributionMap":{"functional-code":{"insertions":60,"deletions":0}}},{"hash":"91ea0909c19288708ca2b5415f468403a9323b14","isMergeCommit":false,"messageTitle":"Make some args not compulsory","messageBody":"","fileTypesAndContributionMap":{"functional-code":{"insertions":13,"deletions":4}}}]},{"date":"2025-10-09T00:00:00","commitResults":[{"hash":"71f4f605c5627dda0071c23f3445e3f8cbcb2968","isMergeCommit":false,"messageTitle":"Update some docs","messageBody":"","fileTypesAndContributionMap":{"functional-code":{"insertions":3,"deletions":2}}},{"hash":"1bd88bdd374876e79c75af98f83f95235a31a6d6","isMergeCommit":true,"messageTitle":"Merge pull request #55","messageBody":"Implement a new Addstudent command","fileTypesAndContributionMap":{}},{"hash":"7783c80130b19d68eac49f5f5df115cfdba2d3a9","isMergeCommit":false,"messageTitle":"Initialise the add student class","messageBody":"","fileTypesAndContributionMap":{"functional-code":{"insertions":32,"deletions":0}}},{"hash":"cfa58b4c38d906f305b7837253dbf505cf817850","isMergeCommit":false,"messageTitle":"Disable generic add command","messageBody":"","fileTypesAndContributionMap":{"functional-code":{"insertions":5,"deletions":92}}},{"hash":"a7a6781855b02d54e9ca9a69abe549b6d2e22807","isMergeCommit":false,"messageTitle":"Add some test cases for add student command","messageBody":"","fileTypesAndContributionMap":{"functional-code":{"insertions":70,"deletions":7},"test-code":{"insertions":98,"deletions":196}}},{"hash":"eff06e85aef2da3323adc35a407098dd101ff0d1","isMergeCommit":false,"messageTitle":"Add more test cases","messageBody":"","fileTypesAndContributionMap":{"test-code":{"insertions":12,"deletions":0}}},{"hash":"4af5386561f84d0a8bbab5da41b5a03dfadd6e1d","isMergeCommit":false,"messageTitle":"Update documentations","messageBody":"","fileTypesAndContributionMap":{"functional-code":{"insertions":4,"deletions":2}}},{"hash":"f8edcb254f5c5b2cb32cabb16f0b7d374cd44d63","isMergeCommit":false,"messageTitle":"Format the code","messageBody":"","fileTypesAndContributionMap":{"functional-code":{"insertions":10,"deletions":10}}},{"hash":"b519a9a41cff21d7b93c96e89431e125b650e78d","isMergeCommit":false,"messageTitle":"Include add parser back","messageBody":"","fileTypesAndContributionMap":{"functional-code":{"insertions":60,"deletions":0}}},{"hash":"8aa3fb4c1908421e7f6dd439ae5276a7f3367002","isMergeCommit":false,"messageTitle":"Make some args not compulsory","messageBody":"","fileTypesAndContributionMap":{"functional-code":{"insertions":13,"deletions":4}}},{"hash":"f7d8db28d113118d05614cd97801af412f8ef431","isMergeCommit":false,"messageTitle":"Update some docs","messageBody":"","fileTypesAndContributionMap":{"functional-code":{"insertions":3,"deletions":2}}},{"hash":"1af9c1f1438339483981377a4973a86798fe5405","isMergeCommit":false,"messageTitle":"Update badge","messageBody":"","fileTypesAndContributionMap":{"docs":{"insertions":1,"deletions":1}}}]},{"date":"2025-10-13T00:00:00","commitResults":[{"hash":"34b557510aac343f064497348b146bc701ce8714","isMergeCommit":true,"messageTitle":"Merge pr to change badge","messageBody":"Update badge","fileTypesAndContributionMap":{}}]},{"date":"2025-10-14T00:00:00","commitResults":[{"hash":"4885483e2333fd396584ee21e48c447c5608d97a","isMergeCommit":false,"messageTitle":"Add Student Json support","messageBody":"","fileTypesAndContributionMap":{"functional-code":{"insertions":79,"deletions":25}}},{"hash":"ac3dffc7409fa502a8600a9ea71247bf30f234e0","isMergeCommit":false,"messageTitle":"Implement polymorphic json reading","messageBody":"","fileTypesAndContributionMap":{"functional-code":{"insertions":27,"deletions":9},"test-code":{"insertions":32,"deletions":16}}},{"hash":"ca8aea497b9dff230e8dbbc399d097548c9764df","isMergeCommit":false,"messageTitle":"Add some test cases","messageBody":"","fileTypesAndContributionMap":{"functional-code":{"insertions":1,"deletions":1},"test-code":{"insertions":29,"deletions":0}}},{"hash":"7f215b63317e7a6b0b819fdc17c09d1e94eca9c3","isMergeCommit":false,"messageTitle":"Delete original gradle","messageBody":"","fileTypesAndContributionMap":{"other":{"insertions":0,"deletions":46}}},{"hash":"331068045fc4476ae4007d776c5be026a664e96b","isMergeCommit":false,"messageTitle":"Set up Java CI","messageBody":"","fileTypesAndContributionMap":{"other":{"insertions":46,"deletions":0}}},{"hash":"95de8b9dad912baa8c01b3250cd101e934b8bf8a","isMergeCommit":false,"messageTitle":"Update the status badge","messageBody":"","fileTypesAndContributionMap":{"docs":{"insertions":1,"deletions":1}}},{"hash":"d3bc4770faea58595dc1508a8cee6ff0106eedd5","isMergeCommit":true,"messageTitle":"Update status badge","messageBody":"Update the status badge again","fileTypesAndContributionMap":{}},{"hash":"f11f1a6fb19bd04303b677c54d765a01f97c78ee","isMergeCommit":false,"messageTitle":"Update readme","messageBody":"","fileTypesAndContributionMap":{"docs":{"insertions":1,"deletions":1}}},{"hash":"a7dfd2448b6f9175b4e1ce4dec4b3f1c6b8877f5","isMergeCommit":true,"messageTitle":"Update readme","messageBody":"Update readme with the new status badge","fileTypesAndContributionMap":{}},{"hash":"f7c6eea79f6e9257aadc7c45cf3421170441f7eb","isMergeCommit":false,"messageTitle":"Correct class name typo","messageBody":"","fileTypesAndContributionMap":{"functional-code":{"insertions":9,"deletions":7},"other":{"insertions":7,"deletions":6}}},{"hash":"943e2217ff66d9f137cc97f5c2229c31f5d0e935","isMergeCommit":false,"messageTitle":"Some checkstyle updates","messageBody":"","fileTypesAndContributionMap":{"functional-code":{"insertions":9,"deletions":13}}},{"hash":"78dd06463b97e51dfb406a25fa5712423235e19a","isMergeCommit":false,"messageTitle":"More checkstyle updates","messageBody":"","fileTypesAndContributionMap":{"functional-code":{"insertions":7,"deletions":6},"test-code":{"insertions":2,"deletions":3}}}]},{"date":"2025-10-15T00:00:00","commitResults":[{"hash":"d9bb1cd8585cfb26f995b732ddc68035e1934194","isMergeCommit":false,"messageTitle":"Update doc for addstu command","messageBody":"","fileTypesAndContributionMap":{"docs":{"insertions":10,"deletions":4}}},{"hash":"3f936c5553df880b959c0aeb20bb4bb33c0c4556","isMergeCommit":true,"messageTitle":"Merge pr update storage","messageBody":"Update storage so that students and persons are treated separately in json conversion","fileTypesAndContributionMap":{}}]},{"date":"2025-10-16T00:00:00","commitResults":[{"hash":"2ea7475178a8f3817786b92866fb0b8a8bc5ff9d","isMergeCommit":true,"messageTitle":"merge pr about Addstu documentation","messageBody":"Update doc for addstu command","fileTypesAndContributionMap":{}}]}],"imrenzo":[{"date":"2025-09-26T00:00:00","commitResults":[{"hash":"36a3aef1343b1d93286279e2784e643ff8f1f060","isMergeCommit":false,"messageTitle":"Update Renzo\u0027s section in AboutUs Page","messageBody":"","fileTypesAndContributionMap":{"docs":{"insertions":5,"deletions":2}}},{"hash":"d6fd890fdfc15b13d31762e5d5c3e648c04bdf77","isMergeCommit":false,"messageTitle":"Add missing portfolio file extension","messageBody":"","fileTypesAndContributionMap":{"docs":{"insertions":1,"deletions":1}}},{"hash":"3232af9d8f921c198e51208253c0e530ef43c672","isMergeCommit":true,"messageTitle":"Merge pull request #23 from imrenzo/Update-AboutUs-Page","messageBody":"Update Renzo\u0027s section in AboutUs Page","fileTypesAndContributionMap":{}},{"hash":"b523261113dd0d1258a06182aad0fd5365e27919","isMergeCommit":false,"messageTitle":"Update target users and value proposition","messageBody":"","fileTypesAndContributionMap":{"docs":{"insertions":5,"deletions":3}}},{"hash":"e387f3df0120b2645afa9792eba33b410d502a5e","isMergeCommit":true,"messageTitle":"Merge pull request #31 from imrenzo/Update-DG","messageBody":"Update target users and value proposition","fileTypesAndContributionMap":{}}]},{"date":"2025-10-08T00:00:00","commitResults":[{"hash":"fce9c3f2eab0c878b57c345e67e7fbec51c010e0","isMergeCommit":false,"messageTitle":"Add payment command skeleton","messageBody":"","fileTypesAndContributionMap":{"functional-code":{"insertions":89,"deletions":9}}}]},{"date":"2025-10-09T00:00:00","commitResults":[{"hash":"664756f91ddd00e5125127a6385e334189f352bd","isMergeCommit":false,"messageTitle":"Update import to not use wildcard","messageBody":"","fileTypesAndContributionMap":{"functional-code":{"insertions":10,"deletions":1}}},{"hash":"fbd5121ff4ab607b7e6ad59e8adde88b9f8db421","isMergeCommit":false,"messageTitle":"Add tests for payment command classes","messageBody":"","fileTypesAndContributionMap":{"functional-code":{"insertions":15,"deletions":0},"test-code":{"insertions":93,"deletions":0}}},{"hash":"a3c25e89c049ed860e568046f52831f0cd999535","isMergeCommit":true,"messageTitle":"Merge pull request #56 from imrenzo/payment-command-skeleton","messageBody":"Add payment command","fileTypesAndContributionMap":{}}]},{"date":"2025-10-12T00:00:00","commitResults":[{"hash":"d7802c8f26a68662627a711e3a939f6e77a9739b","isMergeCommit":false,"messageTitle":"Add payment status flag in command","messageBody":"","fileTypesAndContributionMap":{"functional-code":{"insertions":151,"deletions":12},"test-code":{"insertions":156,"deletions":2}}},{"hash":"9edc6dc7a812c97adc50d7a5b19f4c95ab521be4","isMergeCommit":false,"messageTitle":"Update payment command message usage","messageBody":"","fileTypesAndContributionMap":{"functional-code":{"insertions":2,"deletions":2}}}]},{"date":"2025-10-13T00:00:00","commitResults":[{"hash":"17b84cb85db85e9d7d655f6f6c7efdc5deb02708","isMergeCommit":true,"messageTitle":"Merge branch \u0027master\u0027 into payment-command-change-status","messageBody":"","fileTypesAndContributionMap":{}}]},{"date":"2025-10-14T00:00:00","commitResults":[{"hash":"1582af62cbc8a20df2e82ff926fff8e454cd2771","isMergeCommit":false,"messageTitle":"Add counter into PaymentStatus","messageBody":"","fileTypesAndContributionMap":{"functional-code":{"insertions":90,"deletions":19},"test-code":{"insertions":49,"deletions":22}}},{"hash":"d27fffa21989a54b494c8f4372267489720f29fd","isMergeCommit":true,"messageTitle":"Merge pull request #63 from imrenzo/payment-command-change-status","messageBody":"Add payment status flag in command","fileTypesAndContributionMap":{}}]},{"date":"2025-10-16T00:00:00","commitResults":[{"hash":"847e8c13c48a1dd13291d3b19fba554a436c0728","isMergeCommit":false,"messageTitle":"Update payment command developer guide","messageBody":"","fileTypesAndContributionMap":{"functional-code":{"insertions":2,"deletions":2},"docs":{"insertions":21,"deletions":9}}},{"hash":"77a81b8aadba90943fabd3a61121ba7d99caee2c","isMergeCommit":true,"messageTitle":"Merge branch \u0027master\u0027 into payment-command-dg","messageBody":"","fileTypesAndContributionMap":{}},{"hash":"ea432baea69e343ab6dbc0df1a97bbd93b26c6f4","isMergeCommit":false,"messageTitle":"Fix CI/CD errors","messageBody":"","fileTypesAndContributionMap":{"docs":{"insertions":11,"deletions":11}}},{"hash":"36b1537181a06c20e09684508415ad6e9b163ad0","isMergeCommit":false,"messageTitle":"Fix CI/CD errors","messageBody":"","fileTypesAndContributionMap":{"docs":{"insertions":3,"deletions":3}}},{"hash":"35f5fdd66723e26bd380dd60928de84a45b75667","isMergeCommit":false,"messageTitle":"Add missing toString","messageBody":"","fileTypesAndContributionMap":{"functional-code":{"insertions":9,"deletions":0}}},{"hash":"7067d9989b54be59d9e1112a98d1b7ccd838f68c","isMergeCommit":false,"messageTitle":"Add missing example and explanation in UG","messageBody":"","fileTypesAndContributionMap":{"docs":{"insertions":5,"deletions":1}}},{"hash":"9142e7fd22f1457434e35f50f09fc8cc73f44495","isMergeCommit":true,"messageTitle":"Merge branch \u0027master\u0027 into payment-command-ug","messageBody":"","fileTypesAndContributionMap":{}},{"hash":"9cf6c2fa96024b044eec16c479820e07092d5b43","isMergeCommit":false,"messageTitle":"Fix Codecov report failed","messageBody":"","fileTypesAndContributionMap":{"test-code":{"insertions":20,"deletions":0}}},{"hash":"103aff95ad2ee80e0347e2a08d20c571a1c54243","isMergeCommit":true,"messageTitle":"Merge pull request #99 from imrenzo/payment-command-ug","messageBody":"Payment command UG","fileTypesAndContributionMap":{}}]}],"vinncee":[{"date":"2025-09-22T00:00:00","commitResults":[{"hash":"b7f5107757dab9901e9e17f5da94c03071021705","isMergeCommit":false,"messageTitle":"Add Remark Command","messageBody":"","fileTypesAndContributionMap":{"functional-code":{"insertions":203,"deletions":12},"test-code":{"insertions":241,"deletions":1}}}]},{"date":"2025-09-26T00:00:00","commitResults":[{"hash":"e1b40d62dd82f6a360a2f500492b4882a8176605","isMergeCommit":false,"messageTitle":"Add photo","messageBody":"","fileTypesAndContributionMap":{"functional-code":{"insertions":0,"deletions":65}}},{"hash":"81d72074ad4b2395c433628f0af2f24122550558","isMergeCommit":false,"messageTitle":"Update AboutUs","messageBody":"","fileTypesAndContributionMap":{"docs":{"insertions":3,"deletions":2}}},{"hash":"74f42d1347911311d4792b690798e0712b589676","isMergeCommit":true,"messageTitle":"Merge pull request #26 from vinncee/AboutUsBranchVince","messageBody":"Update AboutUs","fileTypesAndContributionMap":{}},{"hash":"63889fa03df18544084c32db2253ed7700b47f7c","isMergeCommit":true,"messageTitle":"Merge pull request #30 from feliciaz05/branch-photo","messageBody":"Add new photo","fileTypesAndContributionMap":{}},{"hash":"b38fc5b020cec8346a92322d45d0d4cb8b8dd6f7","isMergeCommit":false,"messageTitle":"Update DeveloperGuide","messageBody":"","fileTypesAndContributionMap":{"docs":{"insertions":7,"deletions":8}}},{"hash":"d3832af847203c0f51ab8272ccaa81a04f405668","isMergeCommit":false,"messageTitle":"Correct typo","messageBody":"","fileTypesAndContributionMap":{"docs":{"insertions":6,"deletions":6}}},{"hash":"2db59f1f7c5f91c3987e7d91331052c869119444","isMergeCommit":false,"messageTitle":"Reformat table","messageBody":"","fileTypesAndContributionMap":{"docs":{"insertions":7,"deletions":7}}},{"hash":"7d17eeb5cf0c2c5aa1de06148e548d83729eb997","isMergeCommit":true,"messageTitle":"Merge pull request #37 from feliciaz05/Update-DG","messageBody":"Update DG","fileTypesAndContributionMap":{}}]},{"date":"2025-10-01T00:00:00","commitResults":[{"hash":"f5bf0b2d108f6237edab262ae27b41afb939047f","isMergeCommit":true,"messageTitle":"Merge pull request #46 from feliciaz05/revert-branch","messageBody":"Revert \"Add Remark Command\"","fileTypesAndContributionMap":{}},{"hash":"858894e9805327f05894d67df09e8180b9ff2217","isMergeCommit":true,"messageTitle":"Merge pull request #45 from Anxinal/add-address","messageBody":"Fix deleted address class","fileTypesAndContributionMap":{}}]},{"date":"2025-10-08T00:00:00","commitResults":[{"hash":"6d269d1bac173337904df90b60e0cfdde1dbb3f6","isMergeCommit":false,"messageTitle":"Add SearchTagCommand","messageBody":"","fileTypesAndContributionMap":{"functional-code":{"insertions":96,"deletions":0}}},{"hash":"fc3338650012924fde29da2afa908ecdf727870c","isMergeCommit":false,"messageTitle":"Add SearchTagCommandParser","messageBody":"","fileTypesAndContributionMap":{"functional-code":{"insertions":46,"deletions":0}}},{"hash":"f2b1b179daa87e29a5a9429115154ae9aad46441","isMergeCommit":false,"messageTitle":"Add parsing logic for SearchTagCommand","messageBody":"","fileTypesAndContributionMap":{"functional-code":{"insertions":4,"deletions":0}}},{"hash":"b1d91e990d9df9067d1a54258bf26e92198e06bc","isMergeCommit":false,"messageTitle":"Add TagContainsKeywordsPredicate","messageBody":"","fileTypesAndContributionMap":{"functional-code":{"insertions":87,"deletions":0}}},{"hash":"7f9702585584d9a8bfa16270e0a014fc7f835ea2","isMergeCommit":false,"messageTitle":"Add SearchTagCommandTest for testing SearchTagCommand","messageBody":"","fileTypesAndContributionMap":{"test-code":{"insertions":96,"deletions":0}}},{"hash":"aa5d87072beebb158d57ef3648923a44a862ea0f","isMergeCommit":false,"messageTitle":"Add SearchTagCommandParserTest","messageBody":"","fileTypesAndContributionMap":{"test-code":{"insertions":38,"deletions":0}}},{"hash":"55e63dfe657069edf77fc8ed504acb0d1a57abe9","isMergeCommit":false,"messageTitle":"Add TagContainsKeywordsPredicateTest","messageBody":"","fileTypesAndContributionMap":{"test-code":{"insertions":85,"deletions":0}}}]},{"date":"2025-10-09T00:00:00","commitResults":[{"hash":"7727ec674a855b2d8f61b20a2108dbad5a941884","isMergeCommit":true,"messageTitle":"Merge branch \u0027master\u0027 into search-tag-branch","messageBody":"","fileTypesAndContributionMap":{}}]},{"date":"2025-10-14T00:00:00","commitResults":[{"hash":"865eb64d2a065e22f0c023fea3fa58501ee97a89","isMergeCommit":false,"messageTitle":"Update searchtag feature","messageBody":"","fileTypesAndContributionMap":{"docs":{"insertions":18,"deletions":0}}},{"hash":"bde1a29b95645110cd31a7a64cf08d73406cc59a","isMergeCommit":false,"messageTitle":"Correct typo","messageBody":"","fileTypesAndContributionMap":{"docs":{"insertions":2,"deletions":2}}},{"hash":"7a0430d6a9df7e014813cf184916b196ab4f10c8","isMergeCommit":false,"messageTitle":"Add payment label","messageBody":"","fileTypesAndContributionMap":{"functional-code":{"insertions":1,"deletions":0}}},{"hash":"2281af2104044d058e98fc4e8ffa96778507b323","isMergeCommit":false,"messageTitle":"Bind paymentStatusLabel","messageBody":"","fileTypesAndContributionMap":{"functional-code":{"insertions":6,"deletions":0}}},{"hash":"226b30dd739e77394fba793c8582ad01a55fb366","isMergeCommit":false,"messageTitle":"Fix checkstyle","messageBody":"","fileTypesAndContributionMap":{"functional-code":{"insertions":1,"deletions":6}}}]},{"date":"2025-10-16T00:00:00","commitResults":[{"hash":"cf5a4a24f727b207a34fe6df834e2a9229a10489","isMergeCommit":true,"messageTitle":"Merge branch \u0027master\u0027 into UpdateUI","messageBody":"","fileTypesAndContributionMap":{}},{"hash":"8e502d2f6b3fb286648adc0120fa0496f1374e3e","isMergeCommit":true,"messageTitle":"Merge pull request #77 from vinncee/UpdateUserGuide","messageBody":"Update User Guide: Add searchtag feature","fileTypesAndContributionMap":{}},{"hash":"62102c0e217df8bb10ddf78320dbb62bc2519fad","isMergeCommit":true,"messageTitle":"Merge pull request #80 from vinncee/UpdateUI","messageBody":"Update UI for payment ","fileTypesAndContributionMap":{}},{"hash":"4b7ace764cf9f010819cda4e7bde9627c4628fb8","isMergeCommit":false,"messageTitle":"Remove duplicate field","messageBody":"","fileTypesAndContributionMap":{"functional-code":{"insertions":1,"deletions":2}}},{"hash":"e210cce98f93b795768f5dc1c3a2c1e850d4ec39","isMergeCommit":true,"messageTitle":"Merge pull request #91 from vinncee/MergeConflict","messageBody":"Fix merge conflict duplication for lessonLabel field","fileTypesAndContributionMap":{}}]}]},"authorFileTypeContributionMap":{"haorui2004":{"docs":19,"functional-code":194,"test-code":236,"other":3},"feliciaz05":{"docs":106,"functional-code":265,"test-code":72},"Anxinal":{"docs":31,"functional-code":307,"test-code":152},"imrenzo":{"docs":28,"functional-code":326,"test-code":272},"vinncee":{"docs":26,"functional-code":239,"test-code":219}},"authorContributionVariance":{"haorui2004":29076.625,"feliciaz05":12419.408,"Anxinal":34335.434,"imrenzo":5233.122,"vinncee":13811.644},"authorDisplayNameMap":{"haorui2004":"CS2103T-F09-2 HAO .. RUI","feliciaz05":"CS2103T-F09-2 ZHAN..IFEI","Anxinal":"CS2103T-F09-2 AN X..XIAO","imrenzo":"CS2103T-F09-2 CHUA..ENZO","vinncee":"CS2103T-F09-2 CHUA..INCE"}}
