{"authorDailyContributionsMap":{"Gracesong146":[{"date":"2025-09-28T00:00:00","commitResults":[{"hash":"1483e213ba836c3dacac1853825eda2c62c29de9","isMergeCommit":false,"messageTitle":"Add Grace\u0027s details to About Us","messageBody":"","fileTypesAndContributionMap":{"docs":{"insertions":6,"deletions":6}}},{"hash":"2a4d1d8190cdd7f7282066c58f4c70b9a1d8f8fb","isMergeCommit":true,"messageTitle":"Merge pull request #22 from Gracesong146/branch-add-about-us","messageBody":"Add Grace\u0027s details to About Us","fileTypesAndContributionMap":{}},{"hash":"b0d2e8416c87a60d44783bd63858f58a2d8b8b50","isMergeCommit":false,"messageTitle":"Edit readme page","messageBody":"","fileTypesAndContributionMap":{"docs":{"insertions":9,"deletions":10}}},{"hash":"58d0523cc7b52109c7e616727bab3bf2cba840f9","isMergeCommit":false,"messageTitle":"Add line at eof for readme.md","messageBody":"","fileTypesAndContributionMap":{"docs":{"insertions":1,"deletions":1}}},{"hash":"09bf35c16ad1917d92a87ee8cff7b692319c4b50","isMergeCommit":true,"messageTitle":"Merge pull request #32 from Gracesong146/branch-edit-readme","messageBody":"Edit readme page","fileTypesAndContributionMap":{}}]},{"date":"2025-10-05T00:00:00","commitResults":[{"hash":"7c8c6ded78a18e586f11af1c5523e041f504237a","isMergeCommit":true,"messageTitle":"Merge pull request #38 from j-os-h-in/update-model-elderly-caregiver","messageBody":"Update model elderly caregiver","fileTypesAndContributionMap":{}},{"hash":"272ec99c7f4319d2a4de6fff52469702227e6254","isMergeCommit":false,"messageTitle":"Add basic AddSeniorCommand without full implementation","messageBody":"","fileTypesAndContributionMap":{"functional-code":{"insertions":8,"deletions":0},"other":{"insertions":0,"deletions":0}}},{"hash":"080ce622a3c3c091058a9f70948654292db4b61e","isMergeCommit":false,"messageTitle":"Add add-snr command \u0026 parser","messageBody":"Adds AddSeniorCommand and AddSeniorCommandParser.\n- Risk accepts High/Medium/Low Risk or HR/MR/LR; stored as Tag HR|MR|LR\n","fileTypesAndContributionMap":{"functional-code":{"insertions":229,"deletions":5}}},{"hash":"d663b5f1d0564887a9c9f69853fc6a60fb0a235e","isMergeCommit":false,"messageTitle":"Add add-cgr command \u0026 parser","messageBody":"Adds AddCaregiverCommand and AddCaregiverCommandParser.\n","fileTypesAndContributionMap":{"functional-code":{"insertions":157,"deletions":6}}}]},{"date":"2025-10-06T00:00:00","commitResults":[{"hash":"3619fae3eb0f1b2d69262473cac10b21f990a291","isMergeCommit":false,"messageTitle":"Add seniors/caregivers with risk tags \u0026 auto caregiver IDs","messageBody":"Logic / Commands\n- Edit AddCaregiverCommand (add-cgr) to auto-assigns a caregiver ID (cN) at execute() time.\nModel\n- AddressBook now tracks a persistent caregiverSeq with getCaregiverSeq()/setCaregiverSeq(int)\n- Model API: added String allocateCaregiverId(); implemented in ModelManager to call addressBook.nextCaregiverId().\nStorage\n- JsonAdaptedPerson now persists:\n   - role discriminator: \u0027SENIOR\u0027 | \u0027CAREGIVER\u0027 | \u0027PERSON\u0027\n   - risk list for seniors (e.g., [\u0027HR\u0027])\n   - caregiverId for caregivers (e.g., \u0027c10\u0027)\n- Updated JsonAdaptedPersonTest to the new constructor shape and validations.\nUI\n- Edited PersonCard.java to render risk chips (tags) for Seniors (HR/MR/LR) and caregiver ID chip (cN) for Caregivers\n- Darktheme.CSS: .chip-hr (red), .chip-mr (orange), .chip-lr (yellow) for HR MR LR\n\nNOTE: REMOVED ALL EMAIL FUNCTIONS, CODES, AND CLASSES\n","fileTypesAndContributionMap":{"functional-code":{"insertions":479,"deletions":340},"test-code":{"insertions":27,"deletions":120}}},{"hash":"8c8ee111f6a608df1e30833944914d8c5a272ca3","isMergeCommit":false,"messageTitle":"Fix caregiverId auto-allocation","messageBody":"","fileTypesAndContributionMap":{"functional-code":{"insertions":3,"deletions":1}}},{"hash":"dbdd3c2d6659446f563f24e740b08461dc8caa0f","isMergeCommit":false,"messageTitle":"Update src/main/java/seedu/address/logic/parser/AddSeniorCommandParser.java","messageBody":"Co-authored-by: Copilot \u003c175728472+Copilot@users.noreply.github.com\u003e","fileTypesAndContributionMap":{"functional-code":{"insertions":0,"deletions":31}}},{"hash":"e15076dc986af8c3f30a257fe1b048bcbf9ee95c","isMergeCommit":false,"messageTitle":"Update src/main/java/seedu/address/model/Model.java","messageBody":"Co-authored-by: Copilot \u003c175728472+Copilot@users.noreply.github.com\u003e","fileTypesAndContributionMap":{"functional-code":{"insertions":0,"deletions":3}}},{"hash":"c02529958d273752d13f1032b244f69303182b53","isMergeCommit":false,"messageTitle":"Populate SampleDataUtil with appropriate data","messageBody":"","fileTypesAndContributionMap":{"functional-code":{"insertions":45,"deletions":44}}},{"hash":"b0cf2445304c77e7cc26a6626c7da055a454fa6e","isMergeCommit":false,"messageTitle":"Fix checkstyle","messageBody":"","fileTypesAndContributionMap":{"functional-code":{"insertions":103,"deletions":68}}},{"hash":"a5807e6024e151fc8edda0e7aa4aeb96e06d7e19","isMergeCommit":false,"messageTitle":"Fix checkstyle EOF line and extra whitespace","messageBody":"","fileTypesAndContributionMap":{"functional-code":{"insertions":1,"deletions":1},"docs":{"insertions":1,"deletions":1},"test-code":{"insertions":16,"deletions":63}}}]},{"date":"2025-10-09T00:00:00","commitResults":[{"hash":"23a9f92ddcdefa0b9e2db245a3b52588915eb41c","isMergeCommit":true,"messageTitle":"Merge pull request #42 from Gracesong146/edit-add-commands","messageBody":"Add caregiver and elderly command","fileTypesAndContributionMap":{}}]},{"date":"2025-10-16T00:00:00","commitResults":[{"hash":"71a83b531663aa515782705ee607c7637f647f05","isMergeCommit":false,"messageTitle":"Add tags in the UI for assigned caregiver and seniors","messageBody":"Person cards now display relationship chips:\n","fileTypesAndContributionMap":{"functional-code":{"insertions":200,"deletions":8}}},{"hash":"9729e1201f78d29d3da9bd6c2c4a024b60ad17a3","isMergeCommit":false,"messageTitle":"Fix storage: make caregiver/senior tags persist (tags stay after restart)","messageBody":"Edited JsonAdaptedPersonTest.java accordingly as well\n","fileTypesAndContributionMap":{"functional-code":{"insertions":70,"deletions":2},"test-code":{"insertions":10,"deletions":7}}},{"hash":"7a5c09447432a0f316e3b3c9aee698bdafdad474","isMergeCommit":false,"messageTitle":"Fix AddCommandTest.java","messageBody":"","fileTypesAndContributionMap":{"functional-code":{"insertions":9,"deletions":6},"test-code":{"insertions":13,"deletions":0}}},{"hash":"f06d98b48a630860b92490a4aea7b5c06d18815b","isMergeCommit":true,"messageTitle":"Merge pull request #57 from Gracesong146/branch-assign-ui","messageBody":"Add tags in the UI for assigned caregiver and seniors","fileTypesAndContributionMap":{}},{"hash":"5b043b766559189ef5f812cc585372675210e5c0","isMergeCommit":false,"messageTitle":"Update risktag UI from HR MR LR to High Risk","messageBody":"","fileTypesAndContributionMap":{"functional-code":{"insertions":18,"deletions":1}}},{"hash":"ec2f278b62e1cda73fe3576f1d55d5d3b20a31f5","isMergeCommit":true,"messageTitle":"Merge pull request #62 from Gracesong146/branch-rename-risktags","messageBody":"Update risktag UI from HR MR LR to High Risk","fileTypesAndContributionMap":{}}]},{"date":"2025-10-21T00:00:00","commitResults":[{"hash":"cfdcbe16aaec61843c40d9035daf97062adc4481","isMergeCommit":false,"messageTitle":"Add filter command and its parser","messageBody":"","fileTypesAndContributionMap":{"functional-code":{"insertions":151,"deletions":1}}},{"hash":"3e2699f025e714b5fcf6feb1ea0b788eb903e572","isMergeCommit":false,"messageTitle":"Limit filter command to only lr mr hr LR MR HR","messageBody":"","fileTypesAndContributionMap":{"functional-code":{"insertions":13,"deletions":7}}},{"hash":"8b5f16c9bf2e18355eb365ba5038fbe39e1690b4","isMergeCommit":false,"messageTitle":"Add test files for AddCommand, AddCommandParser, PersonHasAnyTagPredicate with Builders","messageBody":"","fileTypesAndContributionMap":{"functional-code":{"insertions":13,"deletions":5},"test-code":{"insertions":355,"deletions":0}}},{"hash":"3625ee418f31a60cd10aa6c048a1e6c47562ed5d","isMergeCommit":false,"messageTitle":"Fix checkstyle","messageBody":"","fileTypesAndContributionMap":{"test-code":{"insertions":52,"deletions":21}}},{"hash":"9d1c2db87913f29b271a1ff8fdee114b9b691b08","isMergeCommit":false,"messageTitle":"Add filter command in Dev Guide","messageBody":"","fileTypesAndContributionMap":{"docs":{"insertions":44,"deletions":0}}},{"hash":"547bd1ce6600ca09aeb7abeced7ea2f401b02033","isMergeCommit":false,"messageTitle":"Edit user guide","messageBody":"","fileTypesAndContributionMap":{"docs":{"insertions":18,"deletions":0}}}]},{"date":"2025-10-22T00:00:00","commitResults":[{"hash":"acf69ae0abecafa524f2334f2fc0b9e8a1e6151d","isMergeCommit":false,"messageTitle":"Add caregiverId in model puml file","messageBody":"","fileTypesAndContributionMap":{"docs":{"insertions":2,"deletions":0}}},{"hash":"c7a3c2590f5f3bf49a7a46803871e3e4bd13675e","isMergeCommit":false,"messageTitle":"Add testcases","messageBody":"","fileTypesAndContributionMap":{"test-code":{"insertions":52,"deletions":0}}}]},{"date":"2025-10-23T00:00:00","commitResults":[{"hash":"931880a9a7a9520c8ce5da48af6c2ce5085b180d","isMergeCommit":false,"messageTitle":"Add testcase for PersonHasAnyTagPredicate.java","messageBody":"","fileTypesAndContributionMap":{"test-code":{"insertions":14,"deletions":0}}},{"hash":"a32262ab793ba4cbaa552cd90f51e07022cee491","isMergeCommit":false,"messageTitle":"Add testcase for PersonHasAnyTagPredicate.java","messageBody":"","fileTypesAndContributionMap":{"test-code":{"insertions":19,"deletions":0}}},{"hash":"b58d80bd7a90ccef611b336992ad08f9853ee8da","isMergeCommit":false,"messageTitle":"Add more testcase for PersonHasAnyTagPredicate.java","messageBody":"","fileTypesAndContributionMap":{"functional-code":{"insertions":1,"deletions":1},"test-code":{"insertions":21,"deletions":0}}},{"hash":"5ac2a156e2520397143593ef291ee0b15c31befc","isMergeCommit":false,"messageTitle":"Add note in puml file","messageBody":"","fileTypesAndContributionMap":{"docs":{"insertions":3,"deletions":1}}},{"hash":"4947f78e930bc7b9ac1436a67ebb011879266054","isMergeCommit":true,"messageTitle":"Merge pull request #73 from Gracesong146/branch-filter-doc","messageBody":"Add filter command in Dev Guide","fileTypesAndContributionMap":{}},{"hash":"9467e30b10a0e70da6e7a6e841f8d36b539876f2","isMergeCommit":true,"messageTitle":"Merge branch \u0027master\u0027 into branch-filter-command","messageBody":"","fileTypesAndContributionMap":{}},{"hash":"ad1c0a2d158e51eab59b20be2b9138301dd666a1","isMergeCommit":false,"messageTitle":"Remove trailing whitespace","messageBody":"","fileTypesAndContributionMap":{"functional-code":{"insertions":1,"deletions":1}}},{"hash":"f34b84cc2d836b56a431067be9e630dca56109b3","isMergeCommit":true,"messageTitle":"Merge branch \u0027master\u0027 into branch-filter-command","messageBody":"","fileTypesAndContributionMap":{}},{"hash":"bfde2489453973b3ae3622c3a9560f547b33c3be","isMergeCommit":true,"messageTitle":"Merge pull request #70 from Gracesong146/branch-filter-command","messageBody":"Add filter command and its parser","fileTypesAndContributionMap":{}},{"hash":"5e89589f04b8c8e5c09177865852389d36c88d91","isMergeCommit":true,"messageTitle":"Merge pull request #77 from weihan-01/branch-fix-delete","messageBody":"Fix delete command","fileTypesAndContributionMap":{}}]},{"date":"2025-10-27T00:00:00","commitResults":[{"hash":"e5e8d98765ea2bb727e2609464d65d5fa680b5ea","isMergeCommit":false,"messageTitle":"Set minimum width size","messageBody":"","fileTypesAndContributionMap":{"functional-code":{"insertions":14,"deletions":2}}},{"hash":"ad1768297f09d54dba6e8175100fa075a39cfc9f","isMergeCommit":true,"messageTitle":"Merge pull request #112 from AY2526S1-CS2103-F13-4/branch-fix-size","messageBody":"Set minimum width size","fileTypesAndContributionMap":{}}]}],"weihan-01":[{"date":"2025-09-28T00:00:00","commitResults":[{"hash":"9e0f8b7a0aac185f14db0dc9d0dbc03ef1c30e66","isMergeCommit":false,"messageTitle":"add wei han photo","messageBody":"","fileTypesAndContributionMap":{"docs":{"insertions":4,"deletions":4}}},{"hash":"4c7e6cc3829f82f6e44884c0e410a6156eff87c9","isMergeCommit":false,"messageTitle":"add wei han photo","messageBody":"","fileTypesAndContributionMap":{"docs":{"insertions":2,"deletions":1}}},{"hash":"1a9e9c7f179d1548e48f97c27fa1242d088e1e37","isMergeCommit":false,"messageTitle":"add wei han description","messageBody":"","fileTypesAndContributionMap":{"docs":{"insertions":1,"deletions":1}}},{"hash":"e58e3c14e82e8c51719a319540f1cb1fd8fd05aa","isMergeCommit":true,"messageTitle":"Merge pull request #19 from weihan-01/branch-add-weihan-description","messageBody":"Add weihan description to about us","fileTypesAndContributionMap":{}},{"hash":"47be42fc4784ed792c0e3d955fbd32e8f6b6f2bb","isMergeCommit":false,"messageTitle":"write the non functional requirements of the project for the developer guide","messageBody":"","fileTypesAndContributionMap":{"docs":{"insertions":8,"deletions":1}}},{"hash":"9173ba76012e6b7acc67f618cb0df6e94268670d","isMergeCommit":true,"messageTitle":"Merge pull request #27 from weihan-01/write-non-functional-requirements","messageBody":"Write the non functional requirements for the developer guide","fileTypesAndContributionMap":{}}]},{"date":"2025-10-09T00:00:00","commitResults":[{"hash":"1406fae6a7dddb150fac142fadf3a8185508fc4e","isMergeCommit":false,"messageTitle":"add assign command file","messageBody":"","fileTypesAndContributionMap":{"functional-code":{"insertions":3,"deletions":0}}},{"hash":"90bb4e6667ec926b506d46d2aab2b78514bd15f0","isMergeCommit":true,"messageTitle":"Merge pull request #51 from weihan-01/branch-dummy2","messageBody":"Add assign command file","fileTypesAndContributionMap":{}}]},{"date":"2025-10-13T00:00:00","commitResults":[{"hash":"847f3d457cc1bda2beef18336f0728301fa24ceb","isMergeCommit":false,"messageTitle":"implemented the assign command feature","messageBody":"","fileTypesAndContributionMap":{"functional-code":{"insertions":254,"deletions":5}}},{"hash":"f6e4dfae73011842fcb2653c261f79125a33d843","isMergeCommit":false,"messageTitle":"edit comments","messageBody":"","fileTypesAndContributionMap":{"functional-code":{"insertions":1,"deletions":1}}},{"hash":"bb180426c9e6c180fd3233cbc3b91350bedfd5c1","isMergeCommit":false,"messageTitle":"fix checkstyle issues","messageBody":"","fileTypesAndContributionMap":{"functional-code":{"insertions":11,"deletions":21}}},{"hash":"0a4a68d80ec414e82f9f2846aa198031853cbceb","isMergeCommit":true,"messageTitle":"Merge pull request #54 from weihan-01/branch-complete-assign-command","messageBody":"Implement assign command","fileTypesAndContributionMap":{}}]},{"date":"2025-10-16T00:00:00","commitResults":[{"hash":"0db8b784d75cd2258585ae26107cc61926638c68","isMergeCommit":false,"messageTitle":"fix checkstyle","messageBody":"","fileTypesAndContributionMap":{"functional-code":{"insertions":3,"deletions":2}}},{"hash":"5f500fe3da8cde8c5f4a0f4d4aefb5b0f57e8e80","isMergeCommit":false,"messageTitle":"fix elderly and caregiver test issues","messageBody":"","fileTypesAndContributionMap":{"test-code":{"insertions":24,"deletions":17}}},{"hash":"cf974afc172442b2ad32f7077e261916b6acd5a2","isMergeCommit":false,"messageTitle":"fix some issues related to the deleted email class","messageBody":"","fileTypesAndContributionMap":{"functional-code":{"insertions":1,"deletions":2},"test-code":{"insertions":20,"deletions":31}}},{"hash":"aa93be4c3396a851d5b3836f0a2324e5a6b0b323","isMergeCommit":true,"messageTitle":"Merge pull request #64 from weihan-01/branch-fix-tests","messageBody":"Fix Senior and Caregiver tests","fileTypesAndContributionMap":{}}]},{"date":"2025-10-22T00:00:00","commitResults":[{"hash":"b42fabc7f1c80f220315c974c54d0f1ee15345ed","isMergeCommit":false,"messageTitle":"edit delete command such that the caregiver is actually removed from the senior attribute other than just being removed from person list","messageBody":"","fileTypesAndContributionMap":{"functional-code":{"insertions":12,"deletions":0}}}]}],"j-os-h-in":[{"date":"2025-09-19T00:00:00","commitResults":[{"hash":"4f82a275b8a6884a72fbd2b46856acf33578a1f2","isMergeCommit":true,"messageTitle":"Merge branch \u0027switch-docs-to-markbind\u0027","messageBody":"","fileTypesAndContributionMap":{}},{"hash":"d417d7827a542af5729d1e98485fdd84e808d2db","isMergeCommit":false,"messageTitle":"Update site config for MarkBind","messageBody":"","fileTypesAndContributionMap":{"docs":{"insertions":1,"deletions":1}}}]},{"date":"2025-09-24T00:00:00","commitResults":[{"hash":"4c9dfa0d2e9c79d64348c9647916bebf7d95a235","isMergeCommit":false,"messageTitle":"Add Jo Shin description to About Us","messageBody":"","fileTypesAndContributionMap":{"docs":{"insertions":15,"deletions":7}}}]},{"date":"2025-09-28T00:00:00","commitResults":[{"hash":"6d5a26e4accb9a7dbb1372f429f92809c13cb132","isMergeCommit":false,"messageTitle":"Update Jo Shin\u0027s file name in AboutUs.md","messageBody":"","fileTypesAndContributionMap":{"docs":{"insertions":1,"deletions":1}}},{"hash":"2e22e7840ec8b79b82270f670329b0112e11c283","isMergeCommit":true,"messageTitle":"Merge pull request #6 from j-os-h-in/add-joshin-description","messageBody":"Add Jo Shin description to About Us","fileTypesAndContributionMap":{}},{"hash":"8f8751545241c72b16b36dd7c0a9ebcd08ec2025","isMergeCommit":false,"messageTitle":"Add targer user profile, value prop and user stories","messageBody":"","fileTypesAndContributionMap":{"docs":{"insertions":186,"deletions":80}}},{"hash":"e950f9759fa725264b9548044ff837a27e219ee1","isMergeCommit":true,"messageTitle":"Merge branch \u0027master\u0027 into add-user-stories","messageBody":"","fileTypesAndContributionMap":{}},{"hash":"616498116e38f350cabcdf97891ab319e4eb7824","isMergeCommit":true,"messageTitle":"Merge pull request #30 from j-os-h-in/add-user-stories","messageBody":"Add target user profile, value prop and user stories","fileTypesAndContributionMap":{}},{"hash":"ddc8a9b050285e7a0650caf8e70492d765e29078","isMergeCommit":false,"messageTitle":"Fix Developer Guide header and acknowledgements","messageBody":"","fileTypesAndContributionMap":{"docs":{"insertions":50,"deletions":46}}},{"hash":"11a8b1cd4d76317c39baa4701df3abd207b48d7b","isMergeCommit":true,"messageTitle":"Merge pull request #35 from j-os-h-in/fix-developer-guide","messageBody":"Fix Developer Guide header and acknowledgements","fileTypesAndContributionMap":{}}]},{"date":"2025-10-04T00:00:00","commitResults":[{"hash":"69ceb56dab0aced9aa6c76deda571b808607b49f","isMergeCommit":false,"messageTitle":"Add Elderly model and change fields required","messageBody":"","fileTypesAndContributionMap":{"functional-code":{"insertions":197,"deletions":50}}},{"hash":"529ac39cf32c4f99471e330a8218847e58aa7a51","isMergeCommit":false,"messageTitle":"Update edit and add command parsing","messageBody":"","fileTypesAndContributionMap":{"functional-code":{"insertions":9,"deletions":8}}},{"hash":"f9876a8cc76ccd55e2a854797ce9497fd4e0008f","isMergeCommit":false,"messageTitle":"Update test cases with new model","messageBody":"","fileTypesAndContributionMap":{"test-code":{"insertions":72,"deletions":87}}},{"hash":"c68835adb93eed4279ba8ad2934b56a7d4023dd0","isMergeCommit":false,"messageTitle":"Fix coding style violations","messageBody":"","fileTypesAndContributionMap":{"functional-code":{"insertions":2,"deletions":1},"test-code":{"insertions":2,"deletions":1}}},{"hash":"4c6f425d9dcc1bfff13d23be03c4e854814420fc","isMergeCommit":false,"messageTitle":"Add Caregiver model","messageBody":"","fileTypesAndContributionMap":{"functional-code":{"insertions":14,"deletions":0}}}]},{"date":"2025-10-16T00:00:00","commitResults":[{"hash":"d56d7bdf3f573f256145d7d12372091af4f4a235","isMergeCommit":false,"messageTitle":"Update User Guide to MVP features","messageBody":"","fileTypesAndContributionMap":{"docs":{"insertions":86,"deletions":45}}},{"hash":"95742b2d4ce2be3ac658367796953e001861db68","isMergeCommit":false,"messageTitle":"Update home page for Neighbourly","messageBody":"","fileTypesAndContributionMap":{"docs":{"insertions":4,"deletions":4}}},{"hash":"6566c3339375a4bac285ae5fd5f8d2e622166ee4","isMergeCommit":false,"messageTitle":"Update About Us for Neighbourly","messageBody":"","fileTypesAndContributionMap":{"docs":{"insertions":31,"deletions":12}}},{"hash":"524c11173a3ea592aa122f7a8eb81c71d9620031","isMergeCommit":false,"messageTitle":"Update Developer Guide for Neighbourly","messageBody":"","fileTypesAndContributionMap":{"docs":{"insertions":23,"deletions":13}}},{"hash":"bee5a61a6e214e8199fe81ff0e9e1b9875b7665a","isMergeCommit":false,"messageTitle":"Update ModelClassDiagram with trailing space","messageBody":"","fileTypesAndContributionMap":{"docs":{"insertions":1,"deletions":1}}},{"hash":"794df93ff160bbc2b1ee15c6c555a8a27ce9a8ed","isMergeCommit":true,"messageTitle":"Merge pull request #61 from j-os-h-in/update-documentation","messageBody":"Update documentation","fileTypesAndContributionMap":{}},{"hash":"6b6a8a7ebebf72c19c3681e09fed0d9d468f63ca","isMergeCommit":false,"messageTitle":"Update test cases for MVP","messageBody":"","fileTypesAndContributionMap":{"test-code":{"insertions":3,"deletions":9}}},{"hash":"ea61aebe1eb78cc3aadd103c658b62500d3e98d1","isMergeCommit":true,"messageTitle":"Merge pull request #66 from j-os-h-in/update-tests","messageBody":"Update test cases for MVP","fileTypesAndContributionMap":{}},{"hash":"0602d3a716178b472f03b3ababa48fd2b0feff5c","isMergeCommit":true,"messageTitle":"Merge pull request #67 from yymeiting/add-assign-command-testcase","messageBody":"Add AssignCommand Test case","tags":["v1.3"],"fileTypesAndContributionMap":{}}]},{"date":"2025-10-22T00:00:00","commitResults":[{"hash":"d05d6e91d16c801d5814c651e36adc5f26707e48","isMergeCommit":false,"messageTitle":"Add fixed indexing to Senior and Caregiver","messageBody":"","fileTypesAndContributionMap":{"functional-code":{"insertions":535,"deletions":443},"other":{"insertions":5,"deletions":1}}},{"hash":"92f51b84d056c52851e83991455a01f9d85b1f2f","isMergeCommit":false,"messageTitle":"Update sample data on load and storage with fixed ids","messageBody":"","fileTypesAndContributionMap":{"functional-code":{"insertions":19,"deletions":8}}}]},{"date":"2025-10-23T00:00:00","commitResults":[{"hash":"5ad66946884d23b23d59ccc15fdb1827b0a3d411","isMergeCommit":false,"messageTitle":"Update UI and model to separate seniors and caregivers","messageBody":"","fileTypesAndContributionMap":{"functional-code":{"insertions":367,"deletions":99},"other":{"insertions":12,"deletions":13}}},{"hash":"09cc2dbe5c08b403d3ac840fc7f6b403d3d211cf","isMergeCommit":false,"messageTitle":"Update logic and storage for senior and caregiver lists","messageBody":"","fileTypesAndContributionMap":{"functional-code":{"insertions":439,"deletions":91},"other":{"insertions":17,"deletions":17},"test-code":{"insertions":16,"deletions":16}}},{"hash":"34e398c24778dc9760bf344a451ccea2f2255272","isMergeCommit":false,"messageTitle":"Fix add senior and add caregiver commands","messageBody":"","fileTypesAndContributionMap":{"functional-code":{"insertions":180,"deletions":208}}},{"hash":"bda1cdafbd843910c644c6d03fbcff91d4d4162b","isMergeCommit":false,"messageTitle":"Fix assign command","messageBody":"","fileTypesAndContributionMap":{"functional-code":{"insertions":230,"deletions":202}}},{"hash":"9061c558ae4887825fbe235ef0e13dd00a71c9aa","isMergeCommit":false,"messageTitle":"Fix find command","messageBody":"","fileTypesAndContributionMap":{"functional-code":{"insertions":101,"deletions":101}}},{"hash":"f7e3cd8918a80e808647a9cd8877f9e3ee1129ad","isMergeCommit":false,"messageTitle":"Fix PR comments and add logging","messageBody":"","fileTypesAndContributionMap":{"functional-code":{"insertions":13,"deletions":2}}},{"hash":"cfabbc33476dab16a5099e74589a75432263b34a","isMergeCommit":false,"messageTitle":"Fix most test cases","messageBody":"","fileTypesAndContributionMap":{"functional-code":{"insertions":1,"deletions":72},"other":{"insertions":17,"deletions":28},"test-code":{"insertions":868,"deletions":795}}},{"hash":"9aca66b1bd4b8c511d06b3f8ac4864fb45e2e7b0","isMergeCommit":true,"messageTitle":"Fix merge conflicts with fixed id","messageBody":"","fileTypesAndContributionMap":{}},{"hash":"017a1fc1e4abf5837cb8eb73263d2a46607dfa51","isMergeCommit":false,"messageTitle":"Add comment to UniquePersonList","messageBody":"","fileTypesAndContributionMap":{"functional-code":{"insertions":1,"deletions":1}}},{"hash":"c1c83e61b783f4f702d20f3295c0ecd091382afa","isMergeCommit":true,"messageTitle":"Merge branch \u0027master\u0027 into change-indexing-persons","messageBody":"","fileTypesAndContributionMap":{}},{"hash":"43ae31128640ba2b51faf4774354c82899b2e924","isMergeCommit":true,"messageTitle":"Merge pull request #78 from j-os-h-in/change-indexing-persons","messageBody":"Add fixed indexing to Senior and Caregiver","tags":["v1.4"],"fileTypesAndContributionMap":{}}]}],"whchenyicn":[{"date":"2025-09-28T00:00:00","commitResults":[{"hash":"00d9e3e4ce5a6bf49c7fb61fae1a323be979719b","isMergeCommit":false,"messageTitle":"Update AboutUs: add Chen Yilin details","messageBody":"","fileTypesAndContributionMap":{"docs":{"insertions":4,"deletions":4}}},{"hash":"0c3ebcda8dbbb23f49ce48efe00343e190d17e97","isMergeCommit":true,"messageTitle":"Merge pull request #24 from whchenyicn/update-aboutus-whchenyicn","messageBody":"Update AboutUs: add Chen Yilin details","fileTypesAndContributionMap":{}},{"hash":"43df605fbd806c4700001d8a22f17b876cefa7db","isMergeCommit":false,"messageTitle":"DG: update Glossary","messageBody":"","fileTypesAndContributionMap":{"docs":{"insertions":12,"deletions":1}}},{"hash":"8ff525200dc84390af0a5a0330d3d58cece0e2d6","isMergeCommit":true,"messageTitle":"Merge pull request #29 from whchenyicn/update-dg-glossary","messageBody":"DG: update Glossary","fileTypesAndContributionMap":{}}]},{"date":"2025-10-08T00:00:00","commitResults":[{"hash":"81533dbf330f89a1c24f908619fa6d9eb3800b3b","isMergeCommit":false,"messageTitle":"HelpWindow: update USERGUIDE_URL","messageBody":"","fileTypesAndContributionMap":{"functional-code":{"insertions":1,"deletions":1}}}]},{"date":"2025-10-09T00:00:00","commitResults":[{"hash":"7e55e0a7ad8b5003f27647b4f97cfaea6a047a06","isMergeCommit":true,"messageTitle":"Merge pull request #44 from whchenyicn/update-helpwindow-url","messageBody":"HelpWindow: update USERGUIDE_URL","fileTypesAndContributionMap":{}}]},{"date":"2025-10-16T00:00:00","commitResults":[{"hash":"326d949073fba70645b7bd747699abd31ce36f79","isMergeCommit":false,"messageTitle":"Remove AddCommandParser and tests related","messageBody":"","fileTypesAndContributionMap":{"functional-code":{"insertions":0,"deletions":65},"test-code":{"insertions":0,"deletions":445}}},{"hash":"b1f7985c90123cd09584cbc240fa8ba8a9a44fd8","isMergeCommit":false,"messageTitle":"Remove AddCommand and update tests related","messageBody":"","fileTypesAndContributionMap":{"functional-code":{"insertions":0,"deletions":82},"test-code":{"insertions":3,"deletions":19}}},{"hash":"b403c195f91cf51568dbd378d44419b44e4669e3","isMergeCommit":true,"messageTitle":"Merge remote-tracking branch \u0027upstream/master\u0027 into remove-add-command","messageBody":"","fileTypesAndContributionMap":{}},{"hash":"f60599d020291cf860cf4ceaab417bf757f08680","isMergeCommit":true,"messageTitle":"Merge pull request #59 from whchenyicn/remove-add-command","messageBody":"Remove add command","fileTypesAndContributionMap":{}}]},{"date":"2025-10-22T00:00:00","commitResults":[{"hash":"542870911cc98ff11747e5eb4d52457205cdc463","isMergeCommit":false,"messageTitle":"Add UnassignCommand to unassign caregiver from senior","messageBody":"","fileTypesAndContributionMap":{"functional-code":{"insertions":141,"deletions":0}}},{"hash":"dc9b02d0ffff4b514a91626fed8cb0afd557e825","isMergeCommit":false,"messageTitle":"Add UnassignCommandParser and integrate into AddressBookParser","messageBody":"","fileTypesAndContributionMap":{"functional-code":{"insertions":80,"deletions":11}}},{"hash":"d01cd287d054540cd5dca071ccc595728ce5b115","isMergeCommit":false,"messageTitle":"Fix checkstyle issues","messageBody":"","fileTypesAndContributionMap":{"functional-code":{"insertions":12,"deletions":2}}},{"hash":"771767c07fc70d36092ddc81391206584f418c55","isMergeCommit":false,"messageTitle":"Add test cases for Unassign Command and Parser","messageBody":"","fileTypesAndContributionMap":{"test-code":{"insertions":275,"deletions":0}}},{"hash":"1e144588054343f44257099fd8d754ea1edbcdca","isMergeCommit":false,"messageTitle":"Fix checkstyle issues","messageBody":"","fileTypesAndContributionMap":{"test-code":{"insertions":5,"deletions":2}}},{"hash":"79f6e6517e267f6c91b295bec76b8234f858d877","isMergeCommit":false,"messageTitle":"Add test for AddressBookParser","messageBody":"","fileTypesAndContributionMap":{"functional-code":{"insertions":0,"deletions":4},"test-code":{"insertions":8,"deletions":7}}},{"hash":"144adaa74f4641e2f07ffa9240cad2e1def5d4f1","isMergeCommit":false,"messageTitle":"Add tests for UnassignCommand","messageBody":"","fileTypesAndContributionMap":{"test-code":{"insertions":20,"deletions":0}}},{"hash":"a709acc4344507ddf6840155169980008ebbb43f","isMergeCommit":false,"messageTitle":"Fix checkstyle issues","messageBody":"","fileTypesAndContributionMap":{"test-code":{"insertions":12,"deletions":3}}}]},{"date":"2025-10-23T00:00:00","commitResults":[{"hash":"bd432a43b81c377e4d72afc11ed26dd5cd2b2399","isMergeCommit":false,"messageTitle":"Add unassign command to UG","messageBody":"","fileTypesAndContributionMap":{"docs":{"insertions":23,"deletions":11}}},{"hash":"f93fb1eda3afca97205c1b2fa9759a6de5129655","isMergeCommit":true,"messageTitle":"Merge branch \u0027master\u0027 into add-unassign-command","messageBody":"","fileTypesAndContributionMap":{}},{"hash":"b5c899fd3d1663f1cb70c5ac1ee89d38615b46b3","isMergeCommit":false,"messageTitle":"Fix checkstyle issues","messageBody":"","fileTypesAndContributionMap":{"functional-code":{"insertions":1,"deletions":1}}},{"hash":"6a4ccc275f278f4a4f46b8d7200b127c654e4abb","isMergeCommit":false,"messageTitle":"Fix import order","messageBody":"","fileTypesAndContributionMap":{"functional-code":{"insertions":1,"deletions":1}}},{"hash":"56421a97bff47d7a9d32513e5c3cc8de5c0fd6b5","isMergeCommit":true,"messageTitle":"Merge pull request #75 from whchenyicn/add-unassign-command","messageBody":"Add unassign command","fileTypesAndContributionMap":{}},{"hash":"9d539bb9c6b70f9d16bc337d30e6efb369598a85","isMergeCommit":true,"messageTitle":"Merge branch \u0027master\u0027 into branch-unassign-doc","messageBody":"","fileTypesAndContributionMap":{}},{"hash":"c634fdacade823b0fe37764a489b0de48a919516","isMergeCommit":true,"messageTitle":"Merge pull request #80 from whchenyicn/branch-unassign-doc","messageBody":"Branch unassign doc","fileTypesAndContributionMap":{}}]}],"yymeiting":[{"date":"2025-09-28T00:00:00","commitResults":[{"hash":"9129f735218150b2a529bff968df89ed324296fc","isMergeCommit":false,"messageTitle":"Add Mei Ting\u0027s details to About Us","messageBody":"","fileTypesAndContributionMap":{"docs":{"insertions":4,"deletions":4}}},{"hash":"bee813b9d22ec20be07d8fa926c34d33640fc93f","isMergeCommit":true,"messageTitle":"Merge branch \u0027edit-about-us\u0027","messageBody":"","fileTypesAndContributionMap":{}},{"hash":"58645668c1c4560b2375a166c2ebf7ab14f8f897","isMergeCommit":true,"messageTitle":"Merge branch \u0027master\u0027 of https://github.com/yymeiting/tp","messageBody":"","fileTypesAndContributionMap":{}},{"hash":"a6e011b2fa5861abc63af608be18a284afaa4e09","isMergeCommit":true,"messageTitle":"Merge pull request #23 from yymeiting/master","messageBody":"Add Mei Ting description to About Us","fileTypesAndContributionMap":{}},{"hash":"37ce037d7fd07913fc515a295f361abb25f02d3a","isMergeCommit":false,"messageTitle":"Add use cases to DG","messageBody":"","fileTypesAndContributionMap":{"docs":{"insertions":201,"deletions":18}}},{"hash":"cd5dab069a1ffc73c14dbf2afc920014e86771eb","isMergeCommit":true,"messageTitle":"Merge branch \u0027branch-use-cases\u0027","messageBody":"","fileTypesAndContributionMap":{}},{"hash":"1b9e0b54cf873dfe36259167eb41428a54490d25","isMergeCommit":true,"messageTitle":"Merge pull request #34 from yymeiting/master","messageBody":"Add Use Cases into DG","fileTypesAndContributionMap":{}}]},{"date":"2025-10-09T00:00:00","commitResults":[{"hash":"50806193e2ce9727cce72ab693e468f03446728b","isMergeCommit":false,"messageTitle":"Add test case for Caregiver and Elderly","messageBody":"","fileTypesAndContributionMap":{"test-code":{"insertions":100,"deletions":0}}},{"hash":"011853e3cb91bf99f708daac01cb339f12015771","isMergeCommit":false,"messageTitle":"Edit to comply with Checkstyle for ElderlyTest.java","messageBody":"","fileTypesAndContributionMap":{"test-code":{"insertions":4,"deletions":2}}},{"hash":"bc96d6d9e369fddf1196b58fa83b2d2cb5e8e76a","isMergeCommit":true,"messageTitle":"Merge pull request #45 from yymeiting/branch-add-test-cases","messageBody":"Add test case for Caregiver and Elderly","fileTypesAndContributionMap":{}}]},{"date":"2025-10-16T00:00:00","commitResults":[{"hash":"2d45559961a7e8f8acc19970f340ddca7f6aca7e","isMergeCommit":false,"messageTitle":"Add AssignCommand Test case","messageBody":"","fileTypesAndContributionMap":{"test-code":{"insertions":175,"deletions":0}}},{"hash":"b4ec13c81857c8eacac863b386b36e28a42bf4d2","isMergeCommit":false,"messageTitle":"Correct CheckStyle","messageBody":"","fileTypesAndContributionMap":{"test-code":{"insertions":36,"deletions":20}}},{"hash":"4cb311b975d18496ac062694724682c7e34095f0","isMergeCommit":false,"messageTitle":"Improve CheckStyle","messageBody":"","fileTypesAndContributionMap":{"test-code":{"insertions":22,"deletions":21}}},{"hash":"f2a92c307319839cd1640dff8a5fa29ca8114c37","isMergeCommit":false,"messageTitle":"Improve CheckStyle","messageBody":"","fileTypesAndContributionMap":{"test-code":{"insertions":3,"deletions":3}}},{"hash":"89ae16f360cf7bff124a8a0db2479357caf4eae8","isMergeCommit":false,"messageTitle":"Improve CheckStyle","messageBody":"","fileTypesAndContributionMap":{"test-code":{"insertions":2,"deletions":3}}}]},{"date":"2025-10-23T00:00:00","commitResults":[{"hash":"6f4c5589613dbab4e444410e5b6cb6c634a715ac","isMergeCommit":false,"messageTitle":"Implement Pin and Unpin Commands","messageBody":"","fileTypesAndContributionMap":{"functional-code":{"insertions":309,"deletions":12}}},{"hash":"147f6bceac4e4798ebb720909b137b1b72b88490","isMergeCommit":false,"messageTitle":"Improve CheckStyle","messageBody":"","fileTypesAndContributionMap":{"docs":{"insertions":10,"deletions":10}}},{"hash":"c13fc1030255a568fab52ce7ddbd8eef8e1024f2","isMergeCommit":false,"messageTitle":"Improve Check","messageBody":"","fileTypesAndContributionMap":{"functional-code":{"insertions":1,"deletions":1}}},{"hash":"ecd98402b4a30eaee6bf2e8026e9a10133ea03c8","isMergeCommit":false,"messageTitle":"Improve CheckStyle","messageBody":"","fileTypesAndContributionMap":{"functional-code":{"insertions":30,"deletions":11}}},{"hash":"54d59acb6e24cf7b0b8af60cdfe2c7fbb1108e8b","isMergeCommit":false,"messageTitle":"Improve CheckStyle","messageBody":"","fileTypesAndContributionMap":{"functional-code":{"insertions":18,"deletions":4}}},{"hash":"37003c24bef2dc975661a5f19fb7c855a1bc5eca","isMergeCommit":false,"messageTitle":"Improve CheckStyle","messageBody":"","fileTypesAndContributionMap":{"functional-code":{"insertions":2,"deletions":4}}},{"hash":"f5c0823cddeb804642d989d686552689d008dee0","isMergeCommit":false,"messageTitle":"Improve CheckStyle","messageBody":"","fileTypesAndContributionMap":{"functional-code":{"insertions":1,"deletions":0}}},{"hash":"d64e35262147a98af5a4d45d0d02d5ed9c9fbe79","isMergeCommit":false,"messageTitle":"Improve CheckStyle","messageBody":"","fileTypesAndContributionMap":{"functional-code":{"insertions":1,"deletions":2}}},{"hash":"8ca1f95d2b4ee226bb815a9ff3433047b1315700","isMergeCommit":false,"messageTitle":"Improve CheckStyle","messageBody":"","fileTypesAndContributionMap":{"functional-code":{"insertions":34,"deletions":7}}},{"hash":"22ce3b41f447034e7f63e8abe06bd30a740f07af","isMergeCommit":false,"messageTitle":"Add PinCommandTest.java","messageBody":"","fileTypesAndContributionMap":{"functional-code":{"insertions":5,"deletions":0},"test-code":{"insertions":176,"deletions":0}}},{"hash":"eb0c014b3a515dabeeb4a8942ba9291dbc815a03","isMergeCommit":false,"messageTitle":"Improve CheckStyle","messageBody":"","fileTypesAndContributionMap":{"test-code":{"insertions":10,"deletions":5}}},{"hash":"c4695c4560c3dbc71d8d9b871947dd485b1f468c","isMergeCommit":false,"messageTitle":"Improve CheckStyle","messageBody":"","fileTypesAndContributionMap":{"test-code":{"insertions":1,"deletions":1}}},{"hash":"6dd74e19504a45260cd04456f83f4dfec8c0fa95","isMergeCommit":false,"messageTitle":"Improve CheckStyle","messageBody":"","fileTypesAndContributionMap":{"test-code":{"insertions":9,"deletions":3}}},{"hash":"b3eee09761b7a21b10b2a7e1f73a33dbd79e82cb","isMergeCommit":false,"messageTitle":"Improve CheckStyle","messageBody":"","fileTypesAndContributionMap":{"test-code":{"insertions":2,"deletions":2}}},{"hash":"3ddb0d8135de13cda1818474316d989c586fe358","isMergeCommit":false,"messageTitle":"Add use cases for pin and unpin to DG","messageBody":"","fileTypesAndContributionMap":{"docs":{"insertions":68,"deletions":0}}},{"hash":"5161029f722df1e07b12cf43bbf66e092eb9e3c6","isMergeCommit":true,"messageTitle":"Merge pull request #81 from yymeiting/branch-add-pin-unpin-command","messageBody":"Implement Pin and Unpin Commands","fileTypesAndContributionMap":{}},{"hash":"a5820eb54e1ccc5e7e0aa9b4ab0b053d4996cde5","isMergeCommit":true,"messageTitle":"Merge branch \u0027master\u0027 into branch-update-DG-pin-unpin-command","messageBody":"","fileTypesAndContributionMap":{}},{"hash":"a88f675c99a5823c1e5d87018d794c7f1d75ae13","isMergeCommit":true,"messageTitle":"Merge pull request #83 from yymeiting/branch-update-DG-pin-unpin-command","messageBody":"Branch update dg pin unpin command","fileTypesAndContributionMap":{}}]}]},"authorFileTypeContributionMap":{"Gracesong146":{"docs":35,"functional-code":1259,"test-code":488},"weihan-01":{"docs":11,"functional-code":222,"test-code":19},"j-os-h-in":{"docs":334,"functional-code":1411,"test-code":810,"other":5},"whchenyicn":{"docs":22,"functional-code":188,"test-code":308},"yymeiting":{"docs":246,"functional-code":332,"test-code":455}},"authorContributionVariance":{"Gracesong146":60140.87,"weihan-01":2352.4348,"j-os-h-in":403912.5,"whchenyicn":17361.406,"yymeiting":16484.473},"authorDisplayNameMap":{"Gracesong146":"CS2103-F13-4 GRAC..SONG","weihan-01":"CS2103-F13-4 TAN .. HAN","j-os-h-in":"CS2103-F13-4 TAN ..SHIN","whchenyicn":"CS2103-F13-4 CHEN..ILIN","yymeiting":"CS2103-F13-4 YAP ..TING"}}
