{"authorDailyContributionsMap":{"Gracesong146":[{"date":"2025-09-28T00:00:00","commitResults":[{"hash":"1483e213ba836c3dacac1853825eda2c62c29de9","isMergeCommit":false,"messageTitle":"Add Grace\u0027s details to About Us","messageBody":"","fileTypesAndContributionMap":{"docs":{"insertions":6,"deletions":6}}},{"hash":"2a4d1d8190cdd7f7282066c58f4c70b9a1d8f8fb","isMergeCommit":true,"messageTitle":"Merge pull request #22 from Gracesong146/branch-add-about-us","messageBody":"Add Grace\u0027s details to About Us","fileTypesAndContributionMap":{}},{"hash":"b0d2e8416c87a60d44783bd63858f58a2d8b8b50","isMergeCommit":false,"messageTitle":"Edit readme page","messageBody":"","fileTypesAndContributionMap":{"docs":{"insertions":9,"deletions":10}}},{"hash":"58d0523cc7b52109c7e616727bab3bf2cba840f9","isMergeCommit":false,"messageTitle":"Add line at eof for readme.md","messageBody":"","fileTypesAndContributionMap":{"docs":{"insertions":1,"deletions":1}}},{"hash":"09bf35c16ad1917d92a87ee8cff7b692319c4b50","isMergeCommit":true,"messageTitle":"Merge pull request #32 from Gracesong146/branch-edit-readme","messageBody":"Edit readme page","fileTypesAndContributionMap":{}}]},{"date":"2025-10-05T00:00:00","commitResults":[{"hash":"7c8c6ded78a18e586f11af1c5523e041f504237a","isMergeCommit":true,"messageTitle":"Merge pull request #38 from j-os-h-in/update-model-elderly-caregiver","messageBody":"Update model elderly caregiver","fileTypesAndContributionMap":{}},{"hash":"272ec99c7f4319d2a4de6fff52469702227e6254","isMergeCommit":false,"messageTitle":"Add basic AddSeniorCommand without full implementation","messageBody":"","fileTypesAndContributionMap":{"functional-code":{"insertions":8,"deletions":0},"other":{"insertions":0,"deletions":0}}},{"hash":"080ce622a3c3c091058a9f70948654292db4b61e","isMergeCommit":false,"messageTitle":"Add add-snr command \u0026 parser","messageBody":"Adds AddSeniorCommand and AddSeniorCommandParser.\n- Risk accepts High/Medium/Low Risk or HR/MR/LR; stored as Tag HR|MR|LR\n","fileTypesAndContributionMap":{"functional-code":{"insertions":229,"deletions":5}}},{"hash":"d663b5f1d0564887a9c9f69853fc6a60fb0a235e","isMergeCommit":false,"messageTitle":"Add add-cgr command \u0026 parser","messageBody":"Adds AddCaregiverCommand and AddCaregiverCommandParser.\n","fileTypesAndContributionMap":{"functional-code":{"insertions":157,"deletions":6}}}]},{"date":"2025-10-06T00:00:00","commitResults":[{"hash":"3619fae3eb0f1b2d69262473cac10b21f990a291","isMergeCommit":false,"messageTitle":"Add seniors/caregivers with risk tags \u0026 auto caregiver IDs","messageBody":"Logic / Commands\n- Edit AddCaregiverCommand (add-cgr) to auto-assigns a caregiver ID (cN) at execute() time.\nModel\n- AddressBook now tracks a persistent caregiverSeq with getCaregiverSeq()/setCaregiverSeq(int)\n- Model API: added String allocateCaregiverId(); implemented in ModelManager to call addressBook.nextCaregiverId().\nStorage\n- JsonAdaptedPerson now persists:\n   - role discriminator: \u0027SENIOR\u0027 | \u0027CAREGIVER\u0027 | \u0027PERSON\u0027\n   - risk list for seniors (e.g., [\u0027HR\u0027])\n   - caregiverId for caregivers (e.g., \u0027c10\u0027)\n- Updated JsonAdaptedPersonTest to the new constructor shape and validations.\nUI\n- Edited PersonCard.java to render risk chips (tags) for Seniors (HR/MR/LR) and caregiver ID chip (cN) for Caregivers\n- Darktheme.CSS: .chip-hr (red), .chip-mr (orange), .chip-lr (yellow) for HR MR LR\n\nNOTE: REMOVED ALL EMAIL FUNCTIONS, CODES, AND CLASSES\n","fileTypesAndContributionMap":{"functional-code":{"insertions":479,"deletions":340},"test-code":{"insertions":27,"deletions":120}}},{"hash":"8c8ee111f6a608df1e30833944914d8c5a272ca3","isMergeCommit":false,"messageTitle":"Fix caregiverId auto-allocation","messageBody":"","fileTypesAndContributionMap":{"functional-code":{"insertions":3,"deletions":1}}},{"hash":"dbdd3c2d6659446f563f24e740b08461dc8caa0f","isMergeCommit":false,"messageTitle":"Update src/main/java/seedu/address/logic/parser/AddSeniorCommandParser.java","messageBody":"Co-authored-by: Copilot \u003c175728472+Copilot@users.noreply.github.com\u003e","fileTypesAndContributionMap":{"functional-code":{"insertions":0,"deletions":31}}},{"hash":"e15076dc986af8c3f30a257fe1b048bcbf9ee95c","isMergeCommit":false,"messageTitle":"Update src/main/java/seedu/address/model/Model.java","messageBody":"Co-authored-by: Copilot \u003c175728472+Copilot@users.noreply.github.com\u003e","fileTypesAndContributionMap":{"functional-code":{"insertions":0,"deletions":3}}},{"hash":"c02529958d273752d13f1032b244f69303182b53","isMergeCommit":false,"messageTitle":"Populate SampleDataUtil with appropriate data","messageBody":"","fileTypesAndContributionMap":{"functional-code":{"insertions":45,"deletions":44}}},{"hash":"b0cf2445304c77e7cc26a6626c7da055a454fa6e","isMergeCommit":false,"messageTitle":"Fix checkstyle","messageBody":"","fileTypesAndContributionMap":{"functional-code":{"insertions":103,"deletions":68}}},{"hash":"a5807e6024e151fc8edda0e7aa4aeb96e06d7e19","isMergeCommit":false,"messageTitle":"Fix checkstyle EOF line and extra whitespace","messageBody":"","fileTypesAndContributionMap":{"functional-code":{"insertions":1,"deletions":1},"docs":{"insertions":1,"deletions":1},"test-code":{"insertions":16,"deletions":63}}}]},{"date":"2025-10-09T00:00:00","commitResults":[{"hash":"23a9f92ddcdefa0b9e2db245a3b52588915eb41c","isMergeCommit":true,"messageTitle":"Merge pull request #42 from Gracesong146/edit-add-commands","messageBody":"Add caregiver and elderly command","fileTypesAndContributionMap":{}}]},{"date":"2025-10-16T00:00:00","commitResults":[{"hash":"71a83b531663aa515782705ee607c7637f647f05","isMergeCommit":false,"messageTitle":"Add tags in the UI for assigned caregiver and seniors","messageBody":"Person cards now display relationship chips:\n","fileTypesAndContributionMap":{"functional-code":{"insertions":200,"deletions":8}}},{"hash":"9729e1201f78d29d3da9bd6c2c4a024b60ad17a3","isMergeCommit":false,"messageTitle":"Fix storage: make caregiver/senior tags persist (tags stay after restart)","messageBody":"Edited JsonAdaptedPersonTest.java accordingly as well\n","fileTypesAndContributionMap":{"functional-code":{"insertions":70,"deletions":2},"test-code":{"insertions":10,"deletions":7}}},{"hash":"7a5c09447432a0f316e3b3c9aee698bdafdad474","isMergeCommit":false,"messageTitle":"Fix AddCommandTest.java","messageBody":"","fileTypesAndContributionMap":{"functional-code":{"insertions":9,"deletions":6},"test-code":{"insertions":13,"deletions":0}}},{"hash":"f06d98b48a630860b92490a4aea7b5c06d18815b","isMergeCommit":true,"messageTitle":"Merge pull request #57 from Gracesong146/branch-assign-ui","messageBody":"Add tags in the UI for assigned caregiver and seniors","fileTypesAndContributionMap":{}},{"hash":"5b043b766559189ef5f812cc585372675210e5c0","isMergeCommit":false,"messageTitle":"Update risktag UI from HR MR LR to High Risk","messageBody":"","fileTypesAndContributionMap":{"functional-code":{"insertions":18,"deletions":1}}},{"hash":"ec2f278b62e1cda73fe3576f1d55d5d3b20a31f5","isMergeCommit":true,"messageTitle":"Merge pull request #62 from Gracesong146/branch-rename-risktags","messageBody":"Update risktag UI from HR MR LR to High Risk","fileTypesAndContributionMap":{}}]},{"date":"2025-10-21T00:00:00","commitResults":[{"hash":"cfdcbe16aaec61843c40d9035daf97062adc4481","isMergeCommit":false,"messageTitle":"Add filter command and its parser","messageBody":"","fileTypesAndContributionMap":{"functional-code":{"insertions":151,"deletions":1}}},{"hash":"3e2699f025e714b5fcf6feb1ea0b788eb903e572","isMergeCommit":false,"messageTitle":"Limit filter command to only lr mr hr LR MR HR","messageBody":"","fileTypesAndContributionMap":{"functional-code":{"insertions":13,"deletions":7}}},{"hash":"8b5f16c9bf2e18355eb365ba5038fbe39e1690b4","isMergeCommit":false,"messageTitle":"Add test files for AddCommand, AddCommandParser, PersonHasAnyTagPredicate with Builders","messageBody":"","fileTypesAndContributionMap":{"functional-code":{"insertions":13,"deletions":5},"test-code":{"insertions":355,"deletions":0}}},{"hash":"3625ee418f31a60cd10aa6c048a1e6c47562ed5d","isMergeCommit":false,"messageTitle":"Fix checkstyle","messageBody":"","fileTypesAndContributionMap":{"test-code":{"insertions":52,"deletions":21}}},{"hash":"9d1c2db87913f29b271a1ff8fdee114b9b691b08","isMergeCommit":false,"messageTitle":"Add filter command in Dev Guide","messageBody":"","fileTypesAndContributionMap":{"docs":{"insertions":44,"deletions":0}}},{"hash":"547bd1ce6600ca09aeb7abeced7ea2f401b02033","isMergeCommit":false,"messageTitle":"Edit user guide","messageBody":"","fileTypesAndContributionMap":{"docs":{"insertions":18,"deletions":0}}}]},{"date":"2025-10-22T00:00:00","commitResults":[{"hash":"acf69ae0abecafa524f2334f2fc0b9e8a1e6151d","isMergeCommit":false,"messageTitle":"Add caregiverId in model puml file","messageBody":"","fileTypesAndContributionMap":{"docs":{"insertions":2,"deletions":0}}},{"hash":"c7a3c2590f5f3bf49a7a46803871e3e4bd13675e","isMergeCommit":false,"messageTitle":"Add testcases","messageBody":"","fileTypesAndContributionMap":{"test-code":{"insertions":52,"deletions":0}}}]},{"date":"2025-10-23T00:00:00","commitResults":[{"hash":"931880a9a7a9520c8ce5da48af6c2ce5085b180d","isMergeCommit":false,"messageTitle":"Add testcase for PersonHasAnyTagPredicate.java","messageBody":"","fileTypesAndContributionMap":{"test-code":{"insertions":14,"deletions":0}}},{"hash":"a32262ab793ba4cbaa552cd90f51e07022cee491","isMergeCommit":false,"messageTitle":"Add testcase for PersonHasAnyTagPredicate.java","messageBody":"","fileTypesAndContributionMap":{"test-code":{"insertions":19,"deletions":0}}},{"hash":"b58d80bd7a90ccef611b336992ad08f9853ee8da","isMergeCommit":false,"messageTitle":"Add more testcase for PersonHasAnyTagPredicate.java","messageBody":"","fileTypesAndContributionMap":{"functional-code":{"insertions":1,"deletions":1},"test-code":{"insertions":21,"deletions":0}}},{"hash":"5ac2a156e2520397143593ef291ee0b15c31befc","isMergeCommit":false,"messageTitle":"Add note in puml file","messageBody":"","fileTypesAndContributionMap":{"docs":{"insertions":3,"deletions":1}}},{"hash":"4947f78e930bc7b9ac1436a67ebb011879266054","isMergeCommit":true,"messageTitle":"Merge pull request #73 from Gracesong146/branch-filter-doc","messageBody":"Add filter command in Dev Guide","fileTypesAndContributionMap":{}},{"hash":"9467e30b10a0e70da6e7a6e841f8d36b539876f2","isMergeCommit":true,"messageTitle":"Merge branch \u0027master\u0027 into branch-filter-command","messageBody":"","fileTypesAndContributionMap":{}},{"hash":"ad1c0a2d158e51eab59b20be2b9138301dd666a1","isMergeCommit":false,"messageTitle":"Remove trailing whitespace","messageBody":"","fileTypesAndContributionMap":{"functional-code":{"insertions":1,"deletions":1}}},{"hash":"f34b84cc2d836b56a431067be9e630dca56109b3","isMergeCommit":true,"messageTitle":"Merge branch \u0027master\u0027 into branch-filter-command","messageBody":"","fileTypesAndContributionMap":{}},{"hash":"bfde2489453973b3ae3622c3a9560f547b33c3be","isMergeCommit":true,"messageTitle":"Merge pull request #70 from Gracesong146/branch-filter-command","messageBody":"Add filter command and its parser","fileTypesAndContributionMap":{}},{"hash":"5e89589f04b8c8e5c09177865852389d36c88d91","isMergeCommit":true,"messageTitle":"Merge pull request #77 from weihan-01/branch-fix-delete","messageBody":"Fix delete command","fileTypesAndContributionMap":{}}]},{"date":"2025-10-25T00:00:00","commitResults":[{"hash":"0cde132a4efcf1ad190eda68a5577d6a160a5625","isMergeCommit":false,"messageTitle":"Edit pin command and parser to only pin one person","messageBody":"","fileTypesAndContributionMap":{"functional-code":{"insertions":33,"deletions":14}}},{"hash":"c3701ae702195336fabbb38e0ed4fb53290b6d2d","isMergeCommit":false,"messageTitle":"Edit unpin command to unpin only one person or both","messageBody":"","fileTypesAndContributionMap":{"functional-code":{"insertions":109,"deletions":19}}},{"hash":"31a25424bd4356dbee1e27d7854aef6ac6effd84","isMergeCommit":false,"messageTitle":"Make pinned person(s) stay at the top","messageBody":"","fileTypesAndContributionMap":{"functional-code":{"insertions":82,"deletions":14}}},{"hash":"1764628a35ec890ab73e9a8898411d8904be12e9","isMergeCommit":false,"messageTitle":"Fix the UI of the pinned person","messageBody":"","fileTypesAndContributionMap":{"functional-code":{"insertions":36,"deletions":38}}},{"hash":"427ab4282950b9451b76696f7b06c8c957c182af","isMergeCommit":false,"messageTitle":"Remove red border and add scrolling for long cards","messageBody":"","fileTypesAndContributionMap":{"functional-code":{"insertions":32,"deletions":29}}}]},{"date":"2025-10-27T00:00:00","commitResults":[{"hash":"4813e4f5607cbae4516fc15cfbb44e36bfb43dd6","isMergeCommit":false,"messageTitle":"Change color of pinned person card","messageBody":"","fileTypesAndContributionMap":{"functional-code":{"insertions":49,"deletions":6}}},{"hash":"e5e8d98765ea2bb727e2609464d65d5fa680b5ea","isMergeCommit":false,"messageTitle":"Set minimum width size","messageBody":"","fileTypesAndContributionMap":{"functional-code":{"insertions":14,"deletions":2}}},{"hash":"ad1768297f09d54dba6e8175100fa075a39cfc9f","isMergeCommit":true,"messageTitle":"Merge pull request #112 from AY2526S1-CS2103-F13-4/branch-fix-size","messageBody":"Set minimum width size","fileTypesAndContributionMap":{}},{"hash":"8d461207c2dd504ce5e9ba3bc5f40477044ef659","isMergeCommit":false,"messageTitle":"Add pinned boolean and getter functions along with ripple changes","messageBody":"","fileTypesAndContributionMap":{"functional-code":{"insertions":151,"deletions":137}}}]},{"date":"2025-10-28T00:00:00","commitResults":[{"hash":"9743aac195c636f52e7dc7045908b5fe271ae060","isMergeCommit":false,"messageTitle":"Add pin icon","messageBody":"","fileTypesAndContributionMap":{"functional-code":{"insertions":126,"deletions":164}}},{"hash":"a93801fe9d109917e20d69e4ed73aa189c03e85a","isMergeCommit":false,"messageTitle":"Remove displayedIndex field from cards","messageBody":"","fileTypesAndContributionMap":{"functional-code":{"insertions":4,"deletions":4}}},{"hash":"b83ccdd1d240f82af474d173cd07d85f155023d7","isMergeCommit":false,"messageTitle":"Add javadoc comments for functions","messageBody":"","fileTypesAndContributionMap":{"functional-code":{"insertions":144,"deletions":12}}},{"hash":"21c523f55863276323079691eefce2db0d35ed75","isMergeCommit":true,"messageTitle":"Merge pull request #110 from AY2526S1-CS2103-F13-4/branch-pin-only-one","messageBody":"Edit pin and unpin commands and UI","fileTypesAndContributionMap":{}},{"hash":"1f43b03efa7fde81eaa29eb839c3cbb3f60c8915","isMergeCommit":false,"messageTitle":"Fix assign to pinned Caregivers","messageBody":"","fileTypesAndContributionMap":{"functional-code":{"insertions":5,"deletions":1}}},{"hash":"4cca703a122c8b843ab13e9212bf2e04b1fb13e2","isMergeCommit":true,"messageTitle":"Merge pull request #114 from AY2526S1-CS2103-F13-4/branch-fix-pinned-chip","messageBody":"Fix assign to pinned Caregivers","fileTypesAndContributionMap":{}},{"hash":"fe808d12b9e5d0c0463ce5ea0aca05b7f45b2139","isMergeCommit":false,"messageTitle":"Update logic component for DG and PUML files","messageBody":"","fileTypesAndContributionMap":{"docs":{"insertions":13,"deletions":11}}},{"hash":"e0015a61f1ce652e4b896b3071d5388a710c4ab2","isMergeCommit":true,"messageTitle":"Merge pull request #117 from AY2526S1-CS2103-F13-4/branch-dg-logic","messageBody":"Update logic component for DG and PUML files","fileTypesAndContributionMap":{}}]},{"date":"2025-10-29T00:00:00","commitResults":[{"hash":"e9705e06c9433b857636edc7016995b5cc3f8f0f","isMergeCommit":true,"messageTitle":"Merge pull request #126 from weihan-01/branch-fix-edit","messageBody":"","fileTypesAndContributionMap":{}}]},{"date":"2025-10-30T00:00:00","commitResults":[{"hash":"bec68865048a43a70f42f4dc9184b711d25ab562","isMergeCommit":false,"messageTitle":"Fix add duplicate name comment","messageBody":"","fileTypesAndContributionMap":{"functional-code":{"insertions":2,"deletions":2}}},{"hash":"1882bc7badaa9eba4e4855f98c8540e07762f97c","isMergeCommit":true,"messageTitle":"Merge pull request #165 from AY2526S1-CS2103-F13-4/branch-fix-comment","messageBody":"Fix add duplicate name comment","fileTypesAndContributionMap":{}},{"hash":"9fea2f988f5b307d801c5b14d0bd68aa7b90c91e","isMergeCommit":false,"messageTitle":"Replace userguide images","messageBody":"","fileTypesAndContributionMap":{"docs":{"insertions":1,"deletions":1}}},{"hash":"c542e1bc8bdd541f31819b9cd46bc8c6838a281c","isMergeCommit":true,"messageTitle":"Merge pull request #169 from AY2526S1-CS2103-F13-4/branch-replace-image","messageBody":"Replace UserGuide images for pin unpin and find commands","fileTypesAndContributionMap":{}}]},{"date":"2025-10-31T00:00:00","commitResults":[{"hash":"e44fddd56d34416027ec2e4d64c0ded2edc8ea9d","isMergeCommit":false,"messageTitle":"Edit Developer Guide and puml diagrams","messageBody":"","fileTypesAndContributionMap":{"docs":{"insertions":108,"deletions":39}}},{"hash":"a439a35c65ff9a115345574f5155064161c3b2ef","isMergeCommit":false,"messageTitle":"Edit User Guide","messageBody":"","fileTypesAndContributionMap":{"docs":{"insertions":4,"deletions":4}}},{"hash":"25c53f13a7c2d3f9b062ff014d264f742381085d","isMergeCommit":true,"messageTitle":"Merge pull request #184 from AY2526S1-CS2103-F13-4/branch-edit-devguide","messageBody":"Edit Developer Guide, User Guide, and PUML files","fileTypesAndContributionMap":{}},{"hash":"31a2eef5af6434968a7775a638b7bf975f8cb39c","isMergeCommit":false,"messageTitle":"Edit UG and DG","messageBody":"","fileTypesAndContributionMap":{"docs":{"insertions":30,"deletions":32}}},{"hash":"c605331d09e966326e3e0afde0ae620e5af715ae","isMergeCommit":true,"messageTitle":"Merge pull request #186 from AY2526S1-CS2103-F13-4/branch-edit-dgug","messageBody":"Edit UG and DG","tags":["v1.5.1"],"fileTypesAndContributionMap":{}}]},{"date":"2025-11-01T00:00:00","commitResults":[{"hash":"13576b76480a764ca50525cb3404d07abd6ef9ad","isMergeCommit":false,"messageTitle":"Add Grace\u0027s Project Portfolio Page","messageBody":"","fileTypesAndContributionMap":{"docs":{"insertions":173,"deletions":0}}},{"hash":"b55b0dad16cdc4eebe775c4ee57a47c485bb1049","isMergeCommit":true,"messageTitle":"Merge pull request #264 from AY2526S1-CS2103-F13-4/branch-readme-grace","messageBody":"Add Grace\u0027s Project Portfolio Page","fileTypesAndContributionMap":{}},{"hash":"267d2037e2f630713097fcfed2a1d117ab7adb41","isMergeCommit":false,"messageTitle":"Update gracesong.md","messageBody":"","fileTypesAndContributionMap":{"docs":{"insertions":2,"deletions":1}}},{"hash":"98990d4e425af0d71040468b41e6e569299c582b","isMergeCommit":false,"messageTitle":"Rename gracesong.md to gracesong146.md","messageBody":"","fileTypesAndContributionMap":{"docs":{"insertions":0,"deletions":0}}}]}],"weihan-01":[{"date":"2025-09-28T00:00:00","commitResults":[{"hash":"9e0f8b7a0aac185f14db0dc9d0dbc03ef1c30e66","isMergeCommit":false,"messageTitle":"add wei han photo","messageBody":"","fileTypesAndContributionMap":{"docs":{"insertions":4,"deletions":4}}},{"hash":"4c7e6cc3829f82f6e44884c0e410a6156eff87c9","isMergeCommit":false,"messageTitle":"add wei han photo","messageBody":"","fileTypesAndContributionMap":{"docs":{"insertions":2,"deletions":1}}},{"hash":"1a9e9c7f179d1548e48f97c27fa1242d088e1e37","isMergeCommit":false,"messageTitle":"add wei han description","messageBody":"","fileTypesAndContributionMap":{"docs":{"insertions":1,"deletions":1}}},{"hash":"e58e3c14e82e8c51719a319540f1cb1fd8fd05aa","isMergeCommit":true,"messageTitle":"Merge pull request #19 from weihan-01/branch-add-weihan-description","messageBody":"Add weihan description to about us","fileTypesAndContributionMap":{}},{"hash":"47be42fc4784ed792c0e3d955fbd32e8f6b6f2bb","isMergeCommit":false,"messageTitle":"write the non functional requirements of the project for the developer guide","messageBody":"","fileTypesAndContributionMap":{"docs":{"insertions":8,"deletions":1}}},{"hash":"9173ba76012e6b7acc67f618cb0df6e94268670d","isMergeCommit":true,"messageTitle":"Merge pull request #27 from weihan-01/write-non-functional-requirements","messageBody":"Write the non functional requirements for the developer guide","fileTypesAndContributionMap":{}}]},{"date":"2025-10-09T00:00:00","commitResults":[{"hash":"1406fae6a7dddb150fac142fadf3a8185508fc4e","isMergeCommit":false,"messageTitle":"add assign command file","messageBody":"","fileTypesAndContributionMap":{"functional-code":{"insertions":3,"deletions":0}}},{"hash":"90bb4e6667ec926b506d46d2aab2b78514bd15f0","isMergeCommit":true,"messageTitle":"Merge pull request #51 from weihan-01/branch-dummy2","messageBody":"Add assign command file","fileTypesAndContributionMap":{}}]},{"date":"2025-10-13T00:00:00","commitResults":[{"hash":"847f3d457cc1bda2beef18336f0728301fa24ceb","isMergeCommit":false,"messageTitle":"implemented the assign command feature","messageBody":"","fileTypesAndContributionMap":{"functional-code":{"insertions":254,"deletions":5}}},{"hash":"f6e4dfae73011842fcb2653c261f79125a33d843","isMergeCommit":false,"messageTitle":"edit comments","messageBody":"","fileTypesAndContributionMap":{"functional-code":{"insertions":1,"deletions":1}}},{"hash":"bb180426c9e6c180fd3233cbc3b91350bedfd5c1","isMergeCommit":false,"messageTitle":"fix checkstyle issues","messageBody":"","fileTypesAndContributionMap":{"functional-code":{"insertions":11,"deletions":21}}},{"hash":"0a4a68d80ec414e82f9f2846aa198031853cbceb","isMergeCommit":true,"messageTitle":"Merge pull request #54 from weihan-01/branch-complete-assign-command","messageBody":"Implement assign command","fileTypesAndContributionMap":{}}]},{"date":"2025-10-16T00:00:00","commitResults":[{"hash":"0db8b784d75cd2258585ae26107cc61926638c68","isMergeCommit":false,"messageTitle":"fix checkstyle","messageBody":"","fileTypesAndContributionMap":{"functional-code":{"insertions":3,"deletions":2}}},{"hash":"5f500fe3da8cde8c5f4a0f4d4aefb5b0f57e8e80","isMergeCommit":false,"messageTitle":"fix elderly and caregiver test issues","messageBody":"","fileTypesAndContributionMap":{"test-code":{"insertions":24,"deletions":17}}},{"hash":"cf974afc172442b2ad32f7077e261916b6acd5a2","isMergeCommit":false,"messageTitle":"fix some issues related to the deleted email class","messageBody":"","fileTypesAndContributionMap":{"functional-code":{"insertions":1,"deletions":2},"test-code":{"insertions":20,"deletions":31}}},{"hash":"aa93be4c3396a851d5b3836f0a2324e5a6b0b323","isMergeCommit":true,"messageTitle":"Merge pull request #64 from weihan-01/branch-fix-tests","messageBody":"Fix Senior and Caregiver tests","fileTypesAndContributionMap":{}}]},{"date":"2025-10-22T00:00:00","commitResults":[{"hash":"b42fabc7f1c80f220315c974c54d0f1ee15345ed","isMergeCommit":false,"messageTitle":"edit delete command such that the caregiver is actually removed from the senior attribute other than just being removed from person list","messageBody":"","fileTypesAndContributionMap":{"functional-code":{"insertions":12,"deletions":0}}}]},{"date":"2025-10-29T00:00:00","commitResults":[{"hash":"7ba05d0d1e81a9158c539e11045af33d38f9a5a3","isMergeCommit":false,"messageTitle":"shift the editperson descriptor to its own class for more convenient usage","messageBody":"","fileTypesAndContributionMap":{"functional-code":{"insertions":53,"deletions":0}}},{"hash":"2103308c2872de18ec43fdb538cf4dec69bf0fdc","isMergeCommit":false,"messageTitle":"change person class such that we now use generics","messageBody":"","fileTypesAndContributionMap":{"functional-code":{"insertions":23,"deletions":9}}},{"hash":"dd183b9fd644826aba66faa6d8fc3472308dee41","isMergeCommit":false,"messageTitle":"edit senior and caregiver class such that we implement edit within them","messageBody":"","fileTypesAndContributionMap":{"functional-code":{"insertions":58,"deletions":2}}},{"hash":"e4d3ef5f23c2e6bb81cd6fc8a0989ec8048ca037","isMergeCommit":false,"messageTitle":"edits to edit command to call the \u0027persons\u0027 internal edit function instead","messageBody":"","fileTypesAndContributionMap":{"functional-code":{"insertions":113,"deletions":237}}},{"hash":"062d6a90f9170b52f2173ab9ffca9168de84ebd4","isMergeCommit":false,"messageTitle":"fix checkstyle","messageBody":"","fileTypesAndContributionMap":{"functional-code":{"insertions":70,"deletions":28}}},{"hash":"cd2f9d69bd9dca7872f081464eddfd4feba3e4a3","isMergeCommit":false,"messageTitle":"add edit command to address book parser","messageBody":"","fileTypesAndContributionMap":{"functional-code":{"insertions":4,"deletions":0}}},{"hash":"5ffa6dec7a552c9e072d7d025caf1c8c0633665b","isMergeCommit":false,"messageTitle":"change logic and fix checkstyle","messageBody":"","fileTypesAndContributionMap":{"functional-code":{"insertions":147,"deletions":107}}}]},{"date":"2025-10-30T00:00:00","commitResults":[{"hash":"a9e12ec27856b5bc184c4bf8d4c1a31fc6ef38dc","isMergeCommit":false,"messageTitle":"remove the parts on the email in CliSyntax and the uses in CommandTestUtil","messageBody":"","fileTypesAndContributionMap":{"functional-code":{"insertions":0,"deletions":1},"test-code":{"insertions":0,"deletions":4}}},{"hash":"d204936c4692b17d822a86afc997d1f55399684e","isMergeCommit":false,"messageTitle":"update user guide on edit and command summary on edit","messageBody":"","fileTypesAndContributionMap":{"docs":{"insertions":6,"deletions":4}}},{"hash":"9dfd9e92f3fe96b89095f28a9f0e53ca98e554ef","isMergeCommit":true,"messageTitle":"Merge pull request #148 from weihan-01/branch-command-summary-edit","messageBody":"Update User Guide on Command Summary (Edit Command)","fileTypesAndContributionMap":{}},{"hash":"0f10e901c2237160ab2c21262de54c05859cb836","isMergeCommit":true,"messageTitle":"Merge pull request #145 from weihan-01/branch-remove-email","messageBody":"Remove e/ in clisyntax","fileTypesAndContributionMap":{}},{"hash":"274a035d0eaeebee87dd3842c8b1deb88348004e","isMergeCommit":false,"messageTitle":"update user guide on command summary on delete","messageBody":"","fileTypesAndContributionMap":{"docs":{"insertions":2,"deletions":2}}},{"hash":"c45ee1c8c520110f2cd67c288fd6b5057cf40947","isMergeCommit":true,"messageTitle":"Merge pull request #152 from weihan-01/branch-command-summary-delete","messageBody":"Update User Guide on Command Summary on Delete","fileTypesAndContributionMap":{}},{"hash":"aa446435d4a68b7f3fd83be7b4deaf2feb5730d1","isMergeCommit":false,"messageTitle":"update message on usage of edit command","messageBody":"","fileTypesAndContributionMap":{"functional-code":{"insertions":7,"deletions":4}}},{"hash":"f4209ecd523a319edaadecd3426fa37bc33cbdca","isMergeCommit":true,"messageTitle":"Merge pull request #154 from weihan-01/branch-edit-command-message","messageBody":"Update Usage Message Usage of Edit Command","fileTypesAndContributionMap":{}},{"hash":"93c9b60713b5131b013fc1c0b137d67a1ede0691","isMergeCommit":false,"messageTitle":"do delete command error handling for multiple s/ or multiple c/ arguments","messageBody":"","fileTypesAndContributionMap":{"functional-code":{"insertions":13,"deletions":6}}},{"hash":"4941f66b5a6d3c31ac027babbe47669026ce8d3b","isMergeCommit":false,"messageTitle":"fix checkstyle","messageBody":"","fileTypesAndContributionMap":{"functional-code":{"insertions":6,"deletions":6}}},{"hash":"aef171c4662dd6d1a868f91b30ae42fa3e82a1a6","isMergeCommit":true,"messageTitle":"Merge pull request #163 from weihan-01/branch-update-delete","messageBody":"Delete Command Multiple senior/caregiver input error handling","fileTypesAndContributionMap":{}},{"hash":"3ea5916f7028baacd69dfff510b9293ded128912","isMergeCommit":false,"messageTitle":"update dg ui portion","messageBody":"","fileTypesAndContributionMap":{"docs":{"insertions":10,"deletions":12}}},{"hash":"5bad168c9aa51e3bda567e99165dc00f7d4f35e7","isMergeCommit":false,"messageTitle":"update UiClassDiagram.puml","messageBody":"","fileTypesAndContributionMap":{"docs":{"insertions":28,"deletions":20}}},{"hash":"3e8b9f908c98b5c53801b7abcbc4651853ae404d","isMergeCommit":true,"messageTitle":"Merge pull request #167 from weihan-01/branch-update-dg","messageBody":"Update Developer Guide UI component","fileTypesAndContributionMap":{}},{"hash":"14ebabdaf51304484d40cee9a6630576766b5fd5","isMergeCommit":false,"messageTitle":"add the filter command to the command summary in the ug","messageBody":"","fileTypesAndContributionMap":{"docs":{"insertions":2,"deletions":1}}},{"hash":"b1a5aaed67e19985614d0acc10ab6f94a481ad9a","isMergeCommit":false,"messageTitle":"add the pin and unpin command to the command summary in the ug","messageBody":"","fileTypesAndContributionMap":{"docs":{"insertions":2,"deletions":0}}},{"hash":"63248ee29c8fe73b01285c24dedee0d1fe6abb1a","isMergeCommit":true,"messageTitle":"Merge pull request #170 from weihan-01/branch-ug-command-summary-filter","messageBody":"Add the Filter, Pin, Unpin Command to the Command Summary in the UG","fileTypesAndContributionMap":{}},{"hash":"d80fe49d91ea6745afd6f0f803fdc9e09c42701f","isMergeCommit":false,"messageTitle":"add pinned to data util and also more entries to the sample data","messageBody":"","fileTypesAndContributionMap":{"functional-code":{"insertions":20,"deletions":13}}},{"hash":"7593da0ee16d1957bbc473fbfd07126581efb596","isMergeCommit":true,"messageTitle":"Merge pull request #172 from weihan-01/branch-sample-data-util","messageBody":"Improve sample data in SampleDataUtil","fileTypesAndContributionMap":{}}]}],"j-os-h-in":[{"date":"2025-09-19T00:00:00","commitResults":[{"hash":"4f82a275b8a6884a72fbd2b46856acf33578a1f2","isMergeCommit":true,"messageTitle":"Merge branch \u0027switch-docs-to-markbind\u0027","messageBody":"","fileTypesAndContributionMap":{}},{"hash":"d417d7827a542af5729d1e98485fdd84e808d2db","isMergeCommit":false,"messageTitle":"Update site config for MarkBind","messageBody":"","fileTypesAndContributionMap":{"docs":{"insertions":1,"deletions":1}}}]},{"date":"2025-09-24T00:00:00","commitResults":[{"hash":"4c9dfa0d2e9c79d64348c9647916bebf7d95a235","isMergeCommit":false,"messageTitle":"Add Jo Shin description to About Us","messageBody":"","fileTypesAndContributionMap":{"docs":{"insertions":15,"deletions":7}}}]},{"date":"2025-09-28T00:00:00","commitResults":[{"hash":"6d5a26e4accb9a7dbb1372f429f92809c13cb132","isMergeCommit":false,"messageTitle":"Update Jo Shin\u0027s file name in AboutUs.md","messageBody":"","fileTypesAndContributionMap":{"docs":{"insertions":1,"deletions":1}}},{"hash":"2e22e7840ec8b79b82270f670329b0112e11c283","isMergeCommit":true,"messageTitle":"Merge pull request #6 from j-os-h-in/add-joshin-description","messageBody":"Add Jo Shin description to About Us","fileTypesAndContributionMap":{}},{"hash":"8f8751545241c72b16b36dd7c0a9ebcd08ec2025","isMergeCommit":false,"messageTitle":"Add targer user profile, value prop and user stories","messageBody":"","fileTypesAndContributionMap":{"docs":{"insertions":186,"deletions":80}}},{"hash":"e950f9759fa725264b9548044ff837a27e219ee1","isMergeCommit":true,"messageTitle":"Merge branch \u0027master\u0027 into add-user-stories","messageBody":"","fileTypesAndContributionMap":{}},{"hash":"616498116e38f350cabcdf97891ab319e4eb7824","isMergeCommit":true,"messageTitle":"Merge pull request #30 from j-os-h-in/add-user-stories","messageBody":"Add target user profile, value prop and user stories","fileTypesAndContributionMap":{}},{"hash":"ddc8a9b050285e7a0650caf8e70492d765e29078","isMergeCommit":false,"messageTitle":"Fix Developer Guide header and acknowledgements","messageBody":"","fileTypesAndContributionMap":{"docs":{"insertions":50,"deletions":46}}},{"hash":"11a8b1cd4d76317c39baa4701df3abd207b48d7b","isMergeCommit":true,"messageTitle":"Merge pull request #35 from j-os-h-in/fix-developer-guide","messageBody":"Fix Developer Guide header and acknowledgements","fileTypesAndContributionMap":{}}]},{"date":"2025-10-04T00:00:00","commitResults":[{"hash":"69ceb56dab0aced9aa6c76deda571b808607b49f","isMergeCommit":false,"messageTitle":"Add Elderly model and change fields required","messageBody":"","fileTypesAndContributionMap":{"functional-code":{"insertions":197,"deletions":50}}},{"hash":"529ac39cf32c4f99471e330a8218847e58aa7a51","isMergeCommit":false,"messageTitle":"Update edit and add command parsing","messageBody":"","fileTypesAndContributionMap":{"functional-code":{"insertions":9,"deletions":8}}},{"hash":"f9876a8cc76ccd55e2a854797ce9497fd4e0008f","isMergeCommit":false,"messageTitle":"Update test cases with new model","messageBody":"","fileTypesAndContributionMap":{"test-code":{"insertions":72,"deletions":87}}},{"hash":"c68835adb93eed4279ba8ad2934b56a7d4023dd0","isMergeCommit":false,"messageTitle":"Fix coding style violations","messageBody":"","fileTypesAndContributionMap":{"functional-code":{"insertions":2,"deletions":1},"test-code":{"insertions":2,"deletions":1}}},{"hash":"4c6f425d9dcc1bfff13d23be03c4e854814420fc","isMergeCommit":false,"messageTitle":"Add Caregiver model","messageBody":"","fileTypesAndContributionMap":{"functional-code":{"insertions":14,"deletions":0}}}]},{"date":"2025-10-16T00:00:00","commitResults":[{"hash":"d56d7bdf3f573f256145d7d12372091af4f4a235","isMergeCommit":false,"messageTitle":"Update User Guide to MVP features","messageBody":"","fileTypesAndContributionMap":{"docs":{"insertions":86,"deletions":45}}},{"hash":"95742b2d4ce2be3ac658367796953e001861db68","isMergeCommit":false,"messageTitle":"Update home page for Neighbourly","messageBody":"","fileTypesAndContributionMap":{"docs":{"insertions":4,"deletions":4}}},{"hash":"6566c3339375a4bac285ae5fd5f8d2e622166ee4","isMergeCommit":false,"messageTitle":"Update About Us for Neighbourly","messageBody":"","fileTypesAndContributionMap":{"docs":{"insertions":31,"deletions":12}}},{"hash":"524c11173a3ea592aa122f7a8eb81c71d9620031","isMergeCommit":false,"messageTitle":"Update Developer Guide for Neighbourly","messageBody":"","fileTypesAndContributionMap":{"docs":{"insertions":23,"deletions":13}}},{"hash":"bee5a61a6e214e8199fe81ff0e9e1b9875b7665a","isMergeCommit":false,"messageTitle":"Update ModelClassDiagram with trailing space","messageBody":"","fileTypesAndContributionMap":{"docs":{"insertions":1,"deletions":1}}},{"hash":"794df93ff160bbc2b1ee15c6c555a8a27ce9a8ed","isMergeCommit":true,"messageTitle":"Merge pull request #61 from j-os-h-in/update-documentation","messageBody":"Update documentation","fileTypesAndContributionMap":{}},{"hash":"6b6a8a7ebebf72c19c3681e09fed0d9d468f63ca","isMergeCommit":false,"messageTitle":"Update test cases for MVP","messageBody":"","fileTypesAndContributionMap":{"test-code":{"insertions":3,"deletions":9}}},{"hash":"ea61aebe1eb78cc3aadd103c658b62500d3e98d1","isMergeCommit":true,"messageTitle":"Merge pull request #66 from j-os-h-in/update-tests","messageBody":"Update test cases for MVP","fileTypesAndContributionMap":{}},{"hash":"0602d3a716178b472f03b3ababa48fd2b0feff5c","isMergeCommit":true,"messageTitle":"Merge pull request #67 from yymeiting/add-assign-command-testcase","messageBody":"Add AssignCommand Test case","tags":["v1.3"],"fileTypesAndContributionMap":{}}]},{"date":"2025-10-22T00:00:00","commitResults":[{"hash":"d05d6e91d16c801d5814c651e36adc5f26707e48","isMergeCommit":false,"messageTitle":"Add fixed indexing to Senior and Caregiver","messageBody":"","fileTypesAndContributionMap":{"functional-code":{"insertions":535,"deletions":443},"other":{"insertions":5,"deletions":1}}},{"hash":"92f51b84d056c52851e83991455a01f9d85b1f2f","isMergeCommit":false,"messageTitle":"Update sample data on load and storage with fixed ids","messageBody":"","fileTypesAndContributionMap":{"functional-code":{"insertions":19,"deletions":8}}}]},{"date":"2025-10-23T00:00:00","commitResults":[{"hash":"5ad66946884d23b23d59ccc15fdb1827b0a3d411","isMergeCommit":false,"messageTitle":"Update UI and model to separate seniors and caregivers","messageBody":"","fileTypesAndContributionMap":{"functional-code":{"insertions":367,"deletions":99},"other":{"insertions":12,"deletions":13}}},{"hash":"09cc2dbe5c08b403d3ac840fc7f6b403d3d211cf","isMergeCommit":false,"messageTitle":"Update logic and storage for senior and caregiver lists","messageBody":"","fileTypesAndContributionMap":{"functional-code":{"insertions":439,"deletions":91},"other":{"insertions":17,"deletions":17},"test-code":{"insertions":16,"deletions":16}}},{"hash":"34e398c24778dc9760bf344a451ccea2f2255272","isMergeCommit":false,"messageTitle":"Fix add senior and add caregiver commands","messageBody":"","fileTypesAndContributionMap":{"functional-code":{"insertions":180,"deletions":208}}},{"hash":"bda1cdafbd843910c644c6d03fbcff91d4d4162b","isMergeCommit":false,"messageTitle":"Fix assign command","messageBody":"","fileTypesAndContributionMap":{"functional-code":{"insertions":230,"deletions":202}}},{"hash":"9061c558ae4887825fbe235ef0e13dd00a71c9aa","isMergeCommit":false,"messageTitle":"Fix find command","messageBody":"","fileTypesAndContributionMap":{"functional-code":{"insertions":101,"deletions":101}}},{"hash":"f7e3cd8918a80e808647a9cd8877f9e3ee1129ad","isMergeCommit":false,"messageTitle":"Fix PR comments and add logging","messageBody":"","fileTypesAndContributionMap":{"functional-code":{"insertions":13,"deletions":2}}},{"hash":"cfabbc33476dab16a5099e74589a75432263b34a","isMergeCommit":false,"messageTitle":"Fix most test cases","messageBody":"","fileTypesAndContributionMap":{"functional-code":{"insertions":1,"deletions":72},"other":{"insertions":17,"deletions":28},"test-code":{"insertions":868,"deletions":795}}},{"hash":"9aca66b1bd4b8c511d06b3f8ac4864fb45e2e7b0","isMergeCommit":true,"messageTitle":"Fix merge conflicts with fixed id","messageBody":"","fileTypesAndContributionMap":{}},{"hash":"017a1fc1e4abf5837cb8eb73263d2a46607dfa51","isMergeCommit":false,"messageTitle":"Add comment to UniquePersonList","messageBody":"","fileTypesAndContributionMap":{"functional-code":{"insertions":1,"deletions":1}}},{"hash":"c1c83e61b783f4f702d20f3295c0ecd091382afa","isMergeCommit":true,"messageTitle":"Merge branch \u0027master\u0027 into change-indexing-persons","messageBody":"","fileTypesAndContributionMap":{}},{"hash":"43ae31128640ba2b51faf4774354c82899b2e924","isMergeCommit":true,"messageTitle":"Merge pull request #78 from j-os-h-in/change-indexing-persons","messageBody":"Add fixed indexing to Senior and Caregiver","tags":["v1.4"],"fileTypesAndContributionMap":{}}]},{"date":"2025-10-29T00:00:00","commitResults":[{"hash":"27bd36596c2e10b0ee27a3b738d4e22d90668bd2","isMergeCommit":false,"messageTitle":"Add suppress warnings for UniquePersonList","messageBody":"","fileTypesAndContributionMap":{"functional-code":{"insertions":1,"deletions":0}}},{"hash":"b064fb96c1d9ca30260cac72ce67ec7f8af0e1b4","isMergeCommit":false,"messageTitle":"Implement Tag as single-tagging","messageBody":"","fileTypesAndContributionMap":{"functional-code":{"insertions":136,"deletions":190},"other":{"insertions":6,"deletions":2},"test-code":{"insertions":9,"deletions":9}}},{"hash":"1159157a115f0b48ca520ef624d973fb1c0d864c","isMergeCommit":false,"messageTitle":"Update UI for single risk-tag","messageBody":"","fileTypesAndContributionMap":{"functional-code":{"insertions":17,"deletions":16}}},{"hash":"58029ea37eb02f468cf34f578f4b5411bfcaaf7b","isMergeCommit":true,"messageTitle":"Merge branch \u0027master\u0027 into add-suppresswarnings","messageBody":"","fileTypesAndContributionMap":{}},{"hash":"da8c0973e0f937743e0ea0f99e8e8ad01a785630","isMergeCommit":true,"messageTitle":"Merge pull request #122 from AY2526S1-CS2103-F13-4/add-suppresswarnings","messageBody":"Model: Add `SuppressWarnings`","fileTypesAndContributionMap":{}}]},{"date":"2025-10-30T00:00:00","commitResults":[{"hash":"66c470ffe0fbbd033574429e64c923218f573c0a","isMergeCommit":true,"messageTitle":"Merge branch \u0027master\u0027 into update-senior-tag","messageBody":"","fileTypesAndContributionMap":{}},{"hash":"af62045205427d1d30e9133c4e1219436ea5dd01","isMergeCommit":true,"messageTitle":"Merge pull request #123 from AY2526S1-CS2103-F13-4/update-senior-tag","messageBody":"Model: Re-implement `Tag` as single-tagging #100","fileTypesAndContributionMap":{}},{"hash":"7b13fcda46736edc67213d57a66bf03deaa83713","isMergeCommit":false,"messageTitle":"Fix tag bugs","messageBody":"","fileTypesAndContributionMap":{"functional-code":{"insertions":17,"deletions":27}}},{"hash":"2358f5f83d65b5d0e8bc697a5373f8339a5897b8","isMergeCommit":true,"messageTitle":"Merge pull request #141 from AY2526S1-CS2103-F13-4/fix-tag","messageBody":"Fix tag bugs","fileTypesAndContributionMap":{}},{"hash":"8ecc3193b4e2221ed076713b13631a499256e17c","isMergeCommit":false,"messageTitle":"Update person to not use generics","messageBody":"","fileTypesAndContributionMap":{"functional-code":{"insertions":69,"deletions":83}}},{"hash":"58e28b08b0538616cdc330a8192785f35019e5d3","isMergeCommit":true,"messageTitle":"Merge pull request #166 from AY2526S1-CS2103-F13-4/update-generic-person","messageBody":"Update `Person` from generic to non-generic class","fileTypesAndContributionMap":{}},{"hash":"6a2943981cf85946624496e203a6cad1cc013868","isMergeCommit":false,"messageTitle":"Fix filter command with multiple tags","messageBody":"","fileTypesAndContributionMap":{"functional-code":{"insertions":45,"deletions":13}}},{"hash":"3ee17f1bdcfb51feeaa5c8db3e6426aa3308a905","isMergeCommit":true,"messageTitle":"Merge pull request #171 from AY2526S1-CS2103-F13-4/fix-filter-command","messageBody":"Fix filter command to accept inputs","fileTypesAndContributionMap":{}}]}],"whchenyicn":[{"date":"2025-09-28T00:00:00","commitResults":[{"hash":"00d9e3e4ce5a6bf49c7fb61fae1a323be979719b","isMergeCommit":false,"messageTitle":"Update AboutUs: add Chen Yilin details","messageBody":"","fileTypesAndContributionMap":{"docs":{"insertions":4,"deletions":4}}},{"hash":"0c3ebcda8dbbb23f49ce48efe00343e190d17e97","isMergeCommit":true,"messageTitle":"Merge pull request #24 from whchenyicn/update-aboutus-whchenyicn","messageBody":"Update AboutUs: add Chen Yilin details","fileTypesAndContributionMap":{}},{"hash":"43df605fbd806c4700001d8a22f17b876cefa7db","isMergeCommit":false,"messageTitle":"DG: update Glossary","messageBody":"","fileTypesAndContributionMap":{"docs":{"insertions":12,"deletions":1}}},{"hash":"8ff525200dc84390af0a5a0330d3d58cece0e2d6","isMergeCommit":true,"messageTitle":"Merge pull request #29 from whchenyicn/update-dg-glossary","messageBody":"DG: update Glossary","fileTypesAndContributionMap":{}}]},{"date":"2025-10-08T00:00:00","commitResults":[{"hash":"81533dbf330f89a1c24f908619fa6d9eb3800b3b","isMergeCommit":false,"messageTitle":"HelpWindow: update USERGUIDE_URL","messageBody":"","fileTypesAndContributionMap":{"functional-code":{"insertions":1,"deletions":1}}}]},{"date":"2025-10-09T00:00:00","commitResults":[{"hash":"7e55e0a7ad8b5003f27647b4f97cfaea6a047a06","isMergeCommit":true,"messageTitle":"Merge pull request #44 from whchenyicn/update-helpwindow-url","messageBody":"HelpWindow: update USERGUIDE_URL","fileTypesAndContributionMap":{}}]},{"date":"2025-10-16T00:00:00","commitResults":[{"hash":"326d949073fba70645b7bd747699abd31ce36f79","isMergeCommit":false,"messageTitle":"Remove AddCommandParser and tests related","messageBody":"","fileTypesAndContributionMap":{"functional-code":{"insertions":0,"deletions":65},"test-code":{"insertions":0,"deletions":445}}},{"hash":"b1f7985c90123cd09584cbc240fa8ba8a9a44fd8","isMergeCommit":false,"messageTitle":"Remove AddCommand and update tests related","messageBody":"","fileTypesAndContributionMap":{"functional-code":{"insertions":0,"deletions":82},"test-code":{"insertions":3,"deletions":19}}},{"hash":"b403c195f91cf51568dbd378d44419b44e4669e3","isMergeCommit":true,"messageTitle":"Merge remote-tracking branch \u0027upstream/master\u0027 into remove-add-command","messageBody":"","fileTypesAndContributionMap":{}},{"hash":"f60599d020291cf860cf4ceaab417bf757f08680","isMergeCommit":true,"messageTitle":"Merge pull request #59 from whchenyicn/remove-add-command","messageBody":"Remove add command","fileTypesAndContributionMap":{}}]},{"date":"2025-10-22T00:00:00","commitResults":[{"hash":"542870911cc98ff11747e5eb4d52457205cdc463","isMergeCommit":false,"messageTitle":"Add UnassignCommand to unassign caregiver from senior","messageBody":"","fileTypesAndContributionMap":{"functional-code":{"insertions":141,"deletions":0}}},{"hash":"dc9b02d0ffff4b514a91626fed8cb0afd557e825","isMergeCommit":false,"messageTitle":"Add UnassignCommandParser and integrate into AddressBookParser","messageBody":"","fileTypesAndContributionMap":{"functional-code":{"insertions":80,"deletions":11}}},{"hash":"d01cd287d054540cd5dca071ccc595728ce5b115","isMergeCommit":false,"messageTitle":"Fix checkstyle issues","messageBody":"","fileTypesAndContributionMap":{"functional-code":{"insertions":12,"deletions":2}}},{"hash":"771767c07fc70d36092ddc81391206584f418c55","isMergeCommit":false,"messageTitle":"Add test cases for Unassign Command and Parser","messageBody":"","fileTypesAndContributionMap":{"test-code":{"insertions":275,"deletions":0}}},{"hash":"1e144588054343f44257099fd8d754ea1edbcdca","isMergeCommit":false,"messageTitle":"Fix checkstyle issues","messageBody":"","fileTypesAndContributionMap":{"test-code":{"insertions":5,"deletions":2}}},{"hash":"79f6e6517e267f6c91b295bec76b8234f858d877","isMergeCommit":false,"messageTitle":"Add test for AddressBookParser","messageBody":"","fileTypesAndContributionMap":{"functional-code":{"insertions":0,"deletions":4},"test-code":{"insertions":8,"deletions":7}}},{"hash":"144adaa74f4641e2f07ffa9240cad2e1def5d4f1","isMergeCommit":false,"messageTitle":"Add tests for UnassignCommand","messageBody":"","fileTypesAndContributionMap":{"test-code":{"insertions":20,"deletions":0}}},{"hash":"a709acc4344507ddf6840155169980008ebbb43f","isMergeCommit":false,"messageTitle":"Fix checkstyle issues","messageBody":"","fileTypesAndContributionMap":{"test-code":{"insertions":12,"deletions":3}}}]},{"date":"2025-10-23T00:00:00","commitResults":[{"hash":"bd432a43b81c377e4d72afc11ed26dd5cd2b2399","isMergeCommit":false,"messageTitle":"Add unassign command to UG","messageBody":"","fileTypesAndContributionMap":{"docs":{"insertions":23,"deletions":11}}},{"hash":"f93fb1eda3afca97205c1b2fa9759a6de5129655","isMergeCommit":true,"messageTitle":"Merge branch \u0027master\u0027 into add-unassign-command","messageBody":"","fileTypesAndContributionMap":{}},{"hash":"b5c899fd3d1663f1cb70c5ac1ee89d38615b46b3","isMergeCommit":false,"messageTitle":"Fix checkstyle issues","messageBody":"","fileTypesAndContributionMap":{"functional-code":{"insertions":1,"deletions":1}}},{"hash":"6a4ccc275f278f4a4f46b8d7200b127c654e4abb","isMergeCommit":false,"messageTitle":"Fix import order","messageBody":"","fileTypesAndContributionMap":{"functional-code":{"insertions":1,"deletions":1}}},{"hash":"56421a97bff47d7a9d32513e5c3cc8de5c0fd6b5","isMergeCommit":true,"messageTitle":"Merge pull request #75 from whchenyicn/add-unassign-command","messageBody":"Add unassign command","fileTypesAndContributionMap":{}},{"hash":"9d539bb9c6b70f9d16bc337d30e6efb369598a85","isMergeCommit":true,"messageTitle":"Merge branch \u0027master\u0027 into branch-unassign-doc","messageBody":"","fileTypesAndContributionMap":{}},{"hash":"c634fdacade823b0fe37764a489b0de48a919516","isMergeCommit":true,"messageTitle":"Merge pull request #80 from whchenyicn/branch-unassign-doc","messageBody":"Branch unassign doc","fileTypesAndContributionMap":{}}]},{"date":"2025-10-29T00:00:00","commitResults":[{"hash":"688a435d3903fe90d9ed1cb38cb17acc3bf444ae","isMergeCommit":false,"messageTitle":"Update storage docs for Json adapters","messageBody":"","fileTypesAndContributionMap":{"functional-code":{"insertions":1,"deletions":1},"docs":{"insertions":12,"deletions":3}}},{"hash":"74c95ca3ce1d770be3bfdf80f592db83c3b147a3","isMergeCommit":true,"messageTitle":"Merge pull request #120 from whchenyicn/update-dg-storage","messageBody":"Update storage docs for Json adapters","fileTypesAndContributionMap":{}}]},{"date":"2025-10-30T00:00:00","commitResults":[{"hash":"04057c9098559cc15ce1892e14c03854b128f510","isMergeCommit":false,"messageTitle":"Add missing valid risk tag options","messageBody":"","fileTypesAndContributionMap":{"functional-code":{"insertions":2,"deletions":2}}},{"hash":"26cf576e95c42d146d878cc1b660d23661d3cceb","isMergeCommit":false,"messageTitle":"Update DeleteCommand error message","messageBody":"","fileTypesAndContributionMap":{"functional-code":{"insertions":3,"deletions":3}}},{"hash":"d38f93c87ed8e45baac5c4a6b49599c27ebe3449","isMergeCommit":true,"messageTitle":"Merge pull request #135 from whchenyicn/update-error-message","messageBody":"Update error message","fileTypesAndContributionMap":{}},{"hash":"e9f5322ae2fd207d057098501580288bc88ac2ce","isMergeCommit":false,"messageTitle":"Update diagrams for Model component","messageBody":"","fileTypesAndContributionMap":{"docs":{"insertions":22,"deletions":15}}},{"hash":"437b72f53ebdad1b2da6eaf13cfb5917480236fa","isMergeCommit":false,"messageTitle":"Update dg on model component","messageBody":"","fileTypesAndContributionMap":{"docs":{"insertions":1,"deletions":3}}},{"hash":"16cef1ab1b5bfb3d0eee482eb46a16016499418f","isMergeCommit":true,"messageTitle":"Merge pull request #138 from whchenyicn/update-model-dg","messageBody":"Update model dg","fileTypesAndContributionMap":{}},{"hash":"8d417ad04523a2299babbdf16245ec5aaf6ce8fa","isMergeCommit":false,"messageTitle":"Add upper limit for phone number","messageBody":"","fileTypesAndContributionMap":{"functional-code":{"insertions":2,"deletions":2}}},{"hash":"8f4fa5e751deab7ce6b631cd0623b486e99e45e6","isMergeCommit":false,"messageTitle":"Fix checkstyle issues","messageBody":"","fileTypesAndContributionMap":{"functional-code":{"insertions":2,"deletions":3}}},{"hash":"5c571ecb7f3b6f92e3db480f439298335d15e482","isMergeCommit":true,"messageTitle":"Merge pull request #140 from whchenyicn/add-limit-phone","messageBody":"Add upper limit for phone number","fileTypesAndContributionMap":{}},{"hash":"95fdc4f194613350a1b03b849f5332e6be0c0959","isMergeCommit":false,"messageTitle":"Update delete command syntax","messageBody":"","fileTypesAndContributionMap":{"docs":{"insertions":8,"deletions":8}}},{"hash":"b19c3821114844d1b384ac074185ef5b2c80271a","isMergeCommit":false,"messageTitle":"Update edit command information","messageBody":"","fileTypesAndContributionMap":{"docs":{"insertions":13,"deletions":3}}},{"hash":"0b9fc97f0fe3cd970f9f9558509726f1183a9b8e","isMergeCommit":true,"messageTitle":"Merge pull request #142 from whchenyicn/update-docs-ug","messageBody":"Update docs ug","fileTypesAndContributionMap":{}},{"hash":"f4de9f9af0295bf56718e01c3e637c9e3a5d8b5b","isMergeCommit":false,"messageTitle":"Fix checkstyle issues","messageBody":"","fileTypesAndContributionMap":{"functional-code":{"insertions":2,"deletions":25}}},{"hash":"787b8dc6ca1d02883c992c98574cf0884ee9ccfc","isMergeCommit":false,"messageTitle":"Fix bugs and index of edit command","messageBody":"","fileTypesAndContributionMap":{"functional-code":{"insertions":48,"deletions":6}}},{"hash":"973319b30a8dee58c2f9f108168569a050feccb5","isMergeCommit":false,"messageTitle":"Fix minor checkstyle issues","messageBody":"","fileTypesAndContributionMap":{"functional-code":{"insertions":4,"deletions":4}}},{"hash":"ce858fada09efefee962405d23dbdc5ddd635dca","isMergeCommit":true,"messageTitle":"Merge pull request #143 from whchenyicn/update-edit-command","messageBody":"Update edit command","fileTypesAndContributionMap":{}},{"hash":"1617d5cef9e328d3a6fd510b60b1022bb96fd2a5","isMergeCommit":false,"messageTitle":"Add logging to Unassign Command","messageBody":"","fileTypesAndContributionMap":{"functional-code":{"insertions":16,"deletions":1}}},{"hash":"46abd2c10e5b8f9448eee8ea1e335d85619d76f8","isMergeCommit":true,"messageTitle":"Merge pull request #151 from whchenyicn/add-logging-unassign","messageBody":"Add logging to Unassign Command","fileTypesAndContributionMap":{}},{"hash":"2ff97eb7b6f2cc63264a8e6e8b8215cbbe26d601","isMergeCommit":false,"messageTitle":"Remove role attribute from json files","messageBody":"","fileTypesAndContributionMap":{"functional-code":{"insertions":1,"deletions":14}}},{"hash":"933a454dbbea83e954f1c04f2df9b21539f4052a","isMergeCommit":true,"messageTitle":"Merge pull request #153 from whchenyicn/remove-role-json","messageBody":"Remove role attribute from json files","fileTypesAndContributionMap":{}},{"hash":"694832493e2587c29b19f1b5fe3f393f9f7bda89","isMergeCommit":false,"messageTitle":"Update person card to show index on assign","messageBody":"","fileTypesAndContributionMap":{"functional-code":{"insertions":58,"deletions":3}}},{"hash":"21c78b923a2017c01cc82f17b3c4dacdc4cea4af","isMergeCommit":true,"messageTitle":"Merge pull request #157 from whchenyicn/update-person-card","messageBody":"Update person card to show index on assign","fileTypesAndContributionMap":{}},{"hash":"1461b6380bb47bc09098542af319408d4113a301","isMergeCommit":false,"messageTitle":"Fix bug on duplicate index input","messageBody":"","fileTypesAndContributionMap":{"functional-code":{"insertions":20,"deletions":4}}},{"hash":"49f82d23ecfbcf60b9f343a7cc2320b7a1b2f1bb","isMergeCommit":true,"messageTitle":"Merge pull request #159 from whchenyicn/fix-edit-bug","messageBody":"Fix bug on duplicate index input","fileTypesAndContributionMap":{}},{"hash":"742df41f81586f79a62189ed2d998923920a01d1","isMergeCommit":false,"messageTitle":"Update invalid error message for edit and delete","messageBody":"","fileTypesAndContributionMap":{"functional-code":{"insertions":13,"deletions":7}}},{"hash":"1bf933364178988ba19a087a8b9cbf805760445f","isMergeCommit":true,"messageTitle":"Merge pull request #160 from whchenyicn/update-invalid-message","messageBody":"Update invalid error message for edit and delete","fileTypesAndContributionMap":{}},{"hash":"d49ed67ced9a8cbb74aae479242410b277618731","isMergeCommit":false,"messageTitle":"Fix assign chip to show index for filtered list","messageBody":"","fileTypesAndContributionMap":{"functional-code":{"insertions":36,"deletions":35}}},{"hash":"04713d3c4b0ec51124cf46ec941c03784fa39cb8","isMergeCommit":true,"messageTitle":"Merge branch \u0027master\u0027 of https://github.com/AY2526S1-CS2103-F13-4/tp into fix-assign-ui-bug","messageBody":"","fileTypesAndContributionMap":{}},{"hash":"23b6a577db4fd4096b370e53f95930863813e335","isMergeCommit":true,"messageTitle":"Merge pull request #174 from whchenyicn/fix-assign-ui-bug","messageBody":"Fix assign UI bug","fileTypesAndContributionMap":{}},{"hash":"eef3f5e338d7570def48c970f6fb6bb9e640da7e","isMergeCommit":false,"messageTitle":"Add assertions to commands","messageBody":"","fileTypesAndContributionMap":{"functional-code":{"insertions":53,"deletions":0}}},{"hash":"7c8ed9099e3a369fc9e49c2214b0608af7fe0dfb","isMergeCommit":true,"messageTitle":"Merge pull request #175 from whchenyicn/branch-command-assertions","messageBody":"Add assertions to commands","fileTypesAndContributionMap":{}},{"hash":"aad99fbaa955d31395a871d63be6b6b2a05c304f","isMergeCommit":false,"messageTitle":"Fix checkstyle issues","messageBody":"","fileTypesAndContributionMap":{"functional-code":{"insertions":22,"deletions":24}}},{"hash":"46277e7dd22ed15a30b076d43a3b105f98ef4561","isMergeCommit":true,"messageTitle":"Merge pull request #177 from whchenyicn/fix-checkstyle","messageBody":"Fix checkstyle issues","fileTypesAndContributionMap":{}},{"hash":"cd54f55bfdfc2019cae99bb6cf7748977b21f493","isMergeCommit":false,"messageTitle":"Fix senior card assign chip bug","messageBody":"","fileTypesAndContributionMap":{"functional-code":{"insertions":19,"deletions":8}}},{"hash":"a73cf52e1322045f869fb6464f3f2b6bd89a8c65","isMergeCommit":true,"messageTitle":"Merge branch \u0027master\u0027 into fix-seniorcard-bug","messageBody":"","fileTypesAndContributionMap":{}},{"hash":"fee80b7f2d9051b43d921f89bca87cc7a4d728ea","isMergeCommit":true,"messageTitle":"Merge pull request #179 from whchenyicn/fix-seniorcard-bug","messageBody":"Fix senior card assign chip bug","fileTypesAndContributionMap":{}},{"hash":"2ee37500a9749c2d43fb3a85692346496e5c1173","isMergeCommit":false,"messageTitle":"Fix checkstyle issues","messageBody":"","fileTypesAndContributionMap":{"functional-code":{"insertions":27,"deletions":8}}},{"hash":"f11483c49664671f9c1eb8674f42847d9bbddf4d","isMergeCommit":true,"messageTitle":"Merge pull request #180 from whchenyicn/fix-checkstyle-issues","messageBody":"Fix checkstyle issues","fileTypesAndContributionMap":{}},{"hash":"6904529985918ffcbba675006ab8e3b516ea8e2c","isMergeCommit":false,"messageTitle":"Fix index labels for sc","messageBody":"","fileTypesAndContributionMap":{"functional-code":{"insertions":4,"deletions":2}}},{"hash":"6df69fcdbdf29ede2ef96013246d82eea57d21fc","isMergeCommit":true,"messageTitle":"Merge pull request #181 from whchenyicn/fix-sc-bug","messageBody":"Fix index labels for sc","tags":["v1.5"],"fileTypesAndContributionMap":{}}]},{"date":"2025-10-31T00:00:00","commitResults":[{"hash":"a5ad8f6beb48676ec989bbe29af4150b85a2bd2a","isMergeCommit":false,"messageTitle":"Add listener to senior list panel","messageBody":"","fileTypesAndContributionMap":{"functional-code":{"insertions":5,"deletions":0}}},{"hash":"26b8888d877235b3b4dc62a1de94b15cf26952ca","isMergeCommit":true,"messageTitle":"Merge pull request #182 from whchenyicn/add-listener-seniorlistpanel","messageBody":"Add listener to senior list panel","fileTypesAndContributionMap":{}}]}],"yymeiting":[{"date":"2025-09-28T00:00:00","commitResults":[{"hash":"9129f735218150b2a529bff968df89ed324296fc","isMergeCommit":false,"messageTitle":"Add Mei Ting\u0027s details to About Us","messageBody":"","fileTypesAndContributionMap":{"docs":{"insertions":4,"deletions":4}}},{"hash":"bee813b9d22ec20be07d8fa926c34d33640fc93f","isMergeCommit":true,"messageTitle":"Merge branch \u0027edit-about-us\u0027","messageBody":"","fileTypesAndContributionMap":{}},{"hash":"58645668c1c4560b2375a166c2ebf7ab14f8f897","isMergeCommit":true,"messageTitle":"Merge branch \u0027master\u0027 of https://github.com/yymeiting/tp","messageBody":"","fileTypesAndContributionMap":{}},{"hash":"a6e011b2fa5861abc63af608be18a284afaa4e09","isMergeCommit":true,"messageTitle":"Merge pull request #23 from yymeiting/master","messageBody":"Add Mei Ting description to About Us","fileTypesAndContributionMap":{}},{"hash":"37ce037d7fd07913fc515a295f361abb25f02d3a","isMergeCommit":false,"messageTitle":"Add use cases to DG","messageBody":"","fileTypesAndContributionMap":{"docs":{"insertions":201,"deletions":18}}},{"hash":"cd5dab069a1ffc73c14dbf2afc920014e86771eb","isMergeCommit":true,"messageTitle":"Merge branch \u0027branch-use-cases\u0027","messageBody":"","fileTypesAndContributionMap":{}},{"hash":"1b9e0b54cf873dfe36259167eb41428a54490d25","isMergeCommit":true,"messageTitle":"Merge pull request #34 from yymeiting/master","messageBody":"Add Use Cases into DG","fileTypesAndContributionMap":{}}]},{"date":"2025-10-09T00:00:00","commitResults":[{"hash":"50806193e2ce9727cce72ab693e468f03446728b","isMergeCommit":false,"messageTitle":"Add test case for Caregiver and Elderly","messageBody":"","fileTypesAndContributionMap":{"test-code":{"insertions":100,"deletions":0}}},{"hash":"011853e3cb91bf99f708daac01cb339f12015771","isMergeCommit":false,"messageTitle":"Edit to comply with Checkstyle for ElderlyTest.java","messageBody":"","fileTypesAndContributionMap":{"test-code":{"insertions":4,"deletions":2}}},{"hash":"bc96d6d9e369fddf1196b58fa83b2d2cb5e8e76a","isMergeCommit":true,"messageTitle":"Merge pull request #45 from yymeiting/branch-add-test-cases","messageBody":"Add test case for Caregiver and Elderly","fileTypesAndContributionMap":{}}]},{"date":"2025-10-16T00:00:00","commitResults":[{"hash":"2d45559961a7e8f8acc19970f340ddca7f6aca7e","isMergeCommit":false,"messageTitle":"Add AssignCommand Test case","messageBody":"","fileTypesAndContributionMap":{"test-code":{"insertions":175,"deletions":0}}},{"hash":"b4ec13c81857c8eacac863b386b36e28a42bf4d2","isMergeCommit":false,"messageTitle":"Correct CheckStyle","messageBody":"","fileTypesAndContributionMap":{"test-code":{"insertions":36,"deletions":20}}},{"hash":"4cb311b975d18496ac062694724682c7e34095f0","isMergeCommit":false,"messageTitle":"Improve CheckStyle","messageBody":"","fileTypesAndContributionMap":{"test-code":{"insertions":22,"deletions":21}}},{"hash":"f2a92c307319839cd1640dff8a5fa29ca8114c37","isMergeCommit":false,"messageTitle":"Improve CheckStyle","messageBody":"","fileTypesAndContributionMap":{"test-code":{"insertions":3,"deletions":3}}},{"hash":"89ae16f360cf7bff124a8a0db2479357caf4eae8","isMergeCommit":false,"messageTitle":"Improve CheckStyle","messageBody":"","fileTypesAndContributionMap":{"test-code":{"insertions":2,"deletions":3}}}]},{"date":"2025-10-23T00:00:00","commitResults":[{"hash":"6f4c5589613dbab4e444410e5b6cb6c634a715ac","isMergeCommit":false,"messageTitle":"Implement Pin and Unpin Commands","messageBody":"","fileTypesAndContributionMap":{"functional-code":{"insertions":309,"deletions":12}}},{"hash":"147f6bceac4e4798ebb720909b137b1b72b88490","isMergeCommit":false,"messageTitle":"Improve CheckStyle","messageBody":"","fileTypesAndContributionMap":{"docs":{"insertions":10,"deletions":10}}},{"hash":"c13fc1030255a568fab52ce7ddbd8eef8e1024f2","isMergeCommit":false,"messageTitle":"Improve Check","messageBody":"","fileTypesAndContributionMap":{"functional-code":{"insertions":1,"deletions":1}}},{"hash":"ecd98402b4a30eaee6bf2e8026e9a10133ea03c8","isMergeCommit":false,"messageTitle":"Improve CheckStyle","messageBody":"","fileTypesAndContributionMap":{"functional-code":{"insertions":30,"deletions":11}}},{"hash":"54d59acb6e24cf7b0b8af60cdfe2c7fbb1108e8b","isMergeCommit":false,"messageTitle":"Improve CheckStyle","messageBody":"","fileTypesAndContributionMap":{"functional-code":{"insertions":18,"deletions":4}}},{"hash":"37003c24bef2dc975661a5f19fb7c855a1bc5eca","isMergeCommit":false,"messageTitle":"Improve CheckStyle","messageBody":"","fileTypesAndContributionMap":{"functional-code":{"insertions":2,"deletions":4}}},{"hash":"f5c0823cddeb804642d989d686552689d008dee0","isMergeCommit":false,"messageTitle":"Improve CheckStyle","messageBody":"","fileTypesAndContributionMap":{"functional-code":{"insertions":1,"deletions":0}}},{"hash":"d64e35262147a98af5a4d45d0d02d5ed9c9fbe79","isMergeCommit":false,"messageTitle":"Improve CheckStyle","messageBody":"","fileTypesAndContributionMap":{"functional-code":{"insertions":1,"deletions":2}}},{"hash":"8ca1f95d2b4ee226bb815a9ff3433047b1315700","isMergeCommit":false,"messageTitle":"Improve CheckStyle","messageBody":"","fileTypesAndContributionMap":{"functional-code":{"insertions":34,"deletions":7}}},{"hash":"22ce3b41f447034e7f63e8abe06bd30a740f07af","isMergeCommit":false,"messageTitle":"Add PinCommandTest.java","messageBody":"","fileTypesAndContributionMap":{"functional-code":{"insertions":5,"deletions":0},"test-code":{"insertions":176,"deletions":0}}},{"hash":"eb0c014b3a515dabeeb4a8942ba9291dbc815a03","isMergeCommit":false,"messageTitle":"Improve CheckStyle","messageBody":"","fileTypesAndContributionMap":{"test-code":{"insertions":10,"deletions":5}}},{"hash":"c4695c4560c3dbc71d8d9b871947dd485b1f468c","isMergeCommit":false,"messageTitle":"Improve CheckStyle","messageBody":"","fileTypesAndContributionMap":{"test-code":{"insertions":1,"deletions":1}}},{"hash":"6dd74e19504a45260cd04456f83f4dfec8c0fa95","isMergeCommit":false,"messageTitle":"Improve CheckStyle","messageBody":"","fileTypesAndContributionMap":{"test-code":{"insertions":9,"deletions":3}}},{"hash":"b3eee09761b7a21b10b2a7e1f73a33dbd79e82cb","isMergeCommit":false,"messageTitle":"Improve CheckStyle","messageBody":"","fileTypesAndContributionMap":{"test-code":{"insertions":2,"deletions":2}}},{"hash":"3ddb0d8135de13cda1818474316d989c586fe358","isMergeCommit":false,"messageTitle":"Add use cases for pin and unpin to DG","messageBody":"","fileTypesAndContributionMap":{"docs":{"insertions":68,"deletions":0}}},{"hash":"5161029f722df1e07b12cf43bbf66e092eb9e3c6","isMergeCommit":true,"messageTitle":"Merge pull request #81 from yymeiting/branch-add-pin-unpin-command","messageBody":"Implement Pin and Unpin Commands","fileTypesAndContributionMap":{}},{"hash":"a5820eb54e1ccc5e7e0aa9b4ab0b053d4996cde5","isMergeCommit":true,"messageTitle":"Merge branch \u0027master\u0027 into branch-update-DG-pin-unpin-command","messageBody":"","fileTypesAndContributionMap":{}},{"hash":"a88f675c99a5823c1e5d87018d794c7f1d75ae13","isMergeCommit":true,"messageTitle":"Merge pull request #83 from yymeiting/branch-update-DG-pin-unpin-command","messageBody":"Branch update dg pin unpin command","fileTypesAndContributionMap":{}}]},{"date":"2025-10-28T00:00:00","commitResults":[{"hash":"acde2d15b99d2ec5a6546f506264c5e013ede602","isMergeCommit":false,"messageTitle":"Implement fixes #95, #98, #105","messageBody":"","fileTypesAndContributionMap":{"functional-code":{"insertions":281,"deletions":183}}},{"hash":"a34298583505c23425f39e0de54e27959c465900","isMergeCommit":false,"messageTitle":"Improve CheckStyle","messageBody":"","fileTypesAndContributionMap":{"functional-code":{"insertions":1,"deletions":1},"docs":{"insertions":2,"deletions":2}}}]},{"date":"2025-10-29T00:00:00","commitResults":[{"hash":"8488a9f6dc966a1981f48e0fbb93a80ae02f452c","isMergeCommit":false,"messageTitle":"Improve CheckStyle and Fix Bug on Delete and Pin Command","messageBody":"","fileTypesAndContributionMap":{"functional-code":{"insertions":58,"deletions":15}}},{"hash":"0b9d956b86cf8e3fec56a40cc0c569d896a6664f","isMergeCommit":false,"messageTitle":"Improve CheckStyle","messageBody":"","fileTypesAndContributionMap":{"functional-code":{"insertions":14,"deletions":14}}},{"hash":"4f15aaf2c4ea44c7b640f78de57752f4c742110d","isMergeCommit":false,"messageTitle":"Update SeniorBuilder, CaregiverBuilder, TypicalPersons, Messages and DeleteCommandTest","messageBody":"","fileTypesAndContributionMap":{"functional-code":{"insertions":2,"deletions":0},"test-code":{"insertions":165,"deletions":33}}},{"hash":"50a796de86949c1902da66d14b2802ad783b32b0","isMergeCommit":true,"messageTitle":"Merge pull request #118 from yymeiting/branch-w11-fixes","messageBody":"Implement fixes #95, #98, #105","fileTypesAndContributionMap":{}}]},{"date":"2025-10-30T00:00:00","commitResults":[{"hash":"c416e165338b4e2266bbc562cf5d1ae3e106006b","isMergeCommit":false,"messageTitle":"Fix pin result display","messageBody":"","fileTypesAndContributionMap":{"functional-code":{"insertions":4,"deletions":4}}},{"hash":"d53d9fd06f2ad471f5557fcf46c3549c4de311ee","isMergeCommit":true,"messageTitle":"Merge pull request #133 from yymeiting/branch-fix-pin-result-display","messageBody":"Fix pin result display","fileTypesAndContributionMap":{}},{"hash":"63794a83b47e257e2e0fe4cbd24d28f613ab7d6d","isMergeCommit":false,"messageTitle":"Add Pin command feature usage description to User Guide","messageBody":"","fileTypesAndContributionMap":{"docs":{"insertions":19,"deletions":0}}},{"hash":"11b7f325c41fcb40ec9d4101a60e4bd96bbd0225","isMergeCommit":false,"messageTitle":"Validate Pin Command inputs","messageBody":"","fileTypesAndContributionMap":{"functional-code":{"insertions":26,"deletions":9}}},{"hash":"a5df58fead77a018501a49d5e9587ecb09bb5841","isMergeCommit":false,"messageTitle":"Add Unpin feature description in User Guide","messageBody":"","fileTypesAndContributionMap":{"docs":{"insertions":24,"deletions":1}}},{"hash":"ac2d8da216b8c49b12a11aab78890069035390da","isMergeCommit":true,"messageTitle":"Merge pull request #136 from yymeiting/branch-fix-pin","messageBody":"Add Pin command fixes and Update UG for Pin and Unpin command","fileTypesAndContributionMap":{}},{"hash":"1450d7844bd9407eb75d88ead46f7e99215b8043","isMergeCommit":false,"messageTitle":"Update Filter, Pin and List Test Cases","messageBody":"","fileTypesAndContributionMap":{"test-code":{"insertions":162,"deletions":177}}},{"hash":"63eaab9b42b787e51ea6f7d7a24bc022ea22c8ca","isMergeCommit":false,"messageTitle":"Update PaserUtil.java and PaserUtilTest.java","messageBody":"","fileTypesAndContributionMap":{"functional-code":{"insertions":18,"deletions":2},"test-code":{"insertions":3,"deletions":22}}},{"hash":"04aca4d26fe51de1805d0d8cc324e8eb867d5ba7","isMergeCommit":false,"messageTitle":"Update AssignCommandTest cases","messageBody":"","fileTypesAndContributionMap":{"test-code":{"insertions":188,"deletions":138}}},{"hash":"67765999713812f232ff2d971837cb2fcc82f137","isMergeCommit":false,"messageTitle":"Update UnassignCommandTest.java","messageBody":"","fileTypesAndContributionMap":{"test-code":{"insertions":179,"deletions":165}}},{"hash":"2d3ffd53d55186c7cd165be623c8bef2d34326d2","isMergeCommit":true,"messageTitle":"Merge pull request #161 from yymeiting/branch-fix-test-cases","messageBody":"Branch fix test cases","fileTypesAndContributionMap":{}},{"hash":"978c6128b3892e227c99507d80adde00ba98e9ed","isMergeCommit":false,"messageTitle":"Update delete command","messageBody":"","fileTypesAndContributionMap":{"functional-code":{"insertions":6,"deletions":5},"test-code":{"insertions":4,"deletions":0}}},{"hash":"0fef716069f5444f2e34c70e8e4de97686adfd31","isMergeCommit":true,"messageTitle":"Merge pull request #168 from yymeiting/branch-w11-update-delete","messageBody":"Update delete command","fileTypesAndContributionMap":{}},{"hash":"df286f32de451d038ff8eec168335da7441f303b","isMergeCommit":false,"messageTitle":"SeniorListPanel and CaregiverListPanel fixes","messageBody":"","fileTypesAndContributionMap":{"functional-code":{"insertions":29,"deletions":9}}},{"hash":"9d806281dc2d7bc5bce66c2a61e0505ba7f6db1e","isMergeCommit":true,"messageTitle":"Merge pull request #176 from yymeiting/branch-w11-fix-empty-panel","messageBody":"SeniorListPanel and CaregiverListPanel fixes","fileTypesAndContributionMap":{}}]}]},"authorFileTypeContributionMap":{"Gracesong146":{"docs":332,"functional-code":1564,"test-code":449},"weihan-01":{"docs":47,"functional-code":526,"test-code":17},"j-os-h-in":{"docs":307,"functional-code":1109,"test-code":804,"other":5},"whchenyicn":{"docs":65,"functional-code":419,"test-code":155},"yymeiting":{"docs":252,"functional-code":568,"test-code":861}},"authorContributionVariance":{"Gracesong146":61313.94,"weihan-01":18215.09,"j-os-h-in":361068.78,"whchenyicn":21602.982,"yymeiting":49464.477},"authorDisplayNameMap":{"Gracesong146":"CS2103-F13-4 GRAC..SONG","weihan-01":"CS2103-F13-4 TAN .. HAN","j-os-h-in":"CS2103-F13-4 TAN ..SHIN","whchenyicn":"CS2103-F13-4 CHEN..ILIN","yymeiting":"CS2103-F13-4 YAP ..TING"}}
