{"authorDailyContributionsMap":{"Ruinim":[{"date":"2025-09-27T00:00:00","commitResults":[{"hash":"7e5cb16c9af90a5d0bd27bac4b578be3288ddc19","isMergeCommit":false,"messageTitle":"Add remark","messageBody":"","fileTypesAndContributionMap":{"functional-code":{"insertions":8,"deletions":0}}},{"hash":"f7b4aa6374ca3a4f47ab17a08e49cc524001f4d6","isMergeCommit":false,"messageTitle":"Remove accidental files","messageBody":"","fileTypesAndContributionMap":{"functional-code":{"insertions":0,"deletions":8}}}]},{"date":"2025-09-29T00:00:00","commitResults":[{"hash":"93ca21655cb410f2ac91efff63a2323267623f10","isMergeCommit":false,"messageTitle":"Edit readme","messageBody":"","fileTypesAndContributionMap":{"docs":{"insertions":2,"deletions":0}}},{"hash":"417949f7dbf98544ea2e03a1d83f05f3bedd2ed9","isMergeCommit":true,"messageTitle":"Merge pull request #4 from Ruinim/master","messageBody":"Edit readme","fileTypesAndContributionMap":{}}]},{"date":"2025-09-30T00:00:00","commitResults":[{"hash":"4ca5b8c421399f0eb59bc6cd22175a646dbcf81c","isMergeCommit":true,"messageTitle":"Merge branch \u0027master\u0027 into add-photo","messageBody":"","fileTypesAndContributionMap":{}},{"hash":"d0c5d7747bf4ae8a58823ed754ff790ec305fac2","isMergeCommit":true,"messageTitle":"Merge pull request #11 from jxnwxx/branch-update-readme","messageBody":"Update README.md","fileTypesAndContributionMap":{}}]},{"date":"2025-10-01T00:00:00","commitResults":[{"hash":"e56db519e7f6281a248e1563398c2f37c8ba0fe7","isMergeCommit":false,"messageTitle":"Update teams page with ruinim\u0027s info","messageBody":"","fileTypesAndContributionMap":{"docs":{"insertions":50,"deletions":4}}},{"hash":"66e483ba90e358ae2f6e3e21d019b426685c9fe7","isMergeCommit":true,"messageTitle":"Merge pull request #17 from lunardrak/add-photo","messageBody":"Add lunardrak photo","fileTypesAndContributionMap":{}},{"hash":"9777af170f11b8c8fe6b5401fb7c20bff9fbbca5","isMergeCommit":false,"messageTitle":"Fix portfolio name","messageBody":"","fileTypesAndContributionMap":{"docs":{"insertions":1,"deletions":1}}}]},{"date":"2025-10-02T00:00:00","commitResults":[{"hash":"0fc872a6b74a4d6313d4893e3038e169a3542ad1","isMergeCommit":true,"messageTitle":"Merge pull request #28 from goatmilkkk/branch-update-aboutus","messageBody":"Update teams page with goatmilkkk\u0027s info","fileTypesAndContributionMap":{}},{"hash":"794a1313eee0f2fb8abd87fe50f9b0066bb2ea63","isMergeCommit":true,"messageTitle":"Merge pull request #30 from WhyisQuek/update-WhyisQuek-aboutus","messageBody":"Update teams page with WhyisQuek\u0027s info","fileTypesAndContributionMap":{}},{"hash":"e2f6e4197cbe3cebd8690442fa2f723cf64c57c1","isMergeCommit":true,"messageTitle":"Merge pull request #34 from goatmilkkk/branch-fix-portfolio-link","messageBody":"Fix portfolio link for goatmilkkk in teams page","fileTypesAndContributionMap":{}},{"hash":"de13c1b27e0fd858ca393eb8f275df8dcd6b7d6f","isMergeCommit":false,"messageTitle":"Update developerguide.md","messageBody":"","fileTypesAndContributionMap":{"docs":{"insertions":132,"deletions":34}}}]},{"date":"2025-10-08T00:00:00","commitResults":[{"hash":"20252f37374a5b1b2b9767b767b3253e52b5a575","isMergeCommit":true,"messageTitle":"Merge pull request #56 from goatmilkkk/branch-create-appointment-model","messageBody":"Create Appointment model and set-up UI components for it","fileTypesAndContributionMap":{}}]},{"date":"2025-10-10T00:00:00","commitResults":[{"hash":"262b2003e3245b7ea971744b7d7153a5ea267aff","isMergeCommit":true,"messageTitle":"Merge pull request #55 from jxnwxx/branch-update-person","messageBody":"Add NRIC field to person and update command fields","fileTypesAndContributionMap":{}},{"hash":"bfd090d7d5fbc61edc5ac9496f9130d2da64b5fb","isMergeCommit":false,"messageTitle":"Add dob field to person model","messageBody":"The dob is still in string\nfollow-up:\n* update dob field to datetime object\n","fileTypesAndContributionMap":{"functional-code":{"insertions":151,"deletions":16},"test-code":{"insertions":188,"deletions":50}}},{"hash":"c5f670c6f3a82c83d5205c4c12d562947b66b74b","isMergeCommit":false,"messageTitle":"Update dob to allow for datetime usage","messageBody":"","fileTypesAndContributionMap":{"functional-code":{"insertions":22,"deletions":5}}},{"hash":"40e1da6fc55afb78152e5045c956007c0134cf51","isMergeCommit":false,"messageTitle":"Update dob filename to dateofbirth","messageBody":"","fileTypesAndContributionMap":{"functional-code":{"insertions":52,"deletions":48},"other":{"insertions":9,"deletions":9},"test-code":{"insertions":73,"deletions":72}}},{"hash":"0f3c0fa06b6e9f89c62429464c2218e09d5d28d7","isMergeCommit":false,"messageTitle":"Fix leftover change reverts for dateofbirth","messageBody":"","fileTypesAndContributionMap":{"test-code":{"insertions":2,"deletions":2}}}]},{"date":"2025-10-11T00:00:00","commitResults":[{"hash":"be3766fbcc4d834cf65076cf60147e889992e50b","isMergeCommit":true,"messageTitle":"Merge pull request #54 from jxnwxx/branch-update-readme","messageBody":"Update overview in README.md to better represent DoctorBase","fileTypesAndContributionMap":{}}]},{"date":"2025-10-14T00:00:00","commitResults":[{"hash":"f127dca394a9279adf757fde2923180cd4d6f126","isMergeCommit":false,"messageTitle":"Change tag to medicalhistory name","messageBody":"The UI still needs to be fixed\nCurrently does not read medical history still tags\n","fileTypesAndContributionMap":{"functional-code":{"insertions":56,"deletions":54},"other":{"insertions":15,"deletions":15},"docs":{"insertions":5,"deletions":5},"test-code":{"insertions":35,"deletions":30}}},{"hash":"c11d931e36f599524f218cc0f8ed10f5eba3acab","isMergeCommit":false,"messageTitle":"Fix variable name and json keyname","messageBody":"","fileTypesAndContributionMap":{"functional-code":{"insertions":11,"deletions":10}}},{"hash":"5924aae8ba165044f1ccb8cd22bb7261f937fe64","isMergeCommit":false,"messageTitle":"Fix title to doctorbase and change storage file paths","messageBody":"","fileTypesAndContributionMap":{"functional-code":{"insertions":2,"deletions":2},"test-code":{"insertions":2,"deletions":2}}},{"hash":"83614673c484ac6f1779c63ee510727382ae930c","isMergeCommit":true,"messageTitle":"Merge pull request #61 from jxnwxx/branch-implement-list-appointment","messageBody":"Implement List Appointment","fileTypesAndContributionMap":{}},{"hash":"b30539dabfa7e74c94e5c800ef2463c02456c337","isMergeCommit":true,"messageTitle":"Merge pull request #66 from goatmilkkk/branch-fix-add-command-message","messageBody":"Fix Add command usage message","fileTypesAndContributionMap":{}},{"hash":"a0bc4a9695f9d7a3c85fab0711c6fba15b4dcae9","isMergeCommit":true,"messageTitle":"Merge pull request #70 from goatmilkkk/branch-modify-tags-field-data","messageBody":"Update Tags field data to reflect medical history","fileTypesAndContributionMap":{}},{"hash":"933231acc6842cf3a9edbb80ec5737bdcb1c8b2b","isMergeCommit":true,"messageTitle":"Merge branch \u0027master\u0027 into branch-refactor-tag-to-medicalhistory","messageBody":"","fileTypesAndContributionMap":{}},{"hash":"c45eee714f20d39ad77caf7f3c6560cff81f7a0e","isMergeCommit":false,"messageTitle":"Add new person fields to current ui","messageBody":"","fileTypesAndContributionMap":{"functional-code":{"insertions":11,"deletions":4}}},{"hash":"a89a35a4ee982685d333cdf522c077f7ffdf7ea9","isMergeCommit":false,"messageTitle":"Remove extra nric print","messageBody":"","fileTypesAndContributionMap":{"functional-code":{"insertions":1,"deletions":1}}},{"hash":"f07d4f6aa0a4ea85473c632ecbfa2ee45f83d8b4","isMergeCommit":false,"messageTitle":"Update introduction of user guide","messageBody":"","fileTypesAndContributionMap":{"docs":{"insertions":36,"deletions":11}}},{"hash":"43c54d56d0b62ae1f2661ef74370ba94ad4b6741","isMergeCommit":false,"messageTitle":"Add table of contents and target user overview","messageBody":"","fileTypesAndContributionMap":{"docs":{"insertions":9,"deletions":4}}}]},{"date":"2025-10-15T00:00:00","commitResults":[{"hash":"ef3f11e95930f2efabcf2a412d1cc7e89a9f2748","isMergeCommit":true,"messageTitle":"Merge branch \u0027master\u0027 into branch-delete-appt","messageBody":"","fileTypesAndContributionMap":{}},{"hash":"687424b9a6c2c2a4a05e7ae34b1e17660ad15a1e","isMergeCommit":false,"messageTitle":"Fix: tailing whitespace","messageBody":"","fileTypesAndContributionMap":{"functional-code":{"insertions":1,"deletions":1}}},{"hash":"2667eb4586249c80b55390c1de08e0d12547c74f","isMergeCommit":false,"messageTitle":"Add getage method and more test cases for dob","messageBody":"","fileTypesAndContributionMap":{"functional-code":{"insertions":12,"deletions":1},"test-code":{"insertions":26,"deletions":0}}},{"hash":"9bc81d6cced392c27e45af8f1f53809c89db9812","isMergeCommit":true,"messageTitle":"Merge pull request #72 from WhyisQuek/branch-delete-appt","messageBody":"Implement Delete Appointment Command","fileTypesAndContributionMap":{}},{"hash":"604fe8de09326dd484c52df337e1592a018f9987","isMergeCommit":true,"messageTitle":"Merge branch \u0027master\u0027 into branch-update-person","messageBody":"","fileTypesAndContributionMap":{}},{"hash":"04b80c2f2c7cd2f8da12a5f6212a0e37dac86a16","isMergeCommit":true,"messageTitle":"Merge pull request #64 from jxnwxx/branch-update-person","messageBody":"Fix Nric not being capitalized and unique","fileTypesAndContributionMap":{}},{"hash":"47ce260f9dfbeed6ffc96699e5c202d5c9198464","isMergeCommit":false,"messageTitle":"Fix follow ui.png image","messageBody":"","fileTypesAndContributionMap":{"functional-code":{"insertions":4,"deletions":7}}}]},{"date":"2025-10-16T00:00:00","commitResults":[{"hash":"8b464965631c1691bb8c0ad5d85e4f3fe46b812a","isMergeCommit":true,"messageTitle":"Merge branch \u0027master\u0027 into branch-change-titlename","messageBody":"","fileTypesAndContributionMap":{}},{"hash":"788036af1402a1a6355b372d9f31466b809824d3","isMergeCommit":false,"messageTitle":"Fix app version","messageBody":"","fileTypesAndContributionMap":{"functional-code":{"insertions":1,"deletions":1}}}]},{"date":"2025-10-18T00:00:00","commitResults":[{"hash":"78a18d315ccdbd87b0f586e6d0b217ca0ba88ab5","isMergeCommit":false,"messageTitle":"Update userguide body","messageBody":"","fileTypesAndContributionMap":{"docs":{"insertions":86,"deletions":54}}},{"hash":"b4690d2c2fbddfcadf43769be5c11c0d6025702f","isMergeCommit":false,"messageTitle":"Update conclusion of userguide","messageBody":"","fileTypesAndContributionMap":{"docs":{"insertions":25,"deletions":3}}}]},{"date":"2025-10-19T00:00:00","commitResults":[{"hash":"4d1bf670602c8f173147f47ca4810cd612c5bac4","isMergeCommit":false,"messageTitle":"Enable assertions","messageBody":"","fileTypesAndContributionMap":{"other":{"insertions":5,"deletions":0}}},{"hash":"cbc1209a6f8c59865c50b15a6f1729a29ee41c87","isMergeCommit":false,"messageTitle":"Fix command summary to be specific","messageBody":"","fileTypesAndContributionMap":{"docs":{"insertions":12,"deletions":12}}},{"hash":"f6434c1c2a4c209ff3299f3ac410357e0e504b12","isMergeCommit":false,"messageTitle":"Fix redownload url","messageBody":"","fileTypesAndContributionMap":{"docs":{"insertions":1,"deletions":1}}},{"hash":"95efe8d34a77c6a555458f10e8fec9c0e0e798e6","isMergeCommit":false,"messageTitle":"Fix edit command parameters","messageBody":"","fileTypesAndContributionMap":{"docs":{"insertions":1,"deletions":1}}},{"hash":"f03cae100a5fe0c276397a95e66f58ac61556604","isMergeCommit":false,"messageTitle":"Add edit-appt command","messageBody":"Lets\u0027:\n* Add test cases\n","fileTypesAndContributionMap":{"functional-code":{"insertions":257,"deletions":0}}},{"hash":"ccf942553478646ab003e9f2333ec5346d0abd2c","isMergeCommit":true,"messageTitle":"Merge pull request #83 from lunardrak/refactor-person-to-patient","messageBody":"refactor person to patient","fileTypesAndContributionMap":{}},{"hash":"af99f7d75ad4111b3d2a2f530d7f9197bfd30456","isMergeCommit":true,"messageTitle":"Merge branch \u0027master\u0027 into add-edit-appointment","messageBody":"","fileTypesAndContributionMap":{}},{"hash":"2f0564b858afec2fc73b89670ed539e136e88a6e","isMergeCommit":false,"messageTitle":"Fix from person to patient","messageBody":"","fileTypesAndContributionMap":{"functional-code":{"insertions":18,"deletions":10}}},{"hash":"ce34dc7ab07e709709da4ec47ca2c8b14afc2874","isMergeCommit":false,"messageTitle":"Add test cases for edit-appt command","messageBody":"","fileTypesAndContributionMap":{"functional-code":{"insertions":5,"deletions":5},"test-code":{"insertions":290,"deletions":0}}}]},{"date":"2025-10-20T00:00:00","commitResults":[{"hash":"125039a645299fe8cfd01bb4e9b87c6678ac8410","isMergeCommit":false,"messageTitle":"Add more test cases and fix formatting error","messageBody":"","fileTypesAndContributionMap":{"functional-code":{"insertions":34,"deletions":9},"test-code":{"insertions":91,"deletions":5}}},{"hash":"b907d2cc0f01d00a5e0ee191c41a897cb3955721","isMergeCommit":false,"messageTitle":"Fix code quality","messageBody":"","fileTypesAndContributionMap":{"functional-code":{"insertions":4,"deletions":8}}},{"hash":"bd1438fec9cb0a8b7a522861f17e866c02783701","isMergeCommit":false,"messageTitle":"Add edit-appt command","messageBody":"","fileTypesAndContributionMap":{"docs":{"insertions":15,"deletions":0}}},{"hash":"7060c060dca5982b06de8673271f499d4b2d3d5b","isMergeCommit":false,"messageTitle":"Fix reformat table","messageBody":"","fileTypesAndContributionMap":{"docs":{"insertions":1,"deletions":1}}},{"hash":"91938b8511dbb6a1e7982b715f833b2b2ae4d368","isMergeCommit":false,"messageTitle":"Fix typo","messageBody":"","fileTypesAndContributionMap":{"functional-code":{"insertions":1,"deletions":1}}},{"hash":"951b930a2be553fa6eee1783b9ad9783b8c08b2f","isMergeCommit":true,"messageTitle":"Merge branch \u0027master\u0027 into branch-userguide-conclusion","messageBody":"","fileTypesAndContributionMap":{}},{"hash":"83e9ca50ffbabc4b96e47e65db47f99e3f2d06dc","isMergeCommit":false,"messageTitle":"Fix ug","messageBody":"","fileTypesAndContributionMap":{"docs":{"insertions":76,"deletions":30}}},{"hash":"93f386070174be98d0cbfe65767c7a169b0cb524","isMergeCommit":false,"messageTitle":"Edit reflect index changes","messageBody":"","fileTypesAndContributionMap":{"docs":{"insertions":26,"deletions":22}}}]},{"date":"2025-10-21T00:00:00","commitResults":[{"hash":"0bc77656040cb946bf6bf789a101e23c26f4e57c","isMergeCommit":false,"messageTitle":"Fix ug","messageBody":"","fileTypesAndContributionMap":{"docs":{"insertions":3,"deletions":3}}},{"hash":"920c66780b521d247a88b76f2338308a7a916c0b","isMergeCommit":false,"messageTitle":"Additional fix","messageBody":"","fileTypesAndContributionMap":{"docs":{"insertions":1,"deletions":1}}}]},{"date":"2025-10-22T00:00:00","commitResults":[{"hash":"57755a7bfe3da1819a01497ec7105a7d4b944b97","isMergeCommit":true,"messageTitle":"Merge pull request #93 from jxnwxx/branch-update-ui","messageBody":"Branch update UI","fileTypesAndContributionMap":{}}]},{"date":"2025-10-23T00:00:00","commitResults":[{"hash":"2e8909140ae29b99d0e1f3223d6dc5560785ceef","isMergeCommit":true,"messageTitle":"Merge pull request #101 from WhyisQuek/branch-add-addressbookparser-listappt-test","messageBody":"Add test case for new ListAppointmentCommand to AddressBookParserTest","fileTypesAndContributionMap":{}},{"hash":"b9778d3d4dafeed4d6eef7e513288503468ba472","isMergeCommit":true,"messageTitle":"Merge branch \u0027master\u0027 into branch-add-addressbookparser-test","messageBody":"","fileTypesAndContributionMap":{}},{"hash":"ba5b880d1bc88e74ee12d33463506f129330a9f2","isMergeCommit":false,"messageTitle":"Update AddressBookParserTest.java","messageBody":"","fileTypesAndContributionMap":{"test-code":{"insertions":1,"deletions":1}}},{"hash":"65c7c4ee026f953cb4962254c3239f859855aa87","isMergeCommit":true,"messageTitle":"Merge pull request #99 from WhyisQuek/branch-add-addressbookparser-test","messageBody":"Add test case for AddAppointmentCommand in AddressBookParser","fileTypesAndContributionMap":{}},{"hash":"6c6b851ceb6afe2bd98de6a49b5bdb084c1c225a","isMergeCommit":true,"messageTitle":"Merge pull request #105 from jxnwxx/branch-update-uml","messageBody":"Update UML files to include Nric and Ui","fileTypesAndContributionMap":{}},{"hash":"7ff344205ba7c236ba7f08ea53e058acddc89098","isMergeCommit":true,"messageTitle":"Merge pull request #107 from goatmilkkk/branch-fix-medical-history-validation","messageBody":"Validation spec mismatch for medical history","fileTypesAndContributionMap":{}},{"hash":"44f336e10e42959eeccdfbf5627e5d7bba5482d8","isMergeCommit":false,"messageTitle":"Fix ug to include instruction for windows os","messageBody":"","fileTypesAndContributionMap":{"docs":{"insertions":9,"deletions":4}}}]}],"jxnwxx":[{"date":"2025-09-30T00:00:00","commitResults":[{"hash":"284e7b2d4431efeadab0e642f2c11bdbe5d1bbd4","isMergeCommit":false,"messageTitle":"Update README.md","messageBody":"* Move DoctorBase title to top of README.md\n* Add codecov badge into README.md\n","fileTypesAndContributionMap":{"docs":{"insertions":3,"deletions":1}}}]},{"date":"2025-10-01T00:00:00","commitResults":[{"hash":"6346f2b9c4bcf4c057e8a0adb7ff3fb8b43a32af","isMergeCommit":false,"messageTitle":"Update teams page with jxnwxx\u0027s info","messageBody":"* Update AboutUs.md with jxnwxx\u0027s info\n* Add jxnwxx portfolio page\n","fileTypesAndContributionMap":{"docs":{"insertions":50,"deletions":4}}},{"hash":"5f5e853ae63608c6b65d7a22a4271627b97e5e2c","isMergeCommit":false,"messageTitle":"Update README.md to align with DoctorBase","messageBody":"* Update README.md to DoctorBase content\n* Update Ui.png to mockup of final product\n","fileTypesAndContributionMap":{"docs":{"insertions":24,"deletions":11}}},{"hash":"3fb341df00a1ba31beefeb6482b1e7aa309ef06f","isMergeCommit":false,"messageTitle":"Fix whitespace issues","messageBody":"","fileTypesAndContributionMap":{"docs":{"insertions":4,"deletions":4}}},{"hash":"83fe59940695d00e1a88f9f156d6c519143cd81d","isMergeCommit":false,"messageTitle":"Fix typo in filename and update all references","messageBody":"* Rename jxnwxxx.md to jxnwxx.md\n* Update reference to jxnwxx.md in AboutUs.md\n","fileTypesAndContributionMap":{"docs":{"insertions":1,"deletions":1}}}]},{"date":"2025-10-02T00:00:00","commitResults":[{"hash":"0e395925cd1d933aee3a590c9f2caeae63cb5718","isMergeCommit":true,"messageTitle":"Merge pull request #26 from lunardrak/branch-update-about-us","messageBody":"Update teams page with lunardrak\u0027s info","fileTypesAndContributionMap":{}}]},{"date":"2025-10-04T00:00:00","commitResults":[{"hash":"60ea05c518d6165ba460bd385830f33f56b6c6ce","isMergeCommit":true,"messageTitle":"Merge branch \u0027master\u0027 into branch-update-readme","messageBody":"","fileTypesAndContributionMap":{}}]},{"date":"2025-10-06T00:00:00","commitResults":[{"hash":"40d3d2edd4c36dd8929b9f2e3c5c172296a0fa51","isMergeCommit":false,"messageTitle":"Update overview in README.md to better represent the product","messageBody":"","fileTypesAndContributionMap":{"docs":{"insertions":1,"deletions":1}}}]},{"date":"2025-10-07T00:00:00","commitResults":[{"hash":"da7fb85c5fc72fb285f82410849637da23a10165","isMergeCommit":false,"messageTitle":"Add Nric field to Person","messageBody":"* Add Nric field to Person\n* Update UI to display NRIC\n","fileTypesAndContributionMap":{"functional-code":{"insertions":138,"deletions":19},"test-code":{"insertions":13,"deletions":1}}},{"hash":"5640349928ed6f15c11613de642b7160cc4d82fa","isMergeCommit":false,"messageTitle":"Add test cases to test Nric field","messageBody":"* Add test cases for Nric field in Person\n* Add Nric field to all relevant files\n* Add Nric field to relevant test cases\n","fileTypesAndContributionMap":{"functional-code":{"insertions":22,"deletions":5},"test-code":{"insertions":137,"deletions":52}}},{"hash":"fa5f23244af70001a170c4b115b6cd6dc304a0a5","isMergeCommit":false,"messageTitle":"Update EditCommand usage message","messageBody":"* Remove double whitespaces\n","fileTypesAndContributionMap":{"functional-code":{"insertions":2,"deletions":0},"test-code":{"insertions":1,"deletions":2}}},{"hash":"131918445ea2511165c4d7c4500dfc58389fed00","isMergeCommit":false,"messageTitle":"Implement NricTest to test Nric functions","messageBody":"* Update Nric constraint message\n","fileTypesAndContributionMap":{"functional-code":{"insertions":3,"deletions":3},"test-code":{"insertions":58,"deletions":0}}}]},{"date":"2025-10-09T00:00:00","commitResults":[{"hash":"90a0cccb70700d3cfa4253443df8ccbeb17418d6","isMergeCommit":true,"messageTitle":"Merge branch \u0027master\u0027 into branch-update-person","messageBody":"* Resolve conflicts\n* Fix checkstyle issues\n","fileTypesAndContributionMap":{}}]},{"date":"2025-10-11T00:00:00","commitResults":[{"hash":"70878b3bd6801c3d3646bb0dfb23e85962dbe974","isMergeCommit":true,"messageTitle":"Merge pull request #60 from lunardrak/branch-implement-add-appointment-command","messageBody":"Branch implement add appointment command","fileTypesAndContributionMap":{}}]},{"date":"2025-10-13T00:00:00","commitResults":[{"hash":"b6e8e535fb8c3c409c726756df845f7c5a8384b5","isMergeCommit":false,"messageTitle":"Update AddAppointmentCommand command word","messageBody":"","fileTypesAndContributionMap":{"functional-code":{"insertions":1,"deletions":1}}},{"hash":"762007c4ce5470322ea1890eb5da3bd562ea9c87","isMergeCommit":false,"messageTitle":"Implement ListAppointment functionality","messageBody":"","fileTypesAndContributionMap":{"functional-code":{"insertions":132,"deletions":0}}},{"hash":"1feb65bf711903277a2da523754e2134a70f8509","isMergeCommit":false,"messageTitle":"Remove unnecessary imports","messageBody":"","fileTypesAndContributionMap":{"functional-code":{"insertions":0,"deletions":5}}},{"hash":"d95c72041ea76d9a27db6527ac4fbd270e28e7a4","isMergeCommit":false,"messageTitle":"Update javadocs in List Appointment classes","messageBody":"","fileTypesAndContributionMap":{"functional-code":{"insertions":4,"deletions":5}}},{"hash":"9fc12d0ab19dc8caf6ae1f3c9192a191f493299b","isMergeCommit":false,"messageTitle":"Add test cases for ListAppointment and ListAppointmentParser","messageBody":"","fileTypesAndContributionMap":{"test-code":{"insertions":138,"deletions":0}}}]},{"date":"2025-10-14T00:00:00","commitResults":[{"hash":"b1f2ceb256b3428780d46a98ca71824869108401","isMergeCommit":false,"messageTitle":"Remove unnecessary imports","messageBody":"","fileTypesAndContributionMap":{"test-code":{"insertions":1,"deletions":3}}},{"hash":"ff1d027aec550cc91e7ba5c0c442a6f2d0f8078f","isMergeCommit":true,"messageTitle":"Merge branch \u0027master\u0027 into branch-update-person","messageBody":"","fileTypesAndContributionMap":{}},{"hash":"8fe07b096a3a43354cf4e2a4aa2db0e353aa80e9","isMergeCommit":false,"messageTitle":"Fix bug in Nric not in uppercase","messageBody":"","fileTypesAndContributionMap":{"functional-code":{"insertions":1,"deletions":1}}},{"hash":"657073c2eb6bf63ed7ced0f8661df2c3a78a516f","isMergeCommit":false,"messageTitle":"Update isSamePerson method to compare using Nric field and test cases","messageBody":"","fileTypesAndContributionMap":{"functional-code":{"insertions":1,"deletions":1},"test-code":{"insertions":13,"deletions":12}}}]},{"date":"2025-10-15T00:00:00","commitResults":[{"hash":"3afee6abc08cedc55d62170a756f451889e800af","isMergeCommit":true,"messageTitle":"Merge branch \u0027master\u0027 into branch-list-appointment-gui","messageBody":"","fileTypesAndContributionMap":{}},{"hash":"7ba9ef9296a9cc90b3d4a7f59f860d22a9eacf93","isMergeCommit":false,"messageTitle":"Add Appointment UI elements","messageBody":"","fileTypesAndContributionMap":{"functional-code":{"insertions":187,"deletions":32},"test-code":{"insertions":7,"deletions":7}}},{"hash":"e9f0507ca8c219f330c98bba976decb6cd36f48d","isMergeCommit":false,"messageTitle":"Add display of Appointments on to UI","messageBody":"","fileTypesAndContributionMap":{"functional-code":{"insertions":78,"deletions":51}}},{"hash":"2d090f69b39a5b326d37c3f589c6b8c7633e3621","isMergeCommit":true,"messageTitle":"Merge branch \u0027master\u0027 into branch-list-appointment-gui","messageBody":"","fileTypesAndContributionMap":{}},{"hash":"dbc74fb3a93d7d0209d41ca2589c25c29281843a","isMergeCommit":false,"messageTitle":"Fix checkstyle issues and add display status to GUI","messageBody":"* Add javadocs to methods\n* Remove trailing whitespaces\n* Update UI elements to show display list status\n","fileTypesAndContributionMap":{"functional-code":{"insertions":54,"deletions":14},"test-code":{"insertions":35,"deletions":2}}},{"hash":"6274442db31a5dcc0d7f43cea7df6d7f00160b7f","isMergeCommit":false,"messageTitle":"Remove unused message string","messageBody":"","fileTypesAndContributionMap":{"functional-code":{"insertions":0,"deletions":1}}},{"hash":"48beb4f67872c0b073d8037d3bff07300a19b185","isMergeCommit":false,"messageTitle":"Add test case for ModelManagerTest","messageBody":"","fileTypesAndContributionMap":{"functional-code":{"insertions":0,"deletions":1},"test-code":{"insertions":13,"deletions":0}}}]},{"date":"2025-10-20T00:00:00","commitResults":[{"hash":"ec92804b393531dfe1a330a648d475ff7ac5a631","isMergeCommit":false,"messageTitle":"Update UI elements","messageBody":"* Add new method to extract Gender short form for UI\n","fileTypesAndContributionMap":{"functional-code":{"insertions":26,"deletions":18}}},{"hash":"94b8dd057b324508156ca429427a84c65ee3ecc4","isMergeCommit":false,"messageTitle":"Update UI color scheme and app icon","messageBody":"","fileTypesAndContributionMap":{"functional-code":{"insertions":40,"deletions":36},"test-code":{"insertions":1,"deletions":1}}},{"hash":"cae1ef7a86301f20b768b8a32c19673c0ec92895","isMergeCommit":false,"messageTitle":"Update HelpWindow color scheme and URL to User Guide","messageBody":"","fileTypesAndContributionMap":{"functional-code":{"insertions":11,"deletions":6}}},{"hash":"ecc61024f73dbb7cb375038e683197782c546450","isMergeCommit":true,"messageTitle":"Merge pull request #90 from Ruinim/enable-assertions","messageBody":"Enable assertions","fileTypesAndContributionMap":{}},{"hash":"2646b4b061d714446bd0d98b5fdbddcba7ee4ef1","isMergeCommit":true,"messageTitle":"Merge pull request #91 from Ruinim/add-edit-appointment","messageBody":"Add edit appointment","fileTypesAndContributionMap":{}},{"hash":"0a312d8c6fb1282f27fb457e6052f2d4a29be4d5","isMergeCommit":false,"messageTitle":"Update ListAppointmentCommand to use Index instead of Nric","messageBody":"* Update test cases to match changes\n* Add setSelectedPerson to ListCommand for further changes\n","fileTypesAndContributionMap":{"functional-code":{"insertions":26,"deletions":38},"test-code":{"insertions":23,"deletions":46}}},{"hash":"7759f7b7aadcf336bbdb1539aea1889a976c9a3e","isMergeCommit":false,"messageTitle":"Add null checks for DeleteCommand and ListAppointmentCommand","messageBody":"","fileTypesAndContributionMap":{"functional-code":{"insertions":6,"deletions":1},"test-code":{"insertions":12,"deletions":0}}},{"hash":"c7c4376d71ec18ab95db3ed92f4403422a10fa95","isMergeCommit":false,"messageTitle":"Update AddAppointmentCommand to use Index over Nric","messageBody":"","fileTypesAndContributionMap":{"functional-code":{"insertions":32,"deletions":27},"test-code":{"insertions":63,"deletions":193}}},{"hash":"51387f1ae4365a9369666e8f12c2c0b67b1272f1","isMergeCommit":false,"messageTitle":"Remove unnecessary imports","messageBody":"","fileTypesAndContributionMap":{"test-code":{"insertions":0,"deletions":3}}},{"hash":"bf2e172b263873f661c7b79f2badbac4aff1fb39","isMergeCommit":false,"messageTitle":"Implement condition checks for DeleteCommand","messageBody":"Currently, DeleteCommand delete patients without checking if the\ncurrent display is Patient list or Appointment list. So lets,\n\n* Add a check for if Appointment list is being displayed\n","fileTypesAndContributionMap":{"functional-code":{"insertions":7,"deletions":0}}},{"hash":"0705ed3507abd3b4a1f4f7b2c4bc49502710bafc","isMergeCommit":false,"messageTitle":"Update DeleteAppointmentCommand and relevant test cases","messageBody":"* Add new Person constructor for test cases\n* Update getTypicalAddressBook to add immutable patients\n","fileTypesAndContributionMap":{"functional-code":{"insertions":25,"deletions":34},"test-code":{"insertions":54,"deletions":280}}},{"hash":"30fd94e8f44287acad58d8879339d714dc89a66d","isMergeCommit":true,"messageTitle":"Merge branch \u0027master\u0027 into branch-modify-appt-commands","messageBody":"","fileTypesAndContributionMap":{}},{"hash":"5d6e5b487052380bb3f0f2bfdabf261bd4487c97","isMergeCommit":false,"messageTitle":"Update EditAppointment to use Index over Nric","messageBody":"","fileTypesAndContributionMap":{"functional-code":{"insertions":32,"deletions":34},"test-code":{"insertions":27,"deletions":43}}},{"hash":"f4a752004733a951e7d31e4f744d6bf8c173c0dd","isMergeCommit":false,"messageTitle":"Add additional check when using ListAppointment","messageBody":"","fileTypesAndContributionMap":{"functional-code":{"insertions":7,"deletions":0},"test-code":{"insertions":2,"deletions":4}}},{"hash":"5bce01c75850dafead7f0e64532104bcaa35643f","isMergeCommit":false,"messageTitle":"Fix styling issues and minor javadocs issues","messageBody":"","fileTypesAndContributionMap":{"functional-code":{"insertions":5,"deletions":6},"test-code":{"insertions":2,"deletions":7}}}]},{"date":"2025-10-21T00:00:00","commitResults":[{"hash":"d10efd0b96776d1ecb16f1ddf99e44eb76008efa","isMergeCommit":false,"messageTitle":"Add test cases to cover missed lines","messageBody":"","fileTypesAndContributionMap":{"test-code":{"insertions":46,"deletions":1}}},{"hash":"3a70001dde7ccd687c89dba13878f5c178420473","isMergeCommit":false,"messageTitle":"Change person references to patient","messageBody":"","fileTypesAndContributionMap":{"functional-code":{"insertions":4,"deletions":4}}},{"hash":"878cc651a8ccac5a8611599d843a63caf067efc6","isMergeCommit":false,"messageTitle":"Add additional test cases and utilise existing builder functions","messageBody":"","fileTypesAndContributionMap":{"test-code":{"insertions":53,"deletions":14}}},{"hash":"e9ff7b33b1df474d2e97455f232fa34499a557d0","isMergeCommit":false,"messageTitle":"Update UML diagram to reflect Nric class","messageBody":"","fileTypesAndContributionMap":{"docs":{"insertions":6,"deletions":1}}},{"hash":"d2b6dc2328d889878db29ceb3a7a1069c90dbbef","isMergeCommit":false,"messageTitle":"Update Ui class diagram","messageBody":"","fileTypesAndContributionMap":{"docs":{"insertions":21,"deletions":6}}},{"hash":"ed9aaddd72dcad9a0975a3f3ec5a3e32d8d5e111","isMergeCommit":false,"messageTitle":"Update Model class diagram with Nric","messageBody":"","fileTypesAndContributionMap":{"docs":{"insertions":1,"deletions":0}}}]},{"date":"2025-10-23T00:00:00","commitResults":[{"hash":"ba88ecbfac5777666f95bff4d97062cf6fc45ce8","isMergeCommit":true,"messageTitle":"Merge pull request #109 from WhyisQuek/branch-update-uml","messageBody":"Add Gender field to UML diagrams","fileTypesAndContributionMap":{}}]}],"goatmilkkk":[{"date":"2025-10-01T00:00:00","commitResults":[{"hash":"a7d6691f013b22ab163823a256b53cc6c6f2de3a","isMergeCommit":false,"messageTitle":"Update teams page with goatmilkkk\u0027s info","messageBody":"","fileTypesAndContributionMap":{"docs":{"insertions":49,"deletions":3}}}]},{"date":"2025-10-02T00:00:00","commitResults":[{"hash":"b5e54807378bbc61c9c7247c3ec83cc1a24cb98c","isMergeCommit":true,"messageTitle":"Merge pull request #20 from jxnwxx/branch-update-teams-page","messageBody":"Update teams page with jxnwxx\u0027s info","fileTypesAndContributionMap":{}},{"hash":"ae8b5162e8229f55a12be1552b91298b8146cd5c","isMergeCommit":true,"messageTitle":"Merge branch \u0027master\u0027 of https://github.com/AY2526S1-CS2103T-W10-3/tp into branch-update-aboutus","messageBody":"","fileTypesAndContributionMap":{}},{"hash":"29c1de884cc535375602fd8f029a3fef5d24c21b","isMergeCommit":true,"messageTitle":"Merge pull request #24 from Ruinim/branch-update-about-us","messageBody":"Update teams page with ruinim\u0027s info","fileTypesAndContributionMap":{}},{"hash":"5284a4ba2df04401750341ec43014adaecc7c1fb","isMergeCommit":true,"messageTitle":"Merge branch \u0027master\u0027 of https://github.com/AY2526S1-CS2103T-W10-3/tp into branch-update-aboutus","messageBody":"","fileTypesAndContributionMap":{}},{"hash":"8f226eccca4abacfde5cf454bd43620eebc7a3dd","isMergeCommit":false,"messageTitle":"Update site-wide settings","messageBody":"","fileTypesAndContributionMap":{"other":{"insertions":2,"deletions":2}}},{"hash":"45f4c2809536e62a84a2d18548526c6e73c00994","isMergeCommit":true,"messageTitle":"Merge branch \u0027master\u0027 of https://github.com/AY2526S1-CS2103T-W10-3/tp into branch-update-side-wide-settings","messageBody":"","fileTypesAndContributionMap":{}},{"hash":"44327c865c673cfc110bb71808f1fd6eb5f99660","isMergeCommit":false,"messageTitle":"Fix portfolio link for goatmilkkk","messageBody":"","fileTypesAndContributionMap":{"docs":{"insertions":1,"deletions":1}}}]},{"date":"2025-10-04T00:00:00","commitResults":[{"hash":"26879f61ae62cd5d36bea7f28ae4605f97b75834","isMergeCommit":true,"messageTitle":"Merge pull request #36 from Ruinim/branch-update-developerguide","messageBody":"Update developerguide.md","fileTypesAndContributionMap":{}}]},{"date":"2025-10-07T00:00:00","commitResults":[{"hash":"cdb1cfdc93e39bd702aaad58457c2a974d29e4e4","isMergeCommit":false,"messageTitle":"Create Appointment class","messageBody":"","fileTypesAndContributionMap":{"functional-code":{"insertions":63,"deletions":0}}},{"hash":"92e88c1fd56fa77580e0cbee87223e97a6d426a5","isMergeCommit":false,"messageTitle":"Add basic test for Appointment","messageBody":"","fileTypesAndContributionMap":{"test-code":{"insertions":29,"deletions":0}}},{"hash":"f56c9841cf1375bde131fa111f97890d9867decb","isMergeCommit":false,"messageTitle":"Update Appointment to use Title for name field","messageBody":"","fileTypesAndContributionMap":{"functional-code":{"insertions":77,"deletions":12},"test-code":{"insertions":3,"deletions":3}}},{"hash":"b2b2d77de2255fb325c0b64da94c963621155743","isMergeCommit":false,"messageTitle":"Add tests for Title","messageBody":"","fileTypesAndContributionMap":{"functional-code":{"insertions":2,"deletions":2},"test-code":{"insertions":63,"deletions":0}}},{"hash":"738322607c53f32d425e5f57cb96549d1ca8abaa","isMergeCommit":false,"messageTitle":"Add tests for Appointment","messageBody":"","fileTypesAndContributionMap":{"test-code":{"insertions":52,"deletions":0}}},{"hash":"f982220d856eef0f4e1b34b9925a1cc31808e625","isMergeCommit":false,"messageTitle":"Update Appointment class","messageBody":"- Rename date field to dateTime for clarity\n- Add isValidDateTimeString method to validate datetime string format\n- Add getDateTimeAsString method to return formatted datetime string\n","fileTypesAndContributionMap":{"functional-code":{"insertions":30,"deletions":10}}},{"hash":"73e7c0c8810ccfb92ec402469aa009302c9a6fd7","isMergeCommit":false,"messageTitle":"Update Add/Edit commands to support Appointment","messageBody":"","fileTypesAndContributionMap":{"functional-code":{"insertions":8,"deletions":2}}},{"hash":"2273377dd617dae8eb2ee1c746399a5110b978f2","isMergeCommit":false,"messageTitle":"Model: Add support for Appointment","messageBody":"","fileTypesAndContributionMap":{"functional-code":{"insertions":90,"deletions":14},"test-code":{"insertions":18,"deletions":1}}},{"hash":"61f736a0363f18b66bc6684d512d4fd2eebc6f42","isMergeCommit":false,"messageTitle":"Storage: Add support for Appointment","messageBody":"","fileTypesAndContributionMap":{"functional-code":{"insertions":85,"deletions":3},"test-code":{"insertions":47,"deletions":10}}},{"hash":"21c03cbbdb0b26df2097f4e4c4d556b951744864","isMergeCommit":false,"messageTitle":"Update Ui to show Appointment(s)","messageBody":"","fileTypesAndContributionMap":{"functional-code":{"insertions":37,"deletions":2}}},{"hash":"2ee8cca4c22703e5eb53d6289f15ef235f455bea","isMergeCommit":false,"messageTitle":"Fix EOF checkstyle by adding a newline","messageBody":"","fileTypesAndContributionMap":{"functional-code":{"insertions":1,"deletions":1},"test-code":{"insertions":1,"deletions":1}}},{"hash":"7e365a59acf10bd44b56055bcefdcfe9992f0dbb","isMergeCommit":false,"messageTitle":"Fix ImportOrder checkstyle","messageBody":"","fileTypesAndContributionMap":{"functional-code":{"insertions":1,"deletions":2}}},{"hash":"5031f4b4a45d772fe349d89642d5a4aa114af694","isMergeCommit":false,"messageTitle":"Fix checkstyle violations related to whitespace","messageBody":"","fileTypesAndContributionMap":{"test-code":{"insertions":12,"deletions":13}}},{"hash":"9ade1b6f56c5868c6c5a1a73ad8393c5ea4e2d61","isMergeCommit":false,"messageTitle":"Update SampleDataUtil.java","messageBody":"","fileTypesAndContributionMap":{"functional-code":{"insertions":6,"deletions":39}}},{"hash":"cdd7d667daec745df5a84384a85de011978d3a3c","isMergeCommit":false,"messageTitle":"Revert \"Update SampleDataUtil.java\"","messageBody":"This reverts commit 9ade1b6f56c5868c6c5a1a73ad8393c5ea4e2d61.\n","fileTypesAndContributionMap":{"functional-code":{"insertions":39,"deletions":6}}}]},{"date":"2025-10-14T00:00:00","commitResults":[{"hash":"55e98c733e118b12c110c330f989dc7d3df515ff","isMergeCommit":false,"messageTitle":"Fix Add command usage message","messageBody":"","fileTypesAndContributionMap":{"functional-code":{"insertions":1,"deletions":1}}},{"hash":"0f3fb35a8fc78330bef9e5b3b85812fbf9f01c39","isMergeCommit":false,"messageTitle":"Update Tags field data to reflect medical history","messageBody":"","fileTypesAndContributionMap":{"functional-code":{"insertions":3,"deletions":2},"test-code":{"insertions":37,"deletions":36}}}]},{"date":"2025-10-23T00:00:00","commitResults":[{"hash":"14e4a3fcd4288a00b66b7cca84c8b731f7306ea5","isMergeCommit":false,"messageTitle":"Validation spec mismatch for medical history","messageBody":"Update comment specification to match regex\n","fileTypesAndContributionMap":{"functional-code":{"insertions":1,"deletions":1}}},{"hash":"42216902eaa3d533bb92e511538677dca4f9cb5c","isMergeCommit":true,"messageTitle":"Merge pull request #97 from Ruinim/beautify-ug","messageBody":"Refactor userguide to fit new index over nric commands","fileTypesAndContributionMap":{}}]}],"WhyisQuek":[{"date":"2025-10-01T00:00:00","commitResults":[{"hash":"d706311297f439d21408b49a5ef3d552d32104d3","isMergeCommit":true,"messageTitle":"Merge pull request #6 from Ruinim/add-photo","messageBody":"Add ruinim\u0027s photo","fileTypesAndContributionMap":{}},{"hash":"401e614c53afc3d3724a7539592f6ea91a83e397","isMergeCommit":false,"messageTitle":"Update teams page with WhyisQuek\u0027s info","messageBody":"","fileTypesAndContributionMap":{"docs":{"insertions":51,"deletions":5}}}]},{"date":"2025-10-02T00:00:00","commitResults":[{"hash":"bb1f901a7c5cf5d21cf7bd2c6530286d6513c451","isMergeCommit":false,"messageTitle":"Fix Portfolio name","messageBody":"","fileTypesAndContributionMap":{"docs":{"insertions":1,"deletions":1}}},{"hash":"5e26640eb1e89ce1ff82981212b990ad465a76e1","isMergeCommit":true,"messageTitle":"Merge branch \u0027master\u0027 into update-WhyisQuek-aboutus","messageBody":"","fileTypesAndContributionMap":{}},{"hash":"6920e46275eb2b64091b8afecc6a33215ddc304c","isMergeCommit":true,"messageTitle":"Merge pull request #32 from goatmilkkk/branch-update-side-wide-settings","messageBody":"Update site-wide settings","fileTypesAndContributionMap":{}},{"hash":"3b9a5d7ba95c12612cd694f2bcb4972d8033a8fa","isMergeCommit":true,"messageTitle":"Merge pull request #22 from jxnwxx/branch-update-readme","messageBody":"Update README.md to align with DoctorBase content","fileTypesAndContributionMap":{}}]},{"date":"2025-10-10T00:00:00","commitResults":[{"hash":"ad283ce062e24ca8513e90ba69c1b3e5ee623a22","isMergeCommit":false,"messageTitle":"Modify Person and Gender.java to include gender","messageBody":"","fileTypesAndContributionMap":{"functional-code":{"insertions":4,"deletions":0}}},{"hash":"1c05ab9358b7f399ccba9e69afb7efbba7ba7358","isMergeCommit":false,"messageTitle":"Update Gender.java and Person.java implementation","messageBody":"","fileTypesAndContributionMap":{"functional-code":{"insertions":73,"deletions":3}}},{"hash":"31b2a8240c8951e96a44fe2cc90953343bb5f482","isMergeCommit":false,"messageTitle":"Add Gender Field","messageBody":"","fileTypesAndContributionMap":{"functional-code":{"insertions":121,"deletions":24},"test-code":{"insertions":253,"deletions":54}}},{"hash":"2701e1f61b8e2da0e7c958539c7689046b122967","isMergeCommit":true,"messageTitle":"Merge pull request #58 from Ruinim/branch-add-birthdate-to-person","messageBody":"Branch add birthdate to person","fileTypesAndContributionMap":{}}]},{"date":"2025-10-11T00:00:00","commitResults":[{"hash":"fa77b0206f43e7c43b6fad5b9503de24401f2455","isMergeCommit":true,"messageTitle":"Merge branch \u0027master\u0027 into branch-add-gender-field","messageBody":"","fileTypesAndContributionMap":{}},{"hash":"c813696a000146f6a7f0f24ef82596a1b0656e64","isMergeCommit":false,"messageTitle":"Update PersonBuilder.java","messageBody":"","fileTypesAndContributionMap":{"test-code":{"insertions":1,"deletions":1}}},{"hash":"0705e9436e2690b83cb1bb43f23ea727d168b4c2","isMergeCommit":false,"messageTitle":"Remove trailing whitespace","messageBody":"","fileTypesAndContributionMap":{"functional-code":{"insertions":5,"deletions":5},"test-code":{"insertions":6,"deletions":5}}},{"hash":"d22722666ecfc362b2742a52a0058daa8ac93dd0","isMergeCommit":false,"messageTitle":"Remove trailing whitespace","messageBody":"","fileTypesAndContributionMap":{"test-code":{"insertions":7,"deletions":7}}},{"hash":"c661d982908086e616bc7c7ed07fc4bd4e0a1e93","isMergeCommit":false,"messageTitle":"Remove trailing whitespace","messageBody":"","fileTypesAndContributionMap":{"test-code":{"insertions":1,"deletions":1}}},{"hash":"fff1a5f72eab8014d105436ce5f725bdb5a60f68","isMergeCommit":false,"messageTitle":"Add Gender JavaDoc","messageBody":"","fileTypesAndContributionMap":{"functional-code":{"insertions":15,"deletions":4}}},{"hash":"f8b4f7f82b79d1aa63ed39cc85fec62d653f90f8","isMergeCommit":false,"messageTitle":"Shorten lines","messageBody":"","fileTypesAndContributionMap":{"functional-code":{"insertions":5,"deletions":5}}},{"hash":"abf93d51007e5b26dfa180db80256ee25eca72d2","isMergeCommit":false,"messageTitle":"Fix Typo","messageBody":"","fileTypesAndContributionMap":{"test-code":{"insertions":1,"deletions":1}}},{"hash":"975c7513d69ec2299030c1bd7d53a8ff20c2bb95","isMergeCommit":false,"messageTitle":"Shorten Lines","messageBody":"","fileTypesAndContributionMap":{"test-code":{"insertions":40,"deletions":37}}},{"hash":"9dccc48c2ae1c50d68a51acb2c22f2513f352d51","isMergeCommit":false,"messageTitle":"Shorten Lines","messageBody":"","fileTypesAndContributionMap":{"test-code":{"insertions":40,"deletions":39}}},{"hash":"812a057357cff7e91a249ee1ce8930d0fb3a4886","isMergeCommit":false,"messageTitle":"Shorten Lines","messageBody":"","fileTypesAndContributionMap":{"test-code":{"insertions":2,"deletions":2}}}]},{"date":"2025-10-14T00:00:00","commitResults":[{"hash":"dde47f34096974518e2def3f549c387987f69c68","isMergeCommit":false,"messageTitle":"Implement delete appointment command","messageBody":"","fileTypesAndContributionMap":{"functional-code":{"insertions":140,"deletions":0}}},{"hash":"b5cc4df16d37dcc18f012f76f2cbb039f6eb00fb","isMergeCommit":false,"messageTitle":"Add test cases for DeleteAppointmentCommand","messageBody":"","fileTypesAndContributionMap":{"functional-code":{"insertions":3,"deletions":2},"test-code":{"insertions":237,"deletions":0}}},{"hash":"d1b800653d326bf4ab4932949803f19e557e87c4","isMergeCommit":false,"messageTitle":"Add test cases for DeleteAppointmentCommandParser","messageBody":"","fileTypesAndContributionMap":{"functional-code":{"insertions":0,"deletions":1},"test-code":{"insertions":101,"deletions":0}}},{"hash":"c4e203f732b4da3b4a8a31c85b3c8e92767b2908","isMergeCommit":false,"messageTitle":"Fix bugs","messageBody":"","fileTypesAndContributionMap":{"test-code":{"insertions":1,"deletions":6}}}]},{"date":"2025-10-15T00:00:00","commitResults":[{"hash":"0f4a4efcf44efa0ad512bed210584448a15e4ee0","isMergeCommit":false,"messageTitle":"Fix DeleteAppointmentCommand test case","messageBody":"","fileTypesAndContributionMap":{"test-code":{"insertions":29,"deletions":4}}},{"hash":"3c08cc1bbe0b281ec6fdc6e4b1fcad2e594f9fee","isMergeCommit":true,"messageTitle":"Merge branch \u0027branch-delete-appt\u0027 of https://github.com/WhyisQuek/tp into branch-delete-appt","messageBody":"","fileTypesAndContributionMap":{}}]},{"date":"2025-10-16T00:00:00","commitResults":[{"hash":"38facb49c4a9652635d3b28c0a259f32f236adb1","isMergeCommit":true,"messageTitle":"Merge pull request #82 from jxnwxx/branch-list-appointment-gui","messageBody":"Add GUI display of appointments list","fileTypesAndContributionMap":{}}]},{"date":"2025-10-20T00:00:00","commitResults":[{"hash":"b988294efdff687fd738795e297768f4fd0965c4","isMergeCommit":true,"messageTitle":"Merge pull request #85 from Ruinim/branch-userguide-body","messageBody":"Update userguide body","fileTypesAndContributionMap":{}}]},{"date":"2025-10-21T00:00:00","commitResults":[{"hash":"659f27b9fbac5389c4d93b9202d22ea6e35d4588","isMergeCommit":false,"messageTitle":"Add test case for AddAppointmentCommand in AddressBookParser","messageBody":"","fileTypesAndContributionMap":{"test-code":{"insertions":64,"deletions":0}}},{"hash":"be03fb0532f520bbd4a81531d5bf87e3d3479b46","isMergeCommit":false,"messageTitle":"Add test case for ListAppointmentCommand","messageBody":"","fileTypesAndContributionMap":{"test-code":{"insertions":12,"deletions":0}}},{"hash":"85083f6deadaff0b0efdf4eeb33c96b25861df00","isMergeCommit":true,"messageTitle":"Merge pull request #95 from jxnwxx/branch-modify-appt-commands","messageBody":"Branch modify appt commands","fileTypesAndContributionMap":{}}]},{"date":"2025-10-23T00:00:00","commitResults":[{"hash":"5ecbc2168a77312529b5d78ffb595dd4b2655334","isMergeCommit":false,"messageTitle":"Updated test case for updated add-appt command","messageBody":"","fileTypesAndContributionMap":{"test-code":{"insertions":5,"deletions":7}}},{"hash":"a8153fc8c226ac772f325da7811c48e67be1dd84","isMergeCommit":false,"messageTitle":"Update test case for updated list-appt command","messageBody":"","fileTypesAndContributionMap":{"test-code":{"insertions":2,"deletions":3}}},{"hash":"947d23171899da292c9a96b186a7aa6dafd647a2","isMergeCommit":false,"messageTitle":"Remove redundant import","messageBody":"","fileTypesAndContributionMap":{"test-code":{"insertions":0,"deletions":1}}},{"hash":"562f4eb93f53cc3729ac2e1a145d009071d4b1e0","isMergeCommit":false,"messageTitle":"Remove incomplete test","messageBody":"","fileTypesAndContributionMap":{"test-code":{"insertions":0,"deletions":5}}},{"hash":"933fe418a91e4f562a2bf562ba28ddc6c82d864d","isMergeCommit":false,"messageTitle":"Add Gender field to UML diagrams","messageBody":"","fileTypesAndContributionMap":{"docs":{"insertions":5,"deletions":1}}}]}],"lunardrak":[{"date":"2025-10-01T00:00:00","commitResults":[{"hash":"a7b8e4f5a4447eb8dc89280e2212b4483642dbb1","isMergeCommit":false,"messageTitle":"Update teams page with lunardrak\u0027s info","messageBody":"","fileTypesAndContributionMap":{"docs":{"insertions":50,"deletions":4}}}]},{"date":"2025-10-11T00:00:00","commitResults":[{"hash":"e7508107f059537ef1313da91b1c6f494d05d96b","isMergeCommit":false,"messageTitle":"Implement AddAppointmentCommand","messageBody":"","fileTypesAndContributionMap":{"functional-code":{"insertions":217,"deletions":0}}},{"hash":"d57a9ee60d83e03507645887684cd9c05d8619c1","isMergeCommit":false,"messageTitle":"Add findPersonByNric in AddCommandTest\u0027s model stub","messageBody":"","fileTypesAndContributionMap":{"test-code":{"insertions":5,"deletions":0}}},{"hash":"136349edce85c5cea7cd954f899b0498794af20b","isMergeCommit":false,"messageTitle":"Implement AddAppointmentCommandTest for testing","messageBody":"","fileTypesAndContributionMap":{"test-code":{"insertions":233,"deletions":0}}},{"hash":"bde87e475e56c48056dfa6b3d08884d6bf3b5f06","isMergeCommit":false,"messageTitle":"Add new line to end of AddAppointmentCommandTest","messageBody":"","fileTypesAndContributionMap":{"test-code":{"insertions":1,"deletions":1}}},{"hash":"fba28389449f92b8065e462db1230a657daf1fee","isMergeCommit":false,"messageTitle":"fix checkstyle","messageBody":"","fileTypesAndContributionMap":{"functional-code":{"insertions":10,"deletions":11}}},{"hash":"4835439f7ec685ac99fad283a0c0a6b7fbfc7451","isMergeCommit":false,"messageTitle":"fix checkstyle violation for max line length","messageBody":"","fileTypesAndContributionMap":{"test-code":{"insertions":4,"deletions":2}}},{"hash":"1e59ed55bafd4ec1ddb1f2694ed5759897737d6e","isMergeCommit":false,"messageTitle":"Add tests for parsers","messageBody":"","fileTypesAndContributionMap":{"test-code":{"insertions":234,"deletions":0}}},{"hash":"84bb05688f675efa31f71bb83c349b0205e1df16","isMergeCommit":true,"messageTitle":"Merge pull request #59 from WhyisQuek/branch-add-gender-field","messageBody":"Branch add gender field","fileTypesAndContributionMap":{}},{"hash":"b17c50f4df93d9e6edf7e49717bffedbaca1b9cd","isMergeCommit":true,"messageTitle":"Merge branch \u0027master\u0027 of https://github.com/AY2526S1-CS2103T-W10-3/tp into branch-implement-add-appointment-command Pull new gender field for person","messageBody":"","fileTypesAndContributionMap":{}},{"hash":"5e264a74f895ed36ada692e085fb2b95b78a63f7","isMergeCommit":false,"messageTitle":"fix merge issues","messageBody":"","fileTypesAndContributionMap":{"functional-code":{"insertions":1,"deletions":0}}}]},{"date":"2025-10-16T00:00:00","commitResults":[{"hash":"9b4233c84c6ceacfce8e1ff92d9903c6023aff78","isMergeCommit":true,"messageTitle":"Merge pull request #67 from Ruinim/branch-refactor-tag-to-medicalhistory","messageBody":"Branch refactor tag to medicalhistory","fileTypesAndContributionMap":{}},{"hash":"0b44bf2e06aaa545787495e1e52031d8db48250f","isMergeCommit":true,"messageTitle":"Merge pull request #73 from Ruinim/branch-change-titlename","messageBody":"Fix title to doctorbase and change storage file paths","fileTypesAndContributionMap":{}},{"hash":"8783ad3b436e6a97ff5cea4229401db45173c39e","isMergeCommit":true,"messageTitle":"Merge pull request #75 from Ruinim/branch-ui-person","messageBody":"Add new person fields to current ui","fileTypesAndContributionMap":{}},{"hash":"344a33e2d081cc1a9e64e60c60cc67b46b4df8f4","isMergeCommit":true,"messageTitle":"Merge pull request #80 from Ruinim/branch-userguide","messageBody":"Branch userguide intro","fileTypesAndContributionMap":{}},{"hash":"945f0644e7dee891bdd3783f39a5ded9dcad8f61","isMergeCommit":false,"messageTitle":"refactor person to patient","messageBody":"","fileTypesAndContributionMap":{"functional-code":{"insertions":545,"deletions":542},"other":{"insertions":290,"deletions":284},"test-code":{"insertions":791,"deletions":779}}},{"hash":"c0a50c4bdf46c3bc93db56d24a1bc0497f28cf15","isMergeCommit":true,"messageTitle":"Merge pull request #84 from Ruinim/change-version","messageBody":"Fix app version","tags":["v1.3"],"fileTypesAndContributionMap":{}}]},{"date":"2025-10-20T00:00:00","commitResults":[{"hash":"ac9bd27f13fba05884b29de285632cee1cccd371","isMergeCommit":true,"messageTitle":"Merge pull request #86 from Ruinim/branch-userguide-conclusion","messageBody":"Update conclusion of userguide","fileTypesAndContributionMap":{}}]}]},"authorFileTypeContributionMap":{"Ruinim":{"docs":373,"functional-code":473,"test-code":504,"other":8},"jxnwxx":{"docs":99,"functional-code":637,"test-code":502},"goatmilkkk":{"docs":50,"functional-code":341,"test-code":203,"other":3},"WhyisQuek":{"docs":56,"functional-code":274,"test-code":395},"lunardrak":{"docs":50,"functional-code":776,"test-code":1184}},"authorContributionVariance":{"Ruinim":27703.85,"jxnwxx":49642.168,"goatmilkkk":17169.227,"WhyisQuek":15081.784,"lunardrak":300033.7},"authorDisplayNameMap":{"Ruinim":"CS2103T-W10-3 LEE ..HIEN","jxnwxx":"CS2103T-W10-3 YUE .. WEI","goatmilkkk":"CS2103T-W10-3 YEO ..CENT","WhyisQuek":"CS2103T-W10-3 TIMO..YUAN","lunardrak":"CS2103T-W10-3 SEAN.. JUN"}}
