{"authorDailyContributionsMap":{"huiyi-Al":[{"date":"2025-09-30T00:00:00","commitResults":[{"hash":"6fa273373e6a922d5f3b97f43dee61c2e5852b12","isMergeCommit":false,"messageTitle":"Update AboutUs.md","messageBody":"","fileTypesAndContributionMap":{"docs":{"insertions":4,"deletions":41}}}]},{"date":"2025-10-09T00:00:00","commitResults":[{"hash":"e4dcabc516dff83a26bb51c090f1b15647edae19","isMergeCommit":false,"messageTitle":"Update HelpCommand.java","messageBody":"","fileTypesAndContributionMap":{"functional-code":{"insertions":5,"deletions":3}}},{"hash":"00005bdb73efa391cb0dca1e61d0b1eec1a40072","isMergeCommit":false,"messageTitle":"Update HelpCommand.java","messageBody":"","fileTypesAndContributionMap":{"functional-code":{"insertions":3,"deletions":6}}},{"hash":"fcaa4b6a21c45a563cb2784d03f082b1a7337e4a","isMergeCommit":false,"messageTitle":"Update HelpWindow.java","messageBody":"","fileTypesAndContributionMap":{"functional-code":{"insertions":4,"deletions":2}}}]},{"date":"2025-10-11T00:00:00","commitResults":[{"hash":"21d45b1ad9179b823f50d2a9a5f48f64b6bef8cf","isMergeCommit":false,"messageTitle":"Update HelpWindow.java","messageBody":"","fileTypesAndContributionMap":{"functional-code":{"insertions":1,"deletions":1}}},{"hash":"cadcf55804fd960d68c30e023210858574fad63d","isMergeCommit":false,"messageTitle":"Update HelpWindow.java","messageBody":"","fileTypesAndContributionMap":{"functional-code":{"insertions":1,"deletions":1}}},{"hash":"d2e6cc39d09c2b24d858807d70142c9a7609ce43","isMergeCommit":false,"messageTitle":"Update HelpWindow.java","messageBody":"","fileTypesAndContributionMap":{"functional-code":{"insertions":1,"deletions":1}}},{"hash":"b9acc77b2f111c6c396c91814b85bc680e32e4ab","isMergeCommit":false,"messageTitle":"Update HelpWindow.java","messageBody":"","fileTypesAndContributionMap":{"functional-code":{"insertions":2,"deletions":2}}},{"hash":"7e658eb35a2780ea3a60a6cf9a8f653fe39a9409","isMergeCommit":false,"messageTitle":"Update HelpWindow.java","messageBody":"","fileTypesAndContributionMap":{"functional-code":{"insertions":3,"deletions":3}}},{"hash":"e5ba7ec12ca3616d21492f5300a1e9968a9553ce","isMergeCommit":false,"messageTitle":"Update HelpWindow.java","messageBody":"","fileTypesAndContributionMap":{"functional-code":{"insertions":3,"deletions":2}}},{"hash":"12a97b650f0425fcd73bfbb7c959e12d04e206fb","isMergeCommit":true,"messageTitle":"Merge pull request #71 from huiyi-Al/Update-Feature","messageBody":"Update Feature : Help","fileTypesAndContributionMap":{}}]}],"nicktantk":[{"date":"2025-09-26T00:00:00","commitResults":[{"hash":"84a7c4b0f70f30f78a0d8df03ed53e87ea38de5c","isMergeCommit":false,"messageTitle":"Update about us page","messageBody":"","fileTypesAndContributionMap":{"docs":{"insertions":3,"deletions":41}}},{"hash":"5b24b870f2288d882ae6a13e4c8b1798ec249fbd","isMergeCommit":false,"messageTitle":"Add GitHub actions build status page","messageBody":"","fileTypesAndContributionMap":{"docs":{"insertions":1,"deletions":1}}},{"hash":"394aa8d2e1b70b3dbf0eea6023f8e0f470e2d380","isMergeCommit":true,"messageTitle":"Merge pull request #30 from nicktantk/branch-A2","messageBody":"Add GitHub actions build status page","fileTypesAndContributionMap":{}}]},{"date":"2025-09-30T00:00:00","commitResults":[{"hash":"c7238a9bc8c4a3030230f749ff1ac1f7934bc2a3","isMergeCommit":true,"messageTitle":"Merge pull request #15 from brandontwj1/branch-AboutUs","messageBody":"Add Brandon\u0027s details to AboutUs","fileTypesAndContributionMap":{}},{"hash":"966aefb9abba5f32e2a22557a8bcef0977e31b22","isMergeCommit":true,"messageTitle":"Merge pull request #34 from brandontwj1/branch-AboutUs","messageBody":"Update image link","fileTypesAndContributionMap":{}},{"hash":"94341cb3d161e7c8e4c92c9b93a81d9aa119ebde","isMergeCommit":true,"messageTitle":"Merge pull request #22 from Jyang1206/branch-Update-AboutUs","messageBody":"Update the AboutUs page","fileTypesAndContributionMap":{}},{"hash":"0895394d1ce3173cf6a38705665614a445d6e8ca","isMergeCommit":true,"messageTitle":"Merge pull request #36 from Jyang1206/branch-Update-README","messageBody":"Update README","fileTypesAndContributionMap":{}},{"hash":"6e805204a27417932bd46c4a99a7350fa443673d","isMergeCommit":false,"messageTitle":"Update DG NFR","messageBody":"","fileTypesAndContributionMap":{"docs":{"insertions":41,"deletions":5}}},{"hash":"4e2364db2712da0bb1b950f627c8a0f9e1412c67","isMergeCommit":true,"messageTitle":"Merge pull request #48 from Jyang1206/branch-Update-DG-Glossary","messageBody":"Update the DG: Glossary","fileTypesAndContributionMap":{}}]},{"date":"2025-10-02T00:00:00","commitResults":[{"hash":"4df0524b167176ad736202382a9fe0e644d3b815","isMergeCommit":true,"messageTitle":"Merge pull request #58 from brandontwj1/branch-Update-user-stories","messageBody":"Update the DG: User stories","fileTypesAndContributionMap":{}},{"hash":"59a561084c3036e2a57c8912ca5598e883640303","isMergeCommit":false,"messageTitle":"Add use case to developer guide","messageBody":"","fileTypesAndContributionMap":{"docs":{"insertions":62,"deletions":12}}}]},{"date":"2025-10-10T00:00:00","commitResults":[{"hash":"37eef258a0d3a4f25533a7ae5a25fdbca1ba2b9c","isMergeCommit":false,"messageTitle":"Make address optional, set to \u0027No address\u0027 if unspecified","messageBody":"","fileTypesAndContributionMap":{"functional-code":{"insertions":3,"deletions":7}}}]},{"date":"2025-10-11T00:00:00","commitResults":[{"hash":"f55c7a070df83b77e1b119008a7af0ce8eaf9cdb","isMergeCommit":true,"messageTitle":"Merge pull request #72 from nicktantk/branch-address-optional","messageBody":"Make address optional, set to \u0027No address\u0027 if unspecified","fileTypesAndContributionMap":{}}]},{"date":"2025-10-14T00:00:00","commitResults":[{"hash":"6e0d1fc06b8558dd27c81179c70a868aa03ebd89","isMergeCommit":true,"messageTitle":"Merge pull request #80 from Jyang1206/branch-Add-BookingStorage","messageBody":"Add booking storage","fileTypesAndContributionMap":{}},{"hash":"317fa3247f0f953ebe1fb13b70beff7b9556b599","isMergeCommit":false,"messageTitle":"Add a functioning AddBookingCommand","messageBody":"","fileTypesAndContributionMap":{"functional-code":{"insertions":308,"deletions":55}}},{"hash":"2bef6b0430f9342b3a5a234239888570946e14f7","isMergeCommit":false,"messageTitle":"Fix wrong datetime not throwing error bug","messageBody":"","fileTypesAndContributionMap":{"functional-code":{"insertions":2,"deletions":3}}},{"hash":"7a9c1ed4a2deb29e6f5e5282ff23b699c86e49fe","isMergeCommit":false,"messageTitle":"Standardise naming across classes","messageBody":"","fileTypesAndContributionMap":{"functional-code":{"insertions":91,"deletions":30}}},{"hash":"0dc7d1e54d288d224312b806efe68b3270c05b3e","isMergeCommit":false,"messageTitle":"Format date time output in UI","messageBody":"","fileTypesAndContributionMap":{"functional-code":{"insertions":6,"deletions":1}}}]},{"date":"2025-10-15T00:00:00","commitResults":[{"hash":"1328ed71682d1c205c17b32c9941e83210a1406c","isMergeCommit":false,"messageTitle":"Refactor datetime UI. Implement delete and list functions for booking","messageBody":"","fileTypesAndContributionMap":{"functional-code":{"insertions":144,"deletions":8}}},{"hash":"ca371bf346d29764cb9d23ecc7b2996b6d5a9beb","isMergeCommit":false,"messageTitle":"Fix github checks","messageBody":"","fileTypesAndContributionMap":{"functional-code":{"insertions":13,"deletions":24}}},{"hash":"f95d847d3038a9aa756be8593c6d76d8f7243c23","isMergeCommit":false,"messageTitle":"Fix github errors","messageBody":"","fileTypesAndContributionMap":{"functional-code":{"insertions":7,"deletions":3}}},{"hash":"56cb281c4192a56cdc4a8050646a8719e0e9a887","isMergeCommit":false,"messageTitle":"Fix github errors","messageBody":"","fileTypesAndContributionMap":{"test-code":{"insertions":5,"deletions":2}}},{"hash":"85df9c63eb5e3ea55b214ea4c44a21670688dd90","isMergeCommit":false,"messageTitle":"Fix more github errors again","messageBody":"","fileTypesAndContributionMap":{"test-code":{"insertions":0,"deletions":2}}}]},{"date":"2025-10-16T00:00:00","commitResults":[{"hash":"7f546d4acc1ac0276968cecc2ff774428197a4d4","isMergeCommit":true,"messageTitle":"Merge pull request #87 from brandontwj1/feature-view-bookings","messageBody":"Feature view bookings","fileTypesAndContributionMap":{}}]}],"Jyang1206":[{"date":"2025-09-26T00:00:00","commitResults":[{"hash":"6464f26b9caaa7300b71fe4b854511fb263bc170","isMergeCommit":false,"messageTitle":"Update Jie Yang\u0027s detail in AboutUs page","messageBody":"","fileTypesAndContributionMap":{"docs":{"insertions":3,"deletions":5}}}]},{"date":"2025-09-30T00:00:00","commitResults":[{"hash":"e2a2606ed4c0fec1af3a09e2c5fe8fdd2d01bf18","isMergeCommit":false,"messageTitle":"Remove redundant information","messageBody":"","fileTypesAndContributionMap":{"docs":{"insertions":0,"deletions":39}}},{"hash":"bc1f55874b6646ff41bedff2e4d829fe4998895a","isMergeCommit":false,"messageTitle":"Add Role and Responsibility","messageBody":"","fileTypesAndContributionMap":{"docs":{"insertions":2,"deletions":1}}},{"hash":"b5ae1b24d059d980a1b4cb6e85131e033ed4f8c7","isMergeCommit":true,"messageTitle":"Merge pull request #32 from huiyi-Al/Update-the-AboutUs-Page","messageBody":"Update the about us page","fileTypesAndContributionMap":{}},{"hash":"7b41653a49b7ef2b3d781b8257cb3a5ddad95215","isMergeCommit":true,"messageTitle":"Merge branch \u0027master\u0027 into branch-update-aboutus","messageBody":"","fileTypesAndContributionMap":{}},{"hash":"2a86d031426cee6d697214253dff912ef5420dba","isMergeCommit":true,"messageTitle":"Merge pull request #21 from nicktantk/branch-update-aboutus","messageBody":"Update the AboutUs Page","fileTypesAndContributionMap":{}},{"hash":"02a9191816766a76c7639ae74d309ae447834a4d","isMergeCommit":true,"messageTitle":"Fix merge conflict","messageBody":"","fileTypesAndContributionMap":{}},{"hash":"82f0a885325672e36c9774cf6fa5324a999a92e2","isMergeCommit":false,"messageTitle":"Update README","messageBody":"","fileTypesAndContributionMap":{"docs":{"insertions":64,"deletions":10}}},{"hash":"c2f215e30907b5ce8e28077b13ca8097811fd4c5","isMergeCommit":false,"messageTitle":"Fix formatting error","messageBody":"","fileTypesAndContributionMap":{"docs":{"insertions":1,"deletions":1}}},{"hash":"c94bc9f1abe59bb00b147bb3080f988c252170d0","isMergeCommit":false,"messageTitle":"Update DG:Glossary","messageBody":"","fileTypesAndContributionMap":{"docs":{"insertions":5,"deletions":1}}},{"hash":"ef6b45ffcd92f2df11ea1f9ab413865c99e2d187","isMergeCommit":true,"messageTitle":"Merge pull request #47 from nicktantk/branch-updateDG","messageBody":"Update DG NFR","fileTypesAndContributionMap":{}}]},{"date":"2025-10-03T00:00:00","commitResults":[{"hash":"427fe298b29998afe81a29097c414176e56f21de","isMergeCommit":true,"messageTitle":"Merge pull request #62 from brandontwj1/branch-Update-product-scope","messageBody":"Update the DG: Product scope","fileTypesAndContributionMap":{}}]},{"date":"2025-10-09T00:00:00","commitResults":[{"hash":"d94e411afb65586c0f50457a78c3f7f8380ac9cd","isMergeCommit":false,"messageTitle":"Make Tag compulsory field; Update MESSAGE_USAGE","messageBody":"","fileTypesAndContributionMap":{"functional-code":{"insertions":3,"deletions":3}}},{"hash":"beffb9b6f1b0192bd48fc0c89c7761e71c2525bd","isMergeCommit":false,"messageTitle":"Fix bug: muliple tags allowed","messageBody":"","fileTypesAndContributionMap":{"functional-code":{"insertions":1,"deletions":1}}}]},{"date":"2025-10-10T00:00:00","commitResults":[{"hash":"8f990a6a0a8c3f35c22e5929be0d312c66162ec4","isMergeCommit":false,"messageTitle":"Fix LogicManagerTest to fit expected behaviour","messageBody":"","fileTypesAndContributionMap":{"test-code":{"insertions":6,"deletions":8}}},{"hash":"e5b2d5e1d543e5ae9f4593c40140c40bf2bef0ed","isMergeCommit":false,"messageTitle":"Fix AddCommandParserTest to fit expected behaviour","messageBody":"","fileTypesAndContributionMap":{"functional-code":{"insertions":5,"deletions":1},"test-code":{"insertions":4,"deletions":3}}},{"hash":"30760350cb57acbc97c2a06e86dfcf629b0fe94a","isMergeCommit":false,"messageTitle":"Fix CheckStyle Error","messageBody":"","fileTypesAndContributionMap":{"test-code":{"insertions":20,"deletions":16}}},{"hash":"e1de2f71b70ef6b0e57c35663e98ef8314449eb4","isMergeCommit":true,"messageTitle":"Merge pull request #63 from brandontwj1/branch-Update-exit","messageBody":"Update exit, add configurable exit delay","fileTypesAndContributionMap":{}},{"hash":"c78272feefcb216b2c397a1b28939cb89e1121fe","isMergeCommit":false,"messageTitle":"Fix import errors","messageBody":"","fileTypesAndContributionMap":{"test-code":{"insertions":12,"deletions":11}}},{"hash":"3db0b715a2a1941e83207da42794f9ea313d34a5","isMergeCommit":false,"messageTitle":"Fix imports","messageBody":"","fileTypesAndContributionMap":{"test-code":{"insertions":5,"deletions":1}}},{"hash":"5391c18463c7a2941544c3aaeab8fdd6442310c8","isMergeCommit":false,"messageTitle":"Fix JsonSerializableAddressBookTest to fit new behaviours","messageBody":"","fileTypesAndContributionMap":{"test-code":{"insertions":4,"deletions":4}}}]},{"date":"2025-10-13T00:00:00","commitResults":[{"hash":"7e905446a993b58963f1feed1b7a200cc787b86e","isMergeCommit":false,"messageTitle":"Add Booking Class","messageBody":"","fileTypesAndContributionMap":{"functional-code":{"insertions":114,"deletions":0},"test-code":{"insertions":1,"deletions":1}}},{"hash":"d85730a8970fd94acf2b8b4e1e94f983a7b4cc7b","isMergeCommit":false,"messageTitle":"Add UniqueBookingList, booking exceptions, PackageType Enum","messageBody":"","fileTypesAndContributionMap":{"functional-code":{"insertions":192,"deletions":10}}},{"hash":"84864bdef6aeb94eac19a50d8afc7c7923c5ae70","isMergeCommit":false,"messageTitle":"Update Booking fields and AddressBook","messageBody":"","fileTypesAndContributionMap":{"functional-code":{"insertions":110,"deletions":14},"test-code":{"insertions":11,"deletions":2}}},{"hash":"20588a53c6906253a4e4dd93ec5a9293bfb136a2","isMergeCommit":false,"messageTitle":"Update Model to include Booking","messageBody":"","fileTypesAndContributionMap":{"functional-code":{"insertions":75,"deletions":0}}},{"hash":"c83d7ac4d047f919f8c1d44e0614af43b2e2d2de","isMergeCommit":false,"messageTitle":"Add UI elements for Booking","messageBody":"","fileTypesAndContributionMap":{"functional-code":{"insertions":200,"deletions":18}}},{"hash":"0edc77ceedb2797d22d99a79939d21ad3806c0c3","isMergeCommit":false,"messageTitle":"Update UI for PackageType","messageBody":"","fileTypesAndContributionMap":{"functional-code":{"insertions":13,"deletions":1}}},{"hash":"bfb6923dfc48fc7bb51ff4caee8d6a174a29bfc5","isMergeCommit":false,"messageTitle":"Add Description class, Update UI","messageBody":"","fileTypesAndContributionMap":{"functional-code":{"insertions":126,"deletions":13}}},{"hash":"a76638b269a3ee2ea4ee7c358bc5924dbc8cccca","isMergeCommit":false,"messageTitle":"Fix styling errors","messageBody":"","fileTypesAndContributionMap":{"functional-code":{"insertions":7,"deletions":7},"docs":{"insertions":30,"deletions":18}}},{"hash":"177577b4214691e772056dd2291bdadcfdbab857","isMergeCommit":false,"messageTitle":"Fix styling errors","messageBody":"","fileTypesAndContributionMap":{"functional-code":{"insertions":50,"deletions":29}}},{"hash":"686cc924bb341e8c9f6d4d451cee7d7d900aae18","isMergeCommit":false,"messageTitle":"Fix codeStyle issues","messageBody":"","fileTypesAndContributionMap":{"functional-code":{"insertions":530,"deletions":499},"test-code":{"insertions":462,"deletions":583}}},{"hash":"5e2770691646f8945f0c66dc9b3de1e32cec1ad2","isMergeCommit":true,"messageTitle":"Merge branch \u0027master\u0027 into branch-AddClass-Booking","messageBody":"","fileTypesAndContributionMap":{}},{"hash":"69038592a4f9c76d02452bcf7a263e5e3e0847da","isMergeCommit":false,"messageTitle":"Fix imports","messageBody":"","fileTypesAndContributionMap":{"functional-code":{"insertions":65,"deletions":65},"test-code":{"insertions":410,"deletions":296}}},{"hash":"dfd84145d92ba3a2605e88c2cfc5c61b40851d14","isMergeCommit":false,"messageTitle":"Fix checkstyle errors","messageBody":"","fileTypesAndContributionMap":{"functional-code":{"insertions":50,"deletions":45},"test-code":{"insertions":3,"deletions":3}}},{"hash":"20e750eb9d3af43678f3b5f82ec4276dc3b36df1","isMergeCommit":false,"messageTitle":"Fix styling errors","messageBody":"","fileTypesAndContributionMap":{"functional-code":{"insertions":10,"deletions":5}}},{"hash":"1a29263cf0cf5218d862359d32d8fd3b56272fbc","isMergeCommit":false,"messageTitle":"Fix test errors","messageBody":"","fileTypesAndContributionMap":{"test-code":{"insertions":120,"deletions":75}}},{"hash":"4fd0f570a8ea19ba2175025b6070406429562ad8","isMergeCommit":false,"messageTitle":"Improve GUI","messageBody":"","fileTypesAndContributionMap":{"functional-code":{"insertions":181,"deletions":305}}}]},{"date":"2025-10-14T00:00:00","commitResults":[{"hash":"dbc14f18caedc8cf49be4e7c17ccff7df6941fa3","isMergeCommit":true,"messageTitle":"Merge master to branch-Improve-GUI","messageBody":"","fileTypesAndContributionMap":{}},{"hash":"d862ccc78da209565390d63623cacf882c929688","isMergeCommit":false,"messageTitle":"Fix Checkstyle error","messageBody":"","fileTypesAndContributionMap":{"functional-code":{"insertions":0,"deletions":1}}},{"hash":"c71ab9062ec15a63f670b5a154c4417782c3e10b","isMergeCommit":false,"messageTitle":"Fix Checkstyle","messageBody":"","fileTypesAndContributionMap":{"functional-code":{"insertions":0,"deletions":1}}},{"hash":"691146f52972687011c0ff56455ba3c87ada7008","isMergeCommit":false,"messageTitle":"Add JsonAdaptedBooking","messageBody":"","fileTypesAndContributionMap":{"functional-code":{"insertions":130,"deletions":0}}},{"hash":"32ca5b99dc391888b8e6c58b9c890c64bba74735","isMergeCommit":false,"messageTitle":"Update JsonSerializableAddressBook","messageBody":"","fileTypesAndContributionMap":{"functional-code":{"insertions":18,"deletions":21}}},{"hash":"5b705dfaa3106c079a94c867742e26a64989d76b","isMergeCommit":false,"messageTitle":"Update missing client logic","messageBody":"","fileTypesAndContributionMap":{"functional-code":{"insertions":4,"deletions":0}}},{"hash":"0bc825cc985caa6ea5ae98dbaf51a4322874458b","isMergeCommit":false,"messageTitle":"Fix test json files","messageBody":"","fileTypesAndContributionMap":{"functional-code":{"insertions":1,"deletions":13}}},{"hash":"78640996c8e641714efbb54cc19f6ae9f5358c57","isMergeCommit":true,"messageTitle":"Merge pull request #81 from brandontwj1/update-Booking-Class","messageBody":"Update same booking check","fileTypesAndContributionMap":{}},{"hash":"e7fed4868bdcaf434cf19525fe8884ac0f188faa","isMergeCommit":false,"messageTitle":"Updated GUI to have list side by side","messageBody":"","fileTypesAndContributionMap":{"functional-code":{"insertions":41,"deletions":26}}}]},{"date":"2025-10-15T00:00:00","commitResults":[{"hash":"7d4b0ae8993a1c06a69704bb54ba3f237359e434","isMergeCommit":true,"messageTitle":"Merge pull request #86 from nicktantk/branch-add-booking","messageBody":"Branch add booking","fileTypesAndContributionMap":{}}]},{"date":"2025-10-16T00:00:00","commitResults":[{"hash":"b4b9e7f069b39665b2ec05c053039ecc65d3bfbb","isMergeCommit":true,"messageTitle":"Merge pull request #90 from brandontwj1/feature-view-bookings","messageBody":"Update help message, fix delete display, add labels to lists","tags":["v1.3"],"fileTypesAndContributionMap":{}}]}],"brandontwj1":[{"date":"2025-09-25T00:00:00","commitResults":[{"hash":"b7a02614d7cc3242f8562e9e863132a079ed5eb6","isMergeCommit":false,"messageTitle":"Add Brandon\u0027s details to AboutUs","messageBody":"","fileTypesAndContributionMap":{"docs":{"insertions":6,"deletions":6}}},{"hash":"5709616078db9a583270506504a2f97956360dce","isMergeCommit":false,"messageTitle":"Fix AboutUs portfolio file","messageBody":"","fileTypesAndContributionMap":{"docs":{"insertions":2,"deletions":2}}}]},{"date":"2025-09-26T00:00:00","commitResults":[{"hash":"518847096cc30f547cc22b88f1b6be5b83df9d0b","isMergeCommit":true,"messageTitle":"Merge branch \u0027master\u0027 into branch-AboutUs","messageBody":"","fileTypesAndContributionMap":{}},{"hash":"f6a920d6fabe310ebebc4ad6ba0f5af1fba504c6","isMergeCommit":true,"messageTitle":"Merge branch \u0027master\u0027 into branch-AboutUs","messageBody":"","fileTypesAndContributionMap":{}}]},{"date":"2025-09-30T00:00:00","commitResults":[{"hash":"5ebd18cb35b968335851b62219aae372b9821b69","isMergeCommit":true,"messageTitle":"Resolve merge conflicts","messageBody":"","fileTypesAndContributionMap":{}},{"hash":"f34fad457339f3895d90002f4300ad8adcd99f27","isMergeCommit":false,"messageTitle":"Update image link","messageBody":"","fileTypesAndContributionMap":{"docs":{"insertions":1,"deletions":1}}}]},{"date":"2025-10-02T00:00:00","commitResults":[{"hash":"e3f04c1d109532b325d2e11aa9968a481da986e8","isMergeCommit":false,"messageTitle":"Add user stories","messageBody":"","fileTypesAndContributionMap":{"docs":{"insertions":23,"deletions":10}}},{"hash":"2fc265db8c2abb5cd5dafdc21648612f8091ec14","isMergeCommit":false,"messageTitle":"Order user stories by priority","messageBody":"","fileTypesAndContributionMap":{"docs":{"insertions":2,"deletions":2}}},{"hash":"11456190aaa7f6fb119ef054f80e7f4c8da453d3","isMergeCommit":true,"messageTitle":"Merge pull request #59 from nicktantk/branch-use-case","messageBody":"Add use case to developer guide","fileTypesAndContributionMap":{}}]},{"date":"2025-10-03T00:00:00","commitResults":[{"hash":"65bd5f8f8ce9c68850623926071bd37e4de48cc9","isMergeCommit":false,"messageTitle":"Update product scope","messageBody":"","fileTypesAndContributionMap":{"docs":{"insertions":14,"deletions":8}}}]},{"date":"2025-10-09T00:00:00","commitResults":[{"hash":"960d2e919d26b800afe1c3aebc30dd430df3da76","isMergeCommit":false,"messageTitle":"Update exit, add configurable exit delay","messageBody":"","fileTypesAndContributionMap":{"functional-code":{"insertions":23,"deletions":2}}},{"hash":"665f756b47db95c63927a4694523c0a2ae2434b7","isMergeCommit":false,"messageTitle":"Update codecov configuration","messageBody":"","fileTypesAndContributionMap":{"other":{"insertions":1,"deletions":0}}},{"hash":"c76c3097ddcba2c891dc1b606565af4d3e12be6c","isMergeCommit":false,"messageTitle":"Correct codecov changes","messageBody":"","fileTypesAndContributionMap":{"other":{"insertions":1,"deletions":1}}}]},{"date":"2025-10-10T00:00:00","commitResults":[{"hash":"463f82b0d303d6404085fba4099efab530b39418","isMergeCommit":true,"messageTitle":"Merge pull request #66 from Jyang1206/branch-Update-Tag","messageBody":"","fileTypesAndContributionMap":{}}]},{"date":"2025-10-14T00:00:00","commitResults":[{"hash":"3fb21e0ffd45af774cbf1cd9e88be864846eb4ae","isMergeCommit":true,"messageTitle":"Merge pull request #75 from Jyang1206/branch-AddClass-Booking","messageBody":"Add Booking Class","fileTypesAndContributionMap":{}},{"hash":"67c0187e23702994ef3d377538efc967b98415a3","isMergeCommit":true,"messageTitle":"Merge pull request #79 from Jyang1206/branch-Improve-GUI","messageBody":"Improve GUI","fileTypesAndContributionMap":{}},{"hash":"859cab7f71c17c9c36dec441746af739941dcfee","isMergeCommit":false,"messageTitle":"Update same booking check","messageBody":"","fileTypesAndContributionMap":{"functional-code":{"insertions":2,"deletions":1}}}]},{"date":"2025-10-15T00:00:00","commitResults":[{"hash":"6675c13b939498f3e33438321b12800c0280bbf5","isMergeCommit":true,"messageTitle":"Merge pull request #84 from Jyang1206/branch-UpdateGUI","messageBody":"Updated GUI to have list side by side","fileTypesAndContributionMap":{}},{"hash":"d204d23ebb5607c54249c08eec6d3a80d6c34534","isMergeCommit":false,"messageTitle":"Change command words to all lowercase","messageBody":"","fileTypesAndContributionMap":{"functional-code":{"insertions":3,"deletions":3}}},{"hash":"4c329d5146ccdab0dc0397714628fd3bd1814048","isMergeCommit":false,"messageTitle":"Update AddBooking command to accept person index","messageBody":"","fileTypesAndContributionMap":{"functional-code":{"insertions":175,"deletions":31}}},{"hash":"5bcc6210adc86cb2604b1df1c0dcd3a90e194b8f","isMergeCommit":false,"messageTitle":"Fix checkstyle errors","messageBody":"","fileTypesAndContributionMap":{"functional-code":{"insertions":0,"deletions":7}}},{"hash":"c3e283d8d08c42882c707ea56c0c2f8ccf1b9f08","isMergeCommit":false,"messageTitle":"Add viewbooking feature","messageBody":"","fileTypesAndContributionMap":{"functional-code":{"insertions":169,"deletions":0}}},{"hash":"53342d23daec44c1966a62cdb26387272d68814f","isMergeCommit":false,"messageTitle":"Update edit to update bookings when name is changed","messageBody":"","fileTypesAndContributionMap":{"functional-code":{"insertions":161,"deletions":133}}},{"hash":"df7bbc1ffaf44324f8e72c39b4a537aaf8ea73eb","isMergeCommit":false,"messageTitle":"Update delete command to delete bookings of delted client","messageBody":"","fileTypesAndContributionMap":{"functional-code":{"insertions":16,"deletions":0}}},{"hash":"d2d978628473f5bd7fef8124c08c7b9eb9c1648d","isMergeCommit":false,"messageTitle":"Fix regression","messageBody":"","fileTypesAndContributionMap":{"functional-code":{"insertions":0,"deletions":2}}},{"hash":"e3ae7f01518be169cf6d7f05b0ed4bc57205a583","isMergeCommit":false,"messageTitle":"Fix checkstyle errors","messageBody":"","fileTypesAndContributionMap":{"functional-code":{"insertions":0,"deletions":2}}}]},{"date":"2025-10-16T00:00:00","commitResults":[{"hash":"9639168ffb8fdd14e85b09fd1ade94a95edf7993","isMergeCommit":false,"messageTitle":"Update help message, fix delete display, add labels to lists","messageBody":"","fileTypesAndContributionMap":{"functional-code":{"insertions":22,"deletions":7}}},{"hash":"d83ecd2cd452ecc745460f895aedebfdc5ba78e1","isMergeCommit":false,"messageTitle":"Change version number","messageBody":"","fileTypesAndContributionMap":{"functional-code":{"insertions":1,"deletions":1}}},{"hash":"53f626c24d0af54dde5eb6d9762d95b14431a4fd","isMergeCommit":false,"messageTitle":"Change archive file name","messageBody":"","fileTypesAndContributionMap":{"other":{"insertions":1,"deletions":1}}}]}]},"authorFileTypeContributionMap":{"huiyi-Al":{"docs":4,"functional-code":0,"test-code":0},"nicktantk":{"docs":98,"functional-code":488,"test-code":4},"Jyang1206":{"docs":86,"functional-code":1276,"test-code":176},"brandontwj1":{"docs":43,"functional-code":420,"test-code":0,"other":2}},"authorContributionVariance":{"huiyi-Al":96.86095,"nicktantk":9693.959,"Jyang1206":773626.5,"brandontwj1":16836.383},"authorDisplayNameMap":{"huiyi-Al":"CS2103T-T08-1 LIU ..IYUE","nicktantk":"CS2103T-T08-1 NICH..HOON","Jyang1206":"CS2103T-T08-1 NG J..YANG","brandontwj1":"CS2103T-T08-1 TAN .. JUN"}}
