{"authorDailyContributionsMap":{"huiyi-Al":[{"date":"2025-09-30T00:00:00","commitResults":[{"hash":"6fa273373e6a922d5f3b97f43dee61c2e5852b12","isMergeCommit":false,"messageTitle":"Update AboutUs.md","messageBody":"","fileTypesAndContributionMap":{"docs":{"insertions":4,"deletions":41}}}]}],"nicktantk":[{"date":"2025-09-26T00:00:00","commitResults":[{"hash":"84a7c4b0f70f30f78a0d8df03ed53e87ea38de5c","isMergeCommit":false,"messageTitle":"Update about us page","messageBody":"","fileTypesAndContributionMap":{"docs":{"insertions":3,"deletions":41}}},{"hash":"5b24b870f2288d882ae6a13e4c8b1798ec249fbd","isMergeCommit":false,"messageTitle":"Add GitHub actions build status page","messageBody":"","fileTypesAndContributionMap":{"docs":{"insertions":1,"deletions":1}}},{"hash":"394aa8d2e1b70b3dbf0eea6023f8e0f470e2d380","isMergeCommit":true,"messageTitle":"Merge pull request #30 from nicktantk/branch-A2","messageBody":"Add GitHub actions build status page","fileTypesAndContributionMap":{}}]},{"date":"2025-09-30T00:00:00","commitResults":[{"hash":"c7238a9bc8c4a3030230f749ff1ac1f7934bc2a3","isMergeCommit":true,"messageTitle":"Merge pull request #15 from brandontwj1/branch-AboutUs","messageBody":"Add Brandon\u0027s details to AboutUs","fileTypesAndContributionMap":{}},{"hash":"966aefb9abba5f32e2a22557a8bcef0977e31b22","isMergeCommit":true,"messageTitle":"Merge pull request #34 from brandontwj1/branch-AboutUs","messageBody":"Update image link","fileTypesAndContributionMap":{}},{"hash":"94341cb3d161e7c8e4c92c9b93a81d9aa119ebde","isMergeCommit":true,"messageTitle":"Merge pull request #22 from Jyang1206/branch-Update-AboutUs","messageBody":"Update the AboutUs page","fileTypesAndContributionMap":{}},{"hash":"0895394d1ce3173cf6a38705665614a445d6e8ca","isMergeCommit":true,"messageTitle":"Merge pull request #36 from Jyang1206/branch-Update-README","messageBody":"Update README","fileTypesAndContributionMap":{}},{"hash":"6e805204a27417932bd46c4a99a7350fa443673d","isMergeCommit":false,"messageTitle":"Update DG NFR","messageBody":"","fileTypesAndContributionMap":{"docs":{"insertions":41,"deletions":5}}},{"hash":"4e2364db2712da0bb1b950f627c8a0f9e1412c67","isMergeCommit":true,"messageTitle":"Merge pull request #48 from Jyang1206/branch-Update-DG-Glossary","messageBody":"Update the DG: Glossary","fileTypesAndContributionMap":{}}]},{"date":"2025-10-02T00:00:00","commitResults":[{"hash":"4df0524b167176ad736202382a9fe0e644d3b815","isMergeCommit":true,"messageTitle":"Merge pull request #58 from brandontwj1/branch-Update-user-stories","messageBody":"Update the DG: User stories","fileTypesAndContributionMap":{}},{"hash":"59a561084c3036e2a57c8912ca5598e883640303","isMergeCommit":false,"messageTitle":"Add use case to developer guide","messageBody":"","fileTypesAndContributionMap":{"docs":{"insertions":62,"deletions":12}}}]}],"Jyang1206":[{"date":"2025-09-26T00:00:00","commitResults":[{"hash":"6464f26b9caaa7300b71fe4b854511fb263bc170","isMergeCommit":false,"messageTitle":"Update Jie Yang\u0027s detail in AboutUs page","messageBody":"","fileTypesAndContributionMap":{"docs":{"insertions":3,"deletions":5}}}]},{"date":"2025-09-30T00:00:00","commitResults":[{"hash":"e2a2606ed4c0fec1af3a09e2c5fe8fdd2d01bf18","isMergeCommit":false,"messageTitle":"Remove redundant information","messageBody":"","fileTypesAndContributionMap":{"docs":{"insertions":0,"deletions":39}}},{"hash":"bc1f55874b6646ff41bedff2e4d829fe4998895a","isMergeCommit":false,"messageTitle":"Add Role and Responsibility","messageBody":"","fileTypesAndContributionMap":{"docs":{"insertions":2,"deletions":1}}},{"hash":"b5ae1b24d059d980a1b4cb6e85131e033ed4f8c7","isMergeCommit":true,"messageTitle":"Merge pull request #32 from huiyi-Al/Update-the-AboutUs-Page","messageBody":"Update the about us page","fileTypesAndContributionMap":{}},{"hash":"7b41653a49b7ef2b3d781b8257cb3a5ddad95215","isMergeCommit":true,"messageTitle":"Merge branch \u0027master\u0027 into branch-update-aboutus","messageBody":"","fileTypesAndContributionMap":{}},{"hash":"2a86d031426cee6d697214253dff912ef5420dba","isMergeCommit":true,"messageTitle":"Merge pull request #21 from nicktantk/branch-update-aboutus","messageBody":"Update the AboutUs Page","fileTypesAndContributionMap":{}},{"hash":"02a9191816766a76c7639ae74d309ae447834a4d","isMergeCommit":true,"messageTitle":"Fix merge conflict","messageBody":"","fileTypesAndContributionMap":{}},{"hash":"82f0a885325672e36c9774cf6fa5324a999a92e2","isMergeCommit":false,"messageTitle":"Update README","messageBody":"","fileTypesAndContributionMap":{"docs":{"insertions":64,"deletions":10}}},{"hash":"c2f215e30907b5ce8e28077b13ca8097811fd4c5","isMergeCommit":false,"messageTitle":"Fix formatting error","messageBody":"","fileTypesAndContributionMap":{"docs":{"insertions":1,"deletions":1}}},{"hash":"c94bc9f1abe59bb00b147bb3080f988c252170d0","isMergeCommit":false,"messageTitle":"Update DG:Glossary","messageBody":"","fileTypesAndContributionMap":{"docs":{"insertions":5,"deletions":1}}},{"hash":"ef6b45ffcd92f2df11ea1f9ab413865c99e2d187","isMergeCommit":true,"messageTitle":"Merge pull request #47 from nicktantk/branch-updateDG","messageBody":"Update DG NFR","fileTypesAndContributionMap":{}}]},{"date":"2025-10-03T00:00:00","commitResults":[{"hash":"427fe298b29998afe81a29097c414176e56f21de","isMergeCommit":true,"messageTitle":"Merge pull request #62 from brandontwj1/branch-Update-product-scope","messageBody":"Update the DG: Product scope","fileTypesAndContributionMap":{}}]},{"date":"2025-10-09T00:00:00","commitResults":[{"hash":"d94e411afb65586c0f50457a78c3f7f8380ac9cd","isMergeCommit":false,"messageTitle":"Make Tag compulsory field; Update MESSAGE_USAGE","messageBody":"","fileTypesAndContributionMap":{"functional-code":{"insertions":3,"deletions":3}}},{"hash":"beffb9b6f1b0192bd48fc0c89c7761e71c2525bd","isMergeCommit":false,"messageTitle":"Fix bug: muliple tags allowed","messageBody":"","fileTypesAndContributionMap":{"functional-code":{"insertions":1,"deletions":1}}}]},{"date":"2025-10-10T00:00:00","commitResults":[{"hash":"8f990a6a0a8c3f35c22e5929be0d312c66162ec4","isMergeCommit":false,"messageTitle":"Fix LogicManagerTest to fit expected behaviour","messageBody":"","fileTypesAndContributionMap":{"test-code":{"insertions":6,"deletions":8}}},{"hash":"e5b2d5e1d543e5ae9f4593c40140c40bf2bef0ed","isMergeCommit":false,"messageTitle":"Fix AddCommandParserTest to fit expected behaviour","messageBody":"","fileTypesAndContributionMap":{"functional-code":{"insertions":5,"deletions":1},"test-code":{"insertions":4,"deletions":3}}},{"hash":"30760350cb57acbc97c2a06e86dfcf629b0fe94a","isMergeCommit":false,"messageTitle":"Fix CheckStyle Error","messageBody":"","fileTypesAndContributionMap":{"test-code":{"insertions":20,"deletions":16}}},{"hash":"e1de2f71b70ef6b0e57c35663e98ef8314449eb4","isMergeCommit":true,"messageTitle":"Merge pull request #63 from brandontwj1/branch-Update-exit","messageBody":"Update exit, add configurable exit delay","fileTypesAndContributionMap":{}},{"hash":"c78272feefcb216b2c397a1b28939cb89e1121fe","isMergeCommit":false,"messageTitle":"Fix import errors","messageBody":"","fileTypesAndContributionMap":{"test-code":{"insertions":12,"deletions":11}}},{"hash":"3db0b715a2a1941e83207da42794f9ea313d34a5","isMergeCommit":false,"messageTitle":"Fix imports","messageBody":"","fileTypesAndContributionMap":{"test-code":{"insertions":5,"deletions":1}}},{"hash":"5391c18463c7a2941544c3aaeab8fdd6442310c8","isMergeCommit":false,"messageTitle":"Fix JsonSerializableAddressBookTest to fit new behaviours","messageBody":"","fileTypesAndContributionMap":{"test-code":{"insertions":4,"deletions":4}}}]}],"brandontwj1":[{"date":"2025-09-25T00:00:00","commitResults":[{"hash":"b7a02614d7cc3242f8562e9e863132a079ed5eb6","isMergeCommit":false,"messageTitle":"Add Brandon\u0027s details to AboutUs","messageBody":"","fileTypesAndContributionMap":{"docs":{"insertions":6,"deletions":6}}},{"hash":"5709616078db9a583270506504a2f97956360dce","isMergeCommit":false,"messageTitle":"Fix AboutUs portfolio file","messageBody":"","fileTypesAndContributionMap":{"docs":{"insertions":2,"deletions":2}}}]},{"date":"2025-09-26T00:00:00","commitResults":[{"hash":"518847096cc30f547cc22b88f1b6be5b83df9d0b","isMergeCommit":true,"messageTitle":"Merge branch \u0027master\u0027 into branch-AboutUs","messageBody":"","fileTypesAndContributionMap":{}},{"hash":"f6a920d6fabe310ebebc4ad6ba0f5af1fba504c6","isMergeCommit":true,"messageTitle":"Merge branch \u0027master\u0027 into branch-AboutUs","messageBody":"","fileTypesAndContributionMap":{}}]},{"date":"2025-09-30T00:00:00","commitResults":[{"hash":"5ebd18cb35b968335851b62219aae372b9821b69","isMergeCommit":true,"messageTitle":"Resolve merge conflicts","messageBody":"","fileTypesAndContributionMap":{}},{"hash":"f34fad457339f3895d90002f4300ad8adcd99f27","isMergeCommit":false,"messageTitle":"Update image link","messageBody":"","fileTypesAndContributionMap":{"docs":{"insertions":1,"deletions":1}}}]},{"date":"2025-10-02T00:00:00","commitResults":[{"hash":"e3f04c1d109532b325d2e11aa9968a481da986e8","isMergeCommit":false,"messageTitle":"Add user stories","messageBody":"","fileTypesAndContributionMap":{"docs":{"insertions":23,"deletions":10}}},{"hash":"2fc265db8c2abb5cd5dafdc21648612f8091ec14","isMergeCommit":false,"messageTitle":"Order user stories by priority","messageBody":"","fileTypesAndContributionMap":{"docs":{"insertions":2,"deletions":2}}},{"hash":"11456190aaa7f6fb119ef054f80e7f4c8da453d3","isMergeCommit":true,"messageTitle":"Merge pull request #59 from nicktantk/branch-use-case","messageBody":"Add use case to developer guide","fileTypesAndContributionMap":{}}]},{"date":"2025-10-03T00:00:00","commitResults":[{"hash":"65bd5f8f8ce9c68850623926071bd37e4de48cc9","isMergeCommit":false,"messageTitle":"Update product scope","messageBody":"","fileTypesAndContributionMap":{"docs":{"insertions":14,"deletions":8}}}]},{"date":"2025-10-09T00:00:00","commitResults":[{"hash":"960d2e919d26b800afe1c3aebc30dd430df3da76","isMergeCommit":false,"messageTitle":"Update exit, add configurable exit delay","messageBody":"","fileTypesAndContributionMap":{"functional-code":{"insertions":23,"deletions":2}}},{"hash":"665f756b47db95c63927a4694523c0a2ae2434b7","isMergeCommit":false,"messageTitle":"Update codecov configuration","messageBody":"","fileTypesAndContributionMap":{"other":{"insertions":1,"deletions":0}}},{"hash":"c76c3097ddcba2c891dc1b606565af4d3e12be6c","isMergeCommit":false,"messageTitle":"Correct codecov changes","messageBody":"","fileTypesAndContributionMap":{"other":{"insertions":1,"deletions":1}}}]},{"date":"2025-10-10T00:00:00","commitResults":[{"hash":"463f82b0d303d6404085fba4099efab530b39418","isMergeCommit":true,"messageTitle":"Merge pull request #66 from Jyang1206/branch-Update-Tag","messageBody":"","fileTypesAndContributionMap":{}}]}]},"authorFileTypeContributionMap":{"huiyi-Al":{"docs":4,"functional-code":0,"test-code":0},"nicktantk":{"docs":98,"functional-code":0,"test-code":0},"Jyang1206":{"docs":74,"functional-code":5,"test-code":19},"brandontwj1":{"docs":43,"functional-code":23,"test-code":0,"other":1}},"authorContributionVariance":{"huiyi-Al":87.86154,"nicktantk":384.33878,"Jyang1206":1040.2644,"brandontwj1":108.902885},"authorDisplayNameMap":{"huiyi-Al":"CS2103T-T08-1 LIU ..IYUE","nicktantk":"CS2103T-T08-1 NICH..HOON","Jyang1206":"CS2103T-T08-1 NG J..YANG","brandontwj1":"CS2103T-T08-1 TAN .. JUN"}}
