{"repoSenseVersion":"13aa2f327a","reportGeneratedTime":"Tue, 4 Nov 2025 09:45:18 UTC+08:00","reportGenerationTime":" 3 minute(s) 7.30 second(s)","zoneId":"UTC+08:00","reportTitle":"RepoSense Report","repos":[{"location":{"location":"https://github.com/AY2526S1-CS2103T-W08-1/tp.git","repoName":"tp","organization":"AY2526S1-CS2103T-W08-1","domainName":"github"},"branch":"master","displayName":"AY2526S1-CS2103T-W08-1/tp[master]","outputFolderName":"AY2526S1-CS2103T-W08-1_tp_master","sinceDate":"2025-09-19T00:00:00","untilDate":"2025-11-04T23:59:59"},{"location":{"location":"https://github.com/AY2526S1-CS2103T-W08-2/tp.git","repoName":"tp","organization":"AY2526S1-CS2103T-W08-2","domainName":"github"},"branch":"master","displayName":"AY2526S1-CS2103T-W08-2/tp[master]","outputFolderName":"AY2526S1-CS2103T-W08-2_tp_master","sinceDate":"2025-09-19T00:00:00","untilDate":"2025-11-04T23:59:59"},{"location":{"location":"https://github.com/AY2526S1-CS2103T-W08-3/tp.git","repoName":"tp","organization":"AY2526S1-CS2103T-W08-3","domainName":"github"},"branch":"master","displayName":"AY2526S1-CS2103T-W08-3/tp[master]","outputFolderName":"AY2526S1-CS2103T-W08-3_tp_master","sinceDate":"2025-09-19T00:00:00","untilDate":"2025-11-04T23:59:59"},{"location":{"location":"https://github.com/AY2526S1-CS2103T-W08-4/tp.git","repoName":"tp","organization":"AY2526S1-CS2103T-W08-4","domainName":"github"},"branch":"master","displayName":"AY2526S1-CS2103T-W08-4/tp[master]","outputFolderName":"AY2526S1-CS2103T-W08-4_tp_master","sinceDate":"2025-09-19T00:00:00","untilDate":"2025-11-04T23:59:59"},{"location":{"location":"https://github.com/AY2526S1-CS2103T-W09-1/tp.git","repoName":"tp","organization":"AY2526S1-CS2103T-W09-1","domainName":"github"},"branch":"master","displayName":"AY2526S1-CS2103T-W09-1/tp[master]","outputFolderName":"AY2526S1-CS2103T-W09-1_tp_master","sinceDate":"2025-09-19T00:00:00","untilDate":"2025-11-04T23:59:59"},{"location":{"location":"https://github.com/AY2526S1-CS2103T-W09-2/tp.git","repoName":"tp","organization":"AY2526S1-CS2103T-W09-2","domainName":"github"},"branch":"master","displayName":"AY2526S1-CS2103T-W09-2/tp[master]","outputFolderName":"AY2526S1-CS2103T-W09-2_tp_master","sinceDate":"2025-09-19T00:00:00","untilDate":"2025-11-04T23:59:59"},{"location":{"location":"https://github.com/AY2526S1-CS2103T-W09-3/tp.git","repoName":"tp","organization":"AY2526S1-CS2103T-W09-3","domainName":"github"},"branch":"master","displayName":"AY2526S1-CS2103T-W09-3/tp[master]","outputFolderName":"AY2526S1-CS2103T-W09-3_tp_master","sinceDate":"2025-09-19T00:00:00","untilDate":"2025-11-04T23:59:59"},{"location":{"location":"https://github.com/AY2526S1-CS2103T-W09-4/tp.git","repoName":"tp","organization":"AY2526S1-CS2103T-W09-4","domainName":"github"},"branch":"master","displayName":"AY2526S1-CS2103T-W09-4/tp[master]","outputFolderName":"AY2526S1-CS2103T-W09-4_tp_master","sinceDate":"2025-09-19T00:00:00","untilDate":"2025-11-04T23:59:59"},{"location":{"location":"https://github.com/AY2526S1-CS2103T-W10-1/tp.git","repoName":"tp","organization":"AY2526S1-CS2103T-W10-1","domainName":"github"},"branch":"master","displayName":"AY2526S1-CS2103T-W10-1/tp[master]","outputFolderName":"AY2526S1-CS2103T-W10-1_tp_master","sinceDate":"2025-09-19T00:00:00","untilDate":"2025-11-04T23:59:59"},{"location":{"location":"https://github.com/AY2526S1-CS2103T-W10-2/tp.git","repoName":"tp","organization":"AY2526S1-CS2103T-W10-2","domainName":"github"},"branch":"master","displayName":"AY2526S1-CS2103T-W10-2/tp[master]","outputFolderName":"AY2526S1-CS2103T-W10-2_tp_master","sinceDate":"2025-09-19T00:00:00","untilDate":"2025-11-04T23:59:59"},{"location":{"location":"https://github.com/AY2526S1-CS2103T-W10-3/tp.git","repoName":"tp","organization":"AY2526S1-CS2103T-W10-3","domainName":"github"},"branch":"master","displayName":"AY2526S1-CS2103T-W10-3/tp[master]","outputFolderName":"AY2526S1-CS2103T-W10-3_tp_master","sinceDate":"2025-09-19T00:00:00","untilDate":"2025-11-04T23:59:59"},{"location":{"location":"https://github.com/AY2526S1-CS2103T-W10-4/tp.git","repoName":"tp","organization":"AY2526S1-CS2103T-W10-4","domainName":"github"},"branch":"master","displayName":"AY2526S1-CS2103T-W10-4/tp[master]","outputFolderName":"AY2526S1-CS2103T-W10-4_tp_master","sinceDate":"2025-09-19T00:00:00","untilDate":"2025-11-04T23:59:59"},{"location":{"location":"https://github.com/AY2526S1-CS2103T-W11-1/tp.git","repoName":"tp","organization":"AY2526S1-CS2103T-W11-1","domainName":"github"},"branch":"master","displayName":"AY2526S1-CS2103T-W11-1/tp[master]","outputFolderName":"AY2526S1-CS2103T-W11-1_tp_master","sinceDate":"2025-09-19T00:00:00","untilDate":"2025-11-04T23:59:59"},{"location":{"location":"https://github.com/AY2526S1-CS2103T-W11-2/tp.git","repoName":"tp","organization":"AY2526S1-CS2103T-W11-2","domainName":"github"},"branch":"master","displayName":"AY2526S1-CS2103T-W11-2/tp[master]","outputFolderName":"AY2526S1-CS2103T-W11-2_tp_master","sinceDate":"2025-09-19T00:00:00","untilDate":"2025-11-04T23:59:59"},{"location":{"location":"https://github.com/AY2526S1-CS2103T-W11-3/tp.git","repoName":"tp","organization":"AY2526S1-CS2103T-W11-3","domainName":"github"},"branch":"master","displayName":"AY2526S1-CS2103T-W11-3/tp[master]","outputFolderName":"AY2526S1-CS2103T-W11-3_tp_master","sinceDate":"2025-09-19T00:00:00","untilDate":"2025-11-04T23:59:59"},{"location":{"location":"https://github.com/AY2526S1-CS2103T-W11-4/tp.git","repoName":"tp","organization":"AY2526S1-CS2103T-W11-4","domainName":"github"},"branch":"master","displayName":"AY2526S1-CS2103T-W11-4/tp[master]","outputFolderName":"AY2526S1-CS2103T-W11-4_tp_master","sinceDate":"2025-09-19T00:00:00","untilDate":"2025-11-04T23:59:59"},{"location":{"location":"https://github.com/AY2526S1-CS2103T-W12-1/tp.git","repoName":"tp","organization":"AY2526S1-CS2103T-W12-1","domainName":"github"},"branch":"master","displayName":"AY2526S1-CS2103T-W12-1/tp[master]","outputFolderName":"AY2526S1-CS2103T-W12-1_tp_master","sinceDate":"2025-09-19T00:00:00","untilDate":"2025-11-04T23:59:59"},{"location":{"location":"https://github.com/AY2526S1-CS2103T-W12-2/tp.git","repoName":"tp","organization":"AY2526S1-CS2103T-W12-2","domainName":"github"},"branch":"master","displayName":"AY2526S1-CS2103T-W12-2/tp[master]","outputFolderName":"AY2526S1-CS2103T-W12-2_tp_master","sinceDate":"2025-09-19T00:00:00","untilDate":"2025-11-04T23:59:59"},{"location":{"location":"https://github.com/AY2526S1-CS2103T-W12-3a/tp.git","repoName":"tp","organization":"AY2526S1-CS2103T-W12-3a","domainName":"github"},"branch":"master","displayName":"AY2526S1-CS2103T-W12-3a/tp[master]","outputFolderName":"AY2526S1-CS2103T-W12-3a_tp_master","sinceDate":"2025-09-19T00:00:00","untilDate":"2025-11-04T23:59:59"},{"location":{"location":"https://github.com/AY2526S1-CS2103T-W12-4/tp.git","repoName":"tp","organization":"AY2526S1-CS2103T-W12-4","domainName":"github"},"branch":"master","displayName":"AY2526S1-CS2103T-W12-4/tp[master]","outputFolderName":"AY2526S1-CS2103T-W12-4_tp_master","sinceDate":"2025-09-19T00:00:00","untilDate":"2025-11-04T23:59:59"},{"location":{"location":"https://github.com/AY2526S1-CS2103T-W13-1/tp.git","repoName":"tp","organization":"AY2526S1-CS2103T-W13-1","domainName":"github"},"branch":"master","displayName":"AY2526S1-CS2103T-W13-1/tp[master]","outputFolderName":"AY2526S1-CS2103T-W13-1_tp_master","sinceDate":"2025-09-19T00:00:00","untilDate":"2025-11-04T23:59:59"},{"location":{"location":"https://github.com/AY2526S1-CS2103T-W13-2/tp.git","repoName":"tp","organization":"AY2526S1-CS2103T-W13-2","domainName":"github"},"branch":"master","displayName":"AY2526S1-CS2103T-W13-2/tp[master]","outputFolderName":"AY2526S1-CS2103T-W13-2_tp_master","sinceDate":"2025-09-19T00:00:00","untilDate":"2025-11-04T23:59:59"},{"location":{"location":"https://github.com/AY2526S1-CS2103T-W13-3/tp.git","repoName":"tp","organization":"AY2526S1-CS2103T-W13-3","domainName":"github"},"branch":"master","displayName":"AY2526S1-CS2103T-W13-3/tp[master]","outputFolderName":"AY2526S1-CS2103T-W13-3_tp_master","sinceDate":"2025-09-19T00:00:00","untilDate":"2025-11-04T23:59:59"},{"location":{"location":"https://github.com/AY2526S1-CS2103T-W13-4/tp.git","repoName":"tp","organization":"AY2526S1-CS2103T-W13-4","domainName":"github"},"branch":"master","displayName":"AY2526S1-CS2103T-W13-4/tp[master]","outputFolderName":"AY2526S1-CS2103T-W13-4_tp_master","sinceDate":"2025-09-19T00:00:00","untilDate":"2025-11-04T23:59:59"},{"location":{"location":"https://github.com/AY2526S1-CS2103T-W14-1/tp.git","repoName":"tp","organization":"AY2526S1-CS2103T-W14-1","domainName":"github"},"branch":"master","displayName":"AY2526S1-CS2103T-W14-1/tp[master]","outputFolderName":"AY2526S1-CS2103T-W14-1_tp_master","sinceDate":"2025-09-19T00:00:00","untilDate":"2025-11-04T23:59:59"},{"location":{"location":"https://github.com/AY2526S1-CS2103T-W14-2/tp.git","repoName":"tp","organization":"AY2526S1-CS2103T-W14-2","domainName":"github"},"branch":"master","displayName":"AY2526S1-CS2103T-W14-2/tp[master]","outputFolderName":"AY2526S1-CS2103T-W14-2_tp_master","sinceDate":"2025-09-19T00:00:00","untilDate":"2025-11-04T23:59:59"},{"location":{"location":"https://github.com/AY2526S1-CS2103T-W14-3/tp.git","repoName":"tp","organization":"AY2526S1-CS2103T-W14-3","domainName":"github"},"branch":"master","displayName":"AY2526S1-CS2103T-W14-3/tp[master]","outputFolderName":"AY2526S1-CS2103T-W14-3_tp_master","sinceDate":"2025-09-19T00:00:00","untilDate":"2025-11-04T23:59:59"},{"location":{"location":"https://github.com/AY2526S1-CS2103T-W14-4/tp.git","repoName":"tp","organization":"AY2526S1-CS2103T-W14-4","domainName":"github"},"branch":"master","displayName":"AY2526S1-CS2103T-W14-4/tp[master]","outputFolderName":"AY2526S1-CS2103T-W14-4_tp_master","sinceDate":"2025-09-19T00:00:00","untilDate":"2025-11-04T23:59:59"},{"location":{"location":"https://github.com/AY2526S1-CS2103T-T08-1/tp.git","repoName":"tp","organization":"AY2526S1-CS2103T-T08-1","domainName":"github"},"branch":"master","displayName":"AY2526S1-CS2103T-T08-1/tp[master]","outputFolderName":"AY2526S1-CS2103T-T08-1_tp_master","sinceDate":"2025-09-19T00:00:00","untilDate":"2025-11-04T23:59:59"},{"location":{"location":"https://github.com/AY2526S1-CS2103T-T08-2/tp.git","repoName":"tp","organization":"AY2526S1-CS2103T-T08-2","domainName":"github"},"branch":"master","displayName":"AY2526S1-CS2103T-T08-2/tp[master]","outputFolderName":"AY2526S1-CS2103T-T08-2_tp_master","sinceDate":"2025-09-19T00:00:00","untilDate":"2025-11-04T23:59:59"},{"location":{"location":"https://github.com/AY2526S1-CS2103T-T08-3/tp.git","repoName":"tp","organization":"AY2526S1-CS2103T-T08-3","domainName":"github"},"branch":"master","displayName":"AY2526S1-CS2103T-T08-3/tp[master]","outputFolderName":"AY2526S1-CS2103T-T08-3_tp_master","sinceDate":"2025-09-19T00:00:00","untilDate":"2025-11-04T23:59:59"},{"location":{"location":"https://github.com/AY2526S1-CS2103T-T08-4/tp.git","repoName":"tp","organization":"AY2526S1-CS2103T-T08-4","domainName":"github"},"branch":"master","displayName":"AY2526S1-CS2103T-T08-4/tp[master]","outputFolderName":"AY2526S1-CS2103T-T08-4_tp_master","sinceDate":"2025-09-19T00:00:00","untilDate":"2025-11-04T23:59:59"},{"location":{"location":"https://github.com/AY2526S1-CS2103T-T09-1/tp.git","repoName":"tp","organization":"AY2526S1-CS2103T-T09-1","domainName":"github"},"branch":"master","displayName":"AY2526S1-CS2103T-T09-1/tp[master]","outputFolderName":"AY2526S1-CS2103T-T09-1_tp_master","sinceDate":"2025-09-19T00:00:00","untilDate":"2025-11-04T23:59:59"},{"location":{"location":"https://github.com/AY2526S1-CS2103T-T09-2/tp.git","repoName":"tp","organization":"AY2526S1-CS2103T-T09-2","domainName":"github"},"branch":"master","displayName":"AY2526S1-CS2103T-T09-2/tp[master]","outputFolderName":"AY2526S1-CS2103T-T09-2_tp_master","sinceDate":"2025-09-19T00:00:00","untilDate":"2025-11-04T23:59:59"},{"location":{"location":"https://github.com/AY2526S1-CS2103T-T09-3/tp.git","repoName":"tp","organization":"AY2526S1-CS2103T-T09-3","domainName":"github"},"branch":"master","displayName":"AY2526S1-CS2103T-T09-3/tp[master]","outputFolderName":"AY2526S1-CS2103T-T09-3_tp_master","sinceDate":"2025-09-19T00:00:00","untilDate":"2025-11-04T23:59:59"},{"location":{"location":"https://github.com/AY2526S1-CS2103T-T09-4/tp.git","repoName":"tp","organization":"AY2526S1-CS2103T-T09-4","domainName":"github"},"branch":"master","displayName":"AY2526S1-CS2103T-T09-4/tp[master]","outputFolderName":"AY2526S1-CS2103T-T09-4_tp_master","sinceDate":"2025-09-19T00:00:00","untilDate":"2025-11-04T23:59:59"},{"location":{"location":"https://github.com/AY2526S1-CS2103T-T10-1/tp.git","repoName":"tp","organization":"AY2526S1-CS2103T-T10-1","domainName":"github"},"branch":"master","displayName":"AY2526S1-CS2103T-T10-1/tp[master]","outputFolderName":"AY2526S1-CS2103T-T10-1_tp_master","sinceDate":"2025-09-19T00:00:00","untilDate":"2025-11-04T23:59:59"},{"location":{"location":"https://github.com/AY2526S1-CS2103T-T10-2/tp.git","repoName":"tp","organization":"AY2526S1-CS2103T-T10-2","domainName":"github"},"branch":"master","displayName":"AY2526S1-CS2103T-T10-2/tp[master]","outputFolderName":"AY2526S1-CS2103T-T10-2_tp_master","sinceDate":"2025-09-19T00:00:00","untilDate":"2025-11-04T23:59:59"},{"location":{"location":"https://github.com/AY2526S1-CS2103T-T10-3/tp.git","repoName":"tp","organization":"AY2526S1-CS2103T-T10-3","domainName":"github"},"branch":"master","displayName":"AY2526S1-CS2103T-T10-3/tp[master]","outputFolderName":"AY2526S1-CS2103T-T10-3_tp_master","sinceDate":"2025-09-19T00:00:00","untilDate":"2025-11-04T23:59:59"},{"location":{"location":"https://github.com/AY2526S1-CS2103T-T10-4/tp.git","repoName":"tp","organization":"AY2526S1-CS2103T-T10-4","domainName":"github"},"branch":"master","displayName":"AY2526S1-CS2103T-T10-4/tp[master]","outputFolderName":"AY2526S1-CS2103T-T10-4_tp_master","sinceDate":"2025-09-19T00:00:00","untilDate":"2025-11-04T23:59:59"},{"location":{"location":"https://github.com/AY2526S1-CS2103T-T11-1/tp.git","repoName":"tp","organization":"AY2526S1-CS2103T-T11-1","domainName":"github"},"branch":"master","displayName":"AY2526S1-CS2103T-T11-1/tp[master]","outputFolderName":"AY2526S1-CS2103T-T11-1_tp_master","sinceDate":"2025-09-19T00:00:00","untilDate":"2025-11-04T23:59:59"},{"location":{"location":"https://github.com/AY2526S1-CS2103T-T11-2/tp.git","repoName":"tp","organization":"AY2526S1-CS2103T-T11-2","domainName":"github"},"branch":"master","displayName":"AY2526S1-CS2103T-T11-2/tp[master]","outputFolderName":"AY2526S1-CS2103T-T11-2_tp_master","sinceDate":"2025-09-19T00:00:00","untilDate":"2025-11-04T23:59:59"},{"location":{"location":"https://github.com/AY2526S1-CS2103T-T11-3/tp.git","repoName":"tp","organization":"AY2526S1-CS2103T-T11-3","domainName":"github"},"branch":"master","displayName":"AY2526S1-CS2103T-T11-3/tp[master]","outputFolderName":"AY2526S1-CS2103T-T11-3_tp_master","sinceDate":"2025-09-19T00:00:00","untilDate":"2025-11-04T23:59:59"},{"location":{"location":"https://github.com/AY2526S1-CS2103T-T11-4/tp.git","repoName":"tp","organization":"AY2526S1-CS2103T-T11-4","domainName":"github"},"branch":"master","displayName":"AY2526S1-CS2103T-T11-4/tp[master]","outputFolderName":"AY2526S1-CS2103T-T11-4_tp_master","sinceDate":"2025-09-19T00:00:00","untilDate":"2025-11-04T23:59:59"},{"location":{"location":"https://github.com/AY2526S1-CS2103T-T12-1/tp.git","repoName":"tp","organization":"AY2526S1-CS2103T-T12-1","domainName":"github"},"branch":"master","displayName":"AY2526S1-CS2103T-T12-1/tp[master]","outputFolderName":"AY2526S1-CS2103T-T12-1_tp_master","sinceDate":"2025-09-19T00:00:00","untilDate":"2025-11-04T23:59:59"},{"location":{"location":"https://github.com/AY2526S1-CS2103T-T12-2/tp.git","repoName":"tp","organization":"AY2526S1-CS2103T-T12-2","domainName":"github"},"branch":"master","displayName":"AY2526S1-CS2103T-T12-2/tp[master]","outputFolderName":"AY2526S1-CS2103T-T12-2_tp_master","sinceDate":"2025-09-19T00:00:00","untilDate":"2025-11-04T23:59:59"},{"location":{"location":"https://github.com/AY2526S1-CS2103T-T12-3/tp.git","repoName":"tp","organization":"AY2526S1-CS2103T-T12-3","domainName":"github"},"branch":"master","displayName":"AY2526S1-CS2103T-T12-3/tp[master]","outputFolderName":"AY2526S1-CS2103T-T12-3_tp_master","sinceDate":"2025-09-19T00:00:00","untilDate":"2025-11-04T23:59:59"},{"location":{"location":"https://github.com/AY2526S1-CS2103T-T12-4/tp.git","repoName":"tp","organization":"AY2526S1-CS2103T-T12-4","domainName":"github"},"branch":"master","displayName":"AY2526S1-CS2103T-T12-4/tp[master]","outputFolderName":"AY2526S1-CS2103T-T12-4_tp_master","sinceDate":"2025-09-19T00:00:00","untilDate":"2025-11-04T23:59:59"},{"location":{"location":"https://github.com/AY2526S1-CS2103T-T13-1/tp.git","repoName":"tp","organization":"AY2526S1-CS2103T-T13-1","domainName":"github"},"branch":"master","displayName":"AY2526S1-CS2103T-T13-1/tp[master]","outputFolderName":"AY2526S1-CS2103T-T13-1_tp_master","sinceDate":"2025-09-19T00:00:00","untilDate":"2025-11-04T23:59:59"},{"location":{"location":"https://github.com/AY2526S1-CS2103T-T13-2/tp.git","repoName":"tp","organization":"AY2526S1-CS2103T-T13-2","domainName":"github"},"branch":"master","displayName":"AY2526S1-CS2103T-T13-2/tp[master]","outputFolderName":"AY2526S1-CS2103T-T13-2_tp_master","sinceDate":"2025-09-19T00:00:00","untilDate":"2025-11-04T23:59:59"},{"location":{"location":"https://github.com/AY2526S1-CS2103T-T13-3/tp.git","repoName":"tp","organization":"AY2526S1-CS2103T-T13-3","domainName":"github"},"branch":"master","displayName":"AY2526S1-CS2103T-T13-3/tp[master]","outputFolderName":"AY2526S1-CS2103T-T13-3_tp_master","sinceDate":"2025-09-19T00:00:00","untilDate":"2025-11-04T23:59:59"},{"location":{"location":"https://github.com/AY2526S1-CS2103T-T13-4/tp.git","repoName":"tp","organization":"AY2526S1-CS2103T-T13-4","domainName":"github"},"branch":"master","displayName":"AY2526S1-CS2103T-T13-4/tp[master]","outputFolderName":"AY2526S1-CS2103T-T13-4_tp_master","sinceDate":"2025-09-19T00:00:00","untilDate":"2025-11-04T23:59:59"},{"location":{"location":"https://github.com/AY2526S1-CS2103T-T14-1/tp.git","repoName":"tp","organization":"AY2526S1-CS2103T-T14-1","domainName":"github"},"branch":"master","displayName":"AY2526S1-CS2103T-T14-1/tp[master]","outputFolderName":"AY2526S1-CS2103T-T14-1_tp_master","sinceDate":"2025-09-19T00:00:00","untilDate":"2025-11-04T23:59:59"},{"location":{"location":"https://github.com/AY2526S1-CS2103T-T14-2/tp.git","repoName":"tp","organization":"AY2526S1-CS2103T-T14-2","domainName":"github"},"branch":"master","displayName":"AY2526S1-CS2103T-T14-2/tp[master]","outputFolderName":"AY2526S1-CS2103T-T14-2_tp_master","sinceDate":"2025-09-19T00:00:00","untilDate":"2025-11-04T23:59:59"},{"location":{"location":"https://github.com/AY2526S1-CS2103T-T14-3/tp.git","repoName":"tp","organization":"AY2526S1-CS2103T-T14-3","domainName":"github"},"branch":"master","displayName":"AY2526S1-CS2103T-T14-3/tp[master]","outputFolderName":"AY2526S1-CS2103T-T14-3_tp_master","sinceDate":"2025-09-19T00:00:00","untilDate":"2025-11-04T23:59:59"},{"location":{"location":"https://github.com/AY2526S1-CS2103T-T14-4/tp.git","repoName":"tp","organization":"AY2526S1-CS2103T-T14-4","domainName":"github"},"branch":"master","displayName":"AY2526S1-CS2103T-T14-4/tp[master]","outputFolderName":"AY2526S1-CS2103T-T14-4_tp_master","sinceDate":"2025-09-19T00:00:00","untilDate":"2025-11-04T23:59:59"},{"location":{"location":"https://github.com/AY2526S1-CS2103T-T15-1/tp.git","repoName":"tp","organization":"AY2526S1-CS2103T-T15-1","domainName":"github"},"branch":"master","displayName":"AY2526S1-CS2103T-T15-1/tp[master]","outputFolderName":"AY2526S1-CS2103T-T15-1_tp_master","sinceDate":"2025-09-19T00:00:00","untilDate":"2025-11-04T23:59:59"},{"location":{"location":"https://github.com/AY2526S1-CS2103T-T15-2/tp.git","repoName":"tp","organization":"AY2526S1-CS2103T-T15-2","domainName":"github"},"branch":"master","displayName":"AY2526S1-CS2103T-T15-2/tp[master]","outputFolderName":"AY2526S1-CS2103T-T15-2_tp_master","sinceDate":"2025-09-19T00:00:00","untilDate":"2025-11-04T23:59:59"},{"location":{"location":"https://github.com/AY2526S1-CS2103T-T15-3/tp.git","repoName":"tp","organization":"AY2526S1-CS2103T-T15-3","domainName":"github"},"branch":"master","displayName":"AY2526S1-CS2103T-T15-3/tp[master]","outputFolderName":"AY2526S1-CS2103T-T15-3_tp_master","sinceDate":"2025-09-19T00:00:00","untilDate":"2025-11-04T23:59:59"},{"location":{"location":"https://github.com/AY2526S1-CS2103T-T15-4/tp.git","repoName":"tp","organization":"AY2526S1-CS2103T-T15-4","domainName":"github"},"branch":"master","displayName":"AY2526S1-CS2103T-T15-4/tp[master]","outputFolderName":"AY2526S1-CS2103T-T15-4_tp_master","sinceDate":"2025-09-19T00:00:00","untilDate":"2025-11-04T23:59:59"},{"location":{"location":"https://github.com/AY2526S1-CS2103T-T16-1/tp.git","repoName":"tp","organization":"AY2526S1-CS2103T-T16-1","domainName":"github"},"branch":"master","displayName":"AY2526S1-CS2103T-T16-1/tp[master]","outputFolderName":"AY2526S1-CS2103T-T16-1_tp_master","sinceDate":"2025-09-19T00:00:00","untilDate":"2025-11-04T23:59:59"},{"location":{"location":"https://github.com/AY2526S1-CS2103T-T16-2/tp.git","repoName":"tp","organization":"AY2526S1-CS2103T-T16-2","domainName":"github"},"branch":"master","displayName":"AY2526S1-CS2103T-T16-2/tp[master]","outputFolderName":"AY2526S1-CS2103T-T16-2_tp_master","sinceDate":"2025-09-19T00:00:00","untilDate":"2025-11-04T23:59:59"},{"location":{"location":"https://github.com/AY2526S1-CS2103T-T16-3/tp.git","repoName":"tp","organization":"AY2526S1-CS2103T-T16-3","domainName":"github"},"branch":"master","displayName":"AY2526S1-CS2103T-T16-3/tp[master]","outputFolderName":"AY2526S1-CS2103T-T16-3_tp_master","sinceDate":"2025-09-19T00:00:00","untilDate":"2025-11-04T23:59:59"},{"location":{"location":"https://github.com/AY2526S1-CS2103T-T16-4/tp.git","repoName":"tp","organization":"AY2526S1-CS2103T-T16-4","domainName":"github"},"branch":"master","displayName":"AY2526S1-CS2103T-T16-4/tp[master]","outputFolderName":"AY2526S1-CS2103T-T16-4_tp_master","sinceDate":"2025-09-19T00:00:00","untilDate":"2025-11-04T23:59:59"},{"location":{"location":"https://github.com/AY2526S1-CS2103T-T17-1/tp.git","repoName":"tp","organization":"AY2526S1-CS2103T-T17-1","domainName":"github"},"branch":"master","displayName":"AY2526S1-CS2103T-T17-1/tp[master]","outputFolderName":"AY2526S1-CS2103T-T17-1_tp_master","sinceDate":"2025-09-19T00:00:00","untilDate":"2025-11-04T23:59:59"},{"location":{"location":"https://github.com/AY2526S1-CS2103T-T17-2/tp.git","repoName":"tp","organization":"AY2526S1-CS2103T-T17-2","domainName":"github"},"branch":"master","displayName":"AY2526S1-CS2103T-T17-2/tp[master]","outputFolderName":"AY2526S1-CS2103T-T17-2_tp_master","sinceDate":"2025-09-19T00:00:00","untilDate":"2025-11-04T23:59:59"},{"location":{"location":"https://github.com/AY2526S1-CS2103T-T17-3/tp.git","repoName":"tp","organization":"AY2526S1-CS2103T-T17-3","domainName":"github"},"branch":"master","displayName":"AY2526S1-CS2103T-T17-3/tp[master]","outputFolderName":"AY2526S1-CS2103T-T17-3_tp_master","sinceDate":"2025-09-19T00:00:00","untilDate":"2025-11-04T23:59:59"},{"location":{"location":"https://github.com/AY2526S1-CS2103T-F08a-1/tp.git","repoName":"tp","organization":"AY2526S1-CS2103T-F08a-1","domainName":"github"},"branch":"master","displayName":"AY2526S1-CS2103T-F08a-1/tp[master]","outputFolderName":"AY2526S1-CS2103T-F08a-1_tp_master","sinceDate":"2025-09-19T00:00:00","untilDate":"2025-11-04T23:59:59"},{"location":{"location":"https://github.com/AY2526S1-CS2103T-F08b-1/tp.git","repoName":"tp","organization":"AY2526S1-CS2103T-F08b-1","domainName":"github"},"branch":"master","displayName":"AY2526S1-CS2103T-F08b-1/tp[master]","outputFolderName":"AY2526S1-CS2103T-F08b-1_tp_master","sinceDate":"2025-09-19T00:00:00","untilDate":"2025-11-04T23:59:59"},{"location":{"location":"https://github.com/AY2526S1-CS2103T-F08a-2/tp.git","repoName":"tp","organization":"AY2526S1-CS2103T-F08a-2","domainName":"github"},"branch":"master","displayName":"AY2526S1-CS2103T-F08a-2/tp[master]","outputFolderName":"AY2526S1-CS2103T-F08a-2_tp_master","sinceDate":"2025-09-19T00:00:00","untilDate":"2025-11-04T23:59:59"},{"location":{"location":"https://github.com/AY2526S1-CS2103T-F08b-2/tp.git","repoName":"tp","organization":"AY2526S1-CS2103T-F08b-2","domainName":"github"},"branch":"master","displayName":"AY2526S1-CS2103T-F08b-2/tp[master]","outputFolderName":"AY2526S1-CS2103T-F08b-2_tp_master","sinceDate":"2025-09-19T00:00:00","untilDate":"2025-11-04T23:59:59"},{"location":{"location":"https://github.com/AY2526S1-CS2103T-F08b-3/tp.git","repoName":"tp","organization":"AY2526S1-CS2103T-F08b-3","domainName":"github"},"branch":"master","displayName":"AY2526S1-CS2103T-F08b-3/tp[master]","outputFolderName":"AY2526S1-CS2103T-F08b-3_tp_master","sinceDate":"2025-09-19T00:00:00","untilDate":"2025-11-04T23:59:59"},{"location":{"location":"https://github.com/AY2526S1-CS2103T-F08a-3/tp.git","repoName":"tp","organization":"AY2526S1-CS2103T-F08a-3","domainName":"github"},"branch":"master","displayName":"AY2526S1-CS2103T-F08a-3/tp[master]","outputFolderName":"AY2526S1-CS2103T-F08a-3_tp_master","sinceDate":"2025-09-19T00:00:00","untilDate":"2025-11-04T23:59:59"},{"location":{"location":"https://github.com/AY2526S1-CS2103T-F08b-4/tp.git","repoName":"tp","organization":"AY2526S1-CS2103T-F08b-4","domainName":"github"},"branch":"master","displayName":"AY2526S1-CS2103T-F08b-4/tp[master]","outputFolderName":"AY2526S1-CS2103T-F08b-4_tp_master","sinceDate":"2025-09-19T00:00:00","untilDate":"2025-11-04T23:59:59"},{"location":{"location":"https://github.com/AY2526S1-CS2103T-F08a-4/tp.git","repoName":"tp","organization":"AY2526S1-CS2103T-F08a-4","domainName":"github"},"branch":"master","displayName":"AY2526S1-CS2103T-F08a-4/tp[master]","outputFolderName":"AY2526S1-CS2103T-F08a-4_tp_master","sinceDate":"2025-09-19T00:00:00","untilDate":"2025-11-04T23:59:59"},{"location":{"location":"https://github.com/AY2526S1-CS2103-F09-1/tp.git","repoName":"tp","organization":"AY2526S1-CS2103-F09-1","domainName":"github"},"branch":"master","displayName":"AY2526S1-CS2103-F09-1/tp[master]","outputFolderName":"AY2526S1-CS2103-F09-1_tp_master","sinceDate":"2025-09-19T00:00:00","untilDate":"2025-11-04T23:59:59"},{"location":{"location":"https://github.com/AY2526S1-CS2103T-F09-1/tp.git","repoName":"tp","organization":"AY2526S1-CS2103T-F09-1","domainName":"github"},"branch":"master","displayName":"AY2526S1-CS2103T-F09-1/tp[master]","outputFolderName":"AY2526S1-CS2103T-F09-1_tp_master","sinceDate":"2025-09-19T00:00:00","untilDate":"2025-11-04T23:59:59"},{"location":{"location":"https://github.com/AY2526S1-CS2103-F09-2/tp.git","repoName":"tp","organization":"AY2526S1-CS2103-F09-2","domainName":"github"},"branch":"master","displayName":"AY2526S1-CS2103-F09-2/tp[master]","outputFolderName":"AY2526S1-CS2103-F09-2_tp_master","sinceDate":"2025-09-19T00:00:00","untilDate":"2025-11-04T23:59:59"},{"location":{"location":"https://github.com/AY2526S1-CS2103T-F09-2/tp.git","repoName":"tp","organization":"AY2526S1-CS2103T-F09-2","domainName":"github"},"branch":"master","displayName":"AY2526S1-CS2103T-F09-2/tp[master]","outputFolderName":"AY2526S1-CS2103T-F09-2_tp_master","sinceDate":"2025-09-19T00:00:00","untilDate":"2025-11-04T23:59:59"},{"location":{"location":"https://github.com/AY2526S1-CS2103T-F09-3/tp.git","repoName":"tp","organization":"AY2526S1-CS2103T-F09-3","domainName":"github"},"branch":"master","displayName":"AY2526S1-CS2103T-F09-3/tp[master]","outputFolderName":"AY2526S1-CS2103T-F09-3_tp_master","sinceDate":"2025-09-19T00:00:00","untilDate":"2025-11-04T23:59:59"},{"location":{"location":"https://github.com/AY2526S1-CS2103T-F09-4/tp.git","repoName":"tp","organization":"AY2526S1-CS2103T-F09-4","domainName":"github"},"branch":"master","displayName":"AY2526S1-CS2103T-F09-4/tp[master]","outputFolderName":"AY2526S1-CS2103T-F09-4_tp_master","sinceDate":"2025-09-19T00:00:00","untilDate":"2025-11-04T23:59:59"},{"location":{"location":"https://github.com/AY2526S1-CS2103-F10-1/tp.git","repoName":"tp","organization":"AY2526S1-CS2103-F10-1","domainName":"github"},"branch":"master","displayName":"AY2526S1-CS2103-F10-1/tp[master]","outputFolderName":"AY2526S1-CS2103-F10-1_tp_master","sinceDate":"2025-09-19T00:00:00","untilDate":"2025-11-04T23:59:59"},{"location":{"location":"https://github.com/AY2526S1-CS2103T-F10-1/tp.git","repoName":"tp","organization":"AY2526S1-CS2103T-F10-1","domainName":"github"},"branch":"master","displayName":"AY2526S1-CS2103T-F10-1/tp[master]","outputFolderName":"AY2526S1-CS2103T-F10-1_tp_master","sinceDate":"2025-09-19T00:00:00","untilDate":"2025-11-04T23:59:59"},{"location":{"location":"https://github.com/AY2526S1-CS2103-F10-2/tp.git","repoName":"tp","organization":"AY2526S1-CS2103-F10-2","domainName":"github"},"branch":"master","displayName":"AY2526S1-CS2103-F10-2/tp[master]","outputFolderName":"AY2526S1-CS2103-F10-2_tp_master","sinceDate":"2025-09-19T00:00:00","untilDate":"2025-11-04T23:59:59"},{"location":{"location":"https://github.com/AY2526S1-CS2103T-F10-2/tp.git","repoName":"tp","organization":"AY2526S1-CS2103T-F10-2","domainName":"github"},"branch":"master","displayName":"AY2526S1-CS2103T-F10-2/tp[master]","outputFolderName":"AY2526S1-CS2103T-F10-2_tp_master","sinceDate":"2025-09-19T00:00:00","untilDate":"2025-11-04T23:59:59"},{"location":{"location":"https://github.com/AY2526S1-CS2103T-F10-3/tp.git","repoName":"tp","organization":"AY2526S1-CS2103T-F10-3","domainName":"github"},"branch":"master","displayName":"AY2526S1-CS2103T-F10-3/tp[master]","outputFolderName":"AY2526S1-CS2103T-F10-3_tp_master","sinceDate":"2025-09-19T00:00:00","untilDate":"2025-11-04T23:59:59"},{"location":{"location":"https://github.com/AY2526S1-CS2103T-F10-4/tp.git","repoName":"tp","organization":"AY2526S1-CS2103T-F10-4","domainName":"github"},"branch":"master","displayName":"AY2526S1-CS2103T-F10-4/tp[master]","outputFolderName":"AY2526S1-CS2103T-F10-4_tp_master","sinceDate":"2025-09-19T00:00:00","untilDate":"2025-11-04T23:59:59"},{"location":{"location":"https://github.com/AY2526S1-CS2103-F11-1/tp.git","repoName":"tp","organization":"AY2526S1-CS2103-F11-1","domainName":"github"},"branch":"master","displayName":"AY2526S1-CS2103-F11-1/tp[master]","outputFolderName":"AY2526S1-CS2103-F11-1_tp_master","sinceDate":"2025-09-19T00:00:00","untilDate":"2025-11-04T23:59:59"},{"location":{"location":"https://github.com/AY2526S1-CS2103T-F11-1/tp.git","repoName":"tp","organization":"AY2526S1-CS2103T-F11-1","domainName":"github"},"branch":"master","displayName":"AY2526S1-CS2103T-F11-1/tp[master]","outputFolderName":"AY2526S1-CS2103T-F11-1_tp_master","sinceDate":"2025-09-19T00:00:00","untilDate":"2025-11-04T23:59:59"},{"location":{"location":"https://github.com/AY2526S1-CS2103-F11-2/tp.git","repoName":"tp","organization":"AY2526S1-CS2103-F11-2","domainName":"github"},"branch":"master","displayName":"AY2526S1-CS2103-F11-2/tp[master]","outputFolderName":"AY2526S1-CS2103-F11-2_tp_master","sinceDate":"2025-09-19T00:00:00","untilDate":"2025-11-04T23:59:59"},{"location":{"location":"https://github.com/AY2526S1-CS2103T-F11-2/tp.git","repoName":"tp","organization":"AY2526S1-CS2103T-F11-2","domainName":"github"},"branch":"master","displayName":"AY2526S1-CS2103T-F11-2/tp[master]","outputFolderName":"AY2526S1-CS2103T-F11-2_tp_master","sinceDate":"2025-09-19T00:00:00","untilDate":"2025-11-04T23:59:59"},{"location":{"location":"https://github.com/AY2526S1-CS2103T-F11-3/tp.git","repoName":"tp","organization":"AY2526S1-CS2103T-F11-3","domainName":"github"},"branch":"master","displayName":"AY2526S1-CS2103T-F11-3/tp[master]","outputFolderName":"AY2526S1-CS2103T-F11-3_tp_master","sinceDate":"2025-09-19T00:00:00","untilDate":"2025-11-04T23:59:59"},{"location":{"location":"https://github.com/AY2526S1-CS2103T-F11-4/tp.git","repoName":"tp","organization":"AY2526S1-CS2103T-F11-4","domainName":"github"},"branch":"master","displayName":"AY2526S1-CS2103T-F11-4/tp[master]","outputFolderName":"AY2526S1-CS2103T-F11-4_tp_master","sinceDate":"2025-09-19T00:00:00","untilDate":"2025-11-04T23:59:59"},{"location":{"location":"https://github.com/AY2526S1-CS2103-F12-1/tp.git","repoName":"tp","organization":"AY2526S1-CS2103-F12-1","domainName":"github"},"branch":"master","displayName":"AY2526S1-CS2103-F12-1/tp[master]","outputFolderName":"AY2526S1-CS2103-F12-1_tp_master","sinceDate":"2025-09-19T00:00:00","untilDate":"2025-11-04T23:59:59"},{"location":{"location":"https://github.com/AY2526S1-CS2103T-F12-1/tp.git","repoName":"tp","organization":"AY2526S1-CS2103T-F12-1","domainName":"github"},"branch":"master","displayName":"AY2526S1-CS2103T-F12-1/tp[master]","outputFolderName":"AY2526S1-CS2103T-F12-1_tp_master","sinceDate":"2025-09-19T00:00:00","untilDate":"2025-11-04T23:59:59"},{"location":{"location":"https://github.com/AY2526S1-CS2103-F12-2/tp.git","repoName":"tp","organization":"AY2526S1-CS2103-F12-2","domainName":"github"},"branch":"master","displayName":"AY2526S1-CS2103-F12-2/tp[master]","outputFolderName":"AY2526S1-CS2103-F12-2_tp_master","sinceDate":"2025-09-19T00:00:00","untilDate":"2025-11-04T23:59:59"},{"location":{"location":"https://github.com/AY2526S1-CS2103T-F12-2/tp.git","repoName":"tp","organization":"AY2526S1-CS2103T-F12-2","domainName":"github"},"branch":"master","displayName":"AY2526S1-CS2103T-F12-2/tp[master]","outputFolderName":"AY2526S1-CS2103T-F12-2_tp_master","sinceDate":"2025-09-19T00:00:00","untilDate":"2025-11-04T23:59:59"},{"location":{"location":"https://github.com/AY2526S1-CS2103-F12-3/tp.git","repoName":"tp","organization":"AY2526S1-CS2103-F12-3","domainName":"github"},"branch":"master","displayName":"AY2526S1-CS2103-F12-3/tp[master]","outputFolderName":"AY2526S1-CS2103-F12-3_tp_master","sinceDate":"2025-09-19T00:00:00","untilDate":"2025-11-04T23:59:59"},{"location":{"location":"https://github.com/AY2526S1-CS2103T-F12-3/tp.git","repoName":"tp","organization":"AY2526S1-CS2103T-F12-3","domainName":"github"},"branch":"master","displayName":"AY2526S1-CS2103T-F12-3/tp[master]","outputFolderName":"AY2526S1-CS2103T-F12-3_tp_master","sinceDate":"2025-09-19T00:00:00","untilDate":"2025-11-04T23:59:59"},{"location":{"location":"https://github.com/AY2526S1-CS2103-F12-4/tp.git","repoName":"tp","organization":"AY2526S1-CS2103-F12-4","domainName":"github"},"branch":"master","displayName":"AY2526S1-CS2103-F12-4/tp[master]","outputFolderName":"AY2526S1-CS2103-F12-4_tp_master","sinceDate":"2025-09-19T00:00:00","untilDate":"2025-11-04T23:59:59"},{"location":{"location":"https://github.com/AY2526S1-CS2103T-F12-4/tp.git","repoName":"tp","organization":"AY2526S1-CS2103T-F12-4","domainName":"github"},"branch":"master","displayName":"AY2526S1-CS2103T-F12-4/tp[master]","outputFolderName":"AY2526S1-CS2103T-F12-4_tp_master","sinceDate":"2025-09-19T00:00:00","untilDate":"2025-11-04T23:59:59"},{"location":{"location":"https://github.com/AY2526S1-CS2103-F13-1/tp.git","repoName":"tp","organization":"AY2526S1-CS2103-F13-1","domainName":"github"},"branch":"master","displayName":"AY2526S1-CS2103-F13-1/tp[master]","outputFolderName":"AY2526S1-CS2103-F13-1_tp_master","sinceDate":"2025-09-19T00:00:00","untilDate":"2025-11-04T23:59:59"},{"location":{"location":"https://github.com/AY2526S1-CS2103T-F13-1a/tp.git","repoName":"tp","organization":"AY2526S1-CS2103T-F13-1a","domainName":"github"},"branch":"master","displayName":"AY2526S1-CS2103T-F13-1a/tp[master]","outputFolderName":"AY2526S1-CS2103T-F13-1a_tp_master","sinceDate":"2025-09-19T00:00:00","untilDate":"2025-11-04T23:59:59"},{"location":{"location":"https://github.com/AY2526S1-CS2103-F13-2/tp.git","repoName":"tp","organization":"AY2526S1-CS2103-F13-2","domainName":"github"},"branch":"master","displayName":"AY2526S1-CS2103-F13-2/tp[master]","outputFolderName":"AY2526S1-CS2103-F13-2_tp_master","sinceDate":"2025-09-19T00:00:00","untilDate":"2025-11-04T23:59:59"},{"location":{"location":"https://github.com/AY2526S1-CS2103T-F13-2/tp.git","repoName":"tp","organization":"AY2526S1-CS2103T-F13-2","domainName":"github"},"branch":"master","displayName":"AY2526S1-CS2103T-F13-2/tp[master]","outputFolderName":"AY2526S1-CS2103T-F13-2_tp_master","sinceDate":"2025-09-19T00:00:00","untilDate":"2025-11-04T23:59:59"},{"location":{"location":"https://github.com/AY2526S1-CS2103-F13-3/tp.git","repoName":"tp","organization":"AY2526S1-CS2103-F13-3","domainName":"github"},"branch":"master","displayName":"AY2526S1-CS2103-F13-3/tp[master]","outputFolderName":"AY2526S1-CS2103-F13-3_tp_master","sinceDate":"2025-09-19T00:00:00","untilDate":"2025-11-04T23:59:59"},{"location":{"location":"https://github.com/AY2526S1-CS2103T-F13-3/tp.git","repoName":"tp","organization":"AY2526S1-CS2103T-F13-3","domainName":"github"},"branch":"master","displayName":"AY2526S1-CS2103T-F13-3/tp[master]","outputFolderName":"AY2526S1-CS2103T-F13-3_tp_master","sinceDate":"2025-09-19T00:00:00","untilDate":"2025-11-04T23:59:59"},{"location":{"location":"https://github.com/AY2526S1-CS2103-F13-4/tp.git","repoName":"tp","organization":"AY2526S1-CS2103-F13-4","domainName":"github"},"branch":"master","displayName":"AY2526S1-CS2103-F13-4/tp[master]","outputFolderName":"AY2526S1-CS2103-F13-4_tp_master","sinceDate":"2025-09-19T00:00:00","untilDate":"2025-11-04T23:59:59"},{"location":{"location":"https://github.com/AY2526S1-CS2103T-F13-4/tp.git","repoName":"tp","organization":"AY2526S1-CS2103T-F13-4","domainName":"github"},"branch":"master","displayName":"AY2526S1-CS2103T-F13-4/tp[master]","outputFolderName":"AY2526S1-CS2103T-F13-4_tp_master","sinceDate":"2025-09-19T00:00:00","untilDate":"2025-11-04T23:59:59"},{"location":{"location":"https://github.com/AY2526S1-CS2103T-F14a-1/tp.git","repoName":"tp","organization":"AY2526S1-CS2103T-F14a-1","domainName":"github"},"branch":"master","displayName":"AY2526S1-CS2103T-F14a-1/tp[master]","outputFolderName":"AY2526S1-CS2103T-F14a-1_tp_master","sinceDate":"2025-09-19T00:00:00","untilDate":"2025-11-04T23:59:59"},{"location":{"location":"https://github.com/AY2526S1-CS2103T-F14b-1/tp.git","repoName":"tp","organization":"AY2526S1-CS2103T-F14b-1","domainName":"github"},"branch":"master","displayName":"AY2526S1-CS2103T-F14b-1/tp[master]","outputFolderName":"AY2526S1-CS2103T-F14b-1_tp_master","sinceDate":"2025-09-19T00:00:00","untilDate":"2025-11-04T23:59:59"},{"location":{"location":"https://github.com/AY2526S1-CS2103T-F14b-2/tp.git","repoName":"tp","organization":"AY2526S1-CS2103T-F14b-2","domainName":"github"},"branch":"master","displayName":"AY2526S1-CS2103T-F14b-2/tp[master]","outputFolderName":"AY2526S1-CS2103T-F14b-2_tp_master","sinceDate":"2025-09-19T00:00:00","untilDate":"2025-11-04T23:59:59"},{"location":{"location":"https://github.com/AY2526S1-CS2103T-F14a-2/tp.git","repoName":"tp","organization":"AY2526S1-CS2103T-F14a-2","domainName":"github"},"branch":"master","displayName":"AY2526S1-CS2103T-F14a-2/tp[master]","outputFolderName":"AY2526S1-CS2103T-F14a-2_tp_master","sinceDate":"2025-09-19T00:00:00","untilDate":"2025-11-04T23:59:59"},{"location":{"location":"https://github.com/AY2526S1-CS2103T-F14b-3/tp.git","repoName":"tp","organization":"AY2526S1-CS2103T-F14b-3","domainName":"github"},"branch":"master","displayName":"AY2526S1-CS2103T-F14b-3/tp[master]","outputFolderName":"AY2526S1-CS2103T-F14b-3_tp_master","sinceDate":"2025-09-19T00:00:00","untilDate":"2025-11-04T23:59:59"},{"location":{"location":"https://github.com/AY2526S1-CS2103T-F14a-3/tp.git","repoName":"tp","organization":"AY2526S1-CS2103T-F14a-3","domainName":"github"},"branch":"master","displayName":"AY2526S1-CS2103T-F14a-3/tp[master]","outputFolderName":"AY2526S1-CS2103T-F14a-3_tp_master","sinceDate":"2025-09-19T00:00:00","untilDate":"2025-11-04T23:59:59"},{"location":{"location":"https://github.com/AY2526S1-CS2103T-F14b-4/tp.git","repoName":"tp","organization":"AY2526S1-CS2103T-F14b-4","domainName":"github"},"branch":"master","displayName":"AY2526S1-CS2103T-F14b-4/tp[master]","outputFolderName":"AY2526S1-CS2103T-F14b-4_tp_master","sinceDate":"2025-09-19T00:00:00","untilDate":"2025-11-04T23:59:59"},{"location":{"location":"https://github.com/AY2526S1-CS2103T-F14a-4/tp.git","repoName":"tp","organization":"AY2526S1-CS2103T-F14a-4","domainName":"github"},"branch":"master","displayName":"AY2526S1-CS2103T-F14a-4/tp[master]","outputFolderName":"AY2526S1-CS2103T-F14a-4_tp_master","sinceDate":"2025-09-19T00:00:00","untilDate":"2025-11-04T23:59:59"},{"location":{"location":"https://github.com/AY2526S1-CS2103T-F15a-1/tp.git","repoName":"tp","organization":"AY2526S1-CS2103T-F15a-1","domainName":"github"},"branch":"master","displayName":"AY2526S1-CS2103T-F15a-1/tp[master]","outputFolderName":"AY2526S1-CS2103T-F15a-1_tp_master","sinceDate":"2025-09-19T00:00:00","untilDate":"2025-11-04T23:59:59"},{"location":{"location":"https://github.com/AY2526S1-CS2103T-F15b-1/tp.git","repoName":"tp","organization":"AY2526S1-CS2103T-F15b-1","domainName":"github"},"branch":"master","displayName":"AY2526S1-CS2103T-F15b-1/tp[master]","outputFolderName":"AY2526S1-CS2103T-F15b-1_tp_master","sinceDate":"2025-09-19T00:00:00","untilDate":"2025-11-04T23:59:59"},{"location":{"location":"https://github.com/AY2526S1-CS2103T-F15b-2/tp.git","repoName":"tp","organization":"AY2526S1-CS2103T-F15b-2","domainName":"github"},"branch":"master","displayName":"AY2526S1-CS2103T-F15b-2/tp[master]","outputFolderName":"AY2526S1-CS2103T-F15b-2_tp_master","sinceDate":"2025-09-19T00:00:00","untilDate":"2025-11-04T23:59:59"},{"location":{"location":"https://github.com/AY2526S1-CS2103T-F15a-2/tp.git","repoName":"tp","organization":"AY2526S1-CS2103T-F15a-2","domainName":"github"},"branch":"master","displayName":"AY2526S1-CS2103T-F15a-2/tp[master]","outputFolderName":"AY2526S1-CS2103T-F15a-2_tp_master","sinceDate":"2025-09-19T00:00:00","untilDate":"2025-11-04T23:59:59"},{"location":{"location":"https://github.com/AY2526S1-CS2103T-F15a-3/tp.git","repoName":"tp","organization":"AY2526S1-CS2103T-F15a-3","domainName":"github"},"branch":"master","displayName":"AY2526S1-CS2103T-F15a-3/tp[master]","outputFolderName":"AY2526S1-CS2103T-F15a-3_tp_master","sinceDate":"2025-09-19T00:00:00","untilDate":"2025-11-04T23:59:59"},{"location":{"location":"https://github.com/AY2526S1-CS2103T-F15b-3/tp.git","repoName":"tp","organization":"AY2526S1-CS2103T-F15b-3","domainName":"github"},"branch":"master","displayName":"AY2526S1-CS2103T-F15b-3/tp[master]","outputFolderName":"AY2526S1-CS2103T-F15b-3_tp_master","sinceDate":"2025-09-19T00:00:00","untilDate":"2025-11-04T23:59:59"},{"location":{"location":"https://github.com/AY2526S1-CS2103T-F15b-4/tp.git","repoName":"tp","organization":"AY2526S1-CS2103T-F15b-4","domainName":"github"},"branch":"master","displayName":"AY2526S1-CS2103T-F15b-4/tp[master]","outputFolderName":"AY2526S1-CS2103T-F15b-4_tp_master","sinceDate":"2025-09-19T00:00:00","untilDate":"2025-11-04T23:59:59"},{"location":{"location":"https://github.com/AY2526S1-CS2103T-F15a-4/tp.git","repoName":"tp","organization":"AY2526S1-CS2103T-F15a-4","domainName":"github"},"branch":"master","displayName":"AY2526S1-CS2103T-F15a-4/tp[master]","outputFolderName":"AY2526S1-CS2103T-F15a-4_tp_master","sinceDate":"2025-09-19T00:00:00","untilDate":"2025-11-04T23:59:59"}],"errorSet":[],"sinceDate":"2025-09-19T00:00:00","untilDate":"2025-11-04T23:59:59","isSinceDateProvided":true,"isUntilDateProvided":false,"supportedDomainUrlMap":{"NOT_RECOGNIZED":{"BRANCH":"","REPO_URL":"UNSUPPORTED","BASE_URL":"UNSUPPORTED","HISTORY_PATH":"","COMMIT_PATH":"","BLAME_PATH":""},"github":{"BRANCH":"tree/$BRANCH","REPO_URL":"https://github.com/$ORGANIZATION/$REPO_NAME/","BASE_URL":"https://github.com/","HISTORY_PATH":"commits/$BRANCH/$FILE_PATH","COMMIT_PATH":"commit/$COMMIT_HASH","BLAME_PATH":"blame/$BRANCH/$FILE_PATH"}},"isAuthorshipAnalyzed":false,"repoBlurbs":{"blurbMap":{"https://github.com/AY2526S1-CS2103-F11-2/tp/tree/master":"**Product:** [AuditionNUS](https://ay2526s1-cs2103-f11-2.github.io/tp)","https://github.com/AY2526S1-CS2103T-W08-4/tp/tree/master":"**Product:** [AcademeConnect](https://ay2526s1-cs2103t-w08-4.github.io/tp)","https://github.com/AY2526S1-CS2103T-F14b-2/tp/tree/master":"**Product:** [MediSaveContact](https://ay2526s1-cs2103t-f14b-2.github.io/tp)","https://github.com/AY2526S1-CS2103T-W14-1/tp/tree/master":"**Product:** [EduBook](https://ay2526s1-cs2103t-w14-1.github.io/tp)","https://github.com/AY2526S1-CS2103T-T11-4/tp/tree/master":"**Product:** [TutorFlow](https://ay2526s1-cs2103t-t11-4.github.io/tp)","https://github.com/AY2526S1-CS2103T-F09-4/tp/tree/master":"**Product:** [FitBook](https://ay2526s1-cs2103t-f09-4.github.io/tp)","https://github.com/AY2526S1-CS2103T-T09-3/tp/tree/master":"**Product:** [LambdaLab](https://ay2526s1-cs2103t-t09-3.github.io/tp)","https://github.com/AY2526S1-CS2103T-T12-2/tp/tree/master":"**Product:** [TAbs](https://ay2526s1-cs2103t-t12-2.github.io/tp)","https://github.com/AY2526S1-CS2103T-F14a-4/tp/tree/master":"**Product:** [Rollcall](https://ay2526s1-cs2103t-f14a-4.github.io/tp)","https://github.com/AY2526S1-CS2103T-T15-3/tp/tree/master":"**Product:** [ClientCore](https://ay2526s1-cs2103t-t15-3.github.io/tp)","https://github.com/AY2526S1-CS2103T-F11-2/tp/tree/master":"**Product:** [tutorPal](https://ay2526s1-cs2103t-f11-2.github.io/tp)","https://github.com/AY2526S1-CS2103T-W11-3/tp/tree/master":"**Product:** [IndiDex](https://ay2526s1-cs2103t-w11-3.github.io/tp)","https://github.com/AY2526S1-CS2103T-W08-1/tp/tree/master":"**Product:** [PressPal](https://ay2526s1-cs2103t-w08-1.github.io/tp)","https://github.com/AY2526S1-CS2103T-F08b-3/tp/tree/master":"**Product:** [ConnectEd](https://ay2526s1-cs2103t-f08b-3.github.io/tp)","https://github.com/AY2526S1-CS2103T-T08-1/tp/tree/master":"**Product:** [InSight](https://ay2526s1-cs2103t-t08-1.github.io/tp)","https://github.com/AY2526S1-CS2103-F09-1/tp/tree/master":"**Product:** [Mentorface](https://ay2526s1-cs2103-f09-1.github.io/tp)","https://github.com/AY2526S1-CS2103T-F14a-1/tp/tree/master":"**Product:** [FoodBook](https://ay2526s1-cs2103t-f14a-1.github.io/tp)","https://github.com/AY2526S1-CS2103T-W14-4/tp/tree/master":"**Product:** [Loopin](https://ay2526s1-cs2103t-w14-4.github.io/tp)","https://github.com/AY2526S1-CS2103T-T10-2/tp/tree/master":"**Product:** [OverBooked](https://ay2526s1-cs2103t-t10-2.github.io/tp)","https://github.com/AY2526S1-CS2103T-T13-4/tp/tree/master":"**Product:** [EduBase](https://ay2526s1-cs2103t-t13-4.github.io/tp)","https://github.com/AY2526S1-CS2103-F12-4/tp/tree/master":"**Product:** [Zenith](https://ay2526s1-cs2103-f12-4.github.io/tp)","https://github.com/AY2526S1-CS2103T-W12-1/tp/tree/master":"**Product:** [Maplet](https://ay2526s1-cs2103t-w12-1.github.io/tp)","https://github.com/AY2526S1-CS2103-F12-3/tp/tree/master":"**Product:** [CaseTrack](https://ay2526s1-cs2103-f12-3.github.io/tp)","https://github.com/AY2526S1-CS2103T-T08-2/tp/tree/master":"**Product:** [OnlySales](https://ay2526s1-cs2103t-t08-2.github.io/tp)","https://github.com/AY2526S1-CS2103T-F15b-2/tp/tree/master":"**Product:** [NUS Event Mailer Pro](https://ay2526s1-cs2103t-f15b-2.github.io/tp)","https://github.com/AY2526S1-CS2103T-W10-2/tp/tree/master":"**Product:** [TheRealDeal](https://ay2526s1-cs2103t-w10-2.github.io/tp)","https://github.com/AY2526S1-CS2103T-F13-2/tp/tree/master":"**Product:** [LinkUp](https://ay2526s1-cs2103t-f13-2.github.io/tp)","https://github.com/AY2526S1-CS2103T-T13-3/tp/tree/master":"**Product:** [PlayBook](https://ay2526s1-cs2103t-t13-3.github.io/tp)","https://github.com/AY2526S1-CS2103T-F10-1/tp/tree/master":"**Product:** [VolunteeRoll](https://ay2526s1-cs2103t-f10-1.github.io/tp)","https://github.com/AY2526S1-CS2103T-W10-1/tp/tree/master":"**Product:** [TutorHub](https://ay2526s1-cs2103t-w10-1.github.io/tp)","https://github.com/AY2526S1-CS2103T-W13-3/tp/tree/master":"**Product:** [Atlas](https://ay2526s1-cs2103t-w13-3.github.io/tp)","https://github.com/AY2526S1-CS2103T-T16-4/tp/tree/master":"**Product:** [BloodNet](https://ay2526s1-cs2103t-t16-4.github.io/tp)","https://github.com/AY2526S1-CS2103T-W12-3a/tp/tree/master":"**Product:** [MeshCRM](https://ay2526s1-cs2103t-w12-3a.github.io/tp)","https://github.com/AY2526S1-CS2103T-F15b-1/tp/tree/master":"**Product:** [InsuraBook](https://ay2526s1-cs2103t-f15b-1.github.io/tp)","https://github.com/AY2526S1-CS2103T-F08a-2/tp/tree/master":"**Product:** [EstateMate](https://ay2526s1-cs2103t-f08a-2.github.io/tp)","https://github.com/AY2526S1-CS2103T-W09-3/tp/tree/master":"**Product:** [TutBook](https://ay2526s1-cs2103t-w09-3.github.io/tp)","https://github.com/AY2526S1-CS2103T-W13-2/tp/tree/master":"**Product:** [TutorTrack](https://ay2526s1-cs2103t-w13-2.github.io/tp)","https://github.com/AY2526S1-CS2103T-T14-1/tp/tree/master":"**Product:** [StudentConnect](https://ay2526s1-cs2103t-t14-1.github.io/tp)","https://github.com/AY2526S1-CS2103T-F11-1/tp/tree/master":"**Product:** [HealthNote](https://ay2526s1-cs2103t-f11-1.github.io/tp)","https://github.com/AY2526S1-CS2103T-T11-3/tp/tree/master":"**Product:** [EASync](https://ay2526s1-cs2103t-t11-3.github.io/tp)","https://github.com/AY2526S1-CS2103T-T15-4/tp/tree/master":"**Product:** [Wi-Find](https://ay2526s1-cs2103t-t15-4.github.io/tp)","https://github.com/AY2526S1-CS2103T-F15a-1/tp/tree/master":"**Product:** [TAConnect](https://ay2526s1-cs2103t-f15a-1.github.io/tp)","https://github.com/AY2526S1-CS2103T-F14b-3/tp/tree/master":"**Product:** [TutorTrack](https://ay2526s1-cs2103t-f14b-3.github.io/tp)","https://github.com/AY2526S1-CS2103T-F12-4/tp/tree/master":"**Product:** [Clinic AddressBook](https://ay2526s1-cs2103t-f12-4.github.io/tp)","https://github.com/AY2526S1-CS2103T-F09-3/tp/tree/master":"**Product:** [TalentNexus](https://ay2526s1-cs2103t-f09-3.github.io/tp)","https://github.com/AY2526S1-CS2103T-T16-2/tp/tree/master":"**Product:** [TAHub](https://ay2526s1-cs2103t-t16-2.github.io/tp)","https://github.com/AY2526S1-CS2103-F13-1/tp/tree/master":"**Product:** [Relay Coach](https://ay2526s1-cs2103-f13-1.github.io/tp)","https://github.com/AY2526S1-CS2103T-W12-2/tp/tree/master":"**Product:** [GhostConnect](https://ay2526s1-cs2103t-w12-2.github.io/tp)","https://github.com/AY2526S1-CS2103T-F10-3/tp/tree/master":"**Product:** [Tuto](https://ay2526s1-cs2103t-f10-3.github.io/tp)","https://github.com/AY2526S1-CS2103T-T10-3/tp/tree/master":"**Product:** [ClubHub](https://ay2526s1-cs2103t-t10-3.github.io/tp)","https://github.com/AY2526S1-CS2103T-F13-1a/tp/tree/master":"**Product:** [UniContactsPro](https://ay2526s1-cs2103t-f13-1a.github.io/tp)","https://github.com/AY2526S1-CS2103T-F12-2/tp/tree/master":"**Product:** [ClassConnect](https://ay2526s1-cs2103t-f12-2.github.io/tp)","https://github.com/AY2526S1-CS2103T-T11-1/tp/tree/master":"**Product:** [HustleHub](https://ay2526s1-cs2103t-t11-1.github.io/tp)","https://github.com/AY2526S1-CS2103T-T14-3/tp/tree/master":"**Product:** [FoodTrail](https://ay2526s1-cs2103t-t14-3.github.io/tp)","https://github.com/AY2526S1-CS2103-F13-3/tp/tree/master":"**Product:** [CustomerRelationBook](https://ay2526s1-cs2103-f13-3.github.io/tp)","https://github.com/AY2526S1-CS2103T-W09-1/tp/tree/master":"**Product:** [LinkedUp](https://ay2526s1-cs2103t-w09-1.github.io/tp)","https://github.com/AY2526S1-CS2103T-W14-3/tp/tree/master":"**Product:** [Furiends](https://ay2526s1-cs2103t-w14-3.github.io/tp)","https://github.com/AY2526S1-CS2103-F10-1/tp/tree/master":"**Product:** [FAContactsPRO](https://ay2526s1-cs2103-f10-1.github.io/tp)","https://github.com/AY2526S1-CS2103T-F15b-4/tp/tree/master":"**Product:** [ClubHub](https://ay2526s1-cs2103t-f15b-4.github.io/tp)","https://github.com/AY2526S1-CS2103T-T09-1/tp/tree/master":"**Product:** [HeartLink](https://ay2526s1-cs2103t-t09-1.github.io/tp)","https://github.com/AY2526S1-CS2103T-F15a-3/tp/tree/master":"**Product:** [MeetCLI](https://ay2526s1-cs2103t-f15a-3.github.io/tp)","https://github.com/AY2526S1-CS2103T-W11-1/tp/tree/master":"**Product:** [SoCTAssist](https://ay2526s1-cs2103t-w11-1.github.io/tp)","https://github.com/AY2526S1-CS2103T-T12-4/tp/tree/master":"**Product:** [AbsolutSinema](https://ay2526s1-cs2103t-t12-4.github.io/tp)","https://github.com/AY2526S1-CS2103T-W12-4/tp/tree/master":"**Product:** [EstateSearch](https://ay2526s1-cs2103t-w12-4.github.io/tp)","https://github.com/AY2526S1-CS2103T-T17-3/tp/tree/master":"**Product:** [Organ-iser](https://ay2526s1-cs2103t-t17-3.github.io/tp)","https://github.com/AY2526S1-CS2103T-F09-1/tp/tree/master":"**Product:** [FinHub](https://ay2526s1-cs2103t-f09-1.github.io/tp)","https://github.com/AY2526S1-CS2103T-F08b-1/tp/tree/master":"**Product:** [SummonersBook](https://ay2526s1-cs2103t-f08b-1.github.io/tp)","https://github.com/AY2526S1-CS2103T-T13-2/tp/tree/master":"**Product:** [AssetSphere](https://ay2526s1-cs2103t-t13-2.github.io/tp)","https://github.com/AY2526S1-CS2103T-F10-2/tp/tree/master":"**Product:** [CourseBook](https://ay2526s1-cs2103t-f10-2.github.io/tp)","https://github.com/AY2526S1-CS2103T-T10-4/tp/tree/master":"**Product:** [CCAmper](https://ay2526s1-cs2103t-t10-4.github.io/tp)","https://github.com/AY2526S1-CS2103T-T16-3/tp/tree/master":"**Product:** [Knotbook](https://ay2526s1-cs2103t-t16-3.github.io/tp)","https://github.com/AY2526S1-CS2103T-F13-3/tp/tree/master":"**Product:** [playbook.io](https://ay2526s1-cs2103t-f13-3.github.io/tp)","https://github.com/AY2526S1-CS2103T-F14a-2/tp/tree/master":"**Product:** [Findr](https://ay2526s1-cs2103t-f14a-2.github.io/tp)","https://github.com/AY2526S1-CS2103T-W09-4/tp/tree/master":"**Product:** [QuickCli](https://ay2526s1-cs2103t-w09-4.github.io/tp)","https://github.com/AY2526S1-CS2103T-T17-1/tp/tree/master":"**Product:** [HospitalContactsXPM](https://ay2526s1-cs2103t-t17-1.github.io/tp)","https://github.com/AY2526S1-CS2103-F12-2/tp/tree/master":"**Product:** [DevBooks](https://ay2526s1-cs2103-f12-2.github.io/tp)","https://github.com/AY2526S1-CS2103T-W13-1/tp/tree/master":"**Product:** [Carelink](https://ay2526s1-cs2103t-w13-1.github.io/tp)","https://github.com/AY2526S1-CS2103T-F14b-4/tp/tree/master":"**Product:** [Worldly](https://ay2526s1-cs2103t-f14b-4.github.io/tp)","https://github.com/AY2526S1-CS2103T-T11-2/tp/tree/master":"**Product:** [CadetHQ](https://ay2526s1-cs2103t-t11-2.github.io/tp)","https://github.com/AY2526S1-CS2103T-F15b-3/tp/tree/master":"**Product:** [TrackerGuru](https://ay2526s1-cs2103t-f15b-3.github.io/tp)","https://github.com/AY2526S1-CS2103T-F11-3/tp/tree/master":"**Product:** [TeachMate](https://ay2526s1-cs2103t-f11-3.github.io/tp)","https://github.com/AY2526S1-CS2103T-T15-2/tp/tree/master":"**Product:** [iCon](https://ay2526s1-cs2103t-t15-2.github.io/tp)","https://github.com/AY2526S1-CS2103T-W10-3/tp/tree/master":"**Product:** [DoctorBase](https://ay2526s1-cs2103t-w10-3.github.io/tp)","https://github.com/AY2526S1-CS2103T-W08-2/tp/tree/master":"**Product:** [Tuiniverse](https://ay2526s1-cs2103t-w08-2.github.io/tp)","https://github.com/AY2526S1-CS2103T-W13-4/tp/tree/master":"**Product:** [ClassRosterPro](https://ay2526s1-cs2103t-w13-4.github.io/tp)","https://github.com/AY2526S1-CS2103T-F08a-3/tp/tree/master":"**Product:** [ClientSquare](https://ay2526s1-cs2103t-f08a-3.github.io/tp)","https://github.com/AY2526S1-CS2103-F09-2/tp/tree/master":"**Product:** [TutionSync](https://ay2526s1-cs2103-f09-2.github.io/tp)","https://github.com/AY2526S1-CS2103T-T10-1/tp/tree/master":"**Product:** [BizBook](https://ay2526s1-cs2103t-t10-1.github.io/tp)","https://github.com/AY2526S1-CS2103-F11-1/tp/tree/master":"**Product:** [EduConnect](https://ay2526s1-cs2103-f11-1.github.io/tp)","https://github.com/AY2526S1-CS2103T-F11-4/tp/tree/master":"**Product:** [FastCard](https://ay2526s1-cs2103t-f11-4.github.io/tp)","https://github.com/AY2526S1-CS2103T-T15-1/tp/tree/master":"**Product:** [EduTrack](https://ay2526s1-cs2103t-t15-1.github.io/tp)","https://github.com/AY2526S1-CS2103T-W08-3/tp/tree/master":"**Product:** [EduLink](https://ay2526s1-cs2103t-w08-3.github.io/tp)","https://github.com/AY2526S1-CS2103T-T08-3/tp/tree/master":"**Product:** [Slackbook](https://ay2526s1-cs2103t-t08-3.github.io/tp)","https://github.com/AY2526S1-CS2103T-F08a-1/tp/tree/master":"**Product:** [Cerebro](https://ay2526s1-cs2103t-f08a-1.github.io/tp)","https://github.com/AY2526S1-CS2103-F12-1/tp/tree/master":"**Product:** [henri](https://ay2526s1-cs2103-f12-1.github.io/tp)","https://github.com/AY2526S1-CS2103T-F14a-3/tp/tree/master":"**Product:** [EduTrack](https://ay2526s1-cs2103t-f14a-3.github.io/tp)","https://github.com/AY2526S1-CS2103T-W11-4/tp/tree/master":"**Product:** [TutorTrack](https://ay2526s1-cs2103t-w11-4.github.io/tp)","https://github.com/AY2526S1-CS2103T-T12-3/tp/tree/master":"**Product:** [ExcoLink](https://ay2526s1-cs2103t-t12-3.github.io/tp)","https://github.com/AY2526S1-CS2103T-T08-4/tp/tree/master":"**Product:** [FirstImpressions](https://ay2526s1-cs2103t-t08-4.github.io/tp)","https://github.com/AY2526S1-CS2103T-T13-1/tp/tree/master":"**Product:** [CareerConnect](https://ay2526s1-cs2103t-t13-1.github.io/tp)","https://github.com/AY2526S1-CS2103T-T17-2/tp/tree/master":"**Product:** [CampusBook](https://ay2526s1-cs2103t-t17-2.github.io/tp)","https://github.com/AY2526S1-CS2103T-F08b-4/tp/tree/master":"**Product:** [CalcConnect](https://ay2526s1-cs2103t-f08b-4.github.io/tp)","https://github.com/AY2526S1-CS2103T-F14b-1/tp/tree/master":"**Product:** [LittleLogBook](https://ay2526s1-cs2103t-f14b-1.github.io/tp)","https://github.com/AY2526S1-CS2103T-T14-4/tp/tree/master":"**Product:** [ElderRing](https://ay2526s1-cs2103t-t14-4.github.io/tp)","https://github.com/AY2526S1-CS2103T-F12-1/tp/tree/master":"**Product:** [StudyCircle](https://ay2526s1-cs2103t-f12-1.github.io/tp)","https://github.com/AY2526S1-CS2103T-W10-4/tp/tree/master":"**Product:** [ClubTrack](https://ay2526s1-cs2103t-w10-4.github.io/tp)","https://github.com/AY2526S1-CS2103T-F08a-4/tp/tree/master":"**Product:** [ParentConnect](https://ay2526s1-cs2103t-f08a-4.github.io/tp)","https://github.com/AY2526S1-CS2103T-T09-4/tp/tree/master":"**Product:** [BrewBook](https://ay2526s1-cs2103t-t09-4.github.io/tp)","https://github.com/AY2526S1-CS2103T-T12-1/tp/tree/master":"**Product:** [EduDex](https://ay2526s1-cs2103t-t12-1.github.io/tp)","https://github.com/AY2526S1-CS2103T-F13-4/tp/tree/master":"**Product:** [GreyBook](https://ay2526s1-cs2103t-f13-4.github.io/tp)","https://github.com/AY2526S1-CS2103T-F15a-4/tp/tree/master":"**Product:** [Homey](https://ay2526s1-cs2103t-f15a-4.github.io/tp)","https://github.com/AY2526S1-CS2103T-F10-4/tp/tree/master":"**Product:** [ClassConnect](https://ay2526s1-cs2103t-f10-4.github.io/tp)","https://github.com/AY2526S1-CS2103T-F09-2/tp/tree/master":"**Product:** [StudentConnect](https://ay2526s1-cs2103t-f09-2.github.io/tp)","https://github.com/AY2526S1-CS2103T-T16-1/tp/tree/master":"**Product:** [Netwise](https://ay2526s1-cs2103t-t16-1.github.io/tp)","https://github.com/AY2526S1-CS2103T-W11-2/tp/tree/master":"**Product:** [Treasura](https://ay2526s1-cs2103t-w11-2.github.io/tp)","https://github.com/AY2526S1-CS2103-F13-2/tp/tree/master":"**Product:** [Ethical Insurance](https://ay2526s1-cs2103-f13-2.github.io/tp)","https://github.com/AY2526S1-CS2103T-F08b-2/tp/tree/master":"**Product:** [Mate](https://ay2526s1-cs2103t-f08b-2.github.io/tp)","https://github.com/AY2526S1-CS2103-F10-2/tp/tree/master":"**Product:** [PropertyPal](https://ay2526s1-cs2103-f10-2.github.io/tp)","https://github.com/AY2526S1-CS2103T-F12-3/tp/tree/master":"**Product:** [SWEatless](https://ay2526s1-cs2103t-f12-3.github.io/tp)","https://github.com/AY2526S1-CS2103T-T14-2/tp/tree/master":"**Product:** [ClientHub](https://ay2526s1-cs2103t-t14-2.github.io/tp)","https://github.com/AY2526S1-CS2103-F13-4/tp/tree/master":"**Product:** [Neighbourly](https://ay2526s1-cs2103-f13-4.github.io/tp)","https://github.com/AY2526S1-CS2103T-W14-2/tp/tree/master":"**Product:** [BiteBuddy](https://ay2526s1-cs2103t-w14-2.github.io/tp)","https://github.com/AY2526S1-CS2103T-W09-2/tp/tree/master":"**Product:** [NOKnock](https://ay2526s1-cs2103t-w09-2.github.io/tp)","https://github.com/AY2526S1-CS2103T-T09-2/tp/tree/master":"**Product:** [ComClubConnect](https://ay2526s1-cs2103t-t09-2.github.io/tp)","https://github.com/AY2526S1-CS2103T-F15a-2/tp/tree/master":"**Product:** [InsuraBook](https://ay2526s1-cs2103t-f15a-2.github.io/tp)"}},"authorBlurbs":{"blurbMap":{}},"chartBlurbs":{"blurbMap":{}},"isPortfolio":false}
