{"authorDailyContributionsMap":{"sabersmash1412":[{"date":"2025-10-01T00:00:00","commitResults":[{"hash":"91fe20ccb38f40693863bcb5cb04628f7819d070","isMergeCommit":false,"messageTitle":"Update AboutUs page","messageBody":"","fileTypesAndContributionMap":{"docs":{"insertions":7,"deletions":6}}},{"hash":"a9321b322b8628080bed704bb4a978c5f03b45e2","isMergeCommit":true,"messageTitle":"Merge pull request #23 from sabersmash1412/branch-AboutUsPage","messageBody":"Update AboutUs page - Mani","fileTypesAndContributionMap":{}}]},{"date":"2025-10-05T00:00:00","commitResults":[{"hash":"c0b98ab72963921bfcf8a7c9266892d395821763","isMergeCommit":false,"messageTitle":"Add rough implementation of delete","messageBody":"","fileTypesAndContributionMap":{"functional-code":{"insertions":61,"deletions":5}}},{"hash":"51e9bb55ddf11623ad8b4d95a4be25fa1010b492","isMergeCommit":false,"messageTitle":"Resolve all Checkstyle issues","messageBody":"","fileTypesAndContributionMap":{"functional-code":{"insertions":27,"deletions":4}}},{"hash":"7fe51dff6437b50698e988e47fb0d5fe94500f8d","isMergeCommit":false,"messageTitle":"Add tests for DeleteCommand and DeleteCommandParser","messageBody":"","fileTypesAndContributionMap":{"functional-code":{"insertions":13,"deletions":1},"test-code":{"insertions":45,"deletions":1}}},{"hash":"b903a4c3fc106fffe55d53aa77fb1f59c3798057","isMergeCommit":false,"messageTitle":"Add more tests for DeleteCommand","messageBody":"","fileTypesAndContributionMap":{"test-code":{"insertions":75,"deletions":0}}},{"hash":"e9bf8d45897a22f6f91567f18605469e40dbcfb6","isMergeCommit":false,"messageTitle":"Update toString method","messageBody":"","fileTypesAndContributionMap":{"functional-code":{"insertions":16,"deletions":10},"test-code":{"insertions":12,"deletions":1}}},{"hash":"58b02730f9fe25460cfc51ee1097942016b93a70","isMergeCommit":false,"messageTitle":"Fix test coverage for name-based deletion","messageBody":"","fileTypesAndContributionMap":{"test-code":{"insertions":20,"deletions":0}}},{"hash":"69207c75d32691de54b78c7eba5aead3962c938d","isMergeCommit":true,"messageTitle":"Merge pull request #58 from sabersmash1412/feature/remove-student","messageBody":"Delete command (Via name)","fileTypesAndContributionMap":{}}]},{"date":"2025-10-08T00:00:00","commitResults":[{"hash":"85e8cb5cf88e52a260a22834edaa1339d0116657","isMergeCommit":false,"messageTitle":"Implement bright theme","messageBody":"","fileTypesAndContributionMap":{"functional-code":{"insertions":103,"deletions":59}}},{"hash":"d2eeffc1a117007096dc748f81d5943b034fa74e","isMergeCommit":false,"messageTitle":"Add padding and round corners","messageBody":"","fileTypesAndContributionMap":{"functional-code":{"insertions":2,"deletions":6}}},{"hash":"6c6980be218f28cabe4dbc9df14ff97426ca5c83","isMergeCommit":false,"messageTitle":"Relocate assignment tag within cell","messageBody":"","fileTypesAndContributionMap":{"functional-code":{"insertions":21,"deletions":4}}}]},{"date":"2025-10-12T00:00:00","commitResults":[{"hash":"b4ba4e541ce87268b9a75e0d39b9573137eb02cd","isMergeCommit":false,"messageTitle":"Update User Guide","messageBody":"","fileTypesAndContributionMap":{"docs":{"insertions":9,"deletions":3}}},{"hash":"d0fd7015e4cd68d99cc975061f6c9a0ff794b9d1","isMergeCommit":false,"messageTitle":"Update name to EduBook","messageBody":"","fileTypesAndContributionMap":{"docs":{"insertions":4,"deletions":4}}},{"hash":"acfa87685a1ed9f647158f9fddc0dc2f1db10ed9","isMergeCommit":false,"messageTitle":"Update Assign and Unassign","messageBody":"","fileTypesAndContributionMap":{"docs":{"insertions":24,"deletions":0}}},{"hash":"9235c04720506b0761a79aa8f584e6758fa50dc3","isMergeCommit":false,"messageTitle":"Update Command summary","messageBody":"","fileTypesAndContributionMap":{"docs":{"insertions":4,"deletions":2}}}]},{"date":"2025-10-13T00:00:00","commitResults":[{"hash":"e6f0be319798fd9aec6fc7c6fec80b8909c249f9","isMergeCommit":true,"messageTitle":"Merge branch \u0027master\u0027 into docs/update-user-guide","messageBody":"","fileTypesAndContributionMap":{}}]},{"date":"2025-10-14T00:00:00","commitResults":[{"hash":"c9b0a10f022da7aa27e1dfb12db1ce8b478488bf","isMergeCommit":true,"messageTitle":"Merge branch \u0027master\u0027 into docs/update-user-guide","messageBody":"","fileTypesAndContributionMap":{}}]},{"date":"2025-10-20T00:00:00","commitResults":[{"hash":"3c9b1c2aa1c3d7663deb690d9bfd153de839beb1","isMergeCommit":false,"messageTitle":"Update edit command for assignments","messageBody":"","fileTypesAndContributionMap":{"functional-code":{"insertions":72,"deletions":11}}},{"hash":"1e7f715458d39a0787667a97b046e97e17e40dfc","isMergeCommit":false,"messageTitle":"Resolve checkstyle errors","messageBody":"","fileTypesAndContributionMap":{"functional-code":{"insertions":6,"deletions":1}}},{"hash":"0c97f8f58144806447e66248afb1d7b2ae9fcb81","isMergeCommit":false,"messageTitle":"Resolve checkstyle errors","messageBody":"","fileTypesAndContributionMap":{"functional-code":{"insertions":7,"deletions":5}}},{"hash":"c1e4ce472891437cc46b274dd577924a3a74e0ff","isMergeCommit":false,"messageTitle":"Resolve checkStyle errors","messageBody":"","fileTypesAndContributionMap":{"functional-code":{"insertions":2,"deletions":3}}},{"hash":"0950795bb8fe14bc9554d6712b58ff58ff15bf38","isMergeCommit":false,"messageTitle":"Resolve testing errors","messageBody":"","fileTypesAndContributionMap":{"test-code":{"insertions":1,"deletions":0}}}]},{"date":"2025-10-21T00:00:00","commitResults":[{"hash":"657f055bbeedd4518e46f7550a6d3afaa5a67997","isMergeCommit":false,"messageTitle":"Update Javadoc","messageBody":"","fileTypesAndContributionMap":{"functional-code":{"insertions":2,"deletions":8},"test-code":{"insertions":1,"deletions":0}}},{"hash":"e5b082b9af5bf390dd16dde8af8be64b8f1814bf","isMergeCommit":true,"messageTitle":"Merge branch \u0027master\u0027 into feature/edit","messageBody":"","fileTypesAndContributionMap":{}},{"hash":"d3f68864e7d15f2c6094f6ff890df4514729c32e","isMergeCommit":false,"messageTitle":"Resolve errors","messageBody":"","fileTypesAndContributionMap":{"test-code":{"insertions":0,"deletions":1}}},{"hash":"c18c25d936a0c5f610706284e184bc96d92f1e45","isMergeCommit":true,"messageTitle":"Merge pull request #107 from sabersmash1412/feature/edit","messageBody":"Update edit command for assignments","fileTypesAndContributionMap":{}},{"hash":"5e7b53ba114db8bc9c449fe217c8858449ae6b6f","isMergeCommit":false,"messageTitle":"Update ParserUtil","messageBody":"","fileTypesAndContributionMap":{"test-code":{"insertions":34,"deletions":5}}},{"hash":"28d40a8f4904a96acde4a876ffd56a7209bf7146","isMergeCommit":false,"messageTitle":"Add EditCommand tests","messageBody":"","fileTypesAndContributionMap":{"test-code":{"insertions":60,"deletions":6}}},{"hash":"d92de8d2ea434dc4f145cd9b793dfe819b139d3b","isMergeCommit":false,"messageTitle":"Update EditCommand test","messageBody":"","fileTypesAndContributionMap":{"test-code":{"insertions":4,"deletions":2}}},{"hash":"5c56224ae91cc1c9473f536ad9596faabdcfa391","isMergeCommit":false,"messageTitle":"Resolve checkStyle errors","messageBody":"","fileTypesAndContributionMap":{"test-code":{"insertions":6,"deletions":5}}},{"hash":"f45d21f120fb1f5de9e813c8a6d378473db832ef","isMergeCommit":false,"messageTitle":"Update User Guide","messageBody":"","fileTypesAndContributionMap":{"docs":{"insertions":17,"deletions":15}}}]},{"date":"2025-10-22T00:00:00","commitResults":[{"hash":"9c3862c7006089e1cf2b3db794d6bef38fe8ddc0","isMergeCommit":true,"messageTitle":"Merge branch \u0027master\u0027 into update-test-case","messageBody":"","fileTypesAndContributionMap":{}},{"hash":"6bd72e3d19dbca58d67be634b2ec57c4fd3ad976","isMergeCommit":true,"messageTitle":"Merge pull request #115 from sabersmash1412/update-test-case","messageBody":"Update test case","fileTypesAndContributionMap":{}}]}],"ronniefun1":[{"date":"2025-10-01T00:00:00","commitResults":[{"hash":"7d69564fd6b6c0fb12a6d36749455f5e28184767","isMergeCommit":false,"messageTitle":"Add personal details to about us page","messageBody":"","fileTypesAndContributionMap":{"docs":{"insertions":4,"deletions":3}}},{"hash":"672ffc863eb5a7232db94a8e5641d632ca63742d","isMergeCommit":false,"messageTitle":"Add NFRs and Glossary terms","messageBody":"","fileTypesAndContributionMap":{"docs":{"insertions":16,"deletions":3}}}]},{"date":"2025-10-02T00:00:00","commitResults":[{"hash":"2e85d110c3776284892777a0c34fa3c2df061daa","isMergeCommit":true,"messageTitle":"Merge pull request #38 from ronniefun1/36-update-nfrs-glossary","messageBody":"Fixes issue 36, updating the nfrs and glossary in the developer guide","fileTypesAndContributionMap":{}}]},{"date":"2025-10-06T00:00:00","commitResults":[{"hash":"935905978ae45604767c7f5c4fe190320fc784d8","isMergeCommit":false,"messageTitle":"Add ViewCommand logic","messageBody":"","fileTypesAndContributionMap":{"functional-code":{"insertions":97,"deletions":0}}},{"hash":"e5d1c4765d4febb08fef96b9c50d9969599a4115","isMergeCommit":false,"messageTitle":"Add tests for ViewCommand","messageBody":"","fileTypesAndContributionMap":{"functional-code":{"insertions":3,"deletions":3},"test-code":{"insertions":134,"deletions":0}}}]},{"date":"2025-10-08T00:00:00","commitResults":[{"hash":"6040e1f946b37afc4d9ea171785563136365524f","isMergeCommit":true,"messageTitle":"Merge pull request #64 from ronniefun1/50-View-Student-Details","messageBody":"50 view student details","fileTypesAndContributionMap":{}}]},{"date":"2025-10-15T00:00:00","commitResults":[{"hash":"e40ab9ef31857242eeba8cfda61412be1a63c99f","isMergeCommit":false,"messageTitle":"Update ViewCommand User Guide and fix ViewCommand bugs","messageBody":"","fileTypesAndContributionMap":{"functional-code":{"insertions":1,"deletions":1},"docs":{"insertions":18,"deletions":17}}},{"hash":"e6aa7514293a895140a58f5e51718cc51d381f9a","isMergeCommit":false,"messageTitle":"Fix ViewCommandParser","messageBody":"","fileTypesAndContributionMap":{"functional-code":{"insertions":2,"deletions":1},"test-code":{"insertions":4,"deletions":4}}},{"hash":"45eff3627bed7bc9e0a9a471281505ecea439413","isMergeCommit":true,"messageTitle":"Merge pull request #89 from ronniefun1/75-update-user-guide","messageBody":"Update ViewCommand User Guide and fix ViewCommand bugs","fileTypesAndContributionMap":{}}]},{"date":"2025-10-16T00:00:00","commitResults":[{"hash":"813ac3ee9c7e7f4ae03ac10271ccff088ca072d3","isMergeCommit":false,"messageTitle":"Fix ViewCommand and amend test cases","messageBody":"","fileTypesAndContributionMap":{"functional-code":{"insertions":33,"deletions":15},"test-code":{"insertions":32,"deletions":41}}},{"hash":"c98fade23a73019a4cc894d072791660089b7b66","isMergeCommit":false,"messageTitle":"Change UserGuide to reflect changes in ViewCommand","messageBody":"","fileTypesAndContributionMap":{"docs":{"insertions":7,"deletions":10}}},{"hash":"c6164970d3f25f1bc85ffdfdfdeba2d0232d2dc1","isMergeCommit":true,"messageTitle":"Merge branch \u0027master\u0027 into 91-fix-viewcommand-bug","messageBody":"","fileTypesAndContributionMap":{}},{"hash":"f188a4f65708ac1744936735944e2a5e6b0361ad","isMergeCommit":true,"messageTitle":"Merge pull request #92 from ronniefun1/91-fix-viewcommand-bug","messageBody":"Fix ViewCommand and amend ViewCommand test cases","tags":["v1.3"],"fileTypesAndContributionMap":{}}]},{"date":"2025-10-22T00:00:00","commitResults":[{"hash":"b2b5c70366f76ea89aa6a208178931308d6db9cb","isMergeCommit":false,"messageTitle":"Extend view command to view by class","messageBody":"","fileTypesAndContributionMap":{"functional-code":{"insertions":144,"deletions":17},"test-code":{"insertions":4,"deletions":3}}},{"hash":"406eddfad4e5740ab788cebba0ed266335ad7cb1","isMergeCommit":true,"messageTitle":"Merge pull request #117 from ronniefun1/95-extend-view-command","messageBody":"Extend view command to view by class","fileTypesAndContributionMap":{}}]}],"williamoose":[{"date":"2025-10-01T00:00:00","commitResults":[{"hash":"a72a09549969c3ebf20d413143f3529d05ca0f8c","isMergeCommit":false,"messageTitle":"Add About Me-William","messageBody":"","fileTypesAndContributionMap":{"docs":{"insertions":4,"deletions":5}}},{"hash":"9aad4429f6823c0edfcd72e7fd041031e00dbdd7","isMergeCommit":false,"messageTitle":"Add LinkedIn","messageBody":"","fileTypesAndContributionMap":{"docs":{"insertions":2,"deletions":1}}},{"hash":"44bbf909338b329569dfeee24ae1e09127007917","isMergeCommit":false,"messageTitle":"Add back project advisor","messageBody":"","fileTypesAndContributionMap":{"docs":{"insertions":9,"deletions":0}}},{"hash":"35d0dc6b40792c889f3f7b65466b3c4e1bc2f53b","isMergeCommit":true,"messageTitle":"Merge pull request #27 from williamoose/branch-update-about-us-page","messageBody":"Update AboutUs Page - William","fileTypesAndContributionMap":{}},{"hash":"d4b14913f88dc3d911b60e392606045b218bb3ad","isMergeCommit":false,"messageTitle":"Remove placeholder text","messageBody":"","fileTypesAndContributionMap":{"docs":{"insertions":0,"deletions":16}}},{"hash":"8cb221e2bf22dad190ae8fc354103e709faa8bef","isMergeCommit":true,"messageTitle":"Merge pull request #29 from williamoose/branch-update-about-us-page","messageBody":"Remove placeholder text","fileTypesAndContributionMap":{}},{"hash":"f822d59ff3d928f3a6f734f43cf4cc1f1d6a6840","isMergeCommit":false,"messageTitle":"Add use cases for Add, remove, view student","messageBody":"","fileTypesAndContributionMap":{"docs":{"insertions":71,"deletions":11}}},{"hash":"3ddffa6e3fec5bba3d941d0dfb2597fa64b7dea4","isMergeCommit":false,"messageTitle":"Add front matter for Jekyll page","messageBody":"Add front matter for Jekyll page to AboutUs page\nwhich I accidentally removed in a previous commit.\n","fileTypesAndContributionMap":{"docs":{"insertions":7,"deletions":0}}},{"hash":"91d2f58be335906e457af24f527ee1bc591d4233","isMergeCommit":false,"messageTitle":"Made extensions more concise","messageBody":"","fileTypesAndContributionMap":{"docs":{"insertions":19,"deletions":46}}},{"hash":"d3ee0534ba5a094b0bb0c88f678e4baf3b1a0f70","isMergeCommit":false,"messageTitle":"Add missing extension for UC2","messageBody":"","fileTypesAndContributionMap":{"docs":{"insertions":5,"deletions":0}}}]},{"date":"2025-10-02T00:00:00","commitResults":[{"hash":"752227640d71e139a357372ee2182b0027f7708b","isMergeCommit":true,"messageTitle":"Merge pull request #34 from CoderKee/update-website","messageBody":"Update website","fileTypesAndContributionMap":{}},{"hash":"7e0bab378f046833cb0366a881b0e4741ffe96c3","isMergeCommit":true,"messageTitle":"Merge pull request #39 from CoderKee/update-website","messageBody":"Update website","fileTypesAndContributionMap":{}},{"hash":"e738e530b2df68c6fd7ea1dae5425f61918d3d92","isMergeCommit":true,"messageTitle":"Merge pull request #40 from AY2526S1-CS2103T-W14-1/CoderKee-patch-1","messageBody":"","fileTypesAndContributionMap":{}}]},{"date":"2025-10-03T00:00:00","commitResults":[{"hash":"56ec6687829b65a07c1b954e62023f01d050dfaa","isMergeCommit":false,"messageTitle":"Change wording of UC2 and UC3","messageBody":"","fileTypesAndContributionMap":{"docs":{"insertions":2,"deletions":2}}},{"hash":"7b9416cbabed30a3a30d5ec0fcac55dafa63a83f","isMergeCommit":true,"messageTitle":"Merge remote-tracking branch \u0027upstream/master\u0027","messageBody":"","fileTypesAndContributionMap":{}},{"hash":"d24473b51a51fbab66d3d8058752161245a28587","isMergeCommit":false,"messageTitle":"Change addresses in sample to TuitionClasses","messageBody":"","fileTypesAndContributionMap":{"functional-code":{"insertions":6,"deletions":6}}},{"hash":"88e6815f15f193de3a7f53170b25570110ee7f9b","isMergeCommit":false,"messageTitle":"Revert \"Change addresses in sample to TuitionClasses\"","messageBody":"This reverts commit d24473b51a51fbab66d3d8058752161245a28587.\n","fileTypesAndContributionMap":{"functional-code":{"insertions":6,"deletions":6}}},{"hash":"7240646a335af1c7adc0c4ecd181e14ea2ec0577","isMergeCommit":false,"messageTitle":"Add preliminary assign command","messageBody":"","fileTypesAndContributionMap":{"functional-code":{"insertions":254,"deletions":4},"docs":{"insertions":1,"deletions":1}}}]},{"date":"2025-10-04T00:00:00","commitResults":[{"hash":"acefa760c07c58ac6c369b6601117b92b90a3c83","isMergeCommit":false,"messageTitle":"Add rough implementation of assign","messageBody":"","fileTypesAndContributionMap":{"functional-code":{"insertions":165,"deletions":97}}},{"hash":"c90c6bf1af045982cf01d96ccb21b46fb4211876","isMergeCommit":true,"messageTitle":"Merge remote-tracking branch \u0027upstream/master\u0027","messageBody":"","fileTypesAndContributionMap":{}},{"hash":"0fb42fea5aba23a61821cb5333b978bbd69d294e","isMergeCommit":true,"messageTitle":"Merge master with branch-add-assign-command","messageBody":"","fileTypesAndContributionMap":{}},{"hash":"a39380e79cf1089155e9829630b9babb035dfd95","isMergeCommit":false,"messageTitle":"Fix error where assignments is not saving","messageBody":"","fileTypesAndContributionMap":{"functional-code":{"insertions":13,"deletions":16},"other":{"insertions":0,"deletions":7}}},{"hash":"11cdf849f1539dfff523ee25d8aade53152e0d11","isMergeCommit":false,"messageTitle":"Fix all checkstyle violations","messageBody":"","fileTypesAndContributionMap":{"functional-code":{"insertions":34,"deletions":3}}},{"hash":"3a33ecf6bc77ca421b66ae459ea9d53ea40a5625","isMergeCommit":true,"messageTitle":"Merge remote-tracking branch \u0027upstream/master\u0027","messageBody":"","fileTypesAndContributionMap":{}},{"hash":"8da2e0e61dc86d4ccf2c86f7e1ba4af92edb54bb","isMergeCommit":true,"messageTitle":"Merge branch \u0027master\u0027 into branch","messageBody":"","fileTypesAndContributionMap":{}},{"hash":"664bf3d8790a520911bdd58e8127a39639d447d0","isMergeCommit":false,"messageTitle":"Remove all trailing whitesapce","messageBody":"","fileTypesAndContributionMap":{"functional-code":{"insertions":49,"deletions":51},"other":{"insertions":7,"deletions":0}}},{"hash":"aa85541882e77d78da9b3b0ffe7c755980ff8f8d","isMergeCommit":false,"messageTitle":"Make test case compatible temporarily","messageBody":"","fileTypesAndContributionMap":{"functional-code":{"insertions":6,"deletions":4}}},{"hash":"f95b8c38fa217c42c2d83ac9ba154bd70e9ba02f","isMergeCommit":false,"messageTitle":"Remove one trailing whitespace","messageBody":"","fileTypesAndContributionMap":{"functional-code":{"insertions":1,"deletions":1},"docs":{"insertions":1,"deletions":1}}},{"hash":"dd928b238fa74c8dd70acff72d51cd8190019e59","isMergeCommit":false,"messageTitle":"Fix incorrect comment indentation","messageBody":"","fileTypesAndContributionMap":{"functional-code":{"insertions":4,"deletions":5}}}]},{"date":"2025-10-05T00:00:00","commitResults":[{"hash":"49ca16d7859a85bd8b5807457856d00b2127217c","isMergeCommit":true,"messageTitle":"Merge pull request #57 from williamoose/branch-add-assign-command","messageBody":"Add assign command","fileTypesAndContributionMap":{}}]},{"date":"2025-10-10T00:00:00","commitResults":[{"hash":"caf18f952faf9db9e19a794ffcc0b4ae0a38d64a","isMergeCommit":true,"messageTitle":"Merge pull request #69 from CoderKee/fix-ui-bug","messageBody":"Fix UI bug for empty list","fileTypesAndContributionMap":{}},{"hash":"43b3bfe71f5f3b5fc1bfd3178ca5a95e0f3be89c","isMergeCommit":true,"messageTitle":"Merge pull request #70 from CoderKee/update-file-checks","messageBody":"Update file checks","fileTypesAndContributionMap":{}}]},{"date":"2025-10-11T00:00:00","commitResults":[{"hash":"22b61eb356b6d748bec1bbaaa5a44f20b318615a","isMergeCommit":false,"messageTitle":"Commit before merge","messageBody":"","fileTypesAndContributionMap":{"functional-code":{"insertions":47,"deletions":14},"other":{"insertions":3,"deletions":3},"test-code":{"insertions":11,"deletions":9}}},{"hash":"6554ca4653597bf406113400dea2045e684c4f98","isMergeCommit":true,"messageTitle":"Fix merge commit","messageBody":"","fileTypesAndContributionMap":{}},{"hash":"31e8317bb8f21f08537bcd8b18e4fbc3440f5b70","isMergeCommit":false,"messageTitle":"Fix logic and refactor code","messageBody":"","fileTypesAndContributionMap":{"functional-code":{"insertions":207,"deletions":148},"test-code":{"insertions":13,"deletions":13}}},{"hash":"51653dd0c4df6b175b232c1dfceaee4a8f82a1f7","isMergeCommit":false,"messageTitle":"Fix error handling","messageBody":"","fileTypesAndContributionMap":{"functional-code":{"insertions":21,"deletions":12}}},{"hash":"d263ba32d3f500cc0249ba0e0706d5dc7929c101","isMergeCommit":false,"messageTitle":"Fix checkstyle errors","messageBody":"","fileTypesAndContributionMap":{"functional-code":{"insertions":68,"deletions":43},"test-code":{"insertions":57,"deletions":43}}}]},{"date":"2025-10-12T00:00:00","commitResults":[{"hash":"d9d3e8f2c309ba8835445e5db5281fa412148d68","isMergeCommit":false,"messageTitle":"Fix bugs with test cases","messageBody":"","fileTypesAndContributionMap":{"functional-code":{"insertions":101,"deletions":64},"other":{"insertions":5,"deletions":4},"test-code":{"insertions":83,"deletions":67}}},{"hash":"ae6619b31d3d91703bbc0d14512928352534ea3f","isMergeCommit":false,"messageTitle":"Fix checkstyle issues in test cases","messageBody":"","fileTypesAndContributionMap":{"other":{"insertions":11,"deletions":6},"test-code":{"insertions":36,"deletions":21}}},{"hash":"ffbd6debf6e8855062f08e5218e537a970ab12d5","isMergeCommit":false,"messageTitle":"Fix message formatting","messageBody":"","fileTypesAndContributionMap":{"functional-code":{"insertions":6,"deletions":6}}},{"hash":"038259f62356fac3fff90975f34173e2139f87e4","isMergeCommit":false,"messageTitle":"Add assign command equals and toString","messageBody":"","fileTypesAndContributionMap":{"functional-code":{"insertions":10,"deletions":11}}},{"hash":"bb39d9955feea10776702f7538f8abe561540e4e","isMergeCommit":false,"messageTitle":"Add unassign command equals and toString","messageBody":"","fileTypesAndContributionMap":{"functional-code":{"insertions":7,"deletions":8}}},{"hash":"719d2456ec41061a128b1dce62572142d6297164","isMergeCommit":false,"messageTitle":"Make exceptions more specific","messageBody":"","fileTypesAndContributionMap":{"functional-code":{"insertions":28,"deletions":25}}},{"hash":"9b388f15b9c3256302854a46ef4c5e4c1110a6fe","isMergeCommit":true,"messageTitle":"Merge pull request #74 from williamoose/branch-finalise-assign-command","messageBody":"Finalise assign command","fileTypesAndContributionMap":{}},{"hash":"75afeaeb2111b35a29c070ef1875d840f1c074eb","isMergeCommit":false,"messageTitle":"Change assignee to unassignee for clarity","messageBody":"","fileTypesAndContributionMap":{"functional-code":{"insertions":10,"deletions":9},"other":{"insertions":2,"deletions":2}}},{"hash":"ffaa6f7ebccf6a8426fc48f6368b52c731b6fb75","isMergeCommit":true,"messageTitle":"Merge branch \u0027branch-finalise-assign-command\u0027","messageBody":"","fileTypesAndContributionMap":{}},{"hash":"3719845bd1d1f89ae216dc4878fd303cbe5cc7c7","isMergeCommit":false,"messageTitle":"Add assignment and personName tests","messageBody":"","fileTypesAndContributionMap":{"functional-code":{"insertions":17,"deletions":51},"other":{"insertions":1,"deletions":19},"test-code":{"insertions":177,"deletions":0}}},{"hash":"4335a3e5992cb53aca317eb1ddef765a1e6be560","isMergeCommit":false,"messageTitle":"Add AssignCommand test cases","messageBody":"","fileTypesAndContributionMap":{"functional-code":{"insertions":8,"deletions":0},"test-code":{"insertions":179,"deletions":18}}},{"hash":"5d819e8cd7c025b21df661572b350de623c76e4b","isMergeCommit":false,"messageTitle":"Add AssignCommandParserTest","messageBody":"","fileTypesAndContributionMap":{"test-code":{"insertions":90,"deletions":2}}},{"hash":"74579c52202ef78bf31411207a9dc01e102f2b2e","isMergeCommit":false,"messageTitle":"Fix checkstyle issues in test cases","messageBody":"","fileTypesAndContributionMap":{"functional-code":{"insertions":0,"deletions":7},"test-code":{"insertions":1,"deletions":23}}},{"hash":"7e0779b97fd0c064206b3e23d0cce15c82ca12f2","isMergeCommit":true,"messageTitle":"Fix merge conflicts","messageBody":"","fileTypesAndContributionMap":{}},{"hash":"b106bdc893c1ec1d1bd58fbc0b30322071a459d2","isMergeCommit":false,"messageTitle":"Add person tests","messageBody":"","fileTypesAndContributionMap":{"functional-code":{"insertions":13,"deletions":5},"test-code":{"insertions":65,"deletions":9}}},{"hash":"085b72ae238ca517840ea1d6e0a2d89d7121d975","isMergeCommit":false,"messageTitle":"Fix checkstyle","messageBody":"","fileTypesAndContributionMap":{"test-code":{"insertions":1,"deletions":1}}},{"hash":"16d8c93e425d27cb551df74b76736d653a639131","isMergeCommit":false,"messageTitle":"Remove redundant equals method","messageBody":"","fileTypesAndContributionMap":{"functional-code":{"insertions":0,"deletions":7}}},{"hash":"a02d3e58bbb9b489ff74ce51ce089fe3500be1ca","isMergeCommit":true,"messageTitle":"Merge pull request #76 from williamoose/branch-add-assign-command-test-cases","messageBody":"Add assign command test cases","fileTypesAndContributionMap":{}}]},{"date":"2025-10-19T00:00:00","commitResults":[{"hash":"ff8e5972d2807286465a8dd1b5bc17b8c6977999","isMergeCommit":false,"messageTitle":"Remove unused classes","messageBody":"","fileTypesAndContributionMap":{"functional-code":{"insertions":0,"deletions":18}}},{"hash":"2e57f5f0e0372417d59125a5202c48cf792d2f5e","isMergeCommit":false,"messageTitle":"Add preliminary unassign command and parser","messageBody":"","fileTypesAndContributionMap":{"functional-code":{"insertions":193,"deletions":62},"test-code":{"insertions":4,"deletions":4}}}]},{"date":"2025-10-20T00:00:00","commitResults":[{"hash":"65ed5c227ef0549c8b2c093cb761421d9ea3e47d","isMergeCommit":false,"messageTitle":"Implement Unassign command for classes","messageBody":"","fileTypesAndContributionMap":{"functional-code":{"insertions":62,"deletions":23}}},{"hash":"30cb380bb1ed7d7cbc74cd6a59db28b1ce4e1a6a","isMergeCommit":false,"messageTitle":"Add some assertions","messageBody":"","fileTypesAndContributionMap":{"functional-code":{"insertions":6,"deletions":5}}},{"hash":"19fc177f4245f0a56f8f16c998fc0c6a325643ee","isMergeCommit":false,"messageTitle":"Fix checkstyle","messageBody":"","fileTypesAndContributionMap":{"test-code":{"insertions":2,"deletions":1}}},{"hash":"314925ee3a0fa1085362fa29c44ddd5716be84e5","isMergeCommit":false,"messageTitle":"Fix buggy testcases","messageBody":"","fileTypesAndContributionMap":{"functional-code":{"insertions":2,"deletions":3},"test-code":{"insertions":70,"deletions":25}}},{"hash":"60e009a01eda040be8dbfcf5e3ff5a692139bd8b","isMergeCommit":false,"messageTitle":"Remove unused imports","messageBody":"","fileTypesAndContributionMap":{"test-code":{"insertions":0,"deletions":12}}},{"hash":"69b0fa147077ce91cfeb4da3c0f0367fdbfb6525","isMergeCommit":false,"messageTitle":"Fix errors in JavaDoc comments","messageBody":"","fileTypesAndContributionMap":{"functional-code":{"insertions":6,"deletions":6},"docs":{"insertions":0,"deletions":1}}},{"hash":"5d74a41ee1f0b2465f49d488bee549732eaf0d85","isMergeCommit":false,"messageTitle":"Rename assign target classes","messageBody":"","fileTypesAndContributionMap":{"functional-code":{"insertions":20,"deletions":20},"other":{"insertions":9,"deletions":9},"test-code":{"insertions":46,"deletions":46}}},{"hash":"fb7714193903b9fe73a6d15f730b4538ef4bc743","isMergeCommit":true,"messageTitle":"Merge branch \u0027master\u0027 into branch-add-unassign-command-classes","messageBody":"","fileTypesAndContributionMap":{}},{"hash":"e7dbbb65062d5b0dd6f984d591874bac116dfa55","isMergeCommit":false,"messageTitle":"Add test cases for unassign command","messageBody":"","fileTypesAndContributionMap":{"functional-code":{"insertions":1,"deletions":1},"test-code":{"insertions":249,"deletions":119}}},{"hash":"9671a1973f2f83cfd6ff150e0f4c0246c16fe593","isMergeCommit":true,"messageTitle":"Merge pull request #106 from williamoose/branch-add-unassign-command-classes","messageBody":"Add unassign command for classes","fileTypesAndContributionMap":{}},{"hash":"932fcbb5526c42ba269fa0d4446246810f8561e5","isMergeCommit":true,"messageTitle":"Merge branch \u0027master\u0027 into branch-add-unassign-command-test-cases","messageBody":"","fileTypesAndContributionMap":{}}]},{"date":"2025-10-21T00:00:00","commitResults":[{"hash":"fb6d7ec31bec83db94bc50ec66b8e1791d769cda","isMergeCommit":false,"messageTitle":"Add unassign to user guide","messageBody":"","fileTypesAndContributionMap":{"docs":{"insertions":13,"deletions":0}}},{"hash":"497fc9a4312eb490f49a6535bb1cf3cca01ba6b9","isMergeCommit":true,"messageTitle":"Merge branch \u0027master\u0027","messageBody":"","fileTypesAndContributionMap":{}},{"hash":"aa325e741e1e63a413555adb8762d6251adb0abf","isMergeCommit":true,"messageTitle":"Merge remote branch","messageBody":"","fileTypesAndContributionMap":{}},{"hash":"8eb9548adeaf4525ec88cd760eea0cb9ebebcf08","isMergeCommit":false,"messageTitle":"Fix checkstyle issues","messageBody":"","fileTypesAndContributionMap":{"test-code":{"insertions":1,"deletions":2}}},{"hash":"f9cff3ef2cfed08776204f05dabacffa6771e9e9","isMergeCommit":false,"messageTitle":"Add class and name target test","messageBody":"","fileTypesAndContributionMap":{"functional-code":{"insertions":2,"deletions":2},"test-code":{"insertions":252,"deletions":0}}},{"hash":"ce18fc794662b1f53ba020e698346eb83e890a8e","isMergeCommit":false,"messageTitle":"Change errors in user guide","messageBody":"","fileTypesAndContributionMap":{"docs":{"insertions":12,"deletions":12}}},{"hash":"2c2f18d2882ac76e1eb16314d42203d28af4e6d6","isMergeCommit":false,"messageTitle":"Reverted a minor change for consistency","messageBody":"","fileTypesAndContributionMap":{"docs":{"insertions":11,"deletions":11}}},{"hash":"b54cfb985c99b3357716f423c00c8ac3d7605cd9","isMergeCommit":true,"messageTitle":"Merge branch \u0027master\u0027 into branch-add-unassign-command-test-cases","messageBody":"","fileTypesAndContributionMap":{}},{"hash":"5ddbcb7cecc958754f5b5b40adc745673ae39c3f","isMergeCommit":true,"messageTitle":"Merge branch \u0027master\u0027 into branch-add-unassign-command-test-cases","messageBody":"","fileTypesAndContributionMap":{}}]},{"date":"2025-10-22T00:00:00","commitResults":[{"hash":"aa101245d3cca02630e1241325edb1d500d00a01","isMergeCommit":false,"messageTitle":"Fix display messages","messageBody":"","fileTypesAndContributionMap":{"functional-code":{"insertions":14,"deletions":7}}},{"hash":"b94993d66ba8a75aa3adc3a94a3e5026e48f4e2b","isMergeCommit":true,"messageTitle":"Merge remote-tracking branch","messageBody":"","fileTypesAndContributionMap":{}},{"hash":"3e69bd7e996134b9ace7b33e340e829ef905a833","isMergeCommit":false,"messageTitle":"fix buggy test case","messageBody":"","fileTypesAndContributionMap":{"test-code":{"insertions":1,"deletions":1}}},{"hash":"5852aa4f639a9652f892d3317258683da7b651e1","isMergeCommit":true,"messageTitle":"Merge branch \u0027master\u0027 into branch-add-unassign-command-test-cases","messageBody":"","fileTypesAndContributionMap":{}},{"hash":"ec2850684c76ab568428a001394c815206e2cbce","isMergeCommit":true,"messageTitle":"Merge pull request #111 from williamoose/branch-add-unassign-command-test-cases","messageBody":"Add unassign command test cases and update user guide","fileTypesAndContributionMap":{}},{"hash":"f542c54cf26882d02b203b175143519fdc6df11b","isMergeCommit":false,"messageTitle":"Fix inconsistencies in user guide","messageBody":"","fileTypesAndContributionMap":{"functional-code":{"insertions":13,"deletions":4},"docs":{"insertions":16,"deletions":17}}},{"hash":"0642c15619e7614cfbc64435422dd518f1c410c7","isMergeCommit":true,"messageTitle":"Merge remote-tracking branch","messageBody":"","fileTypesAndContributionMap":{}},{"hash":"8354a1c11a0febd741c3b9e44e0f96d085c9748f","isMergeCommit":true,"messageTitle":"Merge branch \u0027master\u0027 into branch-add-unassign-command-test-cases","messageBody":"","fileTypesAndContributionMap":{}},{"hash":"cabe095b8905644e5d46aa96c5b2ade732831a8c","isMergeCommit":false,"messageTitle":"Fix more errors","messageBody":"","fileTypesAndContributionMap":{"docs":{"insertions":9,"deletions":9}}},{"hash":"02bcbba12699eb34c071f0846ea61a8d40c655d3","isMergeCommit":true,"messageTitle":"Merge remote-tracking branch","messageBody":"","fileTypesAndContributionMap":{}},{"hash":"951c4acba80e5e6f092961250349a62f248dbd2f","isMergeCommit":false,"messageTitle":"Fix test case bug","messageBody":"","fileTypesAndContributionMap":{"test-code":{"insertions":4,"deletions":4}}},{"hash":"80b108de5613ea1b8eaa45bb509d11e769bcaecf","isMergeCommit":false,"messageTitle":"Fix more bugs","messageBody":"","fileTypesAndContributionMap":{"docs":{"insertions":3,"deletions":5}}},{"hash":"bb18ecbdfa875b271454feadc41d6432a90d76c6","isMergeCommit":false,"messageTitle":"Fix small bug","messageBody":"","fileTypesAndContributionMap":{"docs":{"insertions":15,"deletions":15}}},{"hash":"1c60ed8507621525530b2fe0be825add6e9513e1","isMergeCommit":true,"messageTitle":"Merge pull request #119 from williamoose/branch-add-unassign-command-test-cases","messageBody":"Fix bugs in User Guide","fileTypesAndContributionMap":{}}]}],"tohyanhui":[{"date":"2025-10-01T00:00:00","commitResults":[{"hash":"212d551690ca7e0287fb3bf01a254838cd098834","isMergeCommit":false,"messageTitle":"Modify AboutUs.md to include Yan Hui","messageBody":"","fileTypesAndContributionMap":{"docs":{"insertions":5,"deletions":5}}},{"hash":"c4fa0876e08dd01d2469e12b373a8c9d4f4d45fe","isMergeCommit":true,"messageTitle":"Merge pull request #26 from tohyanhui/21-update-about-us","messageBody":"Update AboutUs Page - Yan Hui","fileTypesAndContributionMap":{}}]},{"date":"2025-10-02T00:00:00","commitResults":[{"hash":"4c0202280c320827731e741170bc77a4a27a75aa","isMergeCommit":false,"messageTitle":"Update value proposition, user profile \u0026 stories","messageBody":"","fileTypesAndContributionMap":{"docs":{"insertions":41,"deletions":15}}},{"hash":"2ff7f4a63718a3217b9cd4193a0f1f7fc07e5a4d","isMergeCommit":true,"messageTitle":"Merge pull request #42 from tohyanhui/41-update-developer-guide","messageBody":"Update value proposition, user profile \u0026 stories","fileTypesAndContributionMap":{}}]},{"date":"2025-10-05T00:00:00","commitResults":[{"hash":"ff2bf1bebe86ccd914d34961f2f0a96a7ad98c1b","isMergeCommit":false,"messageTitle":"Standardize Product Scope \u0026 User Stories","messageBody":"","fileTypesAndContributionMap":{"docs":{"insertions":36,"deletions":36}}},{"hash":"bb150666a6f312b8732269f1dae3dff9cec7ae00","isMergeCommit":true,"messageTitle":"Merge pull request #60 from tohyanhui/59-standardize-developer-guide","messageBody":"Standardize Product Scope \u0026 User Stories","fileTypesAndContributionMap":{}}]},{"date":"2025-10-06T00:00:00","commitResults":[{"hash":"9c9f7d747d9d3cb499924296adb7547a4e0e4496","isMergeCommit":false,"messageTitle":"Add unassign assignment functionality","messageBody":"","fileTypesAndContributionMap":{"functional-code":{"insertions":214,"deletions":6}}},{"hash":"e375df4dabdce89d250b987114b18ffdd348b4fb","isMergeCommit":true,"messageTitle":"Merge pull request #62 from tohyanhui/52-unassign-assignments","messageBody":"Add unassign assignment functionality","fileTypesAndContributionMap":{}}]},{"date":"2025-10-08T00:00:00","commitResults":[{"hash":"9ae680aebbcf1e5d9cab730b7d07c1dafead3c0e","isMergeCommit":false,"messageTitle":"Fix logic in AssignCommandParser.java","messageBody":"","fileTypesAndContributionMap":{"functional-code":{"insertions":2,"deletions":4}}},{"hash":"f08579d91b93c87f0cb41e010df3b35d7a7936e2","isMergeCommit":true,"messageTitle":"Merge pull request #67 from tohyanhui/66-bug-fix","messageBody":"Fix logic in AssignCommandParser.java","fileTypesAndContributionMap":{}}]},{"date":"2025-10-13T00:00:00","commitResults":[{"hash":"623cc7af6caf84aaf1617540f13dc7e7fc6b4438","isMergeCommit":false,"messageTitle":"Move exceptions to commands folder","messageBody":"","fileTypesAndContributionMap":{"functional-code":{"insertions":4,"deletions":4},"other":{"insertions":2,"deletions":2},"test-code":{"insertions":3,"deletions":3}}},{"hash":"bb3c025a971c556b5b646fce4a6c3a6bcca82c57","isMergeCommit":false,"messageTitle":"Refactor DuplicateAssignmentException.java","messageBody":"","fileTypesAndContributionMap":{"functional-code":{"insertions":21,"deletions":8},"test-code":{"insertions":2,"deletions":2}}},{"hash":"62efebfb28656002dca78639852955e5c80c7a49","isMergeCommit":false,"messageTitle":"Refactor AssignmentNotFoundException.java","messageBody":"","fileTypesAndContributionMap":{"functional-code":{"insertions":19,"deletions":7},"test-code":{"insertions":2,"deletions":1}}},{"hash":"fa6645c48cf759f46938979a522fbc6306130aa5","isMergeCommit":false,"messageTitle":"Add UnassignCommandParserTest.java","messageBody":"","fileTypesAndContributionMap":{"test-code":{"insertions":106,"deletions":0}}},{"hash":"06904d2e78910e871c1828aad3bf9451eb5bd041","isMergeCommit":false,"messageTitle":"Improve AssignCommandParserTest.java","messageBody":"","fileTypesAndContributionMap":{"test-code":{"insertions":54,"deletions":17}}},{"hash":"60e792b3dfd90887589414eb05b422034e2be8b7","isMergeCommit":false,"messageTitle":"Add UnassignCommandTest.java","messageBody":"","fileTypesAndContributionMap":{"functional-code":{"insertions":1,"deletions":1},"test-code":{"insertions":155,"deletions":0}}},{"hash":"46647f82b71a969d1ef93f3da1ce127100b3014c","isMergeCommit":false,"messageTitle":"Improve AssignCommandTest.java","messageBody":"","fileTypesAndContributionMap":{"test-code":{"insertions":31,"deletions":24}}},{"hash":"1607ba9c1de8ba3671a679d530c446f966774d5e","isMergeCommit":false,"messageTitle":"Improve UnassignCommandTest.java","messageBody":"","fileTypesAndContributionMap":{"test-code":{"insertions":13,"deletions":12}}}]},{"date":"2025-10-14T00:00:00","commitResults":[{"hash":"74fa976cf54c82d6dc30be2a08f6e90a65d9547c","isMergeCommit":true,"messageTitle":"Merge pull request #82 from tohyanhui/80-unassign-tests","messageBody":"Add Unassign Command Test Cases","fileTypesAndContributionMap":{}},{"hash":"e6717f0b8d65a0d9bad5187a28f42f735bbc45bf","isMergeCommit":false,"messageTitle":"Improve AddressBookParserTest.java coverage","messageBody":"","fileTypesAndContributionMap":{"test-code":{"insertions":37,"deletions":0}}},{"hash":"97e311cc45aec4f3eab368542062352eee74d5c4","isMergeCommit":true,"messageTitle":"Merge pull request #84 from tohyanhui/83-address-book-parser-tests","messageBody":"Improve AddressBookParserTest.java coverage","fileTypesAndContributionMap":{}},{"hash":"ff504db2b5682153bdcd5220e3ab71d4e87f60b6","isMergeCommit":false,"messageTitle":"Add missing assertions for maxLength success tests","messageBody":"","fileTypesAndContributionMap":{"test-code":{"insertions":3,"deletions":0}}},{"hash":"f48a31ba2f2ef41df18966765c708efa1f95c6b7","isMergeCommit":false,"messageTitle":"Add parseAssignmentName tests in ParserUtilTest","messageBody":"","fileTypesAndContributionMap":{"test-code":{"insertions":43,"deletions":0}}},{"hash":"709181ea22f4394c3b64bc3959e58759a1f65bf6","isMergeCommit":false,"messageTitle":"Rename tests to consistently use parsePersonName","messageBody":"","fileTypesAndContributionMap":{"test-code":{"insertions":4,"deletions":5}}},{"hash":"dc514a48abfe4ca823c6d17010f5dbae20b9f76d","isMergeCommit":true,"messageTitle":"Merge pull request #86 from tohyanhui/85-parser-util-tests","messageBody":"","fileTypesAndContributionMap":{}},{"hash":"82f9cd5fa39be8ec8f5ec0c9f55a30c13a5df394","isMergeCommit":true,"messageTitle":"Merge pull request #81 from sabersmash1412/docs/update-user-guide","messageBody":"Update user guide","fileTypesAndContributionMap":{}},{"hash":"f0fb3620b4b154904a3562d651c1c8c554a328e3","isMergeCommit":false,"messageTitle":"Fix grammatical errors","messageBody":"","fileTypesAndContributionMap":{"docs":{"insertions":6,"deletions":6}}},{"hash":"be7e7d0dc08098a2b093cd7ba836eb22894a4467","isMergeCommit":false,"messageTitle":"Standardize use of \u0027student\u0027 instead of \u0027person\u0027","messageBody":"","fileTypesAndContributionMap":{"docs":{"insertions":27,"deletions":27}}},{"hash":"c58d30d88ae97667bd796b8338e5376e40fe3493","isMergeCommit":false,"messageTitle":"Segregate format and example into separate columns","messageBody":"","fileTypesAndContributionMap":{"docs":{"insertions":13,"deletions":11}}},{"hash":"2a622e973f9a1d0a497546fe26d99e80ec9e0d30","isMergeCommit":false,"messageTitle":"Add Assignment Field formatting rules","messageBody":"","fileTypesAndContributionMap":{"docs":{"insertions":13,"deletions":12}}},{"hash":"d788e6d10e10091ea06b839c6062d07cd7678720","isMergeCommit":true,"messageTitle":"Merge pull request #87 from tohyanhui/75-update-user-guide","messageBody":"Update user guide","fileTypesAndContributionMap":{}}]},{"date":"2025-10-18T00:00:00","commitResults":[{"hash":"99983d8efb1e2bc13a2f77bb8e0576e67fa8b4f5","isMergeCommit":false,"messageTitle":"Add findPersonsByClass method and test stub","messageBody":"","fileTypesAndContributionMap":{"functional-code":{"insertions":21,"deletions":0},"test-code":{"insertions":7,"deletions":0}}},{"hash":"7af4c262663a1bfae1250d32ca3964ac10485799","isMergeCommit":false,"messageTitle":"Add AssignTarget interface and its implementations","messageBody":"","fileTypesAndContributionMap":{"functional-code":{"insertions":107,"deletions":0}}},{"hash":"c16bf3bee25d719fa1c7e1454a0b0d301de51f6c","isMergeCommit":false,"messageTitle":"Add assign by class functionality","messageBody":"","fileTypesAndContributionMap":{"functional-code":{"insertions":258,"deletions":92},"test-code":{"insertions":4,"deletions":4}}},{"hash":"c319ef8a1d35af487c287cf70ff5d3bc2a6159c1","isMergeCommit":false,"messageTitle":"Fix test cases","messageBody":"","fileTypesAndContributionMap":{"functional-code":{"insertions":72,"deletions":8},"other":{"insertions":4,"deletions":0},"test-code":{"insertions":47,"deletions":32}}},{"hash":"f5921c0bb356df66b0b86e8ac3620253b2d14a81","isMergeCommit":true,"messageTitle":"Merge branch \u0027master\u0027 into 97-assign-class","messageBody":"","fileTypesAndContributionMap":{}}]},{"date":"2025-10-19T00:00:00","commitResults":[{"hash":"f457c0a0652704e62198a43d7a61df72852b556a","isMergeCommit":false,"messageTitle":"Update test cases for assign by class","messageBody":"","fileTypesAndContributionMap":{"test-code":{"insertions":204,"deletions":9}}},{"hash":"51c7e43563a3967376b9e280c7928946e334dda4","isMergeCommit":false,"messageTitle":"Assert processAssignments array length","messageBody":"","fileTypesAndContributionMap":{"functional-code":{"insertions":1,"deletions":0}}},{"hash":"dd68724fdec5c909ff615c4d047a70a3f78440b2","isMergeCommit":false,"messageTitle":"Add \u0027assigning an assignment to a class\u0027 section","messageBody":"","fileTypesAndContributionMap":{"docs":{"insertions":24,"deletions":11}}},{"hash":"63176712bc31df5732ad45b85a49c90e97e14f05","isMergeCommit":true,"messageTitle":"Merge pull request #104 from tohyanhui/97-assign-class","messageBody":"Extend assign command for classes","fileTypesAndContributionMap":{}},{"hash":"5dbcf6bed6397a1be80b9a9a8e88c43cf601cd7b","isMergeCommit":true,"messageTitle":"Merge branch \u0027master\u0027 into 101-update-user-guide","messageBody":"","fileTypesAndContributionMap":{}},{"hash":"fc79c2bc43f797dc678ba2ea9bce24824680f048","isMergeCommit":true,"messageTitle":"Merge pull request #105 from tohyanhui/101-update-user-guide","messageBody":"Add \u0027assigning an assignment to a class\u0027 section","fileTypesAndContributionMap":{}}]},{"date":"2025-10-22T00:00:00","commitResults":[{"hash":"f0d886772924fb1efdbf1aaa879866e436ea4aa7","isMergeCommit":true,"messageTitle":"Merge branch \u0027master\u0027 into add-assertion-msg","messageBody":"","fileTypesAndContributionMap":{}},{"hash":"29cc98a73b63e84fc2cf4b1032c1e145177f4c28","isMergeCommit":true,"messageTitle":"Merge pull request #118 from CoderKee/add-assertion-msg","messageBody":"Add error message for assertions","fileTypesAndContributionMap":{}}]}],"CoderKee":[{"date":"2025-10-01T00:00:00","commitResults":[{"hash":"0e93947536097ba660001db8428d7fcba0845fa8","isMergeCommit":false,"messageTitle":"Update Kee Huang\u0027s About Us","messageBody":"","fileTypesAndContributionMap":{"docs":{"insertions":6,"deletions":6}}},{"hash":"f440d40fc48e3d592f31be0ed9ab6eb307870820","isMergeCommit":false,"messageTitle":"Update Kee Huang\u0027s About Us page","messageBody":"","fileTypesAndContributionMap":{"docs":{"insertions":10,"deletions":1}}},{"hash":"a123219c0ab84bd31613d96b651e14d6c9fdba6c","isMergeCommit":true,"messageTitle":"Merge pull request #25 from CoderKee/add-keehuang-about-us","messageBody":"Update Kee Huang\u0027s about us page","fileTypesAndContributionMap":{}},{"hash":"75ec2776f850b223953b66bf98487eb8cc2f475d","isMergeCommit":true,"messageTitle":"Merge branch \u0027master\u0027 into branch-update-about-us-page","messageBody":"","fileTypesAndContributionMap":{}},{"hash":"8531d7b054a1c2ed07a2f81c77f24897b3d8ea5c","isMergeCommit":false,"messageTitle":"Update README.md and Ui.png","messageBody":"","fileTypesAndContributionMap":{"docs":{"insertions":15,"deletions":11}}},{"hash":"b4eb527f79a73f1e361b7954bb930c07ee46d2c2","isMergeCommit":false,"messageTitle":"Update index.md","messageBody":"","fileTypesAndContributionMap":{"docs":{"insertions":5,"deletions":5}}},{"hash":"ea4a964b5c3bfcec07012525af33cffb7b627a4b","isMergeCommit":false,"messageTitle":"Update _config.yml","messageBody":"","fileTypesAndContributionMap":{"other":{"insertions":2,"deletions":2}}}]},{"date":"2025-10-02T00:00:00","commitResults":[{"hash":"d80b7cc9ad40385bb6d2ff53a9cb781c37a962ce","isMergeCommit":true,"messageTitle":"Merge pull request #35 from ronniefun1/17-update-about-us","messageBody":"Add personal details to about us page","fileTypesAndContributionMap":{}},{"hash":"d5c22458029bd0c5a35724f8e098b4d6fbf855f9","isMergeCommit":true,"messageTitle":"Merge pull request #33 from williamoose/branch-update-use-cases","messageBody":"Add Use Cases for - Add, Delete and View student","fileTypesAndContributionMap":{}},{"hash":"6b257d76c57e878a962522f5bb45ca12a7c5e906","isMergeCommit":false,"messageTitle":"Update README.md","messageBody":"","fileTypesAndContributionMap":{"docs":{"insertions":6,"deletions":6}}},{"hash":"3363add455703bc68530289b3a86bb05f010302b","isMergeCommit":false,"messageTitle":"Update index.md","messageBody":"","fileTypesAndContributionMap":{"docs":{"insertions":1,"deletions":1}}},{"hash":"8f2ce44b375da99ad5bb9bb5be59023bf576afed","isMergeCommit":false,"messageTitle":"Update index.md","messageBody":"","fileTypesAndContributionMap":{"docs":{"insertions":1,"deletions":1}}},{"hash":"01cc5d7b7859eef04d8cee2b4fba287847ef739c","isMergeCommit":false,"messageTitle":"Update use cases","messageBody":"","fileTypesAndContributionMap":{"docs":{"insertions":39,"deletions":10}}},{"hash":"eea68628f080453efee5c182b7246bd64388323b","isMergeCommit":true,"messageTitle":"Merge branch \u0027master\u0027 into add-more-use-cases","messageBody":"","fileTypesAndContributionMap":{}},{"hash":"634fe03a2176ecb8dc9e74226ec0b35230f894c8","isMergeCommit":true,"messageTitle":"Merge pull request #43 from CoderKee/add-more-use-cases","messageBody":"Update use cases","fileTypesAndContributionMap":{}}]},{"date":"2025-10-03T00:00:00","commitResults":[{"hash":"e4b4bc689140aad108dba480ea69e42a90864053","isMergeCommit":false,"messageTitle":"Rename address class","messageBody":"Improve coding style\n","fileTypesAndContributionMap":{"functional-code":{"insertions":66,"deletions":66},"other":{"insertions":938,"deletions":952},"test-code":{"insertions":59,"deletions":59}}},{"hash":"402fcf40e214a9c38eee694bbf1ab59579df7996","isMergeCommit":false,"messageTitle":"Correct checkstyle errors for test directory","messageBody":"","fileTypesAndContributionMap":{"test-code":{"insertions":35,"deletions":12}}},{"hash":"d62bbbdb9e57112965cda4583bc511906c82f6ca","isMergeCommit":true,"messageTitle":"Merge pull request #53 from CoderKee/rename-address-class","messageBody":"Rename address class","fileTypesAndContributionMap":{}},{"hash":"aea1b0cd75a05ff7a28286d2b411afd362e15dbe","isMergeCommit":false,"messageTitle":"Add back prefix for tag","messageBody":"","fileTypesAndContributionMap":{"functional-code":{"insertions":13,"deletions":13},"docs":{"insertions":5,"deletions":5},"test-code":{"insertions":10,"deletions":10}}},{"hash":"960ea73451ab3aed4cdf391123f203c8be7d0ea1","isMergeCommit":false,"messageTitle":"Add input length check","messageBody":"","fileTypesAndContributionMap":{"functional-code":{"insertions":103,"deletions":1}}},{"hash":"210b7b23c81fb3c381a1a3af670bf613a7189a1c","isMergeCommit":false,"messageTitle":"Add test cases for AddCommandParserTest","messageBody":"","fileTypesAndContributionMap":{"functional-code":{"insertions":3,"deletions":9},"test-code":{"insertions":50,"deletions":14}}},{"hash":"92066cd543be0eeebda5d4ac872244d1069a0d1c","isMergeCommit":false,"messageTitle":"Add more test cases","messageBody":"","fileTypesAndContributionMap":{"functional-code":{"insertions":0,"deletions":7},"test-code":{"insertions":65,"deletions":0}}},{"hash":"992739d72e8f6bfcb2ebe1848bdce50769c1e802","isMergeCommit":true,"messageTitle":"Merge pull request #54 from CoderKee/add-input-length-check","messageBody":"Add input length check","fileTypesAndContributionMap":{}}]},{"date":"2025-10-04T00:00:00","commitResults":[{"hash":"d2ba55b4f50f381f25ab9271c1b1cbb26c756062","isMergeCommit":false,"messageTitle":"Modify sample data","messageBody":"","fileTypesAndContributionMap":{"functional-code":{"insertions":6,"deletions":6},"other":{"insertions":4,"deletions":4}}},{"hash":"9c5441eab35f4994e5c89881516cf3517ddcde23","isMergeCommit":true,"messageTitle":"Merge pull request #56 from CoderKee/add-input-length-check","messageBody":"Modify sample data","fileTypesAndContributionMap":{}}]},{"date":"2025-10-09T00:00:00","commitResults":[{"hash":"dd18d3904d6c28da876641abbd5e6b88bd11ea9a","isMergeCommit":true,"messageTitle":"Merge pull request #68 from sabersmash1412/improve-ui","messageBody":"Improve UI","fileTypesAndContributionMap":{}},{"hash":"6eef6a53f216fd3af7796bea6eb4c192f7a04e56","isMergeCommit":false,"messageTitle":"Fix UI bug for empty list","messageBody":"","fileTypesAndContributionMap":{"functional-code":{"insertions":1,"deletions":1}}},{"hash":"a8a9fc50dd078e8f4bbd6862a77fa045fe314dcf","isMergeCommit":false,"messageTitle":"Update checks for file corruption","messageBody":"","fileTypesAndContributionMap":{"functional-code":{"insertions":74,"deletions":0},"test-code":{"insertions":5,"deletions":0}}},{"hash":"f14d72c29eba5e44ce39876752b463295c61e52c","isMergeCommit":false,"messageTitle":"Fix checkstyle","messageBody":"","fileTypesAndContributionMap":{"functional-code":{"insertions":2,"deletions":2}}}]},{"date":"2025-10-10T00:00:00","commitResults":[{"hash":"4b3a90232b0408180fe63643472cf83e19bb8bc3","isMergeCommit":false,"messageTitle":"Fix UI bug","messageBody":"","fileTypesAndContributionMap":{"functional-code":{"insertions":0,"deletions":1}}},{"hash":"a1ffdb75ce6c00af3bc1943ad8785ca5188e8ff9","isMergeCommit":false,"messageTitle":"Fix checkstyle","messageBody":"","fileTypesAndContributionMap":{"functional-code":{"insertions":1,"deletions":1}}},{"hash":"65b1a8cb2b7b186b7a003696b7f629bc577d9062","isMergeCommit":false,"messageTitle":"Change error message","messageBody":"","fileTypesAndContributionMap":{"functional-code":{"insertions":3,"deletions":3}}}]},{"date":"2025-10-11T00:00:00","commitResults":[{"hash":"b835b573a3bb2a39160f31eeceddf405ca655b9b","isMergeCommit":false,"messageTitle":"Create ErrorDisplayable interface","messageBody":"","fileTypesAndContributionMap":{"functional-code":{"insertions":31,"deletions":17}}},{"hash":"0f97e90d5718732de53af82f61e0dab01b741874","isMergeCommit":false,"messageTitle":"Add more test cases for file checks","messageBody":"","fileTypesAndContributionMap":{"test-code":{"insertions":57,"deletions":15}}},{"hash":"5a46ef7179dc1b22b0f78d8f4db2c3f6f1773992","isMergeCommit":false,"messageTitle":"Change input checks to exclude spaces","messageBody":"","fileTypesAndContributionMap":{"functional-code":{"insertions":27,"deletions":24}}},{"hash":"e8876d364bbf9f4f0912b531064aefd292976d4c","isMergeCommit":false,"messageTitle":"Improve code base","messageBody":"","fileTypesAndContributionMap":{"functional-code":{"insertions":41,"deletions":36}}},{"hash":"58ab7232d5536056bbb3359e448b81709cae5172","isMergeCommit":false,"messageTitle":"Fix bug","messageBody":"","fileTypesAndContributionMap":{"functional-code":{"insertions":1,"deletions":1}}},{"hash":"eb8c0143823c9855d38a47895c6cfec28fd4533f","isMergeCommit":true,"messageTitle":"Merge pull request #71 from CoderKee/improve-file-checks-code","messageBody":"Improve file checks code","fileTypesAndContributionMap":{}}]},{"date":"2025-10-12T00:00:00","commitResults":[{"hash":"f2da500466887236a3184541b20b337c15b0edec","isMergeCommit":false,"messageTitle":"Update User Guide","messageBody":"","fileTypesAndContributionMap":{"docs":{"insertions":34,"deletions":14}}},{"hash":"9a782fc21b9ec33d152079c9c9a18ad695d84f60","isMergeCommit":false,"messageTitle":"Extract isValidLength methods and add test cases","messageBody":"","fileTypesAndContributionMap":{"functional-code":{"insertions":24,"deletions":50},"test-code":{"insertions":66,"deletions":66}}},{"hash":"407f66d559db38d67303c18d54cb6b4318bb5c99","isMergeCommit":true,"messageTitle":"Merge branch \u0027master\u0027 into update-user-guide","messageBody":"","fileTypesAndContributionMap":{}},{"hash":"ae558963a10fc77539202824e64a926c2412b798","isMergeCommit":true,"messageTitle":"Merge pull request #77 from CoderKee/update-user-guide","messageBody":"Update user guide","fileTypesAndContributionMap":{}},{"hash":"baf17c40d68fe193c8bcdbec34cb674caa34df48","isMergeCommit":false,"messageTitle":"Add test case for StringUtil isValidLength method","messageBody":"","fileTypesAndContributionMap":{"test-code":{"insertions":30,"deletions":0}}},{"hash":"d57d84c298671507400e69325900789789cc63e6","isMergeCommit":true,"messageTitle":"Merge branch \u0027CoderKee-add-test-cases-for-length-checks\u0027","messageBody":"","fileTypesAndContributionMap":{}},{"hash":"a8a8434c4dfff9a2ec5f1f59dd85e07705392985","isMergeCommit":true,"messageTitle":"Merge branch \u0027master\u0027 of https://github.com/CoderKee/tp","messageBody":"","fileTypesAndContributionMap":{}},{"hash":"21e6a3194fc79ed7717a1f72f03383d763146571","isMergeCommit":false,"messageTitle":"Fix checkstyle","messageBody":"","fileTypesAndContributionMap":{"functional-code":{"insertions":1,"deletions":1},"test-code":{"insertions":1,"deletions":4}}},{"hash":"256494fc11df60de18d4d7baa0af6cf3b3e984f7","isMergeCommit":true,"messageTitle":"Merge pull request #79 from CoderKee/add-length-checks-test-cases","messageBody":"Add length checks test cases","fileTypesAndContributionMap":{}}]},{"date":"2025-10-15T00:00:00","commitResults":[{"hash":"e2e998f28dbfaad7e1b799480907e9aa7439df52","isMergeCommit":false,"messageTitle":"Update UserGuide","messageBody":"","fileTypesAndContributionMap":{"docs":{"insertions":8,"deletions":8}}}]},{"date":"2025-10-16T00:00:00","commitResults":[{"hash":"ca7ec8841f6e043358abec68a66131d495599c38","isMergeCommit":true,"messageTitle":"Merge branch \u0027master\u0027 into update-ug","messageBody":"","fileTypesAndContributionMap":{}},{"hash":"2c9a79563631cf4d8a6426be440081867f8d2293","isMergeCommit":true,"messageTitle":"Merge pull request #90 from CoderKee/update-ug","messageBody":"Update UserGuide","fileTypesAndContributionMap":{}}]},{"date":"2025-10-17T00:00:00","commitResults":[{"hash":"ea31cf7776696f796655050742d96f5b08c69fbe","isMergeCommit":false,"messageTitle":"Add skeleton for Mark command","messageBody":"","fileTypesAndContributionMap":{"functional-code":{"insertions":31,"deletions":0}}},{"hash":"c510b9ed07ee2cc40d1d458e8a46c9504e17aff7","isMergeCommit":false,"messageTitle":"Implement functionality of MarkCommand","messageBody":"","fileTypesAndContributionMap":{"functional-code":{"insertions":136,"deletions":4}}},{"hash":"799b1fe5453eb4b87b018a2eb8de41e903e357b5","isMergeCommit":false,"messageTitle":"Modify JsonAdaptedAssignment to support isDone","messageBody":"","fileTypesAndContributionMap":{"functional-code":{"insertions":34,"deletions":7}}},{"hash":"4e672c3d3da89b515a56e9cc9b380a4287b46ed4","isMergeCommit":false,"messageTitle":"Update UI to reflect marked status","messageBody":"","fileTypesAndContributionMap":{"functional-code":{"insertions":23,"deletions":16}}},{"hash":"19e4e924301a2c94212867d254ffce74e693bc08","isMergeCommit":false,"messageTitle":"Add test cases for MarkCommandParser","messageBody":"","fileTypesAndContributionMap":{"functional-code":{"insertions":25,"deletions":0}}},{"hash":"3942662fdcd41c2f238c3a3bcd187c06b0e8c011","isMergeCommit":false,"messageTitle":"Add test cases for MarkCommand","messageBody":"","fileTypesAndContributionMap":{"functional-code":{"insertions":1,"deletions":1},"test-code":{"insertions":256,"deletions":1}}},{"hash":"da916f77ac5611eb285b07b6c4bde0a0a769ca45","isMergeCommit":true,"messageTitle":"Merge pull request #102 from CoderKee/add-mark-command","messageBody":"Add mark command","fileTypesAndContributionMap":{}}]},{"date":"2025-10-18T00:00:00","commitResults":[{"hash":"009123519c64e4e6ea46da4fbc8e664f2026c2c6","isMergeCommit":false,"messageTitle":"Add AssignmentMarkedException","messageBody":"","fileTypesAndContributionMap":{"functional-code":{"insertions":45,"deletions":5},"test-code":{"insertions":0,"deletions":9}}},{"hash":"45b8a7050ba9d8eddf7b8a7bba06a11c5177fb12","isMergeCommit":false,"messageTitle":"Modify equals method for Assignment","messageBody":"","fileTypesAndContributionMap":{"functional-code":{"insertions":1,"deletions":1}}},{"hash":"1862d1419b773977f44cc16cc609de59302b0caa","isMergeCommit":true,"messageTitle":"Merge pull request #103 from CoderKee/add-mark-command","messageBody":"Add AssignmentMarkedException","fileTypesAndContributionMap":{}}]},{"date":"2025-10-20T00:00:00","commitResults":[{"hash":"5ce1320f28a415bda6c5a3a64c7a49482a8dd647","isMergeCommit":false,"messageTitle":"Extract MarkCommandParser into util class","messageBody":"","fileTypesAndContributionMap":{"functional-code":{"insertions":79,"deletions":32},"test-code":{"insertions":18,"deletions":0}}},{"hash":"7227f57442ee3d29673abf3d8371425da1b13262","isMergeCommit":true,"messageTitle":"Merge branch \u0027master\u0027 into improve-coding-standard","messageBody":"","fileTypesAndContributionMap":{}},{"hash":"928537bd1021acd02414cef0ac73c0aa139fb6ac","isMergeCommit":false,"messageTitle":"Fix styling issue","messageBody":"","fileTypesAndContributionMap":{"functional-code":{"insertions":1,"deletions":1}}},{"hash":"9297d0f3c2297371422100a5961ddc63eb183c5a","isMergeCommit":false,"messageTitle":"Fix merging issue","messageBody":"","fileTypesAndContributionMap":{"functional-code":{"insertions":1,"deletions":1}}},{"hash":"de071795808988566be9089d2250a934ac5c3d4e","isMergeCommit":true,"messageTitle":"Merge branch \u0027master\u0027 of https://github.com/CoderKee/tp into improve-coding-standard","messageBody":"","fileTypesAndContributionMap":{}},{"hash":"7828bd94bdbf4c3119e5aa11979a433ae1ee0e4a","isMergeCommit":true,"messageTitle":"Merge branch \u0027improve-coding-standard\u0027 of https://github.com/CoderKee/tp into improve-coding-standard","messageBody":"","fileTypesAndContributionMap":{}},{"hash":"c19d57a2cb2127a5cf1ba5a94c7b4614d2635722","isMergeCommit":false,"messageTitle":"Change variable names","messageBody":"","fileTypesAndContributionMap":{"functional-code":{"insertions":0,"deletions":2},"test-code":{"insertions":8,"deletions":8}}},{"hash":"318d5750797eb222f410de09d137a9519a6fc6f9","isMergeCommit":false,"messageTitle":"Fix checkstyle","messageBody":"","fileTypesAndContributionMap":{"test-code":{"insertions":1,"deletions":1}}},{"hash":"6e1727b1e153de931a4f7a135c7a2a08b35022b6","isMergeCommit":true,"messageTitle":"Merge pull request #108 from CoderKee/improve-coding-standard","messageBody":"Extract MarkCommandParser into util class","fileTypesAndContributionMap":{}}]},{"date":"2025-10-21T00:00:00","commitResults":[{"hash":"b20db41189a11e58592841f61810c1f57f9c2e44","isMergeCommit":false,"messageTitle":"Update UserGuide","messageBody":"","fileTypesAndContributionMap":{"docs":{"insertions":17,"deletions":2}}},{"hash":"45b54aad7d413a764bf01b407ced804bdfb3cbb8","isMergeCommit":false,"messageTitle":"Update UML diagrams","messageBody":"","fileTypesAndContributionMap":{"docs":{"insertions":10,"deletions":5}}},{"hash":"da4e0ffd5c58c2494a12b3fbc8d6307010da0fde","isMergeCommit":false,"messageTitle":"Update UG","messageBody":"","fileTypesAndContributionMap":{"docs":{"insertions":13,"deletions":12}}},{"hash":"859b39a6ab6b87caa364975192b3adedcc1643d9","isMergeCommit":true,"messageTitle":"Merge branch \u0027master\u0027 into update-ug-1.4","messageBody":"","fileTypesAndContributionMap":{}},{"hash":"c16afc604942cfcd9acf7c5094ec129abc8215bf","isMergeCommit":true,"messageTitle":"Merge branch \u0027master\u0027 into update-ug-1.4","messageBody":"","fileTypesAndContributionMap":{}},{"hash":"9c7929675af0a49efcc8794b882a229a4322885f","isMergeCommit":true,"messageTitle":"Merge pull request #112 from CoderKee/update-ug-1.4","messageBody":"Update UserGuide","fileTypesAndContributionMap":{}}]},{"date":"2025-10-22T00:00:00","commitResults":[{"hash":"af954c50236ee0a58b1008afeef376e520131465","isMergeCommit":false,"messageTitle":"Add error message for assertions","messageBody":"","fileTypesAndContributionMap":{"functional-code":{"insertions":4,"deletions":4}}}]}]},"authorFileTypeContributionMap":{"sabersmash1412":{"docs":33,"functional-code":280,"test-code":228},"ronniefun1":{"docs":30,"functional-code":242,"test-code":127},"williamoose":{"docs":77,"functional-code":800,"test-code":1100},"tohyanhui":{"docs":89,"functional-code":530,"test-code":541,"other":4},"CoderKee":{"docs":129,"functional-code":947,"test-code":1008,"other":3}},"authorContributionVariance":{"sabersmash1412":4255.104,"ronniefun1":2800.5957,"williamoose":74036.41,"tohyanhui":21233.352,"CoderKee":182601.05},"authorDisplayNameMap":{"sabersmash1412":"CS2103T-W14-1 ANNA..PPAN","ronniefun1":"CS2103T-W14-1 RONN.. FUN","williamoose":"CS2103T-W14-1 WILL..LIOW","tohyanhui":"CS2103T-W14-1 TOH .. HUI","CoderKee":"CS2103T-W14-1 TAN ..UANG"}}
