{"authorDailyContributionsMap":{"ngyupeng":[],"huajun07":[],"3seastacks":[],"yitao36":[],"limanjun99":[]},"authorFileTypeContributionMap":{"ngyupeng":{"docs":0,"functional-code":0,"test-code":0},"huajun07":{"docs":0,"functional-code":0,"test-code":0},"3seastacks":{"docs":0,"functional-code":0,"test-code":0},"yitao36":{"docs":0,"functional-code":0,"test-code":0},"limanjun99":{"docs":0,"functional-code":0,"test-code":0}},"authorContributionVariance":{"ngyupeng":0.0,"huajun07":0.0,"3seastacks":0.0,"yitao36":0.0,"limanjun99":0.0},"authorDisplayNameMap":{"ngyupeng":"CS2103T-T10-4 NG Y..PENG","huajun07":"CS2103T-T10-4 TEOW.. JUN","3seastacks":"CS2103T-T10-4 LEE ..AINE","yitao36":"CS2103T-T10-4 DING..ITAO","limanjun99":"CS2103T-T10-4 LIM .. JUN"}}
