{"authorDailyContributionsMap":{"damiancxliew":[],"DonLeeHH":[],"algebananazzzzz":[],"aliensarefake":[],"yihao03":[]},"authorFileTypeContributionMap":{"damiancxliew":{"docs":0,"functional-code":0,"test-code":0},"DonLeeHH":{"docs":0,"functional-code":0,"test-code":0},"algebananazzzzz":{"docs":0,"functional-code":0,"test-code":0},"aliensarefake":{"docs":0,"functional-code":0,"test-code":0},"yihao03":{"docs":0,"functional-code":0,"test-code":0}},"authorContributionVariance":{"damiancxliew":0.0,"DonLeeHH":0.0,"algebananazzzzz":0.0,"aliensarefake":0.0,"yihao03":0.0},"authorDisplayNameMap":{"damiancxliew":"CS2103T-W09-3 DAMI..IANG","DonLeeHH":"CS2103T-W09-3 DON .. HAO","algebananazzzzz":"CS2103T-W09-3 ZHOU..NIEL","aliensarefake":"CS2103T-W09-3 GUO ..O YU","yihao03":"CS2103T-W09-3 HON .. HAO"}}
