{"authorDailyContributionsMap":{"yoyongxuan":[{"date":"2025-09-29T00:00:00","commitResults":[{"hash":"7dfd11ea247bff0aef566c6489d465baa6de83ba","isMergeCommit":false,"messageTitle":"Update Yong Xuan\u0027s AboutUs.md","messageBody":"","fileTypesAndContributionMap":{"docs":{"insertions":3,"deletions":42}}},{"hash":"508da80e63470ecab403c6001b2a9b39a0406960","isMergeCommit":true,"messageTitle":"Update Yong Xuan\u0027s AboutUs.md","messageBody":"","fileTypesAndContributionMap":{}}]},{"date":"2025-10-02T00:00:00","commitResults":[{"hash":"31c46618a0737f5e68d66efe612d2361498ae581","isMergeCommit":false,"messageTitle":"Update use cases for MVP features in DeveloperGuide.md","messageBody":"","fileTypesAndContributionMap":{"docs":{"insertions":178,"deletions":8}}}]},{"date":"2025-10-07T00:00:00","commitResults":[{"hash":"92b3afb5fcb31be1d95235064cbfa1ea8e44deaa","isMergeCommit":false,"messageTitle":"Add score command","messageBody":"Update PersonCard to display exam scores\n\nUpdate EditCommand to properly copy scores when editing\n","fileTypesAndContributionMap":{"functional-code":{"insertions":485,"deletions":3},"test-code":{"insertions":28,"deletions":0}}}]},{"date":"2025-10-08T00:00:00","commitResults":[{"hash":"48e0b0889da72ef28a0e55ea666ec2bb6f40e958","isMergeCommit":false,"messageTitle":"Update to comply with CheckStyle","messageBody":"","fileTypesAndContributionMap":{"functional-code":{"insertions":36,"deletions":21},"test-code":{"insertions":2,"deletions":2}}},{"hash":"b17a63a6b9b1c70dcec7f3ca36e7c2e8fc74a801","isMergeCommit":false,"messageTitle":"Fix issues to past tests","messageBody":"","fileTypesAndContributionMap":{"functional-code":{"insertions":21,"deletions":0},"test-code":{"insertions":3,"deletions":2}}}]},{"date":"2025-10-09T00:00:00","commitResults":[{"hash":"29168a251c5981ab82f1fecdd5e026701e1ed5f3","isMergeCommit":false,"messageTitle":"Add tests for ExamScores and related classes","messageBody":"Update TypicalPersons and PersonBuilder to include ExamScores\n","fileTypesAndContributionMap":{"functional-code":{"insertions":3,"deletions":4},"test-code":{"insertions":145,"deletions":4}}},{"hash":"92bb753d2eb30486f68522d722c491878fb7be15","isMergeCommit":false,"messageTitle":"Add tests for ScoreCommand and ScoreCommandParser","messageBody":"Add relevant constants to ParserUtilTest and CommandTestUtil\n\nRemove print statement from ScoreCommand\n","fileTypesAndContributionMap":{"functional-code":{"insertions":16,"deletions":1},"test-code":{"insertions":193,"deletions":0}}},{"hash":"692a9946739cf256c83c9c9f86f899708b04cfa1","isMergeCommit":true,"messageTitle":"Merge branch \u0027master\u0027 into score-command","messageBody":"","fileTypesAndContributionMap":{}},{"hash":"19549a21b6be2588cc28c907aeae9029ec040071","isMergeCommit":false,"messageTitle":"Delete and re-add TypicalExamScores and TypicalScores","messageBody":"There was an issue where windows and linux uses different line endings.\nHopefully this will fix it.\n","fileTypesAndContributionMap":{"test-code":{"insertions":32,"deletions":32}}},{"hash":"e6fc6ca5a01431327c0d734bba65c7a9a7db77b2","isMergeCommit":true,"messageTitle":"Merge remote-tracking branch \u0027origin/score-command\u0027 into score-command","messageBody":"","fileTypesAndContributionMap":{}},{"hash":"20965d634f5349661eb58eeecf4aa7a122c10b76","isMergeCommit":false,"messageTitle":"Resolve merge conflicts","messageBody":"","fileTypesAndContributionMap":{"functional-code":{"insertions":4,"deletions":2},"test-code":{"insertions":6,"deletions":4}}}]},{"date":"2025-10-10T00:00:00","commitResults":[{"hash":"e408bb899116240482af782c1ecd937e841bd488","isMergeCommit":false,"messageTitle":"Add validation methods to Index","messageBody":"Methods added: isValidZeroBasedIndex, isValidOneBasedIndex\n\nUpdate StringUtil to support new methods\n\nAdd necessary tests for all changes\n","fileTypesAndContributionMap":{"functional-code":{"insertions":35,"deletions":0},"test-code":{"insertions":54,"deletions":0}}},{"hash":"a739269c085eaaf3196cc86c8915104468ea6e7a","isMergeCommit":false,"messageTitle":"Add StudentIdTest","messageBody":"","fileTypesAndContributionMap":{"test-code":{"insertions":84,"deletions":0}}},{"hash":"52172a6dd31e41c39625a7d8fe68bad0903e23d2","isMergeCommit":false,"messageTitle":"Add Identifier class and relevant tests","messageBody":"","fileTypesAndContributionMap":{"functional-code":{"insertions":103,"deletions":0},"test-code":{"insertions":128,"deletions":0}}},{"hash":"f598748d08ccb62283aba34d63a7143cbd88e861","isMergeCommit":false,"messageTitle":"Add negative test case for IdentifierTest.retrievePerson","messageBody":"","fileTypesAndContributionMap":{"test-code":{"insertions":7,"deletions":0}}},{"hash":"695f03d624685772537ae610fab98b2661a35824","isMergeCommit":false,"messageTitle":"Add parseIdentifier method and relevant tests","messageBody":"","fileTypesAndContributionMap":{"functional-code":{"insertions":16,"deletions":0},"test-code":{"insertions":31,"deletions":0}}}]},{"date":"2025-10-11T00:00:00","commitResults":[{"hash":"f9212b36e1159d4773b67dccce8c6b126316cef1","isMergeCommit":false,"messageTitle":"Change boolean isIndex to an enum","messageBody":"","fileTypesAndContributionMap":{"functional-code":{"insertions":17,"deletions":6}}},{"hash":"8acf49aa25676ce1aea7b3589906b4e994322866","isMergeCommit":false,"messageTitle":"Rename variables in Identifier.retrievePerson","messageBody":"","fileTypesAndContributionMap":{"functional-code":{"insertions":6,"deletions":6}}},{"hash":"0cc05122a511d9590b89443db0c744bc45fc5f71","isMergeCommit":true,"messageTitle":"Merge branch \u0027refs/heads/master\u0027 into identifier-class","messageBody":"","fileTypesAndContributionMap":{}},{"hash":"90b77fc05685918ec6cd9658180bcd1d3f70a22a","isMergeCommit":false,"messageTitle":"Remove print statements","messageBody":"","fileTypesAndContributionMap":{"functional-code":{"insertions":0,"deletions":3}}},{"hash":"3e2ee3bda871dbe7a03caae7ca841f00e7a8b121","isMergeCommit":false,"messageTitle":"Add test for AddressBookParser to parse score commands","messageBody":"","fileTypesAndContributionMap":{"functional-code":{"insertions":0,"deletions":1},"test-code":{"insertions":8,"deletions":0}}},{"hash":"4017b01be3a1e3f5a9e4f64f51a9d3aac2aaa045","isMergeCommit":false,"messageTitle":"Add hashCode methods to ExamScores, Score and Exam","messageBody":"Update Person.hashCode to include examScores\n","fileTypesAndContributionMap":{"functional-code":{"insertions":20,"deletions":3}}},{"hash":"665008e90c3a1329188cdb06272547a938ff1043","isMergeCommit":false,"messageTitle":"Update Score, Exam and ExamScores objects","messageBody":"Score:\n- renamed boolean \"recorded\" variable to \"isRecorded\"\nto adhere to coding standard\n- add abstract method getScore()\n- add relevant tests to ScoreTest\n\nExam:\n- rename getMessageConstraints() to\ngetMessageScoreConstraints()\nto make its intended usage clearer\n\nExamScores:\n- make variable arrayOfScores private to\nmaintain immutability\n- add getArrayOfScores() method\n- make constructor method public and added\nJavadoc comment\n- add relevant tests to ExamScoresTest.java\n\nSigned-off-by: yoyongxuan \u003c66002397+yoyongxuan@users.noreply.github.com\u003e\n","fileTypesAndContributionMap":{"functional-code":{"insertions":39,"deletions":13},"test-code":{"insertions":34,"deletions":8}}},{"hash":"a0bd840fd2c578ecf20cf0475c9e79e79f1faabc","isMergeCommit":false,"messageTitle":"Make data related to ExamScores save to storage properly","messageBody":"- add JsonAdaptedExamScores and JsonAdaptedScore\nto properly parse Json files\n- update JsonAdaptedPerson to include ExamScores\n- add relevant tests to JsonAdaptedPersonTest\n- update duplicatePersonAddressBook.json and\ntypicalPersonsAddressBook.json to include\nExamScores and attendance\n\nSigned-off-by: yoyongxuan \u003c66002397+yoyongxuan@users.noreply.github.com\u003e\n","fileTypesAndContributionMap":{"functional-code":{"insertions":140,"deletions":0},"test-code":{"insertions":60,"deletions":14}}},{"hash":"740a8552dbabc29ce003bc0b12af74ef28274c75","isMergeCommit":false,"messageTitle":"Add test to test Person.equals() with different ExamScores","messageBody":"Signed-off-by: yoyongxuan \u003c66002397+yoyongxuan@users.noreply.github.com\u003e\n","fileTypesAndContributionMap":{"test-code":{"insertions":20,"deletions":0}}},{"hash":"150576023537623297df2d766825471aebddd576","isMergeCommit":false,"messageTitle":"Add tests for constructor methods of ExamScores and Score","messageBody":"Signed-off-by: yoyongxuan \u003c66002397+yoyongxuan@users.noreply.github.com\u003e\n","fileTypesAndContributionMap":{"test-code":{"insertions":44,"deletions":0}}},{"hash":"8a248b4571a01d787f47e34cb752455123750745","isMergeCommit":false,"messageTitle":"Update TypicalPersons to include attendance and exam scores","messageBody":"The current Persons in TypicalPersons used for\ntesting do not have any attendance and exam score\n data, only using the default values of zero\n attendance and unrecorded exam scores.\n\n This makes for poor testing as we are unable to\n test how the program may affect these variables.\n\n Update 4 Persons with typical values for\n attendance and exam scores to better reflect\n real world use cases.\n Add default versions of these 4 Persons with\n default values for attendance and exam scores\n and update tests related to AddCommand and\n EditCommand to use the default versions instead.\n\n The reason it is necessary to use default\n versions for these tests is that AddCommand and\n EditCommand are unable to affect attendance and\n exam scores. AddCommandTest will attempt to add\n a person with recorded attendance and exam\n score data while EditCommandTest will attempt\n to edit a person to reflect another person\u0027s\n exam scores and attendance, both of which are\n impossible. Therefore, versions of Persons with\n default values for these fields are used for\n these tests instead.\n\n**Full change list**\n\nTypicalPersons:\n- add Attendance and ExamScores for ALICE,BENSON,\nAMY and BOB\n- add default versions of said persons without\nattendance or exam scores\n- add getDefaultTypicalPersons and\ngetDefaultAddressBook which only contains\ndefault persons\n\nLogicalManagerTest and AddCommandParserTest:\n- update tests involving the Add command to use\ndefault versions of persons and AddressBooks\n\nEditCommandTest:\n- update editedPerson in\nexecute_allFieldsSpecifiedUnfilteredList_success\nsuch that the \"expected\" and \"actual\" edited\nperson has the same attendance and exam scores\n(which cannot be changed by the edit command)\n\nScoreTest and TypicalExamScores:\n- minor name changes for clarity and adherence to\ncoding standard\n\nUpdate typicalPersonsAddressBook.json to reflect\nchanges to attendance and exam scores\n\nSigned-off-by: yoyongxuan \u003c66002397+yoyongxuan@users.noreply.github.com\u003e\n","fileTypesAndContributionMap":{"test-code":{"insertions":85,"deletions":16}}},{"hash":"2a1e68722e51f40ccb80ef578023e4cf4c49e6c7","isMergeCommit":false,"messageTitle":"Add tests for Person.hashCode()","messageBody":"Add test case for valid examName but invalid\nscore for\ntoModelType_invalidExamScores_throwsIllegalValue\nException\n\nSigned-off-by: yoyongxuan \u003c66002397+yoyongxuan@users.noreply.github.com\u003e\n","fileTypesAndContributionMap":{"test-code":{"insertions":48,"deletions":1}}},{"hash":"4d5e790379ad93020e9f9cff67a7d644f96fbe6a","isMergeCommit":false,"messageTitle":"Remove whitespace","messageBody":"Signed-off-by: yoyongxuan \u003c66002397+yoyongxuan@users.noreply.github.com\u003e\n","fileTypesAndContributionMap":{"functional-code":{"insertions":0,"deletions":3}}},{"hash":"fb4b35bb7728a8a63a4d1ac294fcd5f0015a0d10","isMergeCommit":true,"messageTitle":"Merge branch \u0027master\u0027 into fix-score-command","messageBody":"","fileTypesAndContributionMap":{}}]},{"date":"2025-10-12T00:00:00","commitResults":[{"hash":"b921b9d48cb2f9186bda434055f556382d9cdb11","isMergeCommit":false,"messageTitle":"Update TypicalIdentifiers and TypicalIndexes","messageBody":"Signed-off-by: yoyongxuan \u003c66002397+yoyongxuan@users.noreply.github.com\u003e\n","fileTypesAndContributionMap":{"test-code":{"insertions":15,"deletions":0}}},{"hash":"65553db930fb59d1782406a93c09047d2fd64bf5","isMergeCommit":false,"messageTitle":"Add Identifier.getMessageIdentifierNotFound()","messageBody":"Add relevant tests to IdentifierTest\n\nSigned-off-by: yoyongxuan \u003c66002397+yoyongxuan@users.noreply.github.com\u003e\n","fileTypesAndContributionMap":{"functional-code":{"insertions":13,"deletions":0},"test-code":{"insertions":11,"deletions":0}}},{"hash":"672c3b3a50269bb3c0d4396f72f71d9c44458e34","isMergeCommit":false,"messageTitle":"Change Score command to accept StudentID input","messageBody":"Change ScoreCommandParser to parse preamble as\nidentifier instead\nChange ScoreCommand to accept Identifier instead\n of Index in constructor\n\n Add relevant tests\n\nSigned-off-by: yoyongxuan \u003c66002397+yoyongxuan@users.noreply.github.com\u003e\n","fileTypesAndContributionMap":{"functional-code":{"insertions":18,"deletions":23},"test-code":{"insertions":32,"deletions":18}}},{"hash":"18f0650ff864178a88a334c1b9ec0ef0d81446e0","isMergeCommit":true,"messageTitle":"Merge branch \u0027master\u0027 into fix-score-command","messageBody":"# Conflicts:\n#\tsrc/main/java/seedu/address/commons/core/Identifier.java\n#\tsrc/main/java/seedu/address/logic/commands/ScoreCommand.java\n#\tsrc/main/java/seedu/address/model/person/Person.java\n#\tsrc/test/data/JsonSerializableAddressBookTest/typicalPersonsAddressBook.json\n#\tsrc/test/java/seedu/address/logic/LogicManagerTest.java\n#\tsrc/test/java/seedu/address/logic/commands/CommandTestUtil.java\n#\tsrc/test/java/seedu/address/logic/commands/EditCommandTest.java\n#\tsrc/test/java/seedu/address/storage/JsonAdaptedPersonTest.java\n#\tsrc/test/java/seedu/address/testutil/TypicalIndexes.java\n#\tsrc/test/java/seedu/address/testutil/TypicalPersons.java\n","fileTypesAndContributionMap":{}},{"hash":"69c65ed837cdc6c6548d9bf04233984d1c8757da","isMergeCommit":false,"messageTitle":"Merge with main","messageBody":"Replaced identifiers in TypicalIndexes with\nidentifiers in TypicalIdentifiers\n\nSigned-off-by: yoyongxuan \u003c66002397+yoyongxuan@users.noreply.github.com\u003e\n","fileTypesAndContributionMap":{"functional-code":{"insertions":1,"deletions":3},"test-code":{"insertions":52,"deletions":54}}},{"hash":"6b75a63c3df0ad16bb6028d6b696f35ef8ec553b","isMergeCommit":false,"messageTitle":"Update ScoreCommand.MESSAGE_USAGE","messageBody":"Signed-off-by: yoyongxuan \u003c66002397+yoyongxuan@users.noreply.github.com\u003e\n","fileTypesAndContributionMap":{"functional-code":{"insertions":1,"deletions":1}}}]},{"date":"2025-10-15T00:00:00","commitResults":[{"hash":"e07ddfc095a26ea09ddd356acd3f7365796e4804","isMergeCommit":true,"messageTitle":"Merge pull request #88 from meltedham/ViewCommand-using-Identifier","messageBody":"Update ViewCommand using Identifier","fileTypesAndContributionMap":{}}]}],"JothamWong":[{"date":"2025-09-29T00:00:00","commitResults":[{"hash":"dc6100db2d8edd3c17078d1cc5e5720aa367ebfe","isMergeCommit":false,"messageTitle":"misc: Add jotham\u0027s AboutUs page","messageBody":"","fileTypesAndContributionMap":{"docs":{"insertions":4,"deletions":43}}},{"hash":"99edf959bfff74c59aec7d52a5378efd1c72465c","isMergeCommit":true,"messageTitle":"Merge pull request #15 from JothamWong/branch-jotham-about-us-page","messageBody":"Update Jotham about us page","fileTypesAndContributionMap":{}},{"hash":"81ab47e489259634d9190d1adb8116bff6570fed","isMergeCommit":true,"messageTitle":"Merge pull request #20 from ndhhh/branch-AboutUs","messageBody":"Update De Heng\u0027s AboutUs page","fileTypesAndContributionMap":{}},{"hash":"3af1eb5867826d82d3d377ee689faa46cab08ede","isMergeCommit":true,"messageTitle":"Merge pull request #21 from yoyongxuan/yongxuans-about-us","messageBody":"Update Yong Xuan\u0027s AboutUs.md","fileTypesAndContributionMap":{}}]},{"date":"2025-10-02T00:00:00","commitResults":[{"hash":"482d31e980d740fea2d4e4f1fbd47ad825a3307a","isMergeCommit":true,"messageTitle":"Merge pull request #30 from yoyongxuan/Developer-guide-use-cases","messageBody":"Update use cases for MVP features in DeveloperGuide.md","fileTypesAndContributionMap":{}},{"hash":"3469c7356b9911521164f54c11ad93999b95eb90","isMergeCommit":true,"messageTitle":"Merge pull request #28 from jeremy-a-0808/Update-NFR","messageBody":"Update NFR","fileTypesAndContributionMap":{}},{"hash":"4c564b7b4e6242f4d3a75c1d9dd04c67415ae7af","isMergeCommit":false,"messageTitle":"Update README to reflect project changes","messageBody":"","fileTypesAndContributionMap":{"docs":{"insertions":8,"deletions":11}}},{"hash":"fd0f7f0bd775f4dd36b8915af7c788334dec004f","isMergeCommit":false,"messageTitle":"Fix no newline at EOF","messageBody":"","fileTypesAndContributionMap":{"docs":{"insertions":1,"deletions":1}}},{"hash":"e571e64c17ebacc83481d967344bcf959d780f0d","isMergeCommit":true,"messageTitle":"Merge pull request #34 from JothamWong/33-update-readme-page-to-match-project","messageBody":"Update README to reflect project changes","fileTypesAndContributionMap":{}},{"hash":"c75796542141ced07b68a8e05613fc56a2ff3d31","isMergeCommit":false,"messageTitle":"Update site-wide settings","messageBody":"","fileTypesAndContributionMap":{"other":{"insertions":1,"deletions":1}}},{"hash":"e9d1a853d95f1d7ecbe8812257079264555bbb2f","isMergeCommit":true,"messageTitle":"Merge pull request #36 from JothamWong/35-update-site-wide-settings","messageBody":"Update site-wide settings","fileTypesAndContributionMap":{}}]},{"date":"2025-10-03T00:00:00","commitResults":[{"hash":"8a0f4b5b1f88d3490b72789816fd221bf866cab7","isMergeCommit":false,"messageTitle":"Add student id class","messageBody":"","fileTypesAndContributionMap":{"functional-code":{"insertions":61,"deletions":0}}},{"hash":"23ae367ee45b1c792381d375abd3f8009d5302ce","isMergeCommit":false,"messageTitle":"Update student id validation prefix","messageBody":"Should be A, 8 numbers and a alphabetical character. E is nus net id.\n","fileTypesAndContributionMap":{"functional-code":{"insertions":3,"deletions":3}}},{"hash":"2f4ff69e08259d34c31aaac844d8231e28bdc65d","isMergeCommit":false,"messageTitle":"Update student id validation regex","messageBody":"Was misled. It is 7 numbers.\n","fileTypesAndContributionMap":{"functional-code":{"insertions":1,"deletions":1}}},{"hash":"beef89cf5a7106a1722030797c694af39e4e55b7","isMergeCommit":false,"messageTitle":"Add student id field to class and update all relevant classes for compilation.","messageBody":"","fileTypesAndContributionMap":{"functional-code":{"insertions":90,"deletions":50}}},{"hash":"655ec4f665b8ecbf84fc9ebca5300ec61077c1c3","isMergeCommit":false,"messageTitle":"Update codestyle to satisfy stylechecker","messageBody":"","fileTypesAndContributionMap":{"functional-code":{"insertions":34,"deletions":7}}},{"hash":"bf84c04335c1f6266d04f6ffe30eca5c8335eecb","isMergeCommit":false,"messageTitle":"Fix studentId toEquals method","messageBody":"","fileTypesAndContributionMap":{"functional-code":{"insertions":3,"deletions":3}}},{"hash":"75b413c291b25c8e23a489d7bced848b35f2caa3","isMergeCommit":false,"messageTitle":"Update JsonAdaptedPersonTest","messageBody":"","fileTypesAndContributionMap":{"test-code":{"insertions":50,"deletions":10}}},{"hash":"9941667fd01c77aa7fe62ab09edc793ff149ef71","isMergeCommit":false,"messageTitle":"Update indentation for SampleDataUtil","messageBody":"","fileTypesAndContributionMap":{"functional-code":{"insertions":23,"deletions":23}}},{"hash":"edd12aea6d538a52fafb832f804f2c129962bc38","isMergeCommit":false,"messageTitle":"Update indentation for JsonAdaptedPerson","messageBody":"","fileTypesAndContributionMap":{"functional-code":{"insertions":2,"deletions":1}}},{"hash":"43fbba402dbfd784287fd7bd88a390c7cafb65c9","isMergeCommit":false,"messageTitle":"Update indentation for JsonAdaptedPerson","messageBody":"","fileTypesAndContributionMap":{"functional-code":{"insertions":1,"deletions":1}}},{"hash":"b9671e06f78ea616d591095c053f618c33149bf7","isMergeCommit":false,"messageTitle":"Update indentation for JsonAdaptedPersonTest","messageBody":"","fileTypesAndContributionMap":{"test-code":{"insertions":23,"deletions":19}}},{"hash":"271ae1aa18d1ed4c96fc4e2fbc742ec19725d47a","isMergeCommit":false,"messageTitle":"Fix bug with AddCommandParser, expected empty preamble","messageBody":"","fileTypesAndContributionMap":{"functional-code":{"insertions":1,"deletions":1}}},{"hash":"c411c36fef0e4696c30ec72041888faa8cabac3f","isMergeCommit":false,"messageTitle":"Update LogicManagerTest and supporting classes","messageBody":"","fileTypesAndContributionMap":{"test-code":{"insertions":19,"deletions":3}}},{"hash":"1e64a1e962fffc2c6c14e7f244a4a283618ce5e0","isMergeCommit":false,"messageTitle":"Update failing tests to account for student id","messageBody":"","fileTypesAndContributionMap":{"test-code":{"insertions":36,"deletions":34}}},{"hash":"c9c4fb2344c282e3c7e21c897f958cf15c657de8","isMergeCommit":false,"messageTitle":"Fix checkstyle","messageBody":"","fileTypesAndContributionMap":{"test-code":{"insertions":4,"deletions":7}}},{"hash":"9d0478f93c2138aa4779ed687525a5376617ceeb","isMergeCommit":false,"messageTitle":"Fix parse command add","messageBody":"","fileTypesAndContributionMap":{"test-code":{"insertions":1,"deletions":0}}},{"hash":"fd97fd35c653a0abee9d2566ef71185d9bf9d901","isMergeCommit":true,"messageTitle":"Merge pull request #40 from JothamWong/38-add-student-id-to-person-class","messageBody":"Add student id class","fileTypesAndContributionMap":{}},{"hash":"06982a7c33a0ddc537d76719f19b8971768f6c41","isMergeCommit":true,"messageTitle":"Merge branch \u002737-mvp-add-student-contact\u0027 of https://github.com/JothamWong/tp into 37-mvp-add-student-contact","messageBody":"","fileTypesAndContributionMap":{}},{"hash":"f694dc4b86da61f68894f79ecc9fe177f4e590b2","isMergeCommit":false,"messageTitle":"Update UI to reflect student id in PersonCard","messageBody":"","fileTypesAndContributionMap":{"functional-code":{"insertions":4,"deletions":0}}},{"hash":"b079ad7780d7d43b9dee465997cbb517a389dcbe","isMergeCommit":false,"messageTitle":"Update student id validation regex to accept smaller case a","messageBody":"","fileTypesAndContributionMap":{"functional-code":{"insertions":3,"deletions":3}}},{"hash":"2fbecfaa8c516ce8165421f6c107816acfdd00f7","isMergeCommit":false,"messageTitle":"Update validation prefix for email and supporting tests/classes","messageBody":"Now should be of the form xyz@u.nus.edu\n","fileTypesAndContributionMap":{"functional-code":{"insertions":2,"deletions":10},"test-code":{"insertions":42,"deletions":42}}},{"hash":"168c60027d41f3c87e0ba4c794811e7c5df7d39f","isMergeCommit":false,"messageTitle":"Update validation prefix for phone number and supporting tests/classes","messageBody":"Now should be of the form [689] and 7 numbers\n","fileTypesAndContributionMap":{"functional-code":{"insertions":2,"deletions":2},"test-code":{"insertions":13,"deletions":15}}},{"hash":"ff5c26d2f3fe994366c4830e6f0f644fea1c453d","isMergeCommit":false,"messageTitle":"Update isSamePerson logic to now test for equality on student id or email","messageBody":"Two people are the same if either their student id or emails are equal.\nAlso update the supporting classes and tests.\n","fileTypesAndContributionMap":{"functional-code":{"insertions":3,"deletions":3},"test-code":{"insertions":19,"deletions":12}}},{"hash":"9b90cb2cbdb29f30076762ca8363bacc15ac14a1","isMergeCommit":false,"messageTitle":"Make student id become upper case after setting","messageBody":"","fileTypesAndContributionMap":{"functional-code":{"insertions":1,"deletions":1}}},{"hash":"7f35aebea53c89f9c347b5ab0cec674238137535","isMergeCommit":false,"messageTitle":"Update the sample data json when starting from scratch","messageBody":"","fileTypesAndContributionMap":{"functional-code":{"insertions":6,"deletions":6}}},{"hash":"3526107d3c120a7747d3754ac90ef605a68096b5","isMergeCommit":true,"messageTitle":"Merge pull request #44 from JothamWong/37-mvp-add-student-contact","messageBody":"Update add command to add student contact\n\n- Update validation regex for student id to support a or A\n- Update validation regex for phone number to match MVP spec\n- Update validation regex for email to match MVP spec\n- Same person is defined via student id or email\n- Fixed starting sample data","fileTypesAndContributionMap":{}},{"hash":"d9e38535f8ca14c851925703ef5ff9b76d177b9f","isMergeCommit":false,"messageTitle":"Update the message usage for the add command","messageBody":"","fileTypesAndContributionMap":{"functional-code":{"insertions":2,"deletions":1}}},{"hash":"3c10851f4eb18b6c95792e064e77bfe736c568dc","isMergeCommit":true,"messageTitle":"Merge pull request #47 from JothamWong/46-update-add-student-command-parameter","messageBody":"Update the message usage for the add command","fileTypesAndContributionMap":{}},{"hash":"05e0f5f2fa2db5df7e0ef9bff078a0dab3122c65","isMergeCommit":false,"messageTitle":"Update message usage for delete command.","messageBody":"","fileTypesAndContributionMap":{"functional-code":{"insertions":3,"deletions":2}}},{"hash":"9f6d01256b358c424fc787f6c213a5a7c4624d47","isMergeCommit":false,"messageTitle":"Update delete command to accept student id as alternative parameter","messageBody":"","fileTypesAndContributionMap":{"functional-code":{"insertions":46,"deletions":6}}},{"hash":"6dbf80f44713c97078fb2f3fec790b451936f5cf","isMergeCommit":false,"messageTitle":"Update DeleteCommand equality and add tests to cover new path","messageBody":"","fileTypesAndContributionMap":{"functional-code":{"insertions":7,"deletions":1},"test-code":{"insertions":18,"deletions":2}}},{"hash":"a1da49902bf6317a674035082174fc0bda735a5c","isMergeCommit":false,"messageTitle":"Update DeleteCommand to use constant message instead of magic string","messageBody":"","fileTypesAndContributionMap":{"functional-code":{"insertions":4,"deletions":1}}},{"hash":"8495df9da0853f58132379e77661195599c7cfe2","isMergeCommit":false,"messageTitle":"Add TypicalStudentIds and update DeleteCommandTest to cover new path","messageBody":"","fileTypesAndContributionMap":{"test-code":{"insertions":44,"deletions":0}}},{"hash":"e8ec48049d483085dcba41c23b7dfbec152ddb1b","isMergeCommit":true,"messageTitle":"Merge pull request #48 from JothamWong/45-delete-student-contact","messageBody":"Update delete command to match MVP specification","fileTypesAndContributionMap":{}}]},{"date":"2025-10-04T00:00:00","commitResults":[{"hash":"a08145146e508b6e4ad939661b167fd04f8249cf","isMergeCommit":false,"messageTitle":"Update config.yml title to CadetHQ","messageBody":"","fileTypesAndContributionMap":{"other":{"insertions":1,"deletions":1}}},{"hash":"ec1d6d44ab77abcb5e1fdfa0ab944ec58c93e649","isMergeCommit":true,"messageTitle":"Merge pull request #50 from JothamWong/49-change-website-title-from-ab-3-to-cadethq","messageBody":"Update config.yml title to CadetHQ","fileTypesAndContributionMap":{}}]},{"date":"2025-10-05T00:00:00","commitResults":[{"hash":"35f3eaf647a098882c2421fc5d3afd43438b321f","isMergeCommit":false,"messageTitle":"Remove address from Messages.format and add student id","messageBody":"","fileTypesAndContributionMap":{"functional-code":{"insertions":2,"deletions":2}}}]},{"date":"2025-10-06T00:00:00","commitResults":[{"hash":"d9c0ea84bbc6aa86088a9378412ea060f3e389c5","isMergeCommit":false,"messageTitle":"Remove Address from Person, PersonCard and all supporting classes and tests","messageBody":"","fileTypesAndContributionMap":{"functional-code":{"insertions":12,"deletions":71},"test-code":{"insertions":58,"deletions":152}}},{"hash":"0dc7c934e8d2e59413e860d6d3411107fa746343","isMergeCommit":true,"messageTitle":"Merge pull request #60 from JothamWong/59-remove-address-from-person","messageBody":"Remove address from Person","fileTypesAndContributionMap":{}}]},{"date":"2025-10-09T00:00:00","commitResults":[{"hash":"9f1fd251a50149f6b6162b6131e2e3330313c40a","isMergeCommit":true,"messageTitle":"Merge pull request #58 from jeremy-a-0808/feat-record-students-attendance","messageBody":"Add Attendance","fileTypesAndContributionMap":{}},{"hash":"13b930fe22db9099d19a124970b315f722f40fce","isMergeCommit":true,"messageTitle":"Merge pull request #63 from meltedham/view-command","messageBody":"Add ViewCommand","fileTypesAndContributionMap":{}},{"hash":"4981c946d059f6a2b6a90fa0d71bbc3ef4324eaf","isMergeCommit":true,"messageTitle":"Merge branch \u0027master\u0027 into SortByName","messageBody":"","fileTypesAndContributionMap":{}},{"hash":"444795ad6e76df179004018d2b5cd2d25caded73","isMergeCommit":true,"messageTitle":"Merge pull request #61 from ndhhh/SortByName","messageBody":"Sort by name","fileTypesAndContributionMap":{}},{"hash":"e07c208489a4fc162bb86236c6ab32cdd12beed6","isMergeCommit":true,"messageTitle":"Merge branch \u0027master\u0027 into score-command","messageBody":"","fileTypesAndContributionMap":{}},{"hash":"19e4b2c3a1ad1ff34b527f77ea4a80350d282e89","isMergeCommit":true,"messageTitle":"Merge pull request #62 from yoyongxuan/score-command","messageBody":"Add score command","fileTypesAndContributionMap":{}}]},{"date":"2025-10-11T00:00:00","commitResults":[{"hash":"f52f0aee0114a8adc872b312c4d0106be446bf59","isMergeCommit":false,"messageTitle":"Add telegram handle class","messageBody":"","fileTypesAndContributionMap":{"functional-code":{"insertions":63,"deletions":0}}},{"hash":"8050bc437187ac3cfd47286eae73ea7ec59a3fb2","isMergeCommit":false,"messageTitle":"Use Builder pattern for Person class and refactor tests","messageBody":"","fileTypesAndContributionMap":{"functional-code":{"insertions":167,"deletions":73},"test-code":{"insertions":303,"deletions":311}}},{"hash":"e2db29222f96197c56c138bfb5577754d7c6e2a4","isMergeCommit":true,"messageTitle":"Merge pull request #78 from JothamWong/77-refactor-person-constructors","messageBody":"Use Builder pattern for Person class and refactor tests","fileTypesAndContributionMap":{}},{"hash":"5508a7f814f0673c9d7c7460111687e50bc3da5e","isMergeCommit":false,"messageTitle":"Add toString method for Identifier class","messageBody":"","fileTypesAndContributionMap":{"functional-code":{"insertions":4,"deletions":0}}},{"hash":"58028d0ee9bf202ab5fd9c8c526c4f0eb36b9def","isMergeCommit":false,"messageTitle":"Refactor Identifier constructor","messageBody":"Use a private static method to return the enum type\n","fileTypesAndContributionMap":{"functional-code":{"insertions":16,"deletions":10}}},{"hash":"86461a4b31e0864ba1526fe154f9345fda73ea66","isMergeCommit":false,"messageTitle":"Make Delete command use the Identifier class and update supporting tests","messageBody":"","fileTypesAndContributionMap":{"functional-code":{"insertions":22,"deletions":68},"test-code":{"insertions":42,"deletions":24}}},{"hash":"cd185b988b3bc370ba3f93a3ca6cf60bd7c19735","isMergeCommit":false,"messageTitle":"Add comment for value of IdentifierType","messageBody":"","fileTypesAndContributionMap":{"functional-code":{"insertions":1,"deletions":1}}},{"hash":"b0bbec4ec34e24b1aecc17655e13627e7aa0c3ed","isMergeCommit":true,"messageTitle":"Merge branch \u0027master\u0027 into 75-add-tele-handle-as-a-field","messageBody":"","fileTypesAndContributionMap":{}},{"hash":"ca7681b83d106a1970777fb47f297820c77b9ff6","isMergeCommit":false,"messageTitle":"Update TelegramHandle validation regex to have @ at the start","messageBody":"","fileTypesAndContributionMap":{"functional-code":{"insertions":1,"deletions":1}}},{"hash":"dd43e958ff6cd0413461840dd98d03888853a016","isMergeCommit":false,"messageTitle":"Update supporting backend classes to use TelegramHandle field","messageBody":"- \\h is now telegram handle prefix for add command\n","fileTypesAndContributionMap":{"functional-code":{"insertions":85,"deletions":12}}},{"hash":"fb8e73b5f5de822999c888a3deb4d41664a7910a","isMergeCommit":false,"messageTitle":"Add telegram handle to PersonCard","messageBody":"","fileTypesAndContributionMap":{"functional-code":{"insertions":4,"deletions":0}}},{"hash":"ef48f46b4318bfe2ab4f658d3a547d51c89475a1","isMergeCommit":false,"messageTitle":"Update test cases and fix bugs with Add and Edit command","messageBody":"","fileTypesAndContributionMap":{"functional-code":{"insertions":13,"deletions":6},"test-code":{"insertions":103,"deletions":36}}},{"hash":"73f53c287401f34553460130f338bd1be9311681","isMergeCommit":false,"messageTitle":"Add TelegramHandle test and fix up other telegram handle references","messageBody":"","fileTypesAndContributionMap":{"functional-code":{"insertions":1,"deletions":1},"test-code":{"insertions":72,"deletions":0}}},{"hash":"3637408e1c14863c7a6feb4b9cf7dd675f75b8c7","isMergeCommit":false,"messageTitle":"Fix EditCommand nullity check on telegram handle","messageBody":"","fileTypesAndContributionMap":{"functional-code":{"insertions":1,"deletions":1}}},{"hash":"5b6c26d31932f73bf362de876aab41a4f61618d8","isMergeCommit":false,"messageTitle":"Refactor EditCommand to use identifier","messageBody":"Modifies EditCommandParser and supporting tests\nUpdate usage message of Edit to show alternative student ID usage as well. Missed this earlier.\n","fileTypesAndContributionMap":{"functional-code":{"insertions":22,"deletions":17},"test-code":{"insertions":59,"deletions":45}}},{"hash":"85912a5f1c3543ed87df2b885c165de296c4d86c","isMergeCommit":false,"messageTitle":"Remove print statement from AddCommandParser","messageBody":"","fileTypesAndContributionMap":{"functional-code":{"insertions":0,"deletions":1}}}]},{"date":"2025-10-12T00:00:00","commitResults":[{"hash":"99e22965bdfb057feee87c2c7837dee796080393","isMergeCommit":true,"messageTitle":"Resolve merge conflicts","messageBody":"","fileTypesAndContributionMap":{}},{"hash":"03ce3e69a7894535831f57a5d033d61059337b18","isMergeCommit":false,"messageTitle":"Remove print from AddressBookParserTest","messageBody":"","fileTypesAndContributionMap":{"test-code":{"insertions":0,"deletions":1}}},{"hash":"971186cc793443d44cc3a296653fe01aff5fc7a8","isMergeCommit":false,"messageTitle":"Add empty space test cases for Telegram handle validity function","messageBody":"","fileTypesAndContributionMap":{"test-code":{"insertions":3,"deletions":0}}}]},{"date":"2025-10-13T00:00:00","commitResults":[{"hash":"2f9a6397ca30a051d8802c4450958066fe222b69","isMergeCommit":true,"messageTitle":"Merge pull request #87 from jeremy-a-0808/record-attendance-using-identifier-class","messageBody":"Update AttendCommand to use Identifier class","fileTypesAndContributionMap":{}}]}],"jeremy-a-0808":[{"date":"2025-09-29T00:00:00","commitResults":[{"hash":"a23c8f1c7077e81c9f1f5a0a0b797ab9ffb4e719","isMergeCommit":false,"messageTitle":"Add Jeremy AboutUs","messageBody":"","fileTypesAndContributionMap":{"docs":{"insertions":11,"deletions":0}}},{"hash":"ad7c6e2d3aa8e3feaa6d3cde343c62c48a14e4b1","isMergeCommit":true,"messageTitle":"Merge pull request #22 from jeremy-a-0808/update-Jeremy-AboutUs","messageBody":"Update Jeremy AboutUs","fileTypesAndContributionMap":{}}]},{"date":"2025-09-30T00:00:00","commitResults":[{"hash":"710c783d58532861a79d4bf62ded0202d26e4b0f","isMergeCommit":false,"messageTitle":"Update NFR","messageBody":"","fileTypesAndContributionMap":{"docs":{"insertions":4,"deletions":2}}}]},{"date":"2025-10-05T00:00:00","commitResults":[{"hash":"fa2489d8d0e04c97a2d13ac2fc7301c0f061a2d4","isMergeCommit":false,"messageTitle":"Add Attendance for Person","messageBody":"","fileTypesAndContributionMap":{"functional-code":{"insertions":284,"deletions":3},"test-code":{"insertions":12,"deletions":11}}}]},{"date":"2025-10-06T00:00:00","commitResults":[{"hash":"6e5e0da07251a836a9437c414dd7a61bc9300930","isMergeCommit":false,"messageTitle":"Add tests","messageBody":"","fileTypesAndContributionMap":{"functional-code":{"insertions":16,"deletions":3},"test-code":{"insertions":68,"deletions":1}}},{"hash":"777cdadadbed36de3089244959202ae907a57d28","isMergeCommit":false,"messageTitle":"Fix checkstyle","messageBody":"","fileTypesAndContributionMap":{"functional-code":{"insertions":0,"deletions":1},"test-code":{"insertions":7,"deletions":5}}},{"hash":"928cb606d2b6c01c3d5725d6caafba9e00983411","isMergeCommit":true,"messageTitle":"Merge branch \u0027master\u0027 into feat-record-students-attendance","messageBody":"","fileTypesAndContributionMap":{}},{"hash":"91a0f24ec8700c19cd783ec28e5be67e5bf4303d","isMergeCommit":false,"messageTitle":"Remove address from Attendance and AttendCommand","messageBody":"","fileTypesAndContributionMap":{"functional-code":{"insertions":3,"deletions":5}}},{"hash":"7eaec0bda00e3406ed32bb09209c64eb72bf3682","isMergeCommit":false,"messageTitle":"Update equals method for Attendance and Attendance fields for test cases","messageBody":"","fileTypesAndContributionMap":{"functional-code":{"insertions":2,"deletions":1},"test-code":{"insertions":3,"deletions":5}}},{"hash":"57179d25e3c45bcd8b886355297a057678e5eda0","isMergeCommit":false,"messageTitle":"Update TypicalPersons to pass test case","messageBody":"","fileTypesAndContributionMap":{"test-code":{"insertions":1,"deletions":1}}},{"hash":"49253336742b519252f60f995d4f186abe4a1b70","isMergeCommit":false,"messageTitle":"Add more test cases","messageBody":"","fileTypesAndContributionMap":{"test-code":{"insertions":68,"deletions":0}}},{"hash":"944fb8080acfb771748955b22e49f426cf63fce6","isMergeCommit":false,"messageTitle":"Edit AttendCommandTest and AttendCommandParserTest to pass checkstyle","messageBody":"","fileTypesAndContributionMap":{"test-code":{"insertions":0,"deletions":16}}},{"hash":"a405ded6c421b62dc9f37727dc31cb46ff59e7ff","isMergeCommit":false,"messageTitle":"Add more tests for Attendance","messageBody":"","fileTypesAndContributionMap":{"test-code":{"insertions":24,"deletions":1}}},{"hash":"06461f5043ca22e94a9974c27582077b28627e81","isMergeCommit":false,"messageTitle":"Fix formatting for JsonAdaptedPersonTest","messageBody":"","fileTypesAndContributionMap":{"test-code":{"insertions":1,"deletions":1}}},{"hash":"cd8e75ad30b538e527c2644188d13c570ada5d1a","isMergeCommit":false,"messageTitle":"Resolve comments on PR review","messageBody":"","fileTypesAndContributionMap":{"functional-code":{"insertions":9,"deletions":7},"test-code":{"insertions":18,"deletions":0}}}]},{"date":"2025-10-08T00:00:00","commitResults":[{"hash":"f5e783df73d2bb5bcf50f5377f0c9a3a848fbd19","isMergeCommit":false,"messageTitle":"Add attendance by student number feature","messageBody":"","fileTypesAndContributionMap":{"functional-code":{"insertions":95,"deletions":19},"test-code":{"insertions":16,"deletions":0}}},{"hash":"2e7345c258228acef4032b5ffe0573407582584d","isMergeCommit":false,"messageTitle":"Fix checkstyle","messageBody":"","fileTypesAndContributionMap":{"test-code":{"insertions":0,"deletions":1}}},{"hash":"2fbefbfcd85de1552e43b29ea49f1338946daff5","isMergeCommit":false,"messageTitle":"Add more tests for more comprehensive coverage","messageBody":"","fileTypesAndContributionMap":{"functional-code":{"insertions":2,"deletions":2},"test-code":{"insertions":23,"deletions":2}}},{"hash":"79ed1017bfd763ed7da4c968efdd236b8e8a45db","isMergeCommit":false,"messageTitle":"Remove whitespace in MESSAGE_USAGE","messageBody":"","fileTypesAndContributionMap":{"functional-code":{"insertions":1,"deletions":1}}},{"hash":"080c4082f1e51fd34198a88a266846e8398c559f","isMergeCommit":false,"messageTitle":"Add tutorial as Index object instead of Integer, Add more tests","messageBody":"","fileTypesAndContributionMap":{"functional-code":{"insertions":11,"deletions":10},"test-code":{"insertions":37,"deletions":5}}},{"hash":"946ea1a86f91cf7b564b55d980bf59d8f765c294","isMergeCommit":false,"messageTitle":"Added equality test for AttendCommand","messageBody":"","fileTypesAndContributionMap":{"test-code":{"insertions":8,"deletions":1}}},{"hash":"14e0119755cc238b168f5d36d68ff871d4229f92","isMergeCommit":false,"messageTitle":"Edit AttendCommand to take Index tutorial instead of Integer","messageBody":"","fileTypesAndContributionMap":{"functional-code":{"insertions":6,"deletions":6},"test-code":{"insertions":19,"deletions":15}}},{"hash":"b622a7310f7addf1270b517cd12e6386a5e5dec3","isMergeCommit":false,"messageTitle":"Added more tests for AttendCommand with StudentId","messageBody":"","fileTypesAndContributionMap":{"test-code":{"insertions":16,"deletions":8}}}]},{"date":"2025-10-11T00:00:00","commitResults":[{"hash":"00b57904d723200b354b2ad660895a610a26b9f0","isMergeCommit":true,"messageTitle":"Merge pull request #67 from yoyongxuan/identifier-class","messageBody":"Create identifier class","fileTypesAndContributionMap":{}}]},{"date":"2025-10-13T00:00:00","commitResults":[{"hash":"6fa82ae933bb70e3d7ae7c6f8872f501a99fb2f5","isMergeCommit":true,"messageTitle":"Merge pull request #81 from yoyongxuan/fix-score-command","messageBody":"Fix score command","fileTypesAndContributionMap":{}},{"hash":"5405e2a89222c98c17593161eb6d5b613f37cdd0","isMergeCommit":false,"messageTitle":"Update AttendCommand to use Identifier class","messageBody":"","fileTypesAndContributionMap":{"functional-code":{"insertions":22,"deletions":86},"test-code":{"insertions":26,"deletions":55}}},{"hash":"072bd04c98a79edadccd8889b9253d8667214ce0","isMergeCommit":false,"messageTitle":"Improve code coverage","messageBody":"","fileTypesAndContributionMap":{"functional-code":{"insertions":0,"deletions":7},"test-code":{"insertions":5,"deletions":2}}},{"hash":"fbea91ba107096c03e52d5558da975bbea95474a","isMergeCommit":false,"messageTitle":"Fix checkstyle","messageBody":"","fileTypesAndContributionMap":{"functional-code":{"insertions":0,"deletions":1}}},{"hash":"71135bc5c64d9655a5ac375402c73d6ed5589b8f","isMergeCommit":false,"messageTitle":"Add toString() method to AttendCommand","messageBody":"","fileTypesAndContributionMap":{"functional-code":{"insertions":8,"deletions":0}}}]},{"date":"2025-10-14T00:00:00","commitResults":[{"hash":"a88236a6a2ea132e794ee58e90cebfee51415bef","isMergeCommit":false,"messageTitle":"Added functionality for AttendCommand to invert attendance for tutorial","messageBody":"","fileTypesAndContributionMap":{"functional-code":{"insertions":30,"deletions":10},"test-code":{"insertions":15,"deletions":2}}}]},{"date":"2025-10-15T00:00:00","commitResults":[{"hash":"cb0c02dec926ed783e47f0d1b7e41323a5e3010b","isMergeCommit":false,"messageTitle":"Fix minor Javadoc nit","messageBody":"","fileTypesAndContributionMap":{"functional-code":{"insertions":1,"deletions":1}}},{"hash":"9da40405e8d2ff514a2eda6b1d095711e8fe8158","isMergeCommit":true,"messageTitle":"Merge pull request #92 from jeremy-a-0808/attend-command-flip-value","messageBody":"Add functionality for AttendCommand to invert attendance for tutorial","fileTypesAndContributionMap":{}}]}],"meltedham":[{"date":"2025-09-29T00:00:00","commitResults":[{"hash":"82c03bd8020c5c1fe6856d934e22145078930e02","isMergeCommit":false,"messageTitle":"Update AboutUs.md","messageBody":"","fileTypesAndContributionMap":{"docs":{"insertions":5,"deletions":45}}},{"hash":"748b90da1cbbb281810dab091c247019f9264be2","isMergeCommit":true,"messageTitle":"Update Rae Yen AboutUs page","messageBody":"","fileTypesAndContributionMap":{}}]},{"date":"2025-09-30T00:00:00","commitResults":[{"hash":"a3bc2ee365db5cb125b26fcc7b10c166403b8876","isMergeCommit":false,"messageTitle":"Update Glossary","messageBody":"","fileTypesAndContributionMap":{"docs":{"insertions":6,"deletions":0}}},{"hash":"c5e8177b96002bab13307311a32746b74a717294","isMergeCommit":true,"messageTitle":"Merge pull request #24 from ndhhh/UserProfile","messageBody":"Update user profile, proposition and stories","fileTypesAndContributionMap":{}}]},{"date":"2025-10-08T00:00:00","commitResults":[{"hash":"5977a08aa4b08a0c78ce5dff3150f966a5ea1689","isMergeCommit":false,"messageTitle":"Add ViewCommand","messageBody":"","fileTypesAndContributionMap":{"functional-code":{"insertions":103,"deletions":1},"test-code":{"insertions":122,"deletions":0}}}]},{"date":"2025-10-09T00:00:00","commitResults":[{"hash":"00af9525e79d12831eb0880bfeeeb1d7b033268b","isMergeCommit":false,"messageTitle":"Update AddressBookParserTest with ViewCommand","messageBody":"","fileTypesAndContributionMap":{"test-code":{"insertions":7,"deletions":0}}},{"hash":"8b52061d70f2efc140dee7a20ee22a8d1eb94456","isMergeCommit":true,"messageTitle":"Merge branch \u0027master\u0027 into view-command","messageBody":"","fileTypesAndContributionMap":{}},{"hash":"a074b2d07483de3d63d371c0a5fe776ce0b98bc4","isMergeCommit":false,"messageTitle":"Add style changes","messageBody":"","fileTypesAndContributionMap":{"functional-code":{"insertions":1,"deletions":1},"test-code":{"insertions":1,"deletions":1}}},{"hash":"2f092649e8b0d8acc39d1af09397d6f7035c4a60","isMergeCommit":false,"messageTitle":"Fix parseCommand_view","messageBody":"","fileTypesAndContributionMap":{"test-code":{"insertions":1,"deletions":2}}}]},{"date":"2025-10-13T00:00:00","commitResults":[{"hash":"bb5fbdddc052b6536256d9b5793368cc12aca01b","isMergeCommit":false,"messageTitle":"Update ViewCommand using Identifier","messageBody":"","fileTypesAndContributionMap":{"functional-code":{"insertions":16,"deletions":16},"test-code":{"insertions":29,"deletions":27}}}]},{"date":"2025-10-14T00:00:00","commitResults":[{"hash":"d2872b18e52ebcc9354c10e7745563fd52821f2c","isMergeCommit":true,"messageTitle":"Merge pull request #89 from ndhhh/SortByGrade","messageBody":"Sort by grade","fileTypesAndContributionMap":{}},{"hash":"6d64a998b7fd0dd307b5f3ce7febd1b903e818ae","isMergeCommit":true,"messageTitle":"Merge branch \u0027AY2526S1-CS2103T-T11-2:master\u0027 into ViewCommand-using-Identifier","messageBody":"","fileTypesAndContributionMap":{}},{"hash":"aae127fdaa930f854d2c902aac0fec9d9b90383b","isMergeCommit":false,"messageTitle":"Update ViewCommand to use index","messageBody":"","fileTypesAndContributionMap":{"functional-code":{"insertions":43,"deletions":13},"test-code":{"insertions":53,"deletions":23}}}]}],"ndhhh":[{"date":"2025-09-29T00:00:00","commitResults":[{"hash":"7acc7bdda0c4424a8eac74fca2ded50bfb5e592f","isMergeCommit":false,"messageTitle":"Update De Heng\u0027s AboutUs","messageBody":"","fileTypesAndContributionMap":{"docs":{"insertions":51,"deletions":45}}},{"hash":"74d6b86a73fc70729d8e1b127f5e6c0c625bdde7","isMergeCommit":false,"messageTitle":"Add newline to AboutUs.md","messageBody":"","fileTypesAndContributionMap":{"docs":{"insertions":1,"deletions":1}}},{"hash":"39d179fea692231a9c431aba21d572e4977f5527","isMergeCommit":false,"messageTitle":"Remove ndhhh.md","messageBody":"","fileTypesAndContributionMap":{"docs":{"insertions":0,"deletions":46}}},{"hash":"fbf2d92826446f4096bbf2dd3b2a67dbdf814047","isMergeCommit":true,"messageTitle":"Merge branch \u0027branch-AboutUs\u0027","messageBody":"","fileTypesAndContributionMap":{}},{"hash":"907772316acdc64cfb35350bde7324fc70347650","isMergeCommit":true,"messageTitle":"Update De Heng\u0027s AboutUs","messageBody":"","fileTypesAndContributionMap":{}},{"hash":"0c77a5f116c46e87cdaa101721b835564b5dca54","isMergeCommit":true,"messageTitle":"Merge pull request #19 from meltedham/AboutUs-page","messageBody":"Update Rae Yen\u0027s AboutUs page","fileTypesAndContributionMap":{}}]},{"date":"2025-09-30T00:00:00","commitResults":[{"hash":"ced120ca4bd00e8c08a89f7ac0196441b7d5b0ba","isMergeCommit":false,"messageTitle":"Update user profile, proposition and stories","messageBody":"","fileTypesAndContributionMap":{"docs":{"insertions":19,"deletions":13}}},{"hash":"cfcb96daba2e006923818f79bf8d3cee708a6448","isMergeCommit":true,"messageTitle":"Merge pull request #26 from meltedham/Glossary","messageBody":"Update Glossary","fileTypesAndContributionMap":{}}]},{"date":"2025-10-03T00:00:00","commitResults":[{"hash":"ea9d45e7affbf73f45d90b7cc0798b8256c3b59c","isMergeCommit":false,"messageTitle":"Changes","messageBody":"","fileTypesAndContributionMap":{"other":{"insertions":580,"deletions":0}}}]},{"date":"2025-10-04T00:00:00","commitResults":[{"hash":"cc48fda8a27916ca6c81eec7f1716a8ade2af446","isMergeCommit":true,"messageTitle":"Merge branch \u0027AY2526S1-CS2103T-T11-2:master\u0027 into master","messageBody":"","fileTypesAndContributionMap":{}}]},{"date":"2025-10-06T00:00:00","commitResults":[{"hash":"a234e9e89241c964ebb9d9127c059d6b2ab24fc8","isMergeCommit":false,"messageTitle":"Add Sort Command","messageBody":"Sort by name\n","fileTypesAndContributionMap":{"functional-code":{"insertions":168,"deletions":1},"docs":{"insertions":12,"deletions":0}}},{"hash":"feca22f09b18a7d1a31f20c45b0ee4bb8b6a273a","isMergeCommit":false,"messageTitle":"Remove whitespaces","messageBody":"","fileTypesAndContributionMap":{"functional-code":{"insertions":7,"deletions":8},"docs":{"insertions":4,"deletions":4}}},{"hash":"f1b167adfddd21bc95fd7171d270ed26aaec5500","isMergeCommit":false,"messageTitle":"Remove whitespaces again","messageBody":"","fileTypesAndContributionMap":{"functional-code":{"insertions":1,"deletions":1}}},{"hash":"eff491c1331e982933d243c893fe9484ad84c8b4","isMergeCommit":false,"messageTitle":"Fix Checkstyle","messageBody":"","fileTypesAndContributionMap":{"functional-code":{"insertions":19,"deletions":14}}},{"hash":"a5cf588476935696471b89b46c82cb0001ab4456","isMergeCommit":false,"messageTitle":"Fix Checkstyle 2","messageBody":"","fileTypesAndContributionMap":{"functional-code":{"insertions":9,"deletions":9}}},{"hash":"0ae2431661c92f737bdc584016705606cc784a1a","isMergeCommit":false,"messageTitle":"Update .gitignore to ignore bin folder","messageBody":"","fileTypesAndContributionMap":{"functional-code":{"insertions":3,"deletions":12}}},{"hash":"5bc3f837fd1ae5fd9729e82ce3a70150cbee4da8","isMergeCommit":true,"messageTitle":"Merge branch \u0027AY2526S1-CS2103T-T11-2:master\u0027 into master","messageBody":"","fileTypesAndContributionMap":{}},{"hash":"e54037d691b91e6150013e2d030ac8d8209a5aa9","isMergeCommit":false,"messageTitle":"Delete bin directory","messageBody":"","fileTypesAndContributionMap":{"other":{"insertions":0,"deletions":580}}},{"hash":"c11b4cdc1dd7b5036e45c052929db1164812486b","isMergeCommit":false,"messageTitle":"Delete bin directory","messageBody":"","fileTypesAndContributionMap":{"other":{"insertions":0,"deletions":580}}},{"hash":"694630f25dd53a8d96dd7b4fd5fe207185476851","isMergeCommit":false,"messageTitle":"Updated Model interface sort methods","messageBody":"","fileTypesAndContributionMap":{"functional-code":{"insertions":6,"deletions":0}}},{"hash":"f7d6cfb8060f82912c2e47fc18cf4e64cf236a20","isMergeCommit":false,"messageTitle":"Add implemented methods in ModelStub","messageBody":"","fileTypesAndContributionMap":{"functional-code":{"insertions":6,"deletions":3},"test-code":{"insertions":10,"deletions":0}}},{"hash":"ff3bd4c68f78d7a0d76b256336d49f76963d52b0","isMergeCommit":true,"messageTitle":"Merge updated master","messageBody":"","fileTypesAndContributionMap":{}},{"hash":"2d62c8ce45e626bd9a0e706e3c9f71ee9bf83e4a","isMergeCommit":false,"messageTitle":"Add tests for SortCommand","messageBody":"","fileTypesAndContributionMap":{"test-code":{"insertions":95,"deletions":0}}},{"hash":"d955f6d37c56a98154359d81b083b76f6d3b32f4","isMergeCommit":false,"messageTitle":"Fix whitespace","messageBody":"","fileTypesAndContributionMap":{"test-code":{"insertions":1,"deletions":1}}},{"hash":"b45fd5e11c0519394cd3a43dca9eb9032d7ac858","isMergeCommit":false,"messageTitle":"Fix checkstyle imports","messageBody":"","fileTypesAndContributionMap":{"test-code":{"insertions":2,"deletions":0}}}]},{"date":"2025-10-07T00:00:00","commitResults":[{"hash":"ebb415cf49cbcf41e9123fa2efcab56adee5dfd9","isMergeCommit":false,"messageTitle":"Add tests for SortCommandParser","messageBody":"","fileTypesAndContributionMap":{"test-code":{"insertions":103,"deletions":2}}}]},{"date":"2025-10-09T00:00:00","commitResults":[{"hash":"c266b7e628802d6581cbd340868dd13725b99f3c","isMergeCommit":true,"messageTitle":"Merge branch \u0027AY2526S1-CS2103T-T11-2:master\u0027 into master","messageBody":"","fileTypesAndContributionMap":{}},{"hash":"1fa7c9f28370fef66677f2ae8df7e68c54b5b5c1","isMergeCommit":true,"messageTitle":"Merge updated master","messageBody":"","fileTypesAndContributionMap":{}},{"hash":"da138e2efc4584aff9fe6efc8a9cc19dd4af0f4d","isMergeCommit":false,"messageTitle":"Add tests in AddressBookParser and SortCommandParser","messageBody":"","fileTypesAndContributionMap":{"functional-code":{"insertions":2,"deletions":4},"test-code":{"insertions":24,"deletions":2}}},{"hash":"92e32f9bb4fe3795eb497cd9ff34efed5daec811","isMergeCommit":true,"messageTitle":"Merge branch \u0027AY2526S1-CS2103T-T11-2:master\u0027 into master","messageBody":"","fileTypesAndContributionMap":{}},{"hash":"77262857e938805e11bd4a175ba6bd1464ecaa1b","isMergeCommit":true,"messageTitle":"Merge updated master","messageBody":"","fileTypesAndContributionMap":{}},{"hash":"79e5cd2f9e66983c3734fac4cf6f375991110c5d","isMergeCommit":true,"messageTitle":"Merge branch \u0027SortByName\u0027 of github.com:ndhhh/tp into SortByName","messageBody":"","fileTypesAndContributionMap":{}}]},{"date":"2025-10-11T00:00:00","commitResults":[{"hash":"941a1489fb26b9d10f1e18e070c0c735b145e40d","isMergeCommit":true,"messageTitle":"Merge pull request #83 from JothamWong/69-make-delete-command-use-the-identifier-class","messageBody":"Make Delete command use the Identifier class","fileTypesAndContributionMap":{}}]},{"date":"2025-10-12T00:00:00","commitResults":[{"hash":"bc074f434e31bd92b6dbbf2b30f46197fee61365","isMergeCommit":true,"messageTitle":"Merge pull request #85 from JothamWong/82-make-edit-command-use-the-identifier-class","messageBody":"Refactor EditCommand to use identifier","fileTypesAndContributionMap":{}},{"hash":"40b88517fd5ef9b841574aad4a39182004af0152","isMergeCommit":true,"messageTitle":"Merge pull request #84 from JothamWong/75-add-tele-handle-as-a-field","messageBody":"Add telegram handle class","fileTypesAndContributionMap":{}}]},{"date":"2025-10-13T00:00:00","commitResults":[{"hash":"92d3edc7b718c90525830b18cd15630f2e628921","isMergeCommit":false,"messageTitle":"Add sorting by exam score","messageBody":"Sort by either midterm or final results in ascending order respectively\n","fileTypesAndContributionMap":{"functional-code":{"insertions":120,"deletions":27},"test-code":{"insertions":159,"deletions":23}}},{"hash":"7746cbd89940e94b7f4bbfea0d44614622cf077a","isMergeCommit":false,"messageTitle":"Fix missing break statement","messageBody":"","fileTypesAndContributionMap":{"functional-code":{"insertions":4,"deletions":2}}},{"hash":"5d96cd2b5eaf9af35f141f60c383280311dd2057","isMergeCommit":false,"messageTitle":"Update message usage for sort command","messageBody":"","fileTypesAndContributionMap":{"functional-code":{"insertions":4,"deletions":2}}},{"hash":"72b43422fc4d54db1c343aba709f5327a95e272c","isMergeCommit":false,"messageTitle":"Fix checkstyle errors","messageBody":"","fileTypesAndContributionMap":{"functional-code":{"insertions":16,"deletions":12},"test-code":{"insertions":3,"deletions":3}}},{"hash":"48bc76f1471b3e8fdb791813462f815f8ed81968","isMergeCommit":false,"messageTitle":"Fix wrong comparator","messageBody":"","fileTypesAndContributionMap":{"test-code":{"insertions":4,"deletions":4}}}]}]},"authorFileTypeContributionMap":{"yoyongxuan":{"docs":181,"functional-code":862,"test-code":1003},"JothamWong":{"docs":12,"functional-code":497,"test-code":635,"other":3},"jeremy-a-0808":{"docs":9,"functional-code":316,"test-code":211},"meltedham":{"docs":11,"functional-code":133,"test-code":159},"ndhhh":{"docs":34,"functional-code":274,"test-code":366}},"authorContributionVariance":{"yoyongxuan":32819.86,"JothamWong":111886.28,"jeremy-a-0808":9538.727,"meltedham":2559.8025,"ndhhh":97814.41},"authorDisplayNameMap":{"yoyongxuan":"CS2103T-T11-2 YEO ..XUAN","JothamWong":"CS2103T-T11-2 JOTH..HUEN","jeremy-a-0808":"CS2103T-T11-2 ANG ..REMY","meltedham":"CS2103T-T11-2 YEOW.. YEN","ndhhh":"CS2103T-T11-2 NG D..HENG"}}
