{"authorDailyContributionsMap":{"WeeJean":[{"date":"2025-10-01T00:00:00","commitResults":[{"hash":"bae6b2a86b6284b6a2361dbf170bff07dd339d75","isMergeCommit":true,"messageTitle":"Merge pull request #11 from stellecodes/add-stelle-photo","messageBody":"Add Stelle photo","fileTypesAndContributionMap":{}},{"hash":"1465a86713e2e03bd71881cf909b9b1c0daecd3b","isMergeCommit":false,"messageTitle":"Add Wee Jean about","messageBody":"","fileTypesAndContributionMap":{"docs":{"insertions":4,"deletions":4}}},{"hash":"2a492f9b971d6c8358a8c00b29f19527f05d5a51","isMergeCommit":true,"messageTitle":"Merge pull request #26 from WeeJean/branch-wj-about","messageBody":"Add Wee Jean about","fileTypesAndContributionMap":{}}]},{"date":"2025-10-04T00:00:00","commitResults":[{"hash":"d9c0b7555113fa627321ed9b7a9cc347cf2ef9d2","isMergeCommit":false,"messageTitle":"Update Use Case","messageBody":"","fileTypesAndContributionMap":{"docs":{"insertions":176,"deletions":13}}},{"hash":"ba3da9a6cd77da98ee80585e863d0f1b6e51ea4e","isMergeCommit":false,"messageTitle":"Update User stories","messageBody":"","fileTypesAndContributionMap":{"docs":{"insertions":25,"deletions":10}}},{"hash":"5f4c8a4749a939046bfe3f703c093c79848a9430","isMergeCommit":false,"messageTitle":"Remove User stories \u0027**\u0027","messageBody":"","fileTypesAndContributionMap":{"docs":{"insertions":25,"deletions":25}}},{"hash":"dd6e1ea239698bf513214c490d0402cac984d8f2","isMergeCommit":true,"messageTitle":"Merge pull request #41 from WeeJean/master","messageBody":"Update User stories and Use Cases","fileTypesAndContributionMap":{}}]},{"date":"2025-10-08T00:00:00","commitResults":[{"hash":"00d67657326e9dd6a85b1a8b3dafcca923627413","isMergeCommit":false,"messageTitle":"Add link logic","messageBody":"Parser integrated with model injection:\n-Command compiled \u0026 executed successfully\n-Graph stored link correctly\n-UI + storage unaffected\n-No crashes → “Linked … ↔ …” confirmed\n","fileTypesAndContributionMap":{"functional-code":{"insertions":272,"deletions":1},"test-code":{"insertions":3,"deletions":1}}},{"hash":"af382fa83643847ccbb16161d0214a22257349e3","isMergeCommit":false,"messageTitle":"Add Link display in PersonCard","messageBody":"","fileTypesAndContributionMap":{"functional-code":{"insertions":53,"deletions":13}}},{"hash":"b0dc654b316ab53ca572045a6c6a493d1b8a2189","isMergeCommit":false,"messageTitle":"Implement Unlink and update checkstyle","messageBody":"","fileTypesAndContributionMap":{"functional-code":{"insertions":142,"deletions":3}}}]},{"date":"2025-10-09T00:00:00","commitResults":[{"hash":"070a2ad4c5dfdc3060d5931c6925704e1d421a33","isMergeCommit":false,"messageTitle":"Update checkstyle v2","messageBody":"","fileTypesAndContributionMap":{"test-code":{"insertions":5,"deletions":1}}},{"hash":"f120e857e286555d05b2345db2c71f47c276d64e","isMergeCommit":false,"messageTitle":"Update checkstyle v3","messageBody":"","fileTypesAndContributionMap":{"test-code":{"insertions":11,"deletions":0}}},{"hash":"03c72ccb9937170f4f439142ebb62defdaebedbe","isMergeCommit":false,"messageTitle":"Update CliSyntax","messageBody":"","fileTypesAndContributionMap":{"functional-code":{"insertions":8,"deletions":7}}},{"hash":"2ba3e00fb02b13f5e4fe4dbdacf3aab38c4b2d1b","isMergeCommit":true,"messageTitle":"Merge pull request #51 from WeeJean/linkContact","messageBody":"Add Link Contact Feature","fileTypesAndContributionMap":{}}]},{"date":"2025-10-15T00:00:00","commitResults":[{"hash":"3b672828cabdc1717859b8798db8394b50e4dbf6","isMergeCommit":true,"messageTitle":"Merge pull request #63 from Xiao-Congchen/split-parent-student-contacts","messageBody":"Split parent student contacts","fileTypesAndContributionMap":{}}]},{"date":"2025-10-16T00:00:00","commitResults":[{"hash":"1ebd321131480ba2ef92a513cf0565692edea183","isMergeCommit":false,"messageTitle":"Update link feature","messageBody":"Add persistence, Update delete (link cleanup), and update link to restrict to parent student contact.\n","fileTypesAndContributionMap":{"functional-code":{"insertions":234,"deletions":39},"test-code":{"insertions":131,"deletions":0}}},{"hash":"1307e418673dd9451c9ed1e462ed404525a04f02","isMergeCommit":false,"messageTitle":"Update unlink command","messageBody":"","fileTypesAndContributionMap":{"functional-code":{"insertions":45,"deletions":19}}},{"hash":"06b34ec015862ffe645ca4422efa89a9c0cb06fa","isMergeCommit":true,"messageTitle":"Merge pull request #73 from WeeJean/linkContact2","messageBody":"Update link feature","fileTypesAndContributionMap":{}}]},{"date":"2025-10-22T00:00:00","commitResults":[{"hash":"1df7d99510e6d4844549d7a3ba19febcd5f6ae12","isMergeCommit":false,"messageTitle":"Update Userguide.md with Link and Unlink command","messageBody":"","fileTypesAndContributionMap":{"docs":{"insertions":37,"deletions":0}}},{"hash":"0abfac5c2ccf4adda4dd07860b4933fc85f4189b","isMergeCommit":false,"messageTitle":"Patch Edit command to edit link as well","messageBody":"","fileTypesAndContributionMap":{"functional-code":{"insertions":15,"deletions":0}}},{"hash":"4e58724161ed4e8bea58775fc5cbf5263bef1853","isMergeCommit":false,"messageTitle":"Update UML diagram to include RelationshipGraph and UniqueLink","messageBody":"","fileTypesAndContributionMap":{"docs":{"insertions":7,"deletions":0}}},{"hash":"b21b75d5c3e85003e94f6302680f001f4e442db3","isMergeCommit":true,"messageTitle":"Merge pull request #92 from WeeJean/linkContact4","messageBody":"Patch bug (Edit command also edits link)","fileTypesAndContributionMap":{}},{"hash":"107bfe3025535cd170066328e95238a93ccf1db3","isMergeCommit":true,"messageTitle":"Merge pull request #91 from WeeJean/linkContact3","messageBody":"Update Userguide.md and UML Diagram with Link and Unlink command","fileTypesAndContributionMap":{}}]},{"date":"2025-10-29T00:00:00","commitResults":[{"hash":"50201aafb242baa880ec6acdbaff0fe075ad06b2","isMergeCommit":true,"messageTitle":"Merge branch \u0027master\u0027 into alphaBug1","messageBody":"","fileTypesAndContributionMap":{}},{"hash":"28cecafe5c36a72a13d368c30b088806525ee851","isMergeCommit":false,"messageTitle":"Fix alpha bug for Link command redundant optional contact parameters","messageBody":"","fileTypesAndContributionMap":{"functional-code":{"insertions":28,"deletions":77},"docs":{"insertions":5,"deletions":11}}},{"hash":"3de6c767beeec85b6d5c36baf319994de664510d","isMergeCommit":false,"messageTitle":"Fix alpha bug for Link Command accepts inputs in front of the /sn and with duplicate /pn","messageBody":"","fileTypesAndContributionMap":{"functional-code":{"insertions":24,"deletions":4}}},{"hash":"3487621bf1afcd1de61ee71c87ec07e6fb53d626","isMergeCommit":false,"messageTitle":"Fix alpha bug for duplicate name break link feature","messageBody":"","fileTypesAndContributionMap":{"functional-code":{"insertions":2,"deletions":3}}},{"hash":"05a71fdb64dd73cee354d42793b8b984dd140381","isMergeCommit":false,"messageTitle":"Tweak unittest case","messageBody":"","fileTypesAndContributionMap":{"test-code":{"insertions":4,"deletions":4}}},{"hash":"d3a18f560fde0dccc7863583b03f7117d27d090c","isMergeCommit":false,"messageTitle":"Fix alpha bug Link success message should be concise","messageBody":"","fileTypesAndContributionMap":{"functional-code":{"insertions":9,"deletions":6},"test-code":{"insertions":4,"deletions":2}}},{"hash":"1049a03dc919379890e61114463ae08fd1a6f627","isMergeCommit":false,"messageTitle":"Update userguide and checkstyle","messageBody":"","fileTypesAndContributionMap":{"functional-code":{"insertions":0,"deletions":1},"docs":{"insertions":1,"deletions":1}}},{"hash":"c8e079a09f2dba93fa037b62d446a99cd4f954af","isMergeCommit":false,"messageTitle":"Update checkstyle","messageBody":"","fileTypesAndContributionMap":{"test-code":{"insertions":0,"deletions":1}}},{"hash":"ce76e843b3c007fb9a137fd254afe5264d4de6f0","isMergeCommit":true,"messageTitle":"Merge pull request #126 from WeeJean/alphaBug1","messageBody":"Fix Link related bugs","fileTypesAndContributionMap":{}}]}],"YH-100203":[{"date":"2025-10-01T00:00:00","commitResults":[{"hash":"b65920287354e471caebbb4456888b52963a9373","isMergeCommit":true,"messageTitle":"Merge pull request #16 from Xiao-Congchen/add-congchen-photo","messageBody":"Add Congchen photo","fileTypesAndContributionMap":{}},{"hash":"2a8f97ba01b28479f63388ef3eee488823037d99","isMergeCommit":false,"messageTitle":"Add details in AboutUs","messageBody":"","fileTypesAndContributionMap":{"docs":{"insertions":3,"deletions":3}}},{"hash":"8f7541f5a5a7b738e67ec066dd3616db60fd3945","isMergeCommit":true,"messageTitle":"Merge pull request #27 from YH-100203/add-YH-details","messageBody":"Add Ying Heng\u0027s details in AboutUs","fileTypesAndContributionMap":{}},{"hash":"23b49659c3a80e36b58a4d82f34c8cf381bf5c03","isMergeCommit":false,"messageTitle":"Rectify personal details in AboutUs","messageBody":"","fileTypesAndContributionMap":{"docs":{"insertions":2,"deletions":2}}},{"hash":"d5d6c1ee09fc133b76c41962cb8044ec4299e748","isMergeCommit":true,"messageTitle":"Merge pull request #29 from YH-100203/add-YH-details","messageBody":"Rectify personal details in AboutUs","fileTypesAndContributionMap":{}},{"hash":"cca7790e285a9b43829ad81ed16d5b3edcd744e3","isMergeCommit":true,"messageTitle":"Merge pull request #30 from YH-100203/add-YH-details","messageBody":"Rename YH-100203.png to yh-100203.png","fileTypesAndContributionMap":{}}]},{"date":"2025-10-08T00:00:00","commitResults":[{"hash":"ab8cfc06a0bf7fef655003cef9c74397b434f039","isMergeCommit":true,"messageTitle":"Merge pull request #42 from stellecodes/update-glossary","messageBody":"Update glossary","fileTypesAndContributionMap":{}},{"hash":"779515d788c9f3ddedbaee7e85a0afcfd9d4d064","isMergeCommit":false,"messageTitle":"Add Non Functional Requirements","messageBody":"","fileTypesAndContributionMap":{"docs":{"insertions":7,"deletions":2}}},{"hash":"078ea55d07bd7727ff556f77df49241bc050d5c9","isMergeCommit":true,"messageTitle":"Merge pull request #43 from YH-100203/update-NFR","messageBody":"Add Non Functional Requirements","fileTypesAndContributionMap":{}}]},{"date":"2025-10-09T00:00:00","commitResults":[{"hash":"6be94eee7e751a235f0ba7179abd0ea4074a5b64","isMergeCommit":true,"messageTitle":"Merge pull request #50 from genehern/tag-update","messageBody":"Tag update","fileTypesAndContributionMap":{}},{"hash":"42152bc45a0e20c5ac37c439d38301192fe8ff4d","isMergeCommit":false,"messageTitle":"add optional fields (name, email, phone) to DeleteCommand alongside index","messageBody":"","fileTypesAndContributionMap":{"functional-code":{"insertions":48,"deletions":29}}},{"hash":"d481d364bc38cbd62f84c3e2e378679932f012e5","isMergeCommit":false,"messageTitle":"add parser support for delete n/e/p with AND semantics; fallback to index","messageBody":"","fileTypesAndContributionMap":{"functional-code":{"insertions":64,"deletions":16}}},{"hash":"db42398e67eaa66b7e13f562a03ededb535c0dbd","isMergeCommit":false,"messageTitle":"add attribute-based deletion logic (unique match over displayed list)","messageBody":"","fileTypesAndContributionMap":{"functional-code":{"insertions":55,"deletions":4}}},{"hash":"cafc893df88ed853bafdea22aa9fe7035c7263de","isMergeCommit":false,"messageTitle":"chore(style): add newline at EOF and trim trailing whitespace","messageBody":"","fileTypesAndContributionMap":{"functional-code":{"insertions":1,"deletions":1},"docs":{"insertions":1,"deletions":1}}},{"hash":"3ebd457099ce2e0682975b75faff3acfdd302234","isMergeCommit":false,"messageTitle":"add proper error handling for invalid delete command args","messageBody":"","fileTypesAndContributionMap":{"functional-code":{"insertions":27,"deletions":4}}},{"hash":"d84357281fe082bf50101be6281c85ec8ec9b424","isMergeCommit":true,"messageTitle":"Merge pull request #59 from YH-100203/edit-delete","messageBody":"Add Delete By Attributes feature: Extended delete command to support deletion by name/email/phone","fileTypesAndContributionMap":{}}]},{"date":"2025-10-16T00:00:00","commitResults":[{"hash":"411143779c358e9179cc48ede6e12ed4c3583f36","isMergeCommit":false,"messageTitle":"add FindLinkCommand to show linked contacts by name","messageBody":"","fileTypesAndContributionMap":{"functional-code":{"insertions":89,"deletions":0}}},{"hash":"81cb9399e5606a46c3f812c6092124ca0cb1d052","isMergeCommit":false,"messageTitle":"add FindLinkCommandParser for n/\u003cNAME\u003e syntax","messageBody":"","fileTypesAndContributionMap":{"functional-code":{"insertions":41,"deletions":0}}},{"hash":"62ce2272e1e0c1aae4533bae131ddbc38cb0fbe8","isMergeCommit":false,"messageTitle":"wire findlink into AddressBookParser","messageBody":"","fileTypesAndContributionMap":{"functional-code":{"insertions":4,"deletions":0}}},{"hash":"8bde8517742b97edb6c9ad42e5a1b0af1d323b77","isMergeCommit":false,"messageTitle":"fix import order in AddressBookParser to satisfy Checkstyle","messageBody":"","fileTypesAndContributionMap":{"functional-code":{"insertions":1,"deletions":2}}},{"hash":"7986ec7035f4b328c139322a5585a9f113d18c06","isMergeCommit":true,"messageTitle":"Merge pull request #69 from YH-100203/findlink-command","messageBody":"Findlink command","fileTypesAndContributionMap":{}},{"hash":"1173b68e06dfbc2332593c8099b8f1c601c7abe6","isMergeCommit":false,"messageTitle":"add FindLinkCommandParser tests for valid/invalid inputs","messageBody":"","fileTypesAndContributionMap":{"test-code":{"insertions":55,"deletions":0}}},{"hash":"504f50d0f272437ee8f8b1dc597787310a961249","isMergeCommit":false,"messageTitle":"add integration-style tests with in-memory Model stub","messageBody":"","fileTypesAndContributionMap":{"test-code":{"insertions":221,"deletions":0}}},{"hash":"681a9438de6d1528996a97f10c360a58930184a2","isMergeCommit":false,"messageTitle":"Fix Checkstyle errors","messageBody":"","fileTypesAndContributionMap":{"test-code":{"insertions":93,"deletions":32}}},{"hash":"4a137ad6c3f52bf3d0f4481d595b5f9a41a8c620","isMergeCommit":false,"messageTitle":"Add delete-by-name/email/phone + parser coverage; ambiguous \u0026 no-match case","messageBody":"","fileTypesAndContributionMap":{"test-code":{"insertions":154,"deletions":18}}},{"hash":"ffa66f6265cecbad2c272ea69be4682638ba56ec","isMergeCommit":false,"messageTitle":"Update user guide with new delete feature","messageBody":"","fileTypesAndContributionMap":{"docs":{"insertions":20,"deletions":8}}},{"hash":"f4735f0fcfd48653f281f1d9165c92360a664bd4","isMergeCommit":false,"messageTitle":"Update UG for FindLink command","messageBody":"","fileTypesAndContributionMap":{"docs":{"insertions":21,"deletions":0}}},{"hash":"8dd2d1843f70b85a93b0210b10ddaa20d1085532","isMergeCommit":true,"messageTitle":"Merge pull request #86 from YH-100203/document-delete-findlink","messageBody":"Update UG for new delete function and findlink command","fileTypesAndContributionMap":{}},{"hash":"210bef72a4426f29967250b5d5de58472a27ad33","isMergeCommit":true,"messageTitle":"Merge pull request #84 from YH-100203/edit-delete-test","messageBody":"Add tests for delete-by-name, email, and phone in DeleteCommand and DeleteCommandParser","fileTypesAndContributionMap":{}},{"hash":"6752828a41416b7f4b5c41d9c4f003952b5ca709","isMergeCommit":true,"messageTitle":"Merge pull request #82 from YH-100203/findlink-command-test","messageBody":"Findlink command test","fileTypesAndContributionMap":{}}]},{"date":"2025-10-23T00:00:00","commitResults":[{"hash":"beb871daf6c6808e7a57b76b4217e2f81ee8251d","isMergeCommit":false,"messageTitle":"Update manual testing section for DeleteCommand","messageBody":"","fileTypesAndContributionMap":{"other":{"insertions":4,"deletions":0},"docs":{"insertions":28,"deletions":1}}},{"hash":"adf569967494ca97e4c324e434e26bb65ec7b085","isMergeCommit":false,"messageTitle":"Add user story, use cases, and manual testing instructions for findlink and delete features","messageBody":"","fileTypesAndContributionMap":{"docs":{"insertions":66,"deletions":16}}},{"hash":"d673c72e0849daa38c09f10268b5bdeea8e0c007","isMergeCommit":true,"messageTitle":"Merge pull request #99 from YH-100203/edit-DG","messageBody":"Update Developer Guide: Add user story, use cases, and manual testing for delete and findlink commands","fileTypesAndContributionMap":{}}]},{"date":"2025-10-29T00:00:00","commitResults":[{"hash":"bde470bd829f59e3e7bbb73819fd328d1aafa46b","isMergeCommit":false,"messageTitle":"Forbid mxied forms. duplicate prefixes and empty ids","messageBody":"","fileTypesAndContributionMap":{"functional-code":{"insertions":51,"deletions":41}}},{"hash":"9fca95ab9142f167207d80b4bb0b80c918da14d0","isMergeCommit":false,"messageTitle":"Add email and phone validation to delete command","messageBody":"","fileTypesAndContributionMap":{"functional-code":{"insertions":41,"deletions":43}}},{"hash":"61340eb70df2645a6de9abf43a28ea5ab9ad0a7a","isMergeCommit":false,"messageTitle":"Map bad index to invalid-format","messageBody":"","fileTypesAndContributionMap":{"functional-code":{"insertions":21,"deletions":17}}},{"hash":"f20fc579db68fa851513e93e9fd07213ba139c74","isMergeCommit":false,"messageTitle":"Show only target name in result message","messageBody":"","fileTypesAndContributionMap":{"functional-code":{"insertions":1,"deletions":1}}},{"hash":"1897f5c05e3f04db847b85449d378a0ec11f0b72","isMergeCommit":false,"messageTitle":"Fix testcases to expect only name in messages","messageBody":"","fileTypesAndContributionMap":{"functional-code":{"insertions":0,"deletions":1},"test-code":{"insertions":5,"deletions":5}}},{"hash":"a7bea6ddc795d6a53946031a3863087500f52bfd","isMergeCommit":false,"messageTitle":"Remove unused imports","messageBody":"","fileTypesAndContributionMap":{"test-code":{"insertions":0,"deletions":1}}},{"hash":"eeb4869e4eab279cd40aafd2d97b20e2c62e18fb","isMergeCommit":false,"messageTitle":"Add sequence diagram for findlink command","messageBody":"","fileTypesAndContributionMap":{"docs":{"insertions":88,"deletions":0}}},{"hash":"1fca8f9ead3b3e55b5a59787402450beb4cb30e5","isMergeCommit":false,"messageTitle":"Update formatting for delete text","messageBody":"","fileTypesAndContributionMap":{"docs":{"insertions":1,"deletions":1}}},{"hash":"888f4f9b14447e2c109bc6d95022df2aa64b6f2a","isMergeCommit":true,"messageTitle":"Merge pull request #140 from YH-100203/fix-delete-bugs","messageBody":"Fix delete bugs","fileTypesAndContributionMap":{}},{"hash":"7180f47eceb7fcecb7577fdf96898c6ebe014d2a","isMergeCommit":true,"messageTitle":"Merge pull request #142 from YH-100203/findlink-seq-diagram","messageBody":"Add sequence diagram for findlink command","fileTypesAndContributionMap":{}},{"hash":"67c164afade3d2cddaa73873aa5155c5c8182bc8","isMergeCommit":true,"messageTitle":"Merge pull request #141 from YH-100203/improve-findlink-message","messageBody":"Improve findlink message","fileTypesAndContributionMap":{}}]},{"date":"2025-10-30T00:00:00","commitResults":[{"hash":"e0dbd4a3599783cb96951153b43c76f397443e9a","isMergeCommit":false,"messageTitle":"Update description for findlink and delete","messageBody":"","fileTypesAndContributionMap":{"docs":{"insertions":24,"deletions":15}}},{"hash":"6f98cd219c644ea13d5f27efa502fa13f48d6195","isMergeCommit":false,"messageTitle":"Update app name and FAQ segment","messageBody":"","fileTypesAndContributionMap":{"docs":{"insertions":10,"deletions":1}}},{"hash":"3f2f2bb45a786587dafb441b67d023f15528c18c","isMergeCommit":true,"messageTitle":"Merge pull request #146 from YH-100203/ug-command-FAQ-improvements","messageBody":"Ug Command and FAQ improvements","fileTypesAndContributionMap":{}}]}],"stellecodes":[{"date":"2025-10-01T00:00:00","commitResults":[{"hash":"11326000a44550c8ae6428d553270b1aaf068da7","isMergeCommit":false,"messageTitle":"Add Stelle\u0027s details to AboutUs page","messageBody":"","fileTypesAndContributionMap":{"docs":{"insertions":4,"deletions":4}}},{"hash":"fb0b9255d53087b141e17a1529af2a46f4796e66","isMergeCommit":true,"messageTitle":"Merge pull request #24 from stellecodes/add-stelle-details","messageBody":"Add Stelle\u0027s details to AboutUs page","fileTypesAndContributionMap":{}}]},{"date":"2025-10-07T00:00:00","commitResults":[{"hash":"877cf3afe449c41dd9a11d71e7fc3b91be6cbc89","isMergeCommit":false,"messageTitle":"Update glossary with new terms","messageBody":"","fileTypesAndContributionMap":{"docs":{"insertions":24,"deletions":1}}}]},{"date":"2025-10-09T00:00:00","commitResults":[{"hash":"ed1784dc6773ea6dd9f110986d487c4bae5d66e0","isMergeCommit":false,"messageTitle":"Create TagContainsKeywordsPredicate class without test implemented","messageBody":"","fileTypesAndContributionMap":{"functional-code":{"insertions":39,"deletions":0}}},{"hash":"94a3ddb0ee43f356dc5a9dd4f1b7fbd772dd8fe6","isMergeCommit":false,"messageTitle":"Add test method to TagContainsKeywordsPredicate","messageBody":"","fileTypesAndContributionMap":{"functional-code":{"insertions":12,"deletions":1}}},{"hash":"1ae1b50d697a164ba532845e1df41c70cad726cd","isMergeCommit":false,"messageTitle":"Add FilterTag command","messageBody":"","fileTypesAndContributionMap":{"functional-code":{"insertions":46,"deletions":0}}},{"hash":"56b278a27d6b3f2756dbf5cc1f94dc2022ac01ea","isMergeCommit":false,"messageTitle":"Add parsing for filter tag command","messageBody":"","fileTypesAndContributionMap":{"functional-code":{"insertions":37,"deletions":0}}},{"hash":"a59ab7a90dab90f312c6e84973873ef31fa4e7db","isMergeCommit":false,"messageTitle":"Fix filter tag command case in AddressBookParser","messageBody":"","fileTypesAndContributionMap":{"functional-code":{"insertions":1,"deletions":1}}},{"hash":"5031510f17a1d2035ade54ffbef2e961d8f93295","isMergeCommit":false,"messageTitle":"Add showall command to return to unfiltered list","messageBody":"","fileTypesAndContributionMap":{"functional-code":{"insertions":28,"deletions":0}}},{"hash":"8a6385c24bdd70d63ccbca954a447448da26bdcb","isMergeCommit":false,"messageTitle":"Modify code for style check","messageBody":"","fileTypesAndContributionMap":{"functional-code":{"insertions":5,"deletions":2}}}]},{"date":"2025-10-15T00:00:00","commitResults":[{"hash":"3f49d7a180c4f3c9da30edb16d4c205388a3f550","isMergeCommit":false,"messageTitle":"Add basic tag list UI","messageBody":"","fileTypesAndContributionMap":{"functional-code":{"insertions":64,"deletions":6}}},{"hash":"2e78d62675ee250f14d1f596180282c4cc4c509c","isMergeCommit":false,"messageTitle":"Remove square brackets around tags in the tag list","messageBody":"","fileTypesAndContributionMap":{"functional-code":{"insertions":12,"deletions":0}}},{"hash":"0cbba67fc1253155ff2fc21b76fad442aff6047a","isMergeCommit":false,"messageTitle":"Add refreshing of tag list after executing commands","messageBody":"","fileTypesAndContributionMap":{"functional-code":{"insertions":10,"deletions":0}}}]},{"date":"2025-10-16T00:00:00","commitResults":[{"hash":"e728ea4c6d5daaa97d85ca591551d6d0bebc3781","isMergeCommit":true,"messageTitle":"Merge branch \u0027master\u0027 into improve-ui","messageBody":"","fileTypesAndContributionMap":{}},{"hash":"0cb11940cdc567c990d6d6168ba595e87f7856e7","isMergeCommit":false,"messageTitle":"Make contacts refresh to display linked contact","messageBody":"","fileTypesAndContributionMap":{"functional-code":{"insertions":8,"deletions":0}}},{"hash":"42e7db286a83a4a0d007b93286d0e2f3d62eb716","isMergeCommit":false,"messageTitle":"Add styling to tag list","messageBody":"","fileTypesAndContributionMap":{"functional-code":{"insertions":48,"deletions":1}}},{"hash":"9c2175b3caf354001329d2f57f7bcd8dbbb4363a","isMergeCommit":false,"messageTitle":"Change size of panels","messageBody":"","fileTypesAndContributionMap":{"functional-code":{"insertions":2,"deletions":2}}},{"hash":"bd6a13558e023a175a5eee16c0d4742614c5fab8","isMergeCommit":false,"messageTitle":"Change colour theme of address book","messageBody":"","fileTypesAndContributionMap":{"functional-code":{"insertions":84,"deletions":51}}},{"hash":"fd8e252dfffdc43f5d065b59893fe3a813a21cc7","isMergeCommit":false,"messageTitle":"Differentiate parent and student contact by colour","messageBody":"","fileTypesAndContributionMap":{"functional-code":{"insertions":23,"deletions":8}}},{"hash":"d508c20efdd157f05e567a62798fae33b5ad9cd4","isMergeCommit":false,"messageTitle":"Remove redundant imports and white space","messageBody":"","fileTypesAndContributionMap":{"functional-code":{"insertions":1,"deletions":4}}},{"hash":"1e7bfd8c6e8fea30d6b6de96f9d9e7fe7321bd12","isMergeCommit":false,"messageTitle":"Add max width to tag list","messageBody":"","fileTypesAndContributionMap":{"functional-code":{"insertions":1,"deletions":1}}},{"hash":"efdd11840477ea33d6c75955c60cf070b7459230","isMergeCommit":false,"messageTitle":"Add text wrapping for tags and result display","messageBody":"","fileTypesAndContributionMap":{"functional-code":{"insertions":24,"deletions":5}}},{"hash":"301571c822639538020bb13203d8b4e98a228c76","isMergeCommit":false,"messageTitle":"Space out tags in tag list","messageBody":"","fileTypesAndContributionMap":{"functional-code":{"insertions":10,"deletions":3}}},{"hash":"57ffa5781350479ed58744dff631c97250f0a345","isMergeCommit":false,"messageTitle":"Remove white space for style check","messageBody":"","fileTypesAndContributionMap":{"functional-code":{"insertions":1,"deletions":1}}},{"hash":"74521c5f0f5d488742ccd229f94ae509b9bd2b7f","isMergeCommit":true,"messageTitle":"Merge pull request #70 from stellecodes/improve-ui","messageBody":"Improve UI","fileTypesAndContributionMap":{}},{"hash":"eb3e237a9a1a83e240b71c30f44f7f0f1c681720","isMergeCommit":false,"messageTitle":"Add testing for filter when no keywords given","messageBody":"","fileTypesAndContributionMap":{"functional-code":{"insertions":27,"deletions":11},"test-code":{"insertions":89,"deletions":0}}},{"hash":"579136628bf2f3558d65f99829615a621381d51d","isMergeCommit":false,"messageTitle":"Add more testing for filter command","messageBody":"","fileTypesAndContributionMap":{"functional-code":{"insertions":5,"deletions":0},"test-code":{"insertions":49,"deletions":0}}},{"hash":"f44de33017d498d333cec5601067f3c05f6b9750","isMergeCommit":false,"messageTitle":"Remove redundant import in FilterTagCommandTest","messageBody":"","fileTypesAndContributionMap":{"test-code":{"insertions":0,"deletions":1}}},{"hash":"0bc931d43464686f8a7067ef18d7fdbd6942826c","isMergeCommit":false,"messageTitle":"Fix checkstyle issues","messageBody":"","fileTypesAndContributionMap":{"functional-code":{"insertions":5,"deletions":0}}},{"hash":"8441105399c8319ea58699c7c67050bda5b4677a","isMergeCommit":true,"messageTitle":"Merge pull request #77 from stellecodes/filter-command-test","messageBody":"Add testing for filter command","fileTypesAndContributionMap":{}},{"hash":"6ed66d28d17a7f664be6ac92582e4f48f5c06711","isMergeCommit":false,"messageTitle":"Add testing for showall command","messageBody":"","fileTypesAndContributionMap":{"functional-code":{"insertions":6,"deletions":0},"test-code":{"insertions":72,"deletions":0}}},{"hash":"daa13aa3d8c1558458680496ce4b1e4e0444aa82","isMergeCommit":false,"messageTitle":"Fix style check issue","messageBody":"","fileTypesAndContributionMap":{"test-code":{"insertions":1,"deletions":1}}},{"hash":"aef0fae94d5b43556bfecfea9e4f7d94978dae3c","isMergeCommit":true,"messageTitle":"Merge pull request #80 from stellecodes/showall-command-test","messageBody":"Add testing for showall command","fileTypesAndContributionMap":{}},{"hash":"20ce73a5c43dd2bb6736a92c6c4aa3845a653217","isMergeCommit":false,"messageTitle":"Update UG with filter command","messageBody":"","fileTypesAndContributionMap":{"docs":{"insertions":17,"deletions":0}}},{"hash":"729617337d150941caa69375ae639c87a365e51e","isMergeCommit":false,"messageTitle":"Update UG with showall command","messageBody":"","fileTypesAndContributionMap":{"docs":{"insertions":6,"deletions":0}}},{"hash":"3abe1cc2c736f3db9df985bd5b16c33b70435502","isMergeCommit":true,"messageTitle":"Merge pull request #81 from stellecodes/document-filter-showall","messageBody":"Update UG with filter and showall command","fileTypesAndContributionMap":{}}]},{"date":"2025-10-23T00:00:00","commitResults":[{"hash":"7dd149a8169d2a2cb0ccf7ae025a80a12987ea04","isMergeCommit":false,"messageTitle":"Fix tag list panel UI","messageBody":"","fileTypesAndContributionMap":{"functional-code":{"insertions":4,"deletions":7}}},{"hash":"f283143fdbd46525ea53f484ad0cb70687f61b28","isMergeCommit":false,"messageTitle":"Remove hover and select for tag list","messageBody":"","fileTypesAndContributionMap":{"functional-code":{"insertions":0,"deletions":8}}},{"hash":"00270bd8df442eec837f55bd0e8ad78a7fc9a257","isMergeCommit":false,"messageTitle":"Remove showall command","messageBody":"","fileTypesAndContributionMap":{"functional-code":{"insertions":0,"deletions":38},"test-code":{"insertions":0,"deletions":72}}},{"hash":"8df1f1df83c89ee68fa0a520d72308cbe3a0653e","isMergeCommit":true,"messageTitle":"Merge pull request #97 from stellecodes/fix-ui","messageBody":"Fix minor UI bugs","fileTypesAndContributionMap":{}},{"hash":"0eef44406b0f8dc63f0cc8f3585266430c5f7715","isMergeCommit":true,"messageTitle":"Merge pull request #98 from stellecodes/remove-showall","messageBody":"Remove showall command","fileTypesAndContributionMap":{}}]},{"date":"2025-10-28T00:00:00","commitResults":[{"hash":"9ea840de4f7201a5a6ae3a8bb6012ee8309b7bb0","isMergeCommit":false,"messageTitle":"Add sequence diagram for filter by tag command","messageBody":"","fileTypesAndContributionMap":{"docs":{"insertions":68,"deletions":0}}}]},{"date":"2025-10-29T00:00:00","commitResults":[{"hash":"7e4d96f22e2b6d6f3410f59c872bcd18fc15b650","isMergeCommit":true,"messageTitle":"Merge pull request #112 from stellecodes/filter-uml","messageBody":"Add sequence diagram for filter by tag command","fileTypesAndContributionMap":{}},{"hash":"7af340e58daa50c4542bd5f511e0d62148cbf4d2","isMergeCommit":false,"messageTitle":"Add separate messages for non-existent tags when filtering","messageBody":"","fileTypesAndContributionMap":{"functional-code":{"insertions":75,"deletions":3}}},{"hash":"ceaf136df038d01a795f72f2617fd387a4948a38","isMergeCommit":false,"messageTitle":"Fix bugs and add tests","messageBody":"","fileTypesAndContributionMap":{"functional-code":{"insertions":19,"deletions":37},"test-code":{"insertions":40,"deletions":28}}},{"hash":"306266bf8772a25dd35f52f205bbb27db511ecef","isMergeCommit":true,"messageTitle":"Merge branch \u0027master\u0027 into fix-filter","messageBody":"","fileTypesAndContributionMap":{}},{"hash":"ce31a648ac323d6a08790eaf217ca3cd820313e1","isMergeCommit":false,"messageTitle":"Update test cases","messageBody":"","fileTypesAndContributionMap":{"test-code":{"insertions":49,"deletions":29}}},{"hash":"71e9cf37617d63846986295aa835508b1ac473ef","isMergeCommit":false,"messageTitle":"Fix style","messageBody":"","fileTypesAndContributionMap":{"functional-code":{"insertions":0,"deletions":2},"test-code":{"insertions":2,"deletions":7}}},{"hash":"c4173a5477775be793365686f6a26bee48fdb51a","isMergeCommit":false,"messageTitle":"Fix minor errors in examples","messageBody":"","fileTypesAndContributionMap":{"docs":{"insertions":2,"deletions":2}}},{"hash":"316d83006a3a1512cdd1e7fd2db0b0aa9317481c","isMergeCommit":false,"messageTitle":"Remove redundant list_tags command","messageBody":"","fileTypesAndContributionMap":{"functional-code":{"insertions":0,"deletions":28}}},{"hash":"22799a8d69615a3063a05e0b53a2f85fb3214033","isMergeCommit":true,"messageTitle":"Merge pull request #144 from stellecodes/minor-fixes","messageBody":"Fix examples for addp in UG and remove redundant list_tags command","fileTypesAndContributionMap":{}}]},{"date":"2025-10-30T00:00:00","commitResults":[{"hash":"119bbab9a76712e64ecf6b9411b97d0cbd34e0ea","isMergeCommit":true,"messageTitle":"Merge pull request #143 from stellecodes/fix-filter","messageBody":"Add separate messages for non-existent tags when filtering","fileTypesAndContributionMap":{}},{"hash":"6f6f1bd66237710271e9b4d613d6245683ab1978","isMergeCommit":false,"messageTitle":"Change known issues to current limitations","messageBody":"","fileTypesAndContributionMap":{"docs":{"insertions":1,"deletions":1}}},{"hash":"4c0ce37178d5e0587a1c9e2cb2c1b2c6fdb190fc","isMergeCommit":false,"messageTitle":"Remove redundant parts and changed grammar","messageBody":"","fileTypesAndContributionMap":{"docs":{"insertions":11,"deletions":35}}},{"hash":"2ac591740cc4721750749ceedfb012f43c5e02e2","isMergeCommit":false,"messageTitle":"Make minor changes in commands","messageBody":"","fileTypesAndContributionMap":{"docs":{"insertions":2,"deletions":2}}},{"hash":"3594e6c2c4c0147487687d25c9794c19a2da84a2","isMergeCommit":true,"messageTitle":"Merge pull request #148 from stellecodes/improve-ug","messageBody":"Change phrasing and remove redundant parts of UG","fileTypesAndContributionMap":{}}]}],"Xiao-Congchen":[{"date":"2025-09-30T00:00:00","commitResults":[{"hash":"e5dfae581a36fb33b21d5e46cdb0de9e9b65aafe","isMergeCommit":false,"messageTitle":"Support case-insensitive command input","messageBody":"","fileTypesAndContributionMap":{"functional-code":{"insertions":1,"deletions":1}}}]},{"date":"2025-10-01T00:00:00","commitResults":[{"hash":"3f9c9663a41717921ceab881dcad4481bd97da9f","isMergeCommit":true,"messageTitle":"Merge pull request #15 from YH-100203/add-YH-photo","messageBody":"Add Ying Heng\u0027s photo","fileTypesAndContributionMap":{}},{"hash":"1cf2896995269409afea10734de42601f9ceba20","isMergeCommit":false,"messageTitle":"Update Congchen details in AboutUs","messageBody":"","fileTypesAndContributionMap":{"docs":{"insertions":13,"deletions":3}}},{"hash":"54bf8f2f8380197519873571e7d00b7a0ecc4830","isMergeCommit":false,"messageTitle":"Resolve EOF newline error","messageBody":"","fileTypesAndContributionMap":{"docs":{"insertions":1,"deletions":1}}},{"hash":"65b5cd36434d884b6825596f82821d5a04092bd9","isMergeCommit":false,"messageTitle":"Update portfolio md","messageBody":"","fileTypesAndContributionMap":{"docs":{"insertions":1,"deletions":1}}},{"hash":"00d6531b5848aff719c23ffa309dc1fd6868d321","isMergeCommit":true,"messageTitle":"Merge pull request #28 from Xiao-Congchen/add-congchen-details","messageBody":"Update Congchen details in AboutUs","fileTypesAndContributionMap":{}},{"hash":"8045297faec450c93015a032aa27edfcc33532f2","isMergeCommit":false,"messageTitle":"Update README.md with build status badge and relevant information","messageBody":"","fileTypesAndContributionMap":{"docs":{"insertions":31,"deletions":7}}},{"hash":"dc0f902bf937eb3e931627a56f3afdbeb84faa9d","isMergeCommit":false,"messageTitle":"Update title and repo of _config.yml","messageBody":"","fileTypesAndContributionMap":{"other":{"insertions":2,"deletions":2}}}]},{"date":"2025-10-02T00:00:00","commitResults":[{"hash":"913c0c578505258eccaa4ab9c4f452bdd8f2c0b6","isMergeCommit":false,"messageTitle":"Specify target user and value proposition in developer guide","messageBody":"","fileTypesAndContributionMap":{"docs":{"insertions":4,"deletions":1}}},{"hash":"c847538f1d156cd0e6b21e7eee62f78bb00eb4fb","isMergeCommit":true,"messageTitle":"Merge pull request #33 from Xiao-Congchen/update-documentation","messageBody":"","fileTypesAndContributionMap":{}}]},{"date":"2025-10-09T00:00:00","commitResults":[{"hash":"def8ed383168a1bf73d34db22ab4882745b97ee0","isMergeCommit":true,"messageTitle":"Merge pull request #53 from stellecodes/feature/filter-by-tag","messageBody":"Add Filter By Tag feature","fileTypesAndContributionMap":{}},{"hash":"41485d7468e3376850bb596e62a2e055bd0841a6","isMergeCommit":false,"messageTitle":"Create Remark class","messageBody":"","fileTypesAndContributionMap":{"functional-code":{"insertions":41,"deletions":0}}},{"hash":"b5b6b71286633733e51066362bb6426d2317985f","isMergeCommit":false,"messageTitle":"Add remark field to Person class","messageBody":"","fileTypesAndContributionMap":{"functional-code":{"insertions":21,"deletions":2}}},{"hash":"07a6a0cbf2168dc2df44381828087a55246ee119","isMergeCommit":false,"messageTitle":"Add remark CLI syntax","messageBody":"","fileTypesAndContributionMap":{"functional-code":{"insertions":1,"deletions":0}}},{"hash":"203a39456214e471c3ca6182b2731c3e75daf0fa","isMergeCommit":false,"messageTitle":"Remove extra constructor in Person","messageBody":"Do not require additional constructor to handle cases of null remark - will be handled in the parser\n","fileTypesAndContributionMap":{"functional-code":{"insertions":0,"deletions":11}}},{"hash":"31fe0e1694ff4ba506dd9302e77dbc018f62631d","isMergeCommit":false,"messageTitle":"Add remark parsing logic to parser","messageBody":"","fileTypesAndContributionMap":{"functional-code":{"insertions":21,"deletions":0}}},{"hash":"79cb4d0ff34388cf7b484891846a9849ef6def18","isMergeCommit":false,"messageTitle":"Include sample remarks and null remarks in SampleDataUtil","messageBody":"","fileTypesAndContributionMap":{"functional-code":{"insertions":7,"deletions":6}}},{"hash":"6c7e454a7bb4cf8f5e2d0a2381c369cbfd74b774","isMergeCommit":false,"messageTitle":"Update editCommand to accommodate new remark field","messageBody":"","fileTypesAndContributionMap":{"functional-code":{"insertions":27,"deletions":3}}},{"hash":"6bc63dd71536774d2b68359239e81b4f1d90661e","isMergeCommit":false,"messageTitle":"Update EditCommandParser to handle new remark field","messageBody":"","fileTypesAndContributionMap":{"functional-code":{"insertions":6,"deletions":2}}},{"hash":"a5986fda6506eedfb12effcd427d3e948e4a2708","isMergeCommit":false,"messageTitle":"Include remark field in UI view","messageBody":"","fileTypesAndContributionMap":{"functional-code":{"insertions":1,"deletions":0}}},{"hash":"bec4a3c68abfd72853b535c32864986ef11c42eb","isMergeCommit":false,"messageTitle":"Add remark field to PersonCard","messageBody":"","fileTypesAndContributionMap":{"functional-code":{"insertions":5,"deletions":0}}},{"hash":"3aa79628c16e7a33e3becd5dc674a4e3c71cc100","isMergeCommit":false,"messageTitle":"Update AddCommandParser to handle optional remark field","messageBody":"","fileTypesAndContributionMap":{"functional-code":{"insertions":12,"deletions":4}}},{"hash":"e786075b18c0c781be4f6073ade5ef1db850619c","isMergeCommit":false,"messageTitle":"Ensure remark is included in serialization","messageBody":"","fileTypesAndContributionMap":{"functional-code":{"insertions":11,"deletions":2}}},{"hash":"3ce4ce799d4858101bdf7932933825d685ced46d","isMergeCommit":false,"messageTitle":"Add remark field testing in PersonTest","messageBody":"","fileTypesAndContributionMap":{"test-code":{"insertions":15,"deletions":0}}},{"hash":"2c138f1737f7532798166dfb5c7c590d10b0afd4","isMergeCommit":false,"messageTitle":"Ensure PersonBuilder can build test persons with remarks","messageBody":"","fileTypesAndContributionMap":{"test-code":{"insertions":14,"deletions":1}}},{"hash":"2fe1ad5bce5db5bfb3bac00eb17fa55e2b91f244","isMergeCommit":false,"messageTitle":"Update EditPersonDescBuilder to handle remarks","messageBody":"","fileTypesAndContributionMap":{"test-code":{"insertions":9,"deletions":0}}},{"hash":"1c81bfecaabfd42de612076d34dd2680781dbb6c","isMergeCommit":false,"messageTitle":"Update TestUtil to include remarks","messageBody":"","fileTypesAndContributionMap":{"test-code":{"insertions":5,"deletions":0}}},{"hash":"2e99baa7fda70d6ee886a53cbb93a67aa30af78c","isMergeCommit":false,"messageTitle":"Update JsonAdaptedPersonTest to include valid and invalid remarks","messageBody":"","fileTypesAndContributionMap":{"test-code":{"insertions":35,"deletions":14}}},{"hash":"2cf50c31e08d952107e039176d4ccabea73251db","isMergeCommit":false,"messageTitle":"Update TypicalPersons.java","messageBody":"","fileTypesAndContributionMap":{"test-code":{"insertions":4,"deletions":2}}},{"hash":"85167df9174a191469100e785c8892aa43a1b910","isMergeCommit":false,"messageTitle":"Remove DEFAULT_REMARK as it is optional","messageBody":"","fileTypesAndContributionMap":{"test-code":{"insertions":0,"deletions":2}}},{"hash":"0bff36af7b110e2bde096d634f1ffdef735dc985","isMergeCommit":false,"messageTitle":"Fix typo with PREFIX_REMARK","messageBody":"","fileTypesAndContributionMap":{"test-code":{"insertions":3,"deletions":2}}},{"hash":"6b0f5af866889ba2a2c7f04eaf03affc8785f281","isMergeCommit":false,"messageTitle":"Remove final for remarks field in Remark","messageBody":"","fileTypesAndContributionMap":{"functional-code":{"insertions":1,"deletions":1}}},{"hash":"56ff74b0d6a6d2b87052b29d20af1a2788257b10","isMergeCommit":false,"messageTitle":"Update all sample data to use empty string as default remark","messageBody":"","fileTypesAndContributionMap":{"functional-code":{"insertions":4,"deletions":4}}},{"hash":"d0edbd39fff1bb38fa2a624e3946f36be3b9c4a9","isMergeCommit":false,"messageTitle":"Cosmetic update to example message","messageBody":"","fileTypesAndContributionMap":{"functional-code":{"insertions":3,"deletions":0}}},{"hash":"8e98664a46f9e8392e0138a40f2ca0cc6cde37b6","isMergeCommit":false,"messageTitle":"Replace Remark(null) with Remark(\"\")","messageBody":"","fileTypesAndContributionMap":{"functional-code":{"insertions":3,"deletions":2},"test-code":{"insertions":1,"deletions":0}}},{"hash":"59f14f80358add6a5cd5be9e13b0804e724440d2","isMergeCommit":false,"messageTitle":"Override equals in Remark","messageBody":"","fileTypesAndContributionMap":{"functional-code":{"insertions":18,"deletions":0}}},{"hash":"0027948638912af382df5ff21b4b84b997b00e6b","isMergeCommit":false,"messageTitle":"Update testcase to include remark field","messageBody":"","fileTypesAndContributionMap":{"test-code":{"insertions":45,"deletions":28}}},{"hash":"6565388c59babe8fc60e564e6cfed00ae1eac412","isMergeCommit":false,"messageTitle":"Update user messages","messageBody":"","fileTypesAndContributionMap":{"functional-code":{"insertions":6,"deletions":4}}},{"hash":"fb851a53ab239d127572938fac848dfa217d57ef","isMergeCommit":false,"messageTitle":"Cosmetic UI changes","messageBody":"","fileTypesAndContributionMap":{"functional-code":{"insertions":15,"deletions":3}}},{"hash":"f70f46068a85808fcfbaed5f96feeb3221ab6a84","isMergeCommit":false,"messageTitle":"Update testcase dependencies","messageBody":"","fileTypesAndContributionMap":{"functional-code":{"insertions":5,"deletions":3},"test-code":{"insertions":3,"deletions":1}}},{"hash":"4d67e25a2b415f50c773b3a66cc32a0ab1ae7c8a","isMergeCommit":false,"messageTitle":"Wrap lines for checkstyle","messageBody":"","fileTypesAndContributionMap":{"functional-code":{"insertions":16,"deletions":10}}},{"hash":"ea9cce02ded71b61f87d4f8a1d316ce08a518149","isMergeCommit":false,"messageTitle":"Amend styling issues","messageBody":"","fileTypesAndContributionMap":{"functional-code":{"insertions":4,"deletions":4}}},{"hash":"5fb778a3f2e92dda4755068b551923668dcc71f8","isMergeCommit":false,"messageTitle":"Fix all remaining line length issues","messageBody":"","fileTypesAndContributionMap":{"functional-code":{"insertions":10,"deletions":5},"test-code":{"insertions":5,"deletions":3}}},{"hash":"475669b30808247e2494fa1cca61bdd952bfe448","isMergeCommit":false,"messageTitle":"Fix all remaining testcases to handle remark","messageBody":"","fileTypesAndContributionMap":{"functional-code":{"insertions":3,"deletions":0},"test-code":{"insertions":1,"deletions":1}}},{"hash":"efa710080beb062031aab116baacf98cd212e3ed","isMergeCommit":true,"messageTitle":"Merge pull request #60 from Xiao-Congchen/update-contact","messageBody":"Add remark field to general Person contact ","fileTypesAndContributionMap":{}}]},{"date":"2025-10-13T00:00:00","commitResults":[{"hash":"3de084a02da817efb054c38129f5fa712a64cce8","isMergeCommit":true,"messageTitle":"Merge pull request #62 from genehern/group-tags","messageBody":"Add functionality to group tags\n\nAdministrative merge","fileTypesAndContributionMap":{}},{"hash":"5c319622eb60a29cdead4f440ac334378ca3eda5","isMergeCommit":false,"messageTitle":"Remove tag from superclass Person","messageBody":"","fileTypesAndContributionMap":{"functional-code":{"insertions":3,"deletions":15}}},{"hash":"556846d7c2abdff249b7d40ffe55ae390c8de297","isMergeCommit":false,"messageTitle":"Create Student.java","messageBody":"","fileTypesAndContributionMap":{"functional-code":{"insertions":93,"deletions":0}}},{"hash":"e3bab964317c11b05a55d0020bef947bf052cf10","isMergeCommit":false,"messageTitle":"Remove remnant of tag in Person","messageBody":"","fileTypesAndContributionMap":{"functional-code":{"insertions":1,"deletions":1}}},{"hash":"a8f275961c36fc208fc56ab0cf8792d74f353a9f","isMergeCommit":false,"messageTitle":"Create Parent.java","messageBody":"","fileTypesAndContributionMap":{"functional-code":{"insertions":77,"deletions":1}}},{"hash":"9bc591d4c18f93060dfd06ba81bf42545b1ba663","isMergeCommit":false,"messageTitle":"Minor update to Student toString method","messageBody":"","fileTypesAndContributionMap":{"functional-code":{"insertions":1,"deletions":1}}}]},{"date":"2025-10-14T00:00:00","commitResults":[{"hash":"0adf3607ef34867b508291806ad2e5482579b049","isMergeCommit":false,"messageTitle":"Add specific command for adding student","messageBody":"","fileTypesAndContributionMap":{"functional-code":{"insertions":57,"deletions":1}}},{"hash":"f8169799c8871830d660072e63ad7a292b5b7919","isMergeCommit":false,"messageTitle":"Add specific command to add Parent","messageBody":"","fileTypesAndContributionMap":{"functional-code":{"insertions":49,"deletions":0}}},{"hash":"6ae9b324118786e4f830c836ab1fc71d3d3767b3","isMergeCommit":false,"messageTitle":"Convert AddCommand into abstract class","messageBody":"","fileTypesAndContributionMap":{"functional-code":{"insertions":6,"deletions":39}}}]},{"date":"2025-10-15T00:00:00","commitResults":[{"hash":"94b737cb0f74f7c4e5ac7298b9f98a155567792d","isMergeCommit":false,"messageTitle":"Convert AddCommandParser into an abstract class","messageBody":"","fileTypesAndContributionMap":{"functional-code":{"insertions":23,"deletions":12}}},{"hash":"32162da33e8db9fe58ec127d81a88ed44bb7b25d","isMergeCommit":false,"messageTitle":"Create appropriate child classes for adding parent and student","messageBody":"","fileTypesAndContributionMap":{"functional-code":{"insertions":93,"deletions":0}}},{"hash":"e5c2141c87b842f0bd6253df642fe0085da185fd","isMergeCommit":false,"messageTitle":"Add new command words to AddressBookParser","messageBody":"","fileTypesAndContributionMap":{"functional-code":{"insertions":7,"deletions":3}}},{"hash":"0d9cd0647fcd9fcfdc162476cb0e71a5d2e4a7e9","isMergeCommit":false,"messageTitle":"Resolve dependency issues with UniqueTagList","messageBody":"","fileTypesAndContributionMap":{"functional-code":{"insertions":40,"deletions":32},"other":{"insertions":2,"deletions":2}}},{"hash":"fcd6d6db40bba890dfd66634a9c75b375e3334c1","isMergeCommit":false,"messageTitle":"Resolve dependency issues in EditCommand","messageBody":"","fileTypesAndContributionMap":{"functional-code":{"insertions":10,"deletions":2}}},{"hash":"dc103ef6e0b4cf688f940299527d0e2ce196fe79","isMergeCommit":false,"messageTitle":"Resolve dependency issues in TagContainsKeywordsPredicate","messageBody":"","fileTypesAndContributionMap":{"functional-code":{"insertions":10,"deletions":5}}},{"hash":"53d2ebd87f900db4e45edfbceaefe3c14343180f","isMergeCommit":false,"messageTitle":"Resolve dependency issues in FilterTagCommand","messageBody":"","fileTypesAndContributionMap":{"functional-code":{"insertions":3,"deletions":3}}},{"hash":"2a96c7e4cf41083506b0059e08a187d50c89be38","isMergeCommit":false,"messageTitle":"Resolve dependency issue in TagContainsKeywordsPredicate","messageBody":"FilterTagCommand takes Predicate\u003cPerson\u003e.\n\nTagContatinsKeywordPredicate should also implement Predicate\u003cPerson\u003e, so a type cast is required here.\n","fileTypesAndContributionMap":{"functional-code":{"insertions":9,"deletions":3}}},{"hash":"50864f157add37ecc941d5d308c5d8bbbb34670a","isMergeCommit":false,"messageTitle":"Update SampleDataUtil.java","messageBody":"Convert sample Person objects into Student and Parent objects\n","fileTypesAndContributionMap":{"functional-code":{"insertions":11,"deletions":12}}},{"hash":"9b6c5e72471b12e3a83c3ee8f2d27238312f487f","isMergeCommit":false,"messageTitle":"Convert JsonAdaptedPerson into abstract class","messageBody":"","fileTypesAndContributionMap":{"functional-code":{"insertions":27,"deletions":29}}},{"hash":"c01f08bb800a5fc35e0f0fa04516718fe21a8bba","isMergeCommit":false,"messageTitle":"Add JsonAdaptedParent and Student classes","messageBody":"","fileTypesAndContributionMap":{"functional-code":{"insertions":105,"deletions":0}}},{"hash":"62adcbaf954ad214533c343e2542535a35bb8231","isMergeCommit":false,"messageTitle":"Resolve dependency issue with serializing stream of Person","messageBody":"","fileTypesAndContributionMap":{"functional-code":{"insertions":16,"deletions":1}}},{"hash":"2abad5ebabc9c56a9391071179141a13764cd88d","isMergeCommit":false,"messageTitle":"Rename VALID_TAGs","messageBody":"","fileTypesAndContributionMap":{"test-code":{"insertions":45,"deletions":43}}},{"hash":"78fdc2176a1c8036795611ffb3d5a60b6dfb4655","isMergeCommit":false,"messageTitle":"Allow building of both Parent and Student","messageBody":"","fileTypesAndContributionMap":{"test-code":{"insertions":15,"deletions":5}}},{"hash":"437ece8e53da69b3b0a54624d88ea7985215461a","isMergeCommit":false,"messageTitle":"Refactor with new build parent/student method","messageBody":"","fileTypesAndContributionMap":{"test-code":{"insertions":11,"deletions":11}}},{"hash":"6001a13afefa359097e4e9e3ddd42ee3fb51a64e","isMergeCommit":false,"messageTitle":"Move toString into AddParent and AddStudent","messageBody":"","fileTypesAndContributionMap":{"functional-code":{"insertions":16,"deletions":7}}},{"hash":"1f676551d9a3ec33e18af7ed83c58cd26454ad27","isMergeCommit":false,"messageTitle":"Add testcases for Student and Parent add commands","messageBody":"","fileTypesAndContributionMap":{"test-code":{"insertions":77,"deletions":21}}},{"hash":"0013cb722d9e0cd6ee7ec2961ca3238d251747e1","isMergeCommit":false,"messageTitle":"Update build command","messageBody":"","fileTypesAndContributionMap":{"test-code":{"insertions":2,"deletions":2}}},{"hash":"4408b4bfa60184d55c70ce46d93521e696472e36","isMergeCommit":false,"messageTitle":"Add testcases for different Person types","messageBody":"","fileTypesAndContributionMap":{"test-code":{"insertions":177,"deletions":38}}},{"hash":"c57d4d80412310bd99dbb9480130ca758015cbcc","isMergeCommit":false,"messageTitle":"Update to separate testing of Student and Parent","messageBody":"","fileTypesAndContributionMap":{"test-code":{"insertions":120,"deletions":35}}},{"hash":"76a2dcb35ea9ec8095b91fbddfd9a55cf86c95ed","isMergeCommit":false,"messageTitle":"Add logic to handle Students with tags","messageBody":"","fileTypesAndContributionMap":{"test-code":{"insertions":5,"deletions":1}}},{"hash":"0e0aebebf66f77215151e816f37c9c5297f1f7b6","isMergeCommit":false,"messageTitle":"Add separate test cases for Student and Parent","messageBody":"","fileTypesAndContributionMap":{"test-code":{"insertions":25,"deletions":9}}},{"hash":"fc51f8b2f8f7d2ad6d4d7ce4db8a9626df3d3559","isMergeCommit":false,"messageTitle":"Only show tags for Student objects","messageBody":"","fileTypesAndContributionMap":{"functional-code":{"insertions":9,"deletions":3}}},{"hash":"351533bd089d0a4bcd58239b5b8edb3204b399ca","isMergeCommit":false,"messageTitle":"Update testcases","messageBody":"","fileTypesAndContributionMap":{"test-code":{"insertions":146,"deletions":101}}},{"hash":"9faabc042296f65f92d41a8743c6e60613982fcd","isMergeCommit":false,"messageTitle":"Ensure the right class of Person is used","messageBody":"","fileTypesAndContributionMap":{"test-code":{"insertions":16,"deletions":4}}},{"hash":"a27de0610183fde822bd03a4476c15e1b6dbbfa1","isMergeCommit":false,"messageTitle":"Ensure the different Person subclasses can be saved to Json","messageBody":"","fileTypesAndContributionMap":{"functional-code":{"insertions":47,"deletions":19}}},{"hash":"e78c9405ad260f9475449f357512c7718557cdce","isMergeCommit":false,"messageTitle":"Update Person to Parent in return","messageBody":"","fileTypesAndContributionMap":{"functional-code":{"insertions":2,"deletions":1}}},{"hash":"10a37ab796ef6349f7632b89db66d0de432cd87b","isMergeCommit":false,"messageTitle":"Update Json dependencies","messageBody":"","fileTypesAndContributionMap":{"functional-code":{"insertions":48,"deletions":22},"test-code":{"insertions":20,"deletions":19}}},{"hash":"91c0a1ebf4bfd2c1ab7b49e5453610ceb0c918c1","isMergeCommit":false,"messageTitle":"Update AddCommandParser to take in Role enum to display the right message","messageBody":"","fileTypesAndContributionMap":{"functional-code":{"insertions":13,"deletions":5}}},{"hash":"61f2eb38d1e1d4e55d41e4834e5f4dd825f8554d","isMergeCommit":false,"messageTitle":"Add comments","messageBody":"","fileTypesAndContributionMap":{"functional-code":{"insertions":1,"deletions":0}}},{"hash":"af1692667fa83820616b5d3cbd71e4c74610bedc","isMergeCommit":true,"messageTitle":"Merge branch \u0027master\u0027 into split-parent-student-contacts","messageBody":"","fileTypesAndContributionMap":{}},{"hash":"beb43a344c9dd94b2cd59f037cf6cd5ed7775808","isMergeCommit":false,"messageTitle":"Attempt to fix checkstyle issues","messageBody":"","fileTypesAndContributionMap":{"functional-code":{"insertions":47,"deletions":58}}},{"hash":"c19cfe95a19701608e709ea3736d4ce508d9dd04","isMergeCommit":false,"messageTitle":"Attempt to fix checkstyle issues round 2","messageBody":"","fileTypesAndContributionMap":{"functional-code":{"insertions":23,"deletions":21}}},{"hash":"667a95e55b3910d6b404c2b4878d41f565c3c9ea","isMergeCommit":false,"messageTitle":"Checkstyle fix round 3","messageBody":"","fileTypesAndContributionMap":{"functional-code":{"insertions":6,"deletions":6}}},{"hash":"3cfbd78b1f8c6c74e3b8b3cedd7fd3ab5e1288a9","isMergeCommit":false,"messageTitle":"Checkstyle fix round 4","messageBody":"","fileTypesAndContributionMap":{"functional-code":{"insertions":2,"deletions":2}}},{"hash":"a98ad184fc3a6b69f4b0ed4d8848587962755a20","isMergeCommit":false,"messageTitle":"Checkstyle round 5","messageBody":"","fileTypesAndContributionMap":{"functional-code":{"insertions":6,"deletions":4}}},{"hash":"27fb107ef29af43cc4f42e62fac1a23ca25fb162","isMergeCommit":false,"messageTitle":"Checkstyle round 6","messageBody":"","fileTypesAndContributionMap":{"functional-code":{"insertions":4,"deletions":4}}},{"hash":"aa19a5769bae5275dd135e064c812c4d8f30f5f6","isMergeCommit":false,"messageTitle":"Checkstyle round 7","messageBody":"","fileTypesAndContributionMap":{"test-code":{"insertions":42,"deletions":44}}}]},{"date":"2025-10-16T00:00:00","commitResults":[{"hash":"1dc4c70c8b2a67ec4ff3d3f797708ca4d00bb63a","isMergeCommit":false,"messageTitle":"Correct error-handling logic","messageBody":"","fileTypesAndContributionMap":{"functional-code":{"insertions":12,"deletions":13}}},{"hash":"43f64e3d98619a21932ef5a092d471c23a5209fc","isMergeCommit":true,"messageTitle":"Merge pull request #83 from Xiao-Congchen/split-parent-student-contacts","messageBody":"Correct JSON and error-handling logic","fileTypesAndContributionMap":{}},{"hash":"04d1ded5fcdd5627421557201d61e1f3209c6f1c","isMergeCommit":false,"messageTitle":"Update UserGuide","messageBody":"","fileTypesAndContributionMap":{"docs":{"insertions":52,"deletions":39}}},{"hash":"cf34d2357e9e3f29baf9edcfddd8251e1f4330d1","isMergeCommit":false,"messageTitle":"Update screenshots and display size","messageBody":"","fileTypesAndContributionMap":{"docs":{"insertions":3,"deletions":4}}},{"hash":"13686883233107c72dc69b620bfc05e2d6f088db","isMergeCommit":true,"messageTitle":"Merge pull request #87 from Xiao-Congchen/update-documentation","messageBody":"Update UserGuide","tags":["v1.3"],"fileTypesAndContributionMap":{}}]},{"date":"2025-10-23T00:00:00","commitResults":[{"hash":"1314a9ccb8a0e2dd105168292281584e916cc9c5","isMergeCommit":false,"messageTitle":"Update sample data to reflect accurate tags","messageBody":"","fileTypesAndContributionMap":{"functional-code":{"insertions":4,"deletions":4}}},{"hash":"ab44891de2df1953339826a85155445b8ed91faf","isMergeCommit":true,"messageTitle":"Merge branch \u0027master\u0027 into update-documentation","messageBody":"","fileTypesAndContributionMap":{}},{"hash":"4cb1d0c4b6669f898c2829a396dbf314d5b9a7c7","isMergeCommit":true,"messageTitle":"Merge branch \u0027master\u0027 into update-documentation","messageBody":"","fileTypesAndContributionMap":{}},{"hash":"a79023a01a27706613060269cfbda6d4039d4a3a","isMergeCommit":false,"messageTitle":"Remove references to \u0027showall\u0027, add edit tip","messageBody":"","fileTypesAndContributionMap":{"docs":{"insertions":10,"deletions":4}}},{"hash":"36ab77b67911c3d6b880d62b6f691e906ed95994","isMergeCommit":false,"messageTitle":"Block tag edit for parent contact","messageBody":"","fileTypesAndContributionMap":{"functional-code":{"insertions":8,"deletions":2}}},{"hash":"e9539a832582bdfec027707a3804324d65ac79bf","isMergeCommit":false,"messageTitle":"Add test case for  attempting to edit parent tag","messageBody":"","fileTypesAndContributionMap":{"test-code":{"insertions":9,"deletions":0}}},{"hash":"a429affac0a5741c81b952f21d9b6ff2d8fdefdf","isMergeCommit":false,"messageTitle":"Only show remark if there is remark","messageBody":"","fileTypesAndContributionMap":{"functional-code":{"insertions":8,"deletions":6}}},{"hash":"a13d3515b3cc81daabcdad022c2067e2aaced1e2","isMergeCommit":true,"messageTitle":"Merge pull request #93 from genehern/taglist-test","messageBody":"Add Taglist test","fileTypesAndContributionMap":{}},{"hash":"7860498d9a5dd34f3a884044a131d763b082092d","isMergeCommit":true,"messageTitle":"Merge pull request #101 from Xiao-Congchen/update-documentation","messageBody":"Clean up remnants of Showall and add a tip for edit in UG","fileTypesAndContributionMap":{}},{"hash":"c05541008da8d41e32afbf431120e3c6b423aa93","isMergeCommit":true,"messageTitle":"Merge pull request #104 from Xiao-Congchen/update-edit-command","messageBody":"Block tag edit for parent contact","tags":["v1.4"],"fileTypesAndContributionMap":{}}]},{"date":"2025-10-24T00:00:00","commitResults":[{"hash":"c3aff206214642b4866d535528dea83d847835d4","isMergeCommit":false,"messageTitle":"Add role chip to PersonListCard","messageBody":"","fileTypesAndContributionMap":{"functional-code":{"insertions":114,"deletions":32}}},{"hash":"d2cea1e5ec12418fc61af3322d0d0b647d5ac795","isMergeCommit":false,"messageTitle":"Fix minHeight issue","messageBody":"","fileTypesAndContributionMap":{"functional-code":{"insertions":3,"deletions":1}}},{"hash":"db99fc13c60c05ad181de461b98886421f96d49c","isMergeCommit":true,"messageTitle":"Merge branch \u0027master\u0027 into update-ui","messageBody":"","fileTypesAndContributionMap":{}},{"hash":"e4f80b7b738778c8146d789eb2956ddb8cd64207","isMergeCommit":false,"messageTitle":"Update ModelClassDiagram","messageBody":"Reorganize structure and add in Parent and Student classes\n","fileTypesAndContributionMap":{"docs":{"insertions":18,"deletions":8}}},{"hash":"fc7a1022c6209ac29464bcdcfb48f72f223d2ded","isMergeCommit":false,"messageTitle":"Remove cancel operation from use cases","messageBody":"","fileTypesAndContributionMap":{"docs":{"insertions":13,"deletions":36}}},{"hash":"ad9d3a5d2a6e52a97c02be7c4ac1c6f75e5153e7","isMergeCommit":false,"messageTitle":"Add Remark class to model","messageBody":"","fileTypesAndContributionMap":{"docs":{"insertions":5,"deletions":6}}}]},{"date":"2025-10-29T00:00:00","commitResults":[{"hash":"050368497ae33ea600041a467d4d940d321d3041","isMergeCommit":true,"messageTitle":"Merge pull request #105 from Xiao-Congchen/update-ui","messageBody":"Update UI","fileTypesAndContributionMap":{}},{"hash":"24a4cf67a2de20b37f96c9e54b5d467b7ba6086d","isMergeCommit":true,"messageTitle":"Merge pull request #107 from Xiao-Congchen/update-documentation","messageBody":"Update documentation","fileTypesAndContributionMap":{}},{"hash":"f98bdf52396410a6f057c8db70ac7a34ac4821ea","isMergeCommit":false,"messageTitle":"Wrap all contact card fields","messageBody":"","fileTypesAndContributionMap":{"functional-code":{"insertions":4,"deletions":6}}},{"hash":"3214a849302007154b4388ee0d640963b3962484","isMergeCommit":false,"messageTitle":"Update name field constraints","messageBody":"","fileTypesAndContributionMap":{"functional-code":{"insertions":5,"deletions":2}}},{"hash":"a67d41b79fb7fa1f917740b26816719c49091fb3","isMergeCommit":false,"messageTitle":"Restructure Email and Name user response","messageBody":"","fileTypesAndContributionMap":{"functional-code":{"insertions":13,"deletions":13}}},{"hash":"4c5929dc435bac23bc64ea23a3863f43026f751b","isMergeCommit":false,"messageTitle":"Add email length limit","messageBody":"","fileTypesAndContributionMap":{"functional-code":{"insertions":12,"deletions":7}}},{"hash":"779f388d8fa70b9b56258606ff65feb095255333","isMergeCommit":false,"messageTitle":"Update Phone number constraints","messageBody":"","fileTypesAndContributionMap":{"functional-code":{"insertions":2,"deletions":2}}},{"hash":"8fa519fd5cbc798ce3d11e32e15d0cd74cdea564","isMergeCommit":false,"messageTitle":"Email is case insensitive","messageBody":"","fileTypesAndContributionMap":{"functional-code":{"insertions":1,"deletions":1}}},{"hash":"8244a99ce9b6fef037580b626634c5b3e64d9c84","isMergeCommit":false,"messageTitle":"Update Remark constraints","messageBody":"","fileTypesAndContributionMap":{"functional-code":{"insertions":4,"deletions":2}}},{"hash":"f71cb3b4f5015906335e25fa2c04d7fa247d0bb5","isMergeCommit":false,"messageTitle":"Add address constraints","messageBody":"","fileTypesAndContributionMap":{"functional-code":{"insertions":3,"deletions":2}}},{"hash":"435e8c0f1d26ed6ad5819ff7736f88315ad11c39","isMergeCommit":false,"messageTitle":"Update Name constraints","messageBody":"","fileTypesAndContributionMap":{"functional-code":{"insertions":1,"deletions":1}}},{"hash":"55afd1b537e4429fed94a38eec4f63450cb10c86","isMergeCommit":false,"messageTitle":"Formatting fix","messageBody":"","fileTypesAndContributionMap":{"functional-code":{"insertions":11,"deletions":12}}},{"hash":"062be02919b7e823a5c0167dda1b08c6c043bf56","isMergeCommit":false,"messageTitle":"Reduce email constraints","messageBody":"","fileTypesAndContributionMap":{"functional-code":{"insertions":8,"deletions":15}}},{"hash":"9316b902ecf31e653d83e1289dc6186bdc8c0260","isMergeCommit":false,"messageTitle":"Update testcases","messageBody":"","fileTypesAndContributionMap":{"functional-code":{"insertions":2,"deletions":2},"test-code":{"insertions":13,"deletions":10}}},{"hash":"fa2f4914610215394eeede0fcda141379f868dae","isMergeCommit":true,"messageTitle":"Merge pull request #137 from Xiao-Congchen/fix-remark-wrapping","messageBody":"Wrap all contact card fields","fileTypesAndContributionMap":{}}]},{"date":"2025-10-30T00:00:00","commitResults":[{"hash":"600b304dd47d37b9c5686be1e26bef9422244eaf","isMergeCommit":true,"messageTitle":"Merge pull request #145 from genehern/tag-command-update","messageBody":"Tag command update","fileTypesAndContributionMap":{}},{"hash":"baf917591dd0c4024e4938dc6fec108f5af19a1f","isMergeCommit":true,"messageTitle":"Merge branch \u0027master\u0027 into ug-command-FAQ-improvements","messageBody":"","fileTypesAndContributionMap":{}},{"hash":"6c6bc39ef288ca71eb89bb3d90a2aac68c38ffdd","isMergeCommit":false,"messageTitle":"Make Tag case-insensitive","messageBody":"","fileTypesAndContributionMap":{"functional-code":{"insertions":2,"deletions":1}}},{"hash":"b9a31293b4d60ed127d53df848511e671194389f","isMergeCommit":false,"messageTitle":"Update Tag tests","messageBody":"","fileTypesAndContributionMap":{"test-code":{"insertions":25,"deletions":26}}},{"hash":"977704dba32f92e96b1505eb49cedf02e8480bcf","isMergeCommit":true,"messageTitle":"Merge branch \u0027master\u0027 into fix-contact-field-validation","messageBody":"","fileTypesAndContributionMap":{}},{"hash":"7de599115c2fcf0a4bf337445a147dd33d4b2102","isMergeCommit":false,"messageTitle":"Update user response","messageBody":"","fileTypesAndContributionMap":{"functional-code":{"insertions":1,"deletions":1},"test-code":{"insertions":1,"deletions":1}}},{"hash":"2b353f375bb565234532113817256cb0bec988cd","isMergeCommit":true,"messageTitle":"Merge branch \u0027fix-contact-field-validation\u0027 of https://github.com/Xiao-Congchen/tp into fix-contact-field-validation","messageBody":"","fileTypesAndContributionMap":{}},{"hash":"8faecbd078b5b425b05532af510ebce9379467bb","isMergeCommit":false,"messageTitle":"Remove outdated test case","messageBody":"","fileTypesAndContributionMap":{"test-code":{"insertions":0,"deletions":1}}},{"hash":"95fa0409b8773b952783b43105e2ef518b8fa517","isMergeCommit":true,"messageTitle":"Merge pull request #139 from Xiao-Congchen/fix-contact-field-validation","messageBody":"Fix contact field validation","fileTypesAndContributionMap":{}}]}],"genehern":[{"date":"2025-09-20T00:00:00","commitResults":[{"hash":"357e0eb6e65e00ae5d6a63757c14c2fe46ccb618","isMergeCommit":false,"messageTitle":"Add space to create PR","messageBody":"","fileTypesAndContributionMap":{"functional-code":{"insertions":1,"deletions":0}}}]},{"date":"2025-10-01T00:00:00","commitResults":[{"hash":"83b8f16e72c06434951447e71976fd7418d92395","isMergeCommit":true,"messageTitle":"Merge pull request #14 from genehern/add-gene-photo","messageBody":"Add Gene photo","fileTypesAndContributionMap":{}},{"hash":"b7aa5e3059a76b99af1ef2421fd56325c536cac0","isMergeCommit":false,"messageTitle":"Change description for Gene","messageBody":"","fileTypesAndContributionMap":{"docs":{"insertions":52,"deletions":5}}},{"hash":"49a76374e63231090c8a86c17587ef333726d724","isMergeCommit":true,"messageTitle":"Merge pull request #25 from genehern/about-us-gene","messageBody":"Change description for Gene","fileTypesAndContributionMap":{}},{"hash":"811fba9240331a1398f019037d3dbb99d3773e69","isMergeCommit":false,"messageTitle":"Add CI badge and acknowledgement","messageBody":"","fileTypesAndContributionMap":{"docs":{"insertions":2,"deletions":2}}},{"hash":"30f98796c527f7df2669ff132cb7c8cc80b76e4c","isMergeCommit":true,"messageTitle":"Merge pull request #31 from genehern/about-us-update","messageBody":"Add CI badge and acknowledgement","fileTypesAndContributionMap":{}}]},{"date":"2025-10-08T00:00:00","commitResults":[{"hash":"0b01a2bf205b38cc47a74e8ace79840ef1fd882b","isMergeCommit":false,"messageTitle":"Create skeleton for tag list","messageBody":"","fileTypesAndContributionMap":{"functional-code":{"insertions":135,"deletions":0}}},{"hash":"7969e503876ede490bb7a78d27304609b7451e7b","isMergeCommit":false,"messageTitle":"Update test case","messageBody":"","fileTypesAndContributionMap":{"functional-code":{"insertions":47,"deletions":15},"test-code":{"insertions":6,"deletions":0}}},{"hash":"58b569680fc4c8ad840b3c6f61afda413d663315","isMergeCommit":false,"messageTitle":"Change initializer to align with codebase","messageBody":"","fileTypesAndContributionMap":{"functional-code":{"insertions":2,"deletions":1}}},{"hash":"58c3553ba58963cab7bfc8629f6748c8e7bd262a","isMergeCommit":false,"messageTitle":"Remove unnecessary comments","messageBody":"","fileTypesAndContributionMap":{"functional-code":{"insertions":2,"deletions":2}}},{"hash":"dc7697cbedaf57d2754f445874887aa6b49bddff","isMergeCommit":false,"messageTitle":"Add comments","messageBody":"","fileTypesAndContributionMap":{"functional-code":{"insertions":1,"deletions":1}}}]},{"date":"2025-10-10T00:00:00","commitResults":[{"hash":"40c40570511c806791a2e81703c9ebf1a265547c","isMergeCommit":false,"messageTitle":"Add functionality to group tags","messageBody":"","fileTypesAndContributionMap":{"functional-code":{"insertions":1,"deletions":0}}}]},{"date":"2025-10-16T00:00:00","commitResults":[{"hash":"27a824801d84211d6c3d6258763069493f7e4a05","isMergeCommit":false,"messageTitle":"Add tag type functionality","messageBody":"","fileTypesAndContributionMap":{"functional-code":{"insertions":385,"deletions":23},"docs":{"insertions":8,"deletions":0}}},{"hash":"bca3cc10061c468ae2fd3803bc75963180d0448d","isMergeCommit":false,"messageTitle":"Fix checkstyle error","messageBody":"","fileTypesAndContributionMap":{"functional-code":{"insertions":41,"deletions":20},"test-code":{"insertions":50,"deletions":0}}},{"hash":"e5e49e0a3495bebc55063766fc3ce3faedf9ccf8","isMergeCommit":true,"messageTitle":"Merge branch \u0027master\u0027 of https://github.com/AY2526S1-CS2103T-F10-4/tp into add-tags","messageBody":"","fileTypesAndContributionMap":{}},{"hash":"51a8c2c89139e03da0a5fa1a8d6a366d99324407","isMergeCommit":false,"messageTitle":"mend","messageBody":"","fileTypesAndContributionMap":{"functional-code":{"insertions":0,"deletions":1}}},{"hash":"a916dd7b1da449109ef6da58e1146c415ef5afde","isMergeCommit":true,"messageTitle":"Merge pull request #74 from genehern/add-tags","messageBody":"Add tag type functionality","fileTypesAndContributionMap":{}}]},{"date":"2025-10-22T00:00:00","commitResults":[{"hash":"997631b9709508e8b05095fe346de02b7f0b26b8","isMergeCommit":false,"messageTitle":"Add tests for tag list","messageBody":"","fileTypesAndContributionMap":{"functional-code":{"insertions":8,"deletions":0},"test-code":{"insertions":237,"deletions":0}}},{"hash":"3e974edfa2c60b2a1ee2ed1a3fb71e5ae4ece384","isMergeCommit":false,"messageTitle":"Add test case for add tag command","messageBody":"","fileTypesAndContributionMap":{"test-code":{"insertions":189,"deletions":2}}},{"hash":"3f84b74e64c16877a219b3a23af7efdf0970d935","isMergeCommit":false,"messageTitle":"Add test case delete command","messageBody":"","fileTypesAndContributionMap":{"test-code":{"insertions":198,"deletions":0}}},{"hash":"dabd76b84ff904297a402ed7a58e8d83ff714ac7","isMergeCommit":true,"messageTitle":"Merge branch \u0027master\u0027 of https://github.com/AY2526S1-CS2103T-F10-4/tp into taglist-test","messageBody":"","fileTypesAndContributionMap":{}}]},{"date":"2025-10-23T00:00:00","commitResults":[{"hash":"e93f8402165ea4ff6950ab04116891659c4d39f5","isMergeCommit":false,"messageTitle":"Fix checkstyle","messageBody":"","fileTypesAndContributionMap":{"test-code":{"insertions":11,"deletions":10}}},{"hash":"ab7d2d3b92e61710d2e9d49032423db5813105a2","isMergeCommit":false,"messageTitle":"Update test case","messageBody":"","fileTypesAndContributionMap":{"functional-code":{"insertions":17,"deletions":129},"test-code":{"insertions":2,"deletions":234}}},{"hash":"ef4d09a560b001b287333323b61ad83283a577c6","isMergeCommit":false,"messageTitle":"Update checkstyle","messageBody":"","fileTypesAndContributionMap":{"functional-code":{"insertions":2,"deletions":2}}},{"hash":"547a26a44fd65b8a01bb4d7c12d2bbc1b7e37845","isMergeCommit":false,"messageTitle":"Update test case","messageBody":"","fileTypesAndContributionMap":{"test-code":{"insertions":111,"deletions":0}}}]},{"date":"2025-10-27T00:00:00","commitResults":[{"hash":"a79fc5ee01a177a52b0525d0bf1ad57087b0707a","isMergeCommit":false,"messageTitle":"Update user guide","messageBody":"","fileTypesAndContributionMap":{"docs":{"insertions":6,"deletions":0}}}]},{"date":"2025-10-28T00:00:00","commitResults":[{"hash":"b6e342a8e7cbeb66045a464860e779f147635ab8","isMergeCommit":false,"messageTitle":"Add diagram for add command","messageBody":"","fileTypesAndContributionMap":{"docs":{"insertions":29,"deletions":0}}},{"hash":"9d5f0eeb5c1a648790d436ff5ae9ef16bad94e91","isMergeCommit":false,"messageTitle":"Update checkstyle","messageBody":"","fileTypesAndContributionMap":{"docs":{"insertions":1,"deletions":1}}},{"hash":"fbc7366b49d7b0ba41a3633bb3ec785928f15d6e","isMergeCommit":true,"messageTitle":"Merge pull request #109 from genehern/update-ug","messageBody":"Update user guide","fileTypesAndContributionMap":{}},{"hash":"25b77362e264467817a2dd7bffbb3e02e8e253b5","isMergeCommit":true,"messageTitle":"Merge pull request #110 from genehern/update-diagram","messageBody":"Add diagram for add command","fileTypesAndContributionMap":{}}]},{"date":"2025-10-29T00:00:00","commitResults":[{"hash":"9d7cab649b718c6bb56854f60d5ec98bd5cd58a9","isMergeCommit":false,"messageTitle":"Fix bug for delete tag","messageBody":"","fileTypesAndContributionMap":{"functional-code":{"insertions":19,"deletions":2}}},{"hash":"413c887a8d0bdb4f6a5c504443750da6ac70b597","isMergeCommit":false,"messageTitle":"Fix storage","messageBody":"","fileTypesAndContributionMap":{"functional-code":{"insertions":16,"deletions":8}}},{"hash":"b33dbe51d1b2345657320c8c0d05cc67687e4fe5","isMergeCommit":false,"messageTitle":"Update test cases","messageBody":"","fileTypesAndContributionMap":{"test-code":{"insertions":17,"deletions":2}}},{"hash":"223d03fb6aa221bf9688bb2e34ab6e8073fe063a","isMergeCommit":false,"messageTitle":"Add tag already exist feature","messageBody":"","fileTypesAndContributionMap":{"functional-code":{"insertions":29,"deletions":4}}},{"hash":"1b1ceaca58387c785341108d730b034caab7b29a","isMergeCommit":false,"messageTitle":"Checkstyle fixes","messageBody":"","fileTypesAndContributionMap":{"functional-code":{"insertions":1,"deletions":3},"test-code":{"insertions":1,"deletions":3}}},{"hash":"d418c56a96808cd62ded1e481f5b56f73a263fe6","isMergeCommit":true,"messageTitle":"Merge pull request #138 from genehern/tag-bug-fix","messageBody":"Bug fix for tag","fileTypesAndContributionMap":{}},{"hash":"4fc460027bc20a7b76f0116c25053398c4da9f49","isMergeCommit":false,"messageTitle":"Update tag command","messageBody":"","fileTypesAndContributionMap":{"functional-code":{"insertions":2,"deletions":2},"docs":{"insertions":6,"deletions":9}}}]},{"date":"2025-10-30T00:00:00","commitResults":[{"hash":"cf576c0ebf6dc1a4bad3c33ae6dd1b94549f806c","isMergeCommit":false,"messageTitle":"Update tag command","messageBody":"","fileTypesAndContributionMap":{"docs":{"insertions":8,"deletions":2}}}]}]},"authorFileTypeContributionMap":{"WeeJean":{"docs":182,"functional-code":707,"test-code":155},"YH-100203":{"docs":233,"functional-code":314,"test-code":489,"other":4},"stellecodes":{"docs":124,"functional-code":463,"test-code":164},"Xiao-Congchen":{"docs":127,"functional-code":993,"test-code":717,"other":2},"genehern":{"docs":97,"functional-code":470,"test-code":546}},"authorContributionVariance":{"WeeJean":12310.995,"YH-100203":16706.666,"stellecodes":10487.933,"Xiao-Congchen":86571.21,"genehern":21585.428},"authorDisplayNameMap":{"WeeJean":"CS2103T-F10-4 KOH ..JEAN","YH-100203":"CS2103T-F10-4 LIM ..HENG","stellecodes":"CS2103T-F10-4 STEL.. LIM","Xiao-Congchen":"CS2103T-F10-4 XIAO..CHEN","genehern":"CS2103T-F10-4 LEE ..HERN"}}
