{"authorDailyContributionsMap":{"Rahulvira":[{"date":"2025-10-01T00:00:00","commitResults":[{"hash":"05af91fe1d1bd502e5f3c757f730633af0042ccd","isMergeCommit":true,"messageTitle":"Merge pull request #7 from alfred-chua/add-photo","messageBody":"Add Alfred\u0027s photo","fileTypesAndContributionMap":{}},{"hash":"dff80e5995da2c34a79dc9ef5ae56b84182c6c6c","isMergeCommit":false,"messageTitle":"Update AboutUs.md","messageBody":"","fileTypesAndContributionMap":{"docs":{"insertions":2,"deletions":2}}},{"hash":"22c2b3654f925ce2636acbc06456ae1a951b2669","isMergeCommit":true,"messageTitle":"Merge branch \u0027master\u0027 into branch-UpdateAboutUs","messageBody":"","fileTypesAndContributionMap":{}},{"hash":"ba506826cadc7650f72682e6bb43796d3763c8aa","isMergeCommit":true,"messageTitle":"Merge remote-tracking branch \u0027upstream/master\u0027 into branch-UpdateAboutus","messageBody":"","fileTypesAndContributionMap":{}},{"hash":"6dbf4e4fe5d134af75a2557fb5dfc5a8e4528347","isMergeCommit":true,"messageTitle":"Merge branch \u0027master\u0027 into branch-UpdateAboutUs","messageBody":"","fileTypesAndContributionMap":{}},{"hash":"cf23d7c880f874cb7af53a68fa373a524c56654f","isMergeCommit":true,"messageTitle":"Merge pull request #19 from Mathew270/branch-UpdateAboutUs","messageBody":"Update Mathew\u0027s AboutUs page","fileTypesAndContributionMap":{}},{"hash":"d314658a378bbbc8d564126128d20118d6323116","isMergeCommit":false,"messageTitle":"Fix photo name","messageBody":"","fileTypesAndContributionMap":{"docs":{"insertions":1,"deletions":1}}},{"hash":"c1884f577943cf262c914f52a3e18cdfb50d014d","isMergeCommit":true,"messageTitle":"Merge pull request #23 from Rahulvira/branch-UpdateAboutus","messageBody":"Fix AboutUs error","fileTypesAndContributionMap":{}}]},{"date":"2025-10-09T00:00:00","commitResults":[{"hash":"48d979fecf612ab329956ba39a1ec04f6599571a","isMergeCommit":false,"messageTitle":"Add placeholder for doctor","messageBody":"","fileTypesAndContributionMap":{"functional-code":{"insertions":3,"deletions":0}}},{"hash":"5a04e959caa81fbcb83750284d828b4d35233f8d","isMergeCommit":true,"messageTitle":"Merge branch \u0027master\u0027 into add-doctor-command","messageBody":"","fileTypesAndContributionMap":{}},{"hash":"bafe8d5ef84a22d43e7083773c3a114d89c8d26c","isMergeCommit":false,"messageTitle":"Add doctor class","messageBody":"","fileTypesAndContributionMap":{"functional-code":{"insertions":35,"deletions":0}}},{"hash":"ebe763d33140cbd0d82dad1c279d333c34931f78","isMergeCommit":false,"messageTitle":"Add doctor field to Person","messageBody":"","fileTypesAndContributionMap":{"functional-code":{"insertions":36,"deletions":22},"test-code":{"insertions":26,"deletions":18}}},{"hash":"415875065e79d90cd19e9be9c2a04b06ec29236a","isMergeCommit":true,"messageTitle":"Merge pull request #44 from Mathew270/Add-Medicine","messageBody":"Add Medicines Field","fileTypesAndContributionMap":{}},{"hash":"1ff980ecad7a16f28d7ecfdce181dfba2bf44b9a","isMergeCommit":true,"messageTitle":"Merge changes from upstream","messageBody":"","fileTypesAndContributionMap":{}},{"hash":"a366941abccd8bff05e32436e79b7ed230a1059c","isMergeCommit":false,"messageTitle":"Fix minor error","messageBody":"","fileTypesAndContributionMap":{"functional-code":{"insertions":0,"deletions":1},"test-code":{"insertions":1,"deletions":1}}},{"hash":"c02847c4a32e41ce05a278f91fd5167c8c38c9d1","isMergeCommit":false,"messageTitle":"Fix code style","messageBody":"","fileTypesAndContributionMap":{"functional-code":{"insertions":15,"deletions":8}}},{"hash":"429bfb068ab57b24e836343211d17e6eb3151011","isMergeCommit":false,"messageTitle":"Fix code style","messageBody":"","fileTypesAndContributionMap":{"functional-code":{"insertions":1,"deletions":1}}},{"hash":"32969e4981b2fee613ec0776402a87d91cb78d3f","isMergeCommit":false,"messageTitle":"Fix code style","messageBody":"","fileTypesAndContributionMap":{"test-code":{"insertions":1,"deletions":0}}},{"hash":"68c4571233712f37b6cac4e968ed1edf62389d4d","isMergeCommit":false,"messageTitle":"Fix code style","messageBody":"","fileTypesAndContributionMap":{"test-code":{"insertions":0,"deletions":1}}}]},{"date":"2025-10-15T00:00:00","commitResults":[{"hash":"46c816fa4fc5b6967180cbce05b99561c98fc5be","isMergeCommit":false,"messageTitle":"Add paser support for doctor","messageBody":"","fileTypesAndContributionMap":{"functional-code":{"insertions":18,"deletions":9}}},{"hash":"039ac89fccc3e1c331fb9b022307d467fd0094b1","isMergeCommit":false,"messageTitle":"Add functionality to add doctor","messageBody":"","fileTypesAndContributionMap":{"functional-code":{"insertions":5,"deletions":7}}},{"hash":"c1fd90b6d312659ff4d358562f9c843d56ca5b49","isMergeCommit":false,"messageTitle":"Update add command to have doctor for tests","messageBody":"","fileTypesAndContributionMap":{"test-code":{"insertions":3,"deletions":0}}}]},{"date":"2025-10-16T00:00:00","commitResults":[{"hash":"97d87934e98d9cb3dfc4675b4199873c66c1a0da","isMergeCommit":false,"messageTitle":"Add function to edit a doctor","messageBody":"","fileTypesAndContributionMap":{"functional-code":{"insertions":27,"deletions":14}}},{"hash":"fb512040e95f539ec3d7729407faa979db8c5e19","isMergeCommit":false,"messageTitle":"Fix display message","messageBody":"","fileTypesAndContributionMap":{"functional-code":{"insertions":2,"deletions":0}}},{"hash":"80d5987980e82c4f20bed4e5ad20254687c99f7a","isMergeCommit":false,"messageTitle":"Add check for valid doctor","messageBody":"","fileTypesAndContributionMap":{"functional-code":{"insertions":15,"deletions":1}}},{"hash":"65424d7f9dd8f012015a5b93fa27dd3b51f7c520","isMergeCommit":false,"messageTitle":"Modify doctor and related classes","messageBody":"","fileTypesAndContributionMap":{"functional-code":{"insertions":13,"deletions":5}}},{"hash":"36c20153021a34eee781b20a5739ff346f2c913e","isMergeCommit":false,"messageTitle":"Fix tests","messageBody":"","fileTypesAndContributionMap":{"test-code":{"insertions":15,"deletions":32}}},{"hash":"c5a14e7fa9be207e6920d751f8f3710078ad68ed","isMergeCommit":false,"messageTitle":"Fix code style","messageBody":"","fileTypesAndContributionMap":{"functional-code":{"insertions":30,"deletions":7}}},{"hash":"3ce701ba0d1c6d743e3374f47f3307eea2ff2d76","isMergeCommit":false,"messageTitle":"Fix code style","messageBody":"","fileTypesAndContributionMap":{"functional-code":{"insertions":0,"deletions":1}}},{"hash":"79bb184ea8c15b4e9b3f1fb861f8ff707ddaf903","isMergeCommit":false,"messageTitle":"Fix code style","messageBody":"","fileTypesAndContributionMap":{"test-code":{"insertions":32,"deletions":3}}},{"hash":"7e462aa63d2ba8bc17caad4b53f3c5d3b0bdd616","isMergeCommit":true,"messageTitle":"Merge pull request #60 from Arnav-Jhajharia/ui/card","messageBody":"Improve contact information display with 2-column layout and enhanced styling","fileTypesAndContributionMap":{}},{"hash":"ca87b403600469fad5e9b3a29db682d054877ce5","isMergeCommit":true,"messageTitle":"Merge pull request #62 from Shubham-1417/master","messageBody":"FINAL BUG FIX V1.0","tags":["v1.3"],"fileTypesAndContributionMap":{}},{"hash":"7e97d3f0f216f288557c30650c7978461e35d27f","isMergeCommit":true,"messageTitle":"Merge pull request #63 from Mathew270/UpdateVersion","messageBody":"Update Version in MainApp.java","fileTypesAndContributionMap":{}}]},{"date":"2025-10-21T00:00:00","commitResults":[{"hash":"bff85a379f181be6963d5f52eb7c4e3bb3831024","isMergeCommit":true,"messageTitle":"Merge pull request #65 from Mathew270/MedTest","messageBody":"Add test cases for MedCommand","fileTypesAndContributionMap":{}}]},{"date":"2025-10-22T00:00:00","commitResults":[{"hash":"ec077cf0e07ba8b47f584cd7bc074194e73a039b","isMergeCommit":false,"messageTitle":"Update user guide","messageBody":"","fileTypesAndContributionMap":{"functional-code":{"insertions":1,"deletions":1},"docs":{"insertions":30,"deletions":15}}},{"hash":"5267fe3dd14d293a267289bc40eca0ae90dabfdc","isMergeCommit":false,"messageTitle":"Update version number","messageBody":"","fileTypesAndContributionMap":{"functional-code":{"insertions":1,"deletions":1}}}]},{"date":"2025-10-23T00:00:00","commitResults":[{"hash":"9a2660ae0837157c098336e5e0e999203b604bb4","isMergeCommit":false,"messageTitle":"Add skeleton code for command and parser","messageBody":"","fileTypesAndContributionMap":{"functional-code":{"insertions":20,"deletions":0}}},{"hash":"3aa3660e618383f1fbbb3f1e686fa0044dca0fdb","isMergeCommit":false,"messageTitle":"Add skeleton code for required model","messageBody":"","fileTypesAndContributionMap":{"functional-code":{"insertions":12,"deletions":0}}},{"hash":"dba457f23fbbacb19caf30918d0e813c7c7fddd7","isMergeCommit":false,"messageTitle":"Add basic filter by medicine feature","messageBody":"","fileTypesAndContributionMap":{"functional-code":{"insertions":138,"deletions":14}}},{"hash":"ce4ba01ee57952acad620e003ccc2c3cebbb6374","isMergeCommit":false,"messageTitle":"Update user guide with findmed command","messageBody":"","fileTypesAndContributionMap":{"docs":{"insertions":14,"deletions":0}}},{"hash":"6fdc02bf2ff0c43073f999e6bba92af6fc883da4","isMergeCommit":false,"messageTitle":"Add logger for FindMedicineCommand","messageBody":"","fileTypesAndContributionMap":{"functional-code":{"insertions":9,"deletions":0}}},{"hash":"63d52b1d3e9f87276d03b254a38c2100a89f29fd","isMergeCommit":false,"messageTitle":"Fix code style","messageBody":"","fileTypesAndContributionMap":{"functional-code":{"insertions":2,"deletions":3}}},{"hash":"8cf5946f7a9b1761f48a8ce6d77065d9012266a7","isMergeCommit":false,"messageTitle":"Fix code style","messageBody":"","fileTypesAndContributionMap":{"functional-code":{"insertions":2,"deletions":4}}},{"hash":"f280d8a610cf823289be1618a851eb36b1429894","isMergeCommit":false,"messageTitle":"Fix code style","messageBody":"","fileTypesAndContributionMap":{"functional-code":{"insertions":2,"deletions":2}}},{"hash":"c595a8b041adc3c21f9f59ca4fadc229eb1a8567","isMergeCommit":true,"messageTitle":"Merge pull request #76 from alfred-chua/find-doctor","messageBody":"Add find doctor command","fileTypesAndContributionMap":{}},{"hash":"83eee2c597feeb6513acff3eb1f22c2020731fc0","isMergeCommit":true,"messageTitle":"Merge branch \u0027master\u0027 into branch-filter-by-medicine","messageBody":"","fileTypesAndContributionMap":{}},{"hash":"23708b8cf10e842bff30febc137e19b4f0f81f72","isMergeCommit":false,"messageTitle":"Fix code style","messageBody":"","fileTypesAndContributionMap":{"functional-code":{"insertions":1,"deletions":1}}},{"hash":"6ee90336b0875fed500c3a9fb7231dbba7eda711","isMergeCommit":true,"messageTitle":"Merge branch \u0027master\u0027 into branch-filter-by-medicine","messageBody":"","fileTypesAndContributionMap":{}},{"hash":"4a1df98396a1741ef2595e3662740aeae18acc56","isMergeCommit":true,"messageTitle":"Merge branch \u0027branch-filter-by-medicine\u0027 of https://github.com/Rahulvira/tp into branch-filter-by-medicine","messageBody":"","fileTypesAndContributionMap":{}},{"hash":"141d63cdb0b2d03604d37f5758f36c561dfd6a63","isMergeCommit":false,"messageTitle":"Add some assertions","messageBody":"","fileTypesAndContributionMap":{"functional-code":{"insertions":5,"deletions":0}}}]},{"date":"2025-10-26T00:00:00","commitResults":[{"hash":"4e901d7a22f534d688a67ddf3bd762feab0847f7","isMergeCommit":false,"messageTitle":"Add uml diagram for findmed command","messageBody":"","fileTypesAndContributionMap":{"docs":{"insertions":77,"deletions":0}}},{"hash":"45431a5cd731b823244f6bfeb4f56997489345b3","isMergeCommit":false,"messageTitle":"Update findmed uml diagram","messageBody":"","fileTypesAndContributionMap":{"docs":{"insertions":1,"deletions":0}}},{"hash":"9f2eb9fb66887621623eb6ef88ef272b0310298a","isMergeCommit":false,"messageTitle":"Fix uml diagram","messageBody":"","fileTypesAndContributionMap":{"docs":{"insertions":1,"deletions":1}}},{"hash":"4c4ca7211db24e3950a1215b9b53b3b18e9fd1fe","isMergeCommit":false,"messageTitle":"Fix uml diagram","messageBody":"","fileTypesAndContributionMap":{"docs":{"insertions":0,"deletions":1}}},{"hash":"bd5b77cce327641d224d6a8bfaae0b32ec76a566","isMergeCommit":false,"messageTitle":"Fix uml diagram","messageBody":"","fileTypesAndContributionMap":{"docs":{"insertions":1,"deletions":1}}}]},{"date":"2025-10-27T00:00:00","commitResults":[{"hash":"c6948b1af79f1e30b58d71782c6ce883d8ba710c","isMergeCommit":false,"messageTitle":"Remove incorrect test","messageBody":"","fileTypesAndContributionMap":{"test-code":{"insertions":8,"deletions":8}}},{"hash":"e5a128735da7758d4b9250e8c516040322aaeaed","isMergeCommit":false,"messageTitle":"Fix code style","messageBody":"","fileTypesAndContributionMap":{"test-code":{"insertions":0,"deletions":8}}},{"hash":"907576ddba1c0fa8628101ea8860684d234a029f","isMergeCommit":false,"messageTitle":"Fix code style","messageBody":"","fileTypesAndContributionMap":{"test-code":{"insertions":0,"deletions":4}}},{"hash":"28bb66cfe729ca0dfc8069f4d49c6b1cf6b5feba","isMergeCommit":true,"messageTitle":"Merge pull request #104 from Mathew270/Update-UG","messageBody":"Fix User Guide to contain colored tags","fileTypesAndContributionMap":{}},{"hash":"baf7a6f3730b88c1cb402ac86ef76dfd1e76b6be","isMergeCommit":true,"messageTitle":"Merge pull request #105 from Mathew270/Update-DG-UseCases","messageBody":"Fix use case errors in DG","fileTypesAndContributionMap":{}},{"hash":"3279fa82e8b2914ca2e19ce7850d9ab4b7648438","isMergeCommit":true,"messageTitle":"Merge pull request #107 from Mathew270/Enforce-single-space","messageBody":"Enforce single space in input parameters","fileTypesAndContributionMap":{}}]},{"date":"2025-10-29T00:00:00","commitResults":[{"hash":"9d9c3f831679b2423ab9ff020982ca7dd122d47f","isMergeCommit":true,"messageTitle":"Merge pull request #114 from alfred-chua/find-doctor-test","messageBody":"Add tests for find-doctor command","fileTypesAndContributionMap":{}},{"hash":"acb508370e05b36c6d2078b3a33bb299fe3ce364","isMergeCommit":true,"messageTitle":"Merge pull request #118 from alfred-chua/finddoc","messageBody":"Change command name from doc to finddoc","fileTypesAndContributionMap":{}},{"hash":"e52494f98431cc5cff66d1ae15988994dc7fac77","isMergeCommit":false,"messageTitle":"Fix minor error","messageBody":"","fileTypesAndContributionMap":{"docs":{"insertions":2,"deletions":5}}},{"hash":"6b300632e19a06971088bc73b6108708e3665684","isMergeCommit":false,"messageTitle":"Fix findmed instructions","messageBody":"","fileTypesAndContributionMap":{"docs":{"insertions":4,"deletions":2}}},{"hash":"ac87a4d7c9b090449f877b96d85f5ee2cd606cf4","isMergeCommit":false,"messageTitle":"Update findmed command","messageBody":"","fileTypesAndContributionMap":{"functional-code":{"insertions":20,"deletions":16}}},{"hash":"b5904ee4ff25c36102478441dc62e4abee5e67df","isMergeCommit":false,"messageTitle":"Fix findmed command","messageBody":"","fileTypesAndContributionMap":{"functional-code":{"insertions":8,"deletions":3}}},{"hash":"c7d17f3e178f3e238f46a80c2fde0d5f8d71c39a","isMergeCommit":true,"messageTitle":"Merge branch \u0027master\u0027 into branch-fix-findmed","messageBody":"","fileTypesAndContributionMap":{}},{"hash":"bc6a72121e80ee94900e814129f93d48d3c2d064","isMergeCommit":false,"messageTitle":"Fix comments","messageBody":"","fileTypesAndContributionMap":{"functional-code":{"insertions":1,"deletions":1}}},{"hash":"62adfebe5d0a4cc66cb0e4f7765568ca9259e03d","isMergeCommit":true,"messageTitle":"Merge branch \u0027master\u0027 into update-findmed-UserGuide","messageBody":"","fileTypesAndContributionMap":{}},{"hash":"5d6f43933c5d061e9144049d19b61295f60c24ae","isMergeCommit":false,"messageTitle":"Update findmed instructions","messageBody":"","fileTypesAndContributionMap":{"docs":{"insertions":9,"deletions":7}}},{"hash":"548ef23d873d269a23c79dc66fb4acc29bc41f74","isMergeCommit":false,"messageTitle":"Update command summary","messageBody":"","fileTypesAndContributionMap":{"docs":{"insertions":2,"deletions":2}}},{"hash":"e8b454ed175a1f8cf843218bbc0c7cb23f6dd641","isMergeCommit":false,"messageTitle":"Add tests for findmed command","messageBody":"","fileTypesAndContributionMap":{"functional-code":{"insertions":0,"deletions":4},"test-code":{"insertions":114,"deletions":3}}},{"hash":"ee7d7770a28baebb65be81eb4e406d99dd09f443","isMergeCommit":false,"messageTitle":"Add tests for findmed parser","messageBody":"","fileTypesAndContributionMap":{"test-code":{"insertions":46,"deletions":0}}},{"hash":"b49c7bb3c015cce9090e7233db7ab24326989d15","isMergeCommit":false,"messageTitle":"Fix code style","messageBody":"","fileTypesAndContributionMap":{"test-code":{"insertions":1,"deletions":0}}}]},{"date":"2025-10-30T00:00:00","commitResults":[{"hash":"8fbc1d289207133f7a5a3f7234d9547d08c7f608","isMergeCommit":false,"messageTitle":"Fix code style","messageBody":"","fileTypesAndContributionMap":{"test-code":{"insertions":1,"deletions":2}}},{"hash":"e6676d3b6038993219abc494e0c0f1fe34cf351a","isMergeCommit":false,"messageTitle":"Fix code style","messageBody":"","fileTypesAndContributionMap":{"test-code":{"insertions":5,"deletions":3}}},{"hash":"c93bf82548ebece7ff02ec5ff980d62ce0fc486b","isMergeCommit":false,"messageTitle":"Fix code style","messageBody":"","fileTypesAndContributionMap":{"test-code":{"insertions":0,"deletions":2}}},{"hash":"7cb062a8a29011e1677264fdeb48675cad2facdc","isMergeCommit":false,"messageTitle":"Fix release link","messageBody":"","fileTypesAndContributionMap":{"docs":{"insertions":1,"deletions":1}}},{"hash":"d28ebca43637f52fa778847438d1bcdba90a9ced","isMergeCommit":false,"messageTitle":"Add patient count to ui","messageBody":"","fileTypesAndContributionMap":{"functional-code":{"insertions":23,"deletions":3}}},{"hash":"5413aa10055a0fec1cc61cfaeb3c359c8ea298e7","isMergeCommit":false,"messageTitle":"Update patient counts feature","messageBody":"","fileTypesAndContributionMap":{"functional-code":{"insertions":40,"deletions":13}}},{"hash":"218aa67e957b0d2440ddf468413263e5e20fbf14","isMergeCommit":false,"messageTitle":"Fix findmed error","messageBody":"","fileTypesAndContributionMap":{"functional-code":{"insertions":1,"deletions":1}}},{"hash":"a03ad5379e05278856bd4b0da0900c829a6a8a6d","isMergeCommit":false,"messageTitle":"Remove unnecessary imports","messageBody":"","fileTypesAndContributionMap":{"functional-code":{"insertions":0,"deletions":1}}},{"hash":"f7e6519f9305706d90b659c868f953530fb38757","isMergeCommit":true,"messageTitle":"Merge branch \u0027master\u0027 into branch-display-patientCount","messageBody":"","fileTypesAndContributionMap":{}},{"hash":"9c52d01ae07eb51555bea829306044d13e3800e1","isMergeCommit":false,"messageTitle":"Fix comments","messageBody":"","fileTypesAndContributionMap":{"functional-code":{"insertions":1,"deletions":1}}},{"hash":"d61b62559e164b63809050adc30315983fb9a78c","isMergeCommit":true,"messageTitle":"Merge pull request #149 from Mathew270/med-bugs-fix","messageBody":"Create gap between medicine tags","fileTypesAndContributionMap":{}},{"hash":"7610043388ee9481378ef4a5b14b1800ac46ecd9","isMergeCommit":true,"messageTitle":"Merge pull request #151 from Mathew270/fix-UG","messageBody":"make minor ug updates","fileTypesAndContributionMap":{}},{"hash":"56cf48ea94a6eeca7581dacb4e95dc900da072ae","isMergeCommit":false,"messageTitle":"Add character limits","messageBody":"","fileTypesAndContributionMap":{"functional-code":{"insertions":45,"deletions":0},"docs":{"insertions":1,"deletions":1}}},{"hash":"f658ca230e8d38611972db298df24f3fcd0b47a1","isMergeCommit":true,"messageTitle":"Merge branch \u0027master\u0027 into branch-character-limit","messageBody":"","fileTypesAndContributionMap":{}},{"hash":"8f8ba13e6c32c5859cd66dd68f5ef5d4b6e483d2","isMergeCommit":false,"messageTitle":"Fix comments","messageBody":"","fileTypesAndContributionMap":{"functional-code":{"insertions":1,"deletions":1}}}]},{"date":"2025-11-03T00:00:00","commitResults":[{"hash":"270034678dd494f50a4533d3ac11b1dac757fb04","isMergeCommit":true,"messageTitle":"Merge pull request #217 from Mathew270/UG-ped-bug-fix","messageBody":"UG ped bug fix","fileTypesAndContributionMap":{}},{"hash":"18e15af86eb680a552a7e2cf398101103f09d0e2","isMergeCommit":true,"messageTitle":"Merge pull request #218 from Mathew270/DG-UC-ped-fix","messageBody":"DG use cases, glossary PED fix","fileTypesAndContributionMap":{}},{"hash":"0e6005b9babf63b11b971a060d4f700623757963","isMergeCommit":false,"messageTitle":"Update doctor prefix","messageBody":"","fileTypesAndContributionMap":{"functional-code":{"insertions":1,"deletions":3}}},{"hash":"efb7a0c6e20d2c00b8d0d76c38d76cba1d47243f","isMergeCommit":true,"messageTitle":"Merge branch \u0027master\u0027 into branch-change-dr","messageBody":"","fileTypesAndContributionMap":{}},{"hash":"8314292c96b0c55a4c42aa05e3fedf2219a3d7ba","isMergeCommit":false,"messageTitle":"Update regex for name and doctor","messageBody":"","fileTypesAndContributionMap":{"functional-code":{"insertions":7,"deletions":9},"test-code":{"insertions":3,"deletions":6}}},{"hash":"79a75418a7632ebd2fc6b9f94c507e3d91a99264","isMergeCommit":false,"messageTitle":"Fix code style","messageBody":"","fileTypesAndContributionMap":{"functional-code":{"insertions":5,"deletions":5}}}]}],"Arnav-Jhajharia":[{"date":"2025-09-21T00:00:00","commitResults":[{"hash":"19eb1171d0552dbce39c6e61b893f554b840a8d9","isMergeCommit":false,"messageTitle":"update: readme with project name","messageBody":"","fileTypesAndContributionMap":{"docs":{"insertions":2,"deletions":0}}}]},{"date":"2025-10-01T00:00:00","commitResults":[{"hash":"a5ce7530f8a4113490e2743bc60c5004cf94ec81","isMergeCommit":false,"messageTitle":"Add name in AboutUs","messageBody":"","fileTypesAndContributionMap":{"docs":{"insertions":4,"deletions":5}}},{"hash":"b3341c49c6827afe0b4c721d3d79afae48a38356","isMergeCommit":true,"messageTitle":"Merge pull request #18 from Arnav-Jhajharia/update/about-us","messageBody":"Update Arnav\u0027s AboutUs page","fileTypesAndContributionMap":{}},{"hash":"1d29122891d6b663113529debbf5ee8f0086aa60","isMergeCommit":true,"messageTitle":"Merge pull request #17 from alfred-chua/about-us","messageBody":"Update Alfred\u0027s AboutUs page","fileTypesAndContributionMap":{}}]},{"date":"2025-10-16T00:00:00","commitResults":[{"hash":"b487200dbbd7a5f462c91ea7014ac21c818c3c30","isMergeCommit":false,"messageTitle":"Improve contact information display with 2-column layout and enhanced styling","messageBody":"- Restructure PersonListCard.fxml to use GridPane for contact info\n- Add 2-column layout with labels and values\n- Style contact values with subtle blue highlighting\n- Update doctor field to display as professional medical badge\n- Add CSS classes for improved visual presentation\n\nContact information is now more organized and easier to scan.\n","fileTypesAndContributionMap":{"functional-code":{"insertions":45,"deletions":4}}},{"hash":"db5b777833a1953ca88c736ddb5c6eeace86a877","isMergeCommit":true,"messageTitle":"Merge branch \u0027master\u0027 into ui/card","messageBody":"","fileTypesAndContributionMap":{}},{"hash":"0256366529578dfdfa702233057b5e2f367622cc","isMergeCommit":false,"messageTitle":"fix: merge conflict","messageBody":"","fileTypesAndContributionMap":{"functional-code":{"insertions":5,"deletions":2}}}]},{"date":"2025-10-23T00:00:00","commitResults":[{"hash":"a372b0025205ab62338f61bc61bcbf2d204cb636","isMergeCommit":false,"messageTitle":"Add DayList data structure to track patient visit dates","messageBody":"- Create DayList model class with visit date management\n- Update Person model to include DayList field\n- Add JsonAdaptedDayList for JSON serialization\n- Update storage classes to handle DayList persistence\n- Update all constructors and tests to include DayList parameter\n- Maintain backward compatibility with existing data\n\nThe DayList feature is now integrated into the data structure\nand ready for future command/UI implementation.\n","fileTypesAndContributionMap":{"functional-code":{"insertions":222,"deletions":14},"test-code":{"insertions":21,"deletions":10}}},{"hash":"cf0b42104d9e9a986ad41f40fa5d25e37abb5fa9","isMergeCommit":false,"messageTitle":"Add automatic visit date when creating new patients","messageBody":"- Update AddCommandParser to add today\u0027s date to DayList when creating new patients\n- Update PersonBuilder and SampleDataUtil to include today\u0027s date in DayList\n- Update test data files to include DayList with visit dates\n- Fix checkstyle violations and test failures\n\nNow when a patient is added, their DayList automatically contains today\u0027s date as their first visit.\n","fileTypesAndContributionMap":{"functional-code":{"insertions":15,"deletions":7},"test-code":{"insertions":6,"deletions":1}}},{"hash":"6255da02ee206703db9ccf0e92e5f5be1203959a","isMergeCommit":false,"messageTitle":"Fix log command parser to use direct index format","messageBody":"- Remove PREFIX_INDEX requirement from LogCommandParser\n- Update MESSAGE_USAGE to show correct format: log 1\n- Align with other index-based commands like delete\n- Remove unused PREFIX_INDEX import\n","fileTypesAndContributionMap":{"functional-code":{"insertions":131,"deletions":0}}},{"hash":"ce8faea1c7486fa1774d9097e983eb6ad6aa7456","isMergeCommit":false,"messageTitle":"Add display command to show DayList for a person","messageBody":"- Create DisplayCommand to show visit dates for a person\n- Create DisplayCommandParser to parse display command arguments\n- Add display command to AddressBookParser switch statement\n- Format dates as \u0027MMM dd, yyyy\u0027 with bullet points\n- Handle case when person has no visits recorded\n- Usage: display 1 (shows visit dates for person at index 1)\n","fileTypesAndContributionMap":{"functional-code":{"insertions":111,"deletions":0}}},{"hash":"a13003bfcc06ae45716bd4cd901d770ecda8a763","isMergeCommit":false,"messageTitle":"Fix checkstyle violations","messageBody":"- Remove trailing whitespace from DisplayCommand.java\n- Fix import order in AddressBookParser.java (DisplayCommand before EditCommand)\n- Build now passes all checkstyle checks\n","fileTypesAndContributionMap":{"functional-code":{"insertions":2,"deletions":2}}},{"hash":"dfdf3522db3e6f14f7190a090b583691d62eb211","isMergeCommit":false,"messageTitle":"Update UML diagrams for DayList feature","messageBody":"- Add DayList class to ModelClassDiagram.puml and BetterModelClassDiagram.puml\n- Update LogicClassDiagram.puml to include LogCommand and DisplayCommand\n- Add JsonAdaptedDayList to StorageClassDiagram.puml\n- Create new DayListClassDiagram.puml showing DayList feature architecture\n- Create new LogDisplaySequenceDiagram.puml showing command execution flow\n- Document relationships between Person, DayList, and new commands\n","fileTypesAndContributionMap":{"docs":{"insertions":236,"deletions":1}}},{"hash":"390fd13cf9431752c193225faa4414c3d8c9ccdd","isMergeCommit":false,"messageTitle":"Add logging to LogCommand and DisplayCommand","messageBody":"- Add Logger fields to both commands using LogsCenter\n- Add comprehensive logging statements in execute methods\n- Log command execution start, success, warnings, and errors\n- Include person names, dates, and visit counts in log messages\n- Improve debugging and monitoring capabilities\n","fileTypesAndContributionMap":{"functional-code":{"insertions":21,"deletions":0}}},{"hash":"8caf8df763e60013799135c05165970e6776915b","isMergeCommit":false,"messageTitle":"Add Java assertions to LogCommand and DisplayCommand","messageBody":"- Add comprehensive assert statements for null checks and state validation\n- Assert model, person list, and person objects are not null\n- Validate visit date operations and DayList state changes\n- Assert DateTimeFormatter creation and visit dates formatting\n- Improve code reliability and debugging capabilities\n- Add pre and post condition assertions in helper methods\n","fileTypesAndContributionMap":{"functional-code":{"insertions":20,"deletions":1}}},{"hash":"561f4625e7677d188b36b0827363d4802ba995c0","isMergeCommit":false,"messageTitle":"Add phone number formatting utility","messageBody":"- Add formatPhoneNumber method to StringUtil class\n- Formats 8-digit numbers as XXXX-XXXX\n- Formats 10-digit numbers as XXX-XXX-XXXX\n- Removes all non-digit characters before formatting\n- Returns original string if format doesn\u0027t match expected patterns\n- Includes comprehensive JavaDoc with examples\n","fileTypesAndContributionMap":{"functional-code":{"insertions":28,"deletions":0}}},{"hash":"b8d3f87f9ea8646ad83e7807bd6e7d4baf936188","isMergeCommit":true,"messageTitle":"Merge branch \u0027master\u0027 into feat/daylist","messageBody":"","fileTypesAndContributionMap":{}},{"hash":"d88d1b269676690b7a166db18ff4c1ceb0726c8c","isMergeCommit":false,"messageTitle":"Fix trailing whitespace in StringUtil","messageBody":"- Remove trailing whitespace from lines 82, 85, and 92\n- Fixes checkstyle violations in formatPhoneNumber method\n- Build now passes successfully\n","fileTypesAndContributionMap":{"functional-code":{"insertions":3,"deletions":3}}},{"hash":"520a26587cf146358d7404b503278567afc22a6e","isMergeCommit":false,"messageTitle":"Fix checkstyle violations in LogCommand and DisplayCommand","messageBody":"- Reorder variable declarations to fix DeclarationOrder errors\n- Move static final fields before private static final fields\n- Remove trailing whitespace from multiple lines\n- Fix line continuation formatting in logger statements\n- All checkstyle errors resolved, build now passes successfully\n","fileTypesAndContributionMap":{"functional-code":{"insertions":9,"deletions":9}}},{"hash":"edb49d116c1c1b3079825a392ee717a9bce651dc","isMergeCommit":true,"messageTitle":"Merge branch \u0027feat/daylist\u0027 of github-arnav:Arnav-Jhajharia/tp into feat/daylist","messageBody":"","fileTypesAndContributionMap":{}},{"hash":"2ec829b655de8937cb34c865acda46445d3ccee9","isMergeCommit":true,"messageTitle":"Merge pull request #88 from Shubham-1417/improve-result-display","messageBody":"Improve result display to show full output without truncation","tags":["v1.4"],"fileTypesAndContributionMap":{}}]},{"date":"2025-10-29T00:00:00","commitResults":[{"hash":"5d419772ba73e4a4c300b7c2ce0e3c0664139678","isMergeCommit":false,"messageTitle":"change error message","messageBody":"","fileTypesAndContributionMap":{"functional-code":{"insertions":1,"deletions":1}}},{"hash":"481a7db2ebae511326e4fdb6d912dd8e652b8737","isMergeCommit":false,"messageTitle":"change help URL","messageBody":"","fileTypesAndContributionMap":{"functional-code":{"insertions":1,"deletions":1}}},{"hash":"b35e7cec80c8cbadab7bf3206422457a8245546a","isMergeCommit":true,"messageTitle":"Merge pull request #126 from Mathew270/fix-Add-ErrorMsg","messageBody":"fix error msg for Add command","fileTypesAndContributionMap":{}}]},{"date":"2025-10-30T00:00:00","commitResults":[{"hash":"cb2098f60307dcb7dc0550e31fd855837463363e","isMergeCommit":false,"messageTitle":"docs(user-guide): add display and log command documentation","messageBody":"","fileTypesAndContributionMap":{"docs":{"insertions":34,"deletions":0}}}]},{"date":"2025-11-03T00:00:00","commitResults":[{"hash":"05b84833c84d653ceaf28585dedbaacf06578e0b","isMergeCommit":true,"messageTitle":"Merge pull request #219 from Mathew270/update-field-validation","messageBody":"Update field validation (20 functional lines changed)","fileTypesAndContributionMap":{}}]}],"Shubham-1417":[{"date":"2025-10-01T00:00:00","commitResults":[{"hash":"f6b2e08335bc53499c139a85c426a2a881f8add9","isMergeCommit":false,"messageTitle":"Update about us","messageBody":"","fileTypesAndContributionMap":{"docs":{"insertions":4,"deletions":5}}},{"hash":"1741d0183314cca14f6d48ec0e2d5a455c1a0d7f","isMergeCommit":true,"messageTitle":"Merge branch \u0027master\u0027 into update-aboutus","messageBody":"","fileTypesAndContributionMap":{}},{"hash":"ddd863eb09f843cd3906d03cefb0b14bc595f801","isMergeCommit":true,"messageTitle":"Merge pull request #22 from Shubham-1417/update-aboutus","messageBody":"Update Shubham\u0027s about us","fileTypesAndContributionMap":{}}]},{"date":"2025-10-03T00:00:00","commitResults":[{"hash":"952a70fd561d1e203994894219ac42ccb0494d01","isMergeCommit":false,"messageTitle":"Update DG: Complete requirements documentation for CLInic","messageBody":"- Update target user profile for clinic managers and healthcare staff\n- Add comprehensive user stories covering all finalized features\n- Include 5 detailed use cases for major clinic operations\n- Add 12 healthcare-specific non-functional requirements\n- Expand glossary with 18 medical and clinic terminology terms\n- Ensure full product requirements coverage for practical exam\n","fileTypesAndContributionMap":{"docs":{"insertions":204,"deletions":29}}}]},{"date":"2025-10-05T00:00:00","commitResults":[{"hash":"31588ec69f68df3d4f40ec10af654a94942bcf28","isMergeCommit":false,"messageTitle":"Revise README for Clinic AddressBook and acknowledge SE-EDU source","messageBody":"","fileTypesAndContributionMap":{"docs":{"insertions":51,"deletions":13}}},{"hash":"3e614fd70f424c122a7e6159ae1e7f2a76517a92","isMergeCommit":false,"messageTitle":"Update site-wide settings (AB-3 to CLInic in navigation bar)","messageBody":"","fileTypesAndContributionMap":{"other":{"insertions":2,"deletions":2}}},{"hash":"3f2a7c2febf2f9a65cd85c51a211430cf2939b21","isMergeCommit":false,"messageTitle":"Update build badge to point to team repo","messageBody":"","fileTypesAndContributionMap":{"docs":{"insertions":1,"deletions":1}}},{"hash":"d1b6d1a47d46b35c31ca584a9612ec41eced3062","isMergeCommit":false,"messageTitle":"Remove build badge change from README revision branch","messageBody":"","fileTypesAndContributionMap":{"docs":{"insertions":1,"deletions":1}}},{"hash":"0dc584dfff61224410f96fbaa673eca637051ce4","isMergeCommit":true,"messageTitle":"Merge pull request #30 from Shubham-1417/readme-badge","messageBody":"Update build badge to point to team repo","fileTypesAndContributionMap":{}},{"hash":"8f999f46c160bf7e3bd0b9f4292d2edd39b91477","isMergeCommit":true,"messageTitle":"Merge pull request #31 from Shubham-1417/readme-revise","messageBody":"Revise README for Clinic AddressBook and acknowledge SE-EDU source","fileTypesAndContributionMap":{}},{"hash":"1979cb7dea3bf3b604bc76f6a462eb0188b5fa98","isMergeCommit":true,"messageTitle":"Merge pull request #32 from Shubham-1417/site-settings-update","messageBody":"Update site-wide settings (AB-3 to CLInic in navigation bar)","fileTypesAndContributionMap":{}},{"hash":"83cf3ee8d05ef0ff52ced1b29891923863122676","isMergeCommit":true,"messageTitle":"Merge pull request #24 from Shubham-1417/dg-user-stories","messageBody":"Update DG: Complete requirements documentation for CLInic","fileTypesAndContributionMap":{}}]},{"date":"2025-10-16T00:00:00","commitResults":[{"hash":"084cf9567060188c131a7ca8a6a339aaec4870ae","isMergeCommit":false,"messageTitle":"Enhance patient cards with medical information display and color coding","messageBody":"- Add medicine display with green background styling\n- Implement color-coded tag system (red for allergies, orange for chronic/elderly, blue for default)\n- Increase card height to accommodate new content\n- Add \u0027Medicines:\u0027 label for clarity\n- Fix medicine prefix from m/ to med/ in CliSyntax.java\n- Update tag validation regex to allow hyphens in tag names\n- Fix argument tokenizer parsing issues\n\nFixes #53\n","fileTypesAndContributionMap":{"functional-code":{"insertions":35,"deletions":5},"other":{"insertions":583,"deletions":0}}},{"hash":"9177d74ba580576babc32391088fcd49aadbc1d4","isMergeCommit":false,"messageTitle":"Enhance command feedback with visual status indicators and full-width input","messageBody":"- Add visual status indicators (success/error/info) with colored circles\n- Implement dynamic command hints that update based on user input\n- Add color-coded command input feedback (green for success, red for error)\n- Make command input field full-width for better visibility\n- Enhance ResultDisplay with status indicator and label\n- Update CommandBox with command hints and success feedback\n- Add comprehensive CSS styling for all new UI elements\n\nFixes #54\n","fileTypesAndContributionMap":{"functional-code":{"insertions":171,"deletions":6},"other":{"insertions":66,"deletions":2}}},{"hash":"ec11da61bc03ed55e6660bf54fc0c190cddabba3","isMergeCommit":false,"messageTitle":"Fix checkstyle issues: trailing whitespace and line length","messageBody":"- Remove trailing whitespace from CommandBox.fxml\n- Fix CustomImportOrder in Tag.java by removing extra blank line\n- Break long line in CommandBox.java to comply with 120 char limit\n\nAll checkstyle checks now pass locally.\n","fileTypesAndContributionMap":{"functional-code":{"insertions":5,"deletions":5},"other":{"insertions":3,"deletions":3}}},{"hash":"e1de1fcfb66286b6dc8dbaa7ee43b17e33e63e76","isMergeCommit":false,"messageTitle":"Fix checkstyle issues: trailing whitespace and line length","messageBody":"- Remove trailing whitespace from CommandBox.fxml\n- Fix CustomImportOrder in Tag.java by removing extra blank line\n- Break long line in CommandBox.java to comply with 120 char limit\n\nAll checkstyle checks now pass locally.\n","fileTypesAndContributionMap":{"functional-code":{"insertions":1,"deletions":0}}},{"hash":"b1290ae197f63e7b622af6519594779bbbda1126","isMergeCommit":false,"messageTitle":"Fix CustomImportOrder checkstyle issue in Tag.java","messageBody":"","fileTypesAndContributionMap":{"functional-code":{"insertions":0,"deletions":1}}},{"hash":"bf051d6c0a2aa1792dab6998d2977e1e4f8f2599","isMergeCommit":true,"messageTitle":"Merge pull request #58 from Shubham-1417/command-feedback-enhancement","messageBody":"Enhance command feedback with visual status indicators and full-width input","fileTypesAndContributionMap":{}},{"hash":"05cb1ecd62107456ed553cbe694ac879052bec24","isMergeCommit":false,"messageTitle":"FINAL BUG FIX V1.0","messageBody":"","fileTypesAndContributionMap":{"functional-code":{"insertions":105,"deletions":40},"test-code":{"insertions":4,"deletions":3}}}]},{"date":"2025-10-23T00:00:00","commitResults":[{"hash":"606cd20b7ab3f86b31b59ee9b8c804aba9c2d79c","isMergeCommit":true,"messageTitle":"Merge pull request #82 from Arnav-Jhajharia/feat/daylist","messageBody":"Feat/daylist","fileTypesAndContributionMap":{}},{"hash":"1a68c97879179f483ac7b25cfdab52fd56d05ac9","isMergeCommit":false,"messageTitle":"Improve result display to show full output without truncation","messageBody":"","fileTypesAndContributionMap":{"functional-code":{"insertions":47,"deletions":6}}},{"hash":"c30bb78d95481d41f7460971c06f20eae30743e1","isMergeCommit":true,"messageTitle":"Merge pull request #86 from Arnav-Jhajharia/feat/phone-format","messageBody":"Add phone number formatting utility","fileTypesAndContributionMap":{}},{"hash":"1af699c2cc1c302735dba579c50f194dd2165fa1","isMergeCommit":false,"messageTitle":"Fix trailing whitespace errors in ResultDisplay.fxml and UserGuide.md","messageBody":"- Fixed trailing whitespace in ResultDisplay.fxml line 17\n- Fixed trailing whitespace in UserGuide.md line 188\n- Build now passes successfully\n","fileTypesAndContributionMap":{"functional-code":{"insertions":2,"deletions":2},"other":{"insertions":65,"deletions":12}}}]},{"date":"2025-10-27T00:00:00","commitResults":[{"hash":"8230a99e4b66cc6cc28e122ec20f91b0739169d9","isMergeCommit":true,"messageTitle":"Merge pull request #90 from Rahulvira/branch-update-uml","messageBody":"Add findmed uml diagram","fileTypesAndContributionMap":{}},{"hash":"4f9b5dfd57bdc6ced3bfb855eb3af600eaf87e38","isMergeCommit":false,"messageTitle":"Update UML diagrams","messageBody":"- Updated LogicClassDiagram.puml to include all new commands (med, view, findmed, doc, log, display)\n- Updated ParserClasses.puml to document all parser classes including new ones\n- Created MedCommandSequenceDiagram.puml to showcase med command interaction flow\n","fileTypesAndContributionMap":{"docs":{"insertions":76,"deletions":1}}},{"hash":"e1375b8d9d51743231f6042b60d7b952a26092fa","isMergeCommit":false,"messageTitle":"Fix linting issues","messageBody":"","fileTypesAndContributionMap":{"docs":{"insertions":1,"deletions":1}}}]},{"date":"2025-10-29T00:00:00","commitResults":[{"hash":"bf35f607e786773cd4d3fcda402445d2e53deff2","isMergeCommit":false,"messageTitle":"Command hints: align with current commands","messageBody":"","fileTypesAndContributionMap":{"functional-code":{"insertions":42,"deletions":18}}},{"hash":"d7bad881104a3e29561f9e5e9f026e4dc38e8c94","isMergeCommit":false,"messageTitle":"Improve command hints with fuzzy prediction and resolve find/findmed conflict","messageBody":"","fileTypesAndContributionMap":{"functional-code":{"insertions":55,"deletions":30}}},{"hash":"ced755dca1817d3c25eb81dbc962d05e6bb4eb1f","isMergeCommit":true,"messageTitle":"Merge pull request #133 from Mathew270/UG-changes","messageBody":"Change AB3 references to CLInic","fileTypesAndContributionMap":{}},{"hash":"c07beb0ac1bda4b723e8e63216f74bc551947dc1","isMergeCommit":true,"messageTitle":"Merge pull request #132 from Mathew270/fix-person-to-patient","messageBody":"fix persons to patients","fileTypesAndContributionMap":{}}]},{"date":"2025-10-30T00:00:00","commitResults":[{"hash":"7bcbe64e982c347f32c4b7cf76094c9fdbe95209","isMergeCommit":false,"messageTitle":"chore(release): bump version to v1.5.0 and update User Guide","messageBody":"","fileTypesAndContributionMap":{"functional-code":{"insertions":1,"deletions":1},"docs":{"insertions":18,"deletions":0}}}]}],"Mathew270":[{"date":"2025-10-01T00:00:00","commitResults":[{"hash":"b2377f03886bee63750b6bb1e006b30d2e31a7af","isMergeCommit":false,"messageTitle":"Update About Us page","messageBody":"","fileTypesAndContributionMap":{"docs":{"insertions":5,"deletions":6}}},{"hash":"ca737870f8698c73ce58c4d3b2b69b7aebc53348","isMergeCommit":true,"messageTitle":"Merge branch \u0027master\u0027 into branch-UpdateAboutUs","messageBody":"","fileTypesAndContributionMap":{}},{"hash":"a7798a341d6442343e5dbfe0345acd9f6afadde8","isMergeCommit":true,"messageTitle":"Merge branch \u0027master\u0027 into branch-UpdateAboutUs","messageBody":"","fileTypesAndContributionMap":{}},{"hash":"48bbcb240cdd21b330573ad41edf0c92c4af3865","isMergeCommit":true,"messageTitle":"Merge pull request #20 from Rahulvira/branch-UpdateAboutUs","messageBody":"Update Rahul\u0027s AboutUs page","fileTypesAndContributionMap":{}}]},{"date":"2025-10-09T00:00:00","commitResults":[{"hash":"d67c3d0ae98dde4c80a5ca3d61d2389835a4fe6e","isMergeCommit":true,"messageTitle":"Merge pull request #43 from alfred-chua/view-command","messageBody":"View patient command","fileTypesAndContributionMap":{}},{"hash":"997e1fc7d96a630e187d3214275dd343b793cb05","isMergeCommit":false,"messageTitle":"Update Person to include Medicine Field","messageBody":"","fileTypesAndContributionMap":{"functional-code":{"insertions":17,"deletions":4}}},{"hash":"21c2524271f5ff42fa2f3ca586461040572ee48c","isMergeCommit":false,"messageTitle":"Create Medicine Class","messageBody":"","fileTypesAndContributionMap":{"functional-code":{"insertions":63,"deletions":0}}},{"hash":"3938a7931adfeb9908854f5c3f5697d532f4bdc1","isMergeCommit":false,"messageTitle":"Update AddCommand Usage to include Medicine Details","messageBody":"","fileTypesAndContributionMap":{"functional-code":{"insertions":6,"deletions":2}}},{"hash":"92af5e9714bee9eefff4ae44bff3a44c15e994e6","isMergeCommit":false,"messageTitle":"Update Parsers needed for Adding Medicine Field","messageBody":"1) CliSyntax.java - add \"/m\" prefix\n2) ParserUtil.java - add parseMedicine(), parseMedicines() methods\n3) AddCommandParser.java - include medicineList, update constructor\n","fileTypesAndContributionMap":{"functional-code":{"insertions":35,"deletions":2}}},{"hash":"ff3348ddaa5c2d96d9f1e673227409aa494ba4f2","isMergeCommit":false,"messageTitle":"Add needed Json storage for Medicine Field","messageBody":"","fileTypesAndContributionMap":{"functional-code":{"insertions":65,"deletions":2}}},{"hash":"cfe66d77b1f975db1067cae63e5700b1b65d7d00","isMergeCommit":false,"messageTitle":"Update Person constructor usage in EditCommand","messageBody":"","fileTypesAndContributionMap":{"functional-code":{"insertions":3,"deletions":1}}},{"hash":"430ef2e8ebb876da914002a5bfd67fb8fcc31cbe","isMergeCommit":false,"messageTitle":"Update Person constructor usage in SampleDataUtil","messageBody":"","fileTypesAndContributionMap":{"functional-code":{"insertions":16,"deletions":6}}},{"hash":"fa76c8a6ee10e95b31f48ddbae9f2a26df0ce9a5","isMergeCommit":false,"messageTitle":"Update TestCases to Match","messageBody":"","fileTypesAndContributionMap":{"test-code":{"insertions":31,"deletions":11}}},{"hash":"48ba86886a0af42c80efca2794c9f01974cfd4bf","isMergeCommit":false,"messageTitle":"Update to pass checkstyle","messageBody":"","fileTypesAndContributionMap":{"test-code":{"insertions":82,"deletions":18}}},{"hash":"d778aa68348b285121954abd7eea6175a0aee2f9","isMergeCommit":true,"messageTitle":"Merge pull request #47 from Rahulvira/doctor-placeholder-field","messageBody":"Add UI placeholder and field in person for doctor","fileTypesAndContributionMap":{}}]},{"date":"2025-10-11T00:00:00","commitResults":[{"hash":"7b9ef4fcf02df177702d61fb4e59f1a8554bb866","isMergeCommit":false,"messageTitle":"Add med command to view medicines","messageBody":"","fileTypesAndContributionMap":{"functional-code":{"insertions":85,"deletions":0}}},{"hash":"77a89ca922c1fae0261313c8ea846d2dda5aeadb","isMergeCommit":false,"messageTitle":"Add parser for MedCommand","messageBody":"","fileTypesAndContributionMap":{"functional-code":{"insertions":29,"deletions":0}}},{"hash":"0274253f48eca3e460ff5b181ee3f635839b042a","isMergeCommit":false,"messageTitle":"Update AddressBookParser to include MedCommand","messageBody":"","fileTypesAndContributionMap":{"functional-code":{"insertions":4,"deletions":0}}}]},{"date":"2025-10-15T00:00:00","commitResults":[{"hash":"2760e9afe7229d0a00bbafd2a91a73b5bae6fb7b","isMergeCommit":true,"messageTitle":"Merge pull request #51 from alfred-chua/user-guide","messageBody":"Add view and med to user guide","fileTypesAndContributionMap":{}}]},{"date":"2025-10-16T00:00:00","commitResults":[{"hash":"a33353e99b6ef252f8d6fab9d1dad3d2c566d926","isMergeCommit":false,"messageTitle":"Update Version in MainApp.java","messageBody":"","fileTypesAndContributionMap":{"functional-code":{"insertions":1,"deletions":1}}}]},{"date":"2025-10-17T00:00:00","commitResults":[{"hash":"56c8a31f6eb3888ec630e8dba60f67069df7bef9","isMergeCommit":false,"messageTitle":"Add test cases for MedCommand","messageBody":"","fileTypesAndContributionMap":{"test-code":{"insertions":127,"deletions":0}}},{"hash":"38c2e1d15da4f69513db30f5380a8b5e25372661","isMergeCommit":false,"messageTitle":"fix checkstyle","messageBody":"","fileTypesAndContributionMap":{"test-code":{"insertions":8,"deletions":8}}}]},{"date":"2025-10-18T00:00:00","commitResults":[{"hash":"7d67234cdf7463bda0bde5f11ad944bbe9917677","isMergeCommit":false,"messageTitle":"Add test cases for MedCommandParser","messageBody":"","fileTypesAndContributionMap":{"test-code":{"insertions":35,"deletions":0}}}]},{"date":"2025-10-22T00:00:00","commitResults":[{"hash":"ad3ce72526012fbf804d53e53967f014a06c2f55","isMergeCommit":true,"messageTitle":"Merge pull request #73 from Rahulvira/branch-update-UserGuide","messageBody":"Update user guide","fileTypesAndContributionMap":{}},{"hash":"5dbf70df553e381453272b65e023fad22c52dd9b","isMergeCommit":true,"messageTitle":"Merge pull request #69 from alfred-chua/uml-diagrams","messageBody":"Update UML diagrams","fileTypesAndContributionMap":{}},{"hash":"11d0fc0647c6e2e3b84ee44e2bbe8503c9816282","isMergeCommit":true,"messageTitle":"Merge pull request #71 from alfred-chua/enable-assertions","messageBody":"Enable assertions in build.gradle file","fileTypesAndContributionMap":{}}]},{"date":"2025-10-23T00:00:00","commitResults":[{"hash":"b0161c9e0d20c26dab54a92008623d4ff897eff1","isMergeCommit":false,"messageTitle":"Update UML Diagrams","messageBody":"","fileTypesAndContributionMap":{"docs":{"insertions":4,"deletions":1}}}]},{"date":"2025-10-27T00:00:00","commitResults":[{"hash":"b4e2865b4a27e5c966ebdc623ec1e54e43362630","isMergeCommit":false,"messageTitle":"Update UG","messageBody":"","fileTypesAndContributionMap":{"docs":{"insertions":12,"deletions":7}}},{"hash":"a6155e2200e0247b7ae113be15fc28158ed9e183","isMergeCommit":false,"messageTitle":"fix image display","messageBody":"","fileTypesAndContributionMap":{"docs":{"insertions":9,"deletions":9}}},{"hash":"75dda2c836b060a8cd190bc74b6bba905a2892c6","isMergeCommit":false,"messageTitle":"Enforce single space usage in command parameters","messageBody":"","fileTypesAndContributionMap":{"functional-code":{"insertions":39,"deletions":3}}},{"hash":"026caf1572ead190fb3e15c3afeb833313ebbc2b","isMergeCommit":false,"messageTitle":"Update Use-Case flow in DG","messageBody":"","fileTypesAndContributionMap":{"docs":{"insertions":109,"deletions":66}}},{"hash":"6c723f0b097994038de40e8c648467ba0bc19cb5","isMergeCommit":false,"messageTitle":"Fix space error for Edit command","messageBody":"","fileTypesAndContributionMap":{"functional-code":{"insertions":0,"deletions":12}}},{"hash":"5edcf13a5ed988228dbe409fdec586592482d5ec","isMergeCommit":false,"messageTitle":"Change App title to CLInic","messageBody":"","fileTypesAndContributionMap":{"functional-code":{"insertions":1,"deletions":1}}},{"hash":"e6ecacbeebb9911153d8b1b5228b6b2a9d5b1ebb","isMergeCommit":false,"messageTitle":"fix checkstyle","messageBody":"","fileTypesAndContributionMap":{"functional-code":{"insertions":3,"deletions":1}}},{"hash":"d323ceaeb771da7243046c57af1caf9ca989584b","isMergeCommit":false,"messageTitle":"remove leading spaces","messageBody":"","fileTypesAndContributionMap":{"docs":{"insertions":5,"deletions":5}}},{"hash":"d51e37bae095819cd68b0ee703d7fed83bff4d59","isMergeCommit":false,"messageTitle":"Remove low-level sequences from MSS","messageBody":"","fileTypesAndContributionMap":{"docs":{"insertions":26,"deletions":34}}}]},{"date":"2025-10-29T00:00:00","commitResults":[{"hash":"042fe906bda30ef7eb7a456c4a948b615965b8dc","isMergeCommit":false,"messageTitle":"fix error msg for Add command","messageBody":"","fileTypesAndContributionMap":{"functional-code":{"insertions":1,"deletions":0}}},{"hash":"dfc91440a1a2db1b10ba2b1c157a3da4f6baefab","isMergeCommit":true,"messageTitle":"Merge pull request #92 from Shubham-1417/update-uml-diagrams-v1.4","messageBody":"Update UML diagrams","fileTypesAndContributionMap":{}},{"hash":"4f21d626868e676cdc3917746fb5df3384cfceb4","isMergeCommit":true,"messageTitle":"Merge pull request #127 from Arnav-Jhajharia/fix/tag","messageBody":"change error message","fileTypesAndContributionMap":{}},{"hash":"c18176338fd71336769aafb650e6214ecb21bcf4","isMergeCommit":true,"messageTitle":"Merge pull request #129 from Arnav-Jhajharia/fix/help","messageBody":"change help URL","fileTypesAndContributionMap":{}},{"hash":"7b8aba0be9b1603f1865c12e6cb305b3dae064de","isMergeCommit":false,"messageTitle":"fix persons to patients","messageBody":"","fileTypesAndContributionMap":{"functional-code":{"insertions":29,"deletions":29},"docs":{"insertions":3,"deletions":3}}},{"hash":"fa87fa529eba5d09c04365a54ba8ec66064be4e9","isMergeCommit":false,"messageTitle":"Change AB3 references to CLInic","messageBody":"","fileTypesAndContributionMap":{"other":{"insertions":1,"deletions":1},"docs":{"insertions":22,"deletions":23}}},{"hash":"ebfe9c4daeb63c5e93de90578f4dfb5f83a9f705","isMergeCommit":false,"messageTitle":"fix minor typo","messageBody":"","fileTypesAndContributionMap":{"docs":{"insertions":1,"deletions":1}}},{"hash":"3acf4664a6b4c7787e601d547361c2ced195eeec","isMergeCommit":false,"messageTitle":"fix minor typo","messageBody":"","fileTypesAndContributionMap":{"docs":{"insertions":1,"deletions":1}}},{"hash":"5b72cbff47f58a110675efd27154abf1d9cd32da","isMergeCommit":true,"messageTitle":"Merge pull request #135 from alfred-chua/dg-findmed","messageBody":"Add user stories to DG","fileTypesAndContributionMap":{}},{"hash":"717fadcf4a297150dd8699bc8ab1d3b9574c2b17","isMergeCommit":true,"messageTitle":"Merge pull request #136 from Shubham-1417/chore/align-command-hints","messageBody":"Fixes command hint issues ","fileTypesAndContributionMap":{}}]},{"date":"2025-10-30T00:00:00","commitResults":[{"hash":"a91664c538b997416895a8e62447e50f0bdf0584","isMergeCommit":true,"messageTitle":"Merge pull request #145 from Rahulvira/update-findmed-UserGuide","messageBody":"Update findmed instructions in user guide","fileTypesAndContributionMap":{}},{"hash":"875825e29901c42ed04660e24d59e4230e07766f","isMergeCommit":true,"messageTitle":"Merge pull request #144 from Rahulvira/branch-fix-findmed","messageBody":"Change structure of findmed","fileTypesAndContributionMap":{}},{"hash":"db2090a86edcd79036b9def99b2b73f2273572c3","isMergeCommit":true,"messageTitle":"Merge pull request #147 from Rahulvira/branch-fix-findmed","messageBody":"Fix findmed command","fileTypesAndContributionMap":{}},{"hash":"5d9dab61b722904ab2dd73b97d00f40013d655b9","isMergeCommit":true,"messageTitle":"Merge pull request #148 from Arnav-Jhajharia/feat/user-guide","messageBody":"Add display and log command documentation","fileTypesAndContributionMap":{}},{"hash":"0423dbcdb0139ca15898e894ca90584c3e5699ad","isMergeCommit":false,"messageTitle":"Create gap between medicine tags","messageBody":"","fileTypesAndContributionMap":{"functional-code":{"insertions":3,"deletions":0}}},{"hash":"3a69f5989d61bd9c9fd3cdd3acf6868dbba3cb44","isMergeCommit":true,"messageTitle":"Merge pull request #150 from Rahulvira/branch-display-patientCount","messageBody":"Add patient count details in ui","fileTypesAndContributionMap":{}},{"hash":"c0f0ea599df0176f64b8e52d1455e3cbbd50959f","isMergeCommit":false,"messageTitle":"made minor ug updates","messageBody":"","fileTypesAndContributionMap":{"docs":{"insertions":13,"deletions":6}}},{"hash":"fbc86cb6dbab257872a9ca30598f59384a92a691","isMergeCommit":true,"messageTitle":"Merge pull request #152 from Shubham-1417/master","messageBody":"chore(release): bump version to v1.5.0 and update User Guide","fileTypesAndContributionMap":{}},{"hash":"e336d8271873bfcd54bc2577840fcd4d7c35b538","isMergeCommit":true,"messageTitle":"Merge pull request #153 from Rahulvira/branch-character-limit","messageBody":"Add Character limits","tags":["v1.5"],"fileTypesAndContributionMap":{}}]},{"date":"2025-11-01T00:00:00","commitResults":[{"hash":"a0306daa03f1377d2139413890db29b21bbd87ef","isMergeCommit":false,"messageTitle":"UG changes","messageBody":"","fileTypesAndContributionMap":{"docs":{"insertions":8,"deletions":24}}},{"hash":"bdb303e32479d6e3d73cd3c6cf7a3c0baf8b594f","isMergeCommit":false,"messageTitle":"Updated tag error msg","messageBody":"","fileTypesAndContributionMap":{"functional-code":{"insertions":2,"deletions":1}}},{"hash":"a3970e5aba46ccad4704310de1a96b736d11e7cb","isMergeCommit":true,"messageTitle":"Merge pull request #215 from Mathew270/Error-msg-changes","messageBody":"Update Tag error msg (2 functional lines changed)","fileTypesAndContributionMap":{}},{"hash":"db27c8b2f71044dca12b78c539418e5b09465569","isMergeCommit":false,"messageTitle":"UG-changes","messageBody":"","fileTypesAndContributionMap":{"docs":{"insertions":2,"deletions":2}}},{"hash":"da91cf1d3ca2cb79d8009a7e610f7dedc6403d76","isMergeCommit":false,"messageTitle":"Added space in error msg for tag","messageBody":"","fileTypesAndContributionMap":{"functional-code":{"insertions":1,"deletions":1}}},{"hash":"7d5e9bb17e9d538e4277a6620dfc9c5e5ce14a82","isMergeCommit":true,"messageTitle":"Merge pull request #216 from Mathew270/Error-msg-changes","messageBody":"Tag Error msg changes","fileTypesAndContributionMap":{}},{"hash":"77c63327b8d788c0f1cea72ed35ec6a776fd3dd9","isMergeCommit":false,"messageTitle":"fix capitalization errors","messageBody":"","fileTypesAndContributionMap":{"docs":{"insertions":5,"deletions":4}}},{"hash":"51d70b9f6fdeee8996f3ddb9efd8b66d63b5aaa8","isMergeCommit":false,"messageTitle":"fixed punctuation","messageBody":"","fileTypesAndContributionMap":{"docs":{"insertions":12,"deletions":16}}},{"hash":"35990b2cd535b5340eaa208172db4f4807f007a0","isMergeCommit":false,"messageTitle":"add more known issues","messageBody":"","fileTypesAndContributionMap":{"docs":{"insertions":2,"deletions":0}}}]},{"date":"2025-11-02T00:00:00","commitResults":[{"hash":"b3d6f5529f82a151163af1fcac385eea7d616832","isMergeCommit":false,"messageTitle":"Add more FAQ","messageBody":"","fileTypesAndContributionMap":{"docs":{"insertions":41,"deletions":27}}},{"hash":"d4fd732b49dd859b16521e0012c317c997fc3e1c","isMergeCommit":false,"messageTitle":"fix use cases","messageBody":"","fileTypesAndContributionMap":{"docs":{"insertions":130,"deletions":86}}},{"hash":"312456f4cae8af6fefb3507ea7859483df78c018","isMergeCommit":false,"messageTitle":"update glossary","messageBody":"","fileTypesAndContributionMap":{"docs":{"insertions":139,"deletions":100}}}]},{"date":"2025-11-03T00:00:00","commitResults":[{"hash":"defd006950d4b64286535df3de6092aff19c2761","isMergeCommit":false,"messageTitle":"update validation for name,doctor,med","messageBody":"","fileTypesAndContributionMap":{"functional-code":{"insertions":9,"deletions":9}}},{"hash":"a3e85ade9022adc00aa899eb7cf9e6c1d5c08c9b","isMergeCommit":false,"messageTitle":"fix email error","messageBody":"","fileTypesAndContributionMap":{"functional-code":{"insertions":9,"deletions":8}}},{"hash":"e1024cef34f4506093906a8804cc5c292a95f9bf","isMergeCommit":false,"messageTitle":"fix med error msg","messageBody":"","fileTypesAndContributionMap":{"functional-code":{"insertions":3,"deletions":1}}},{"hash":"e0ae443fa211344f255304ee2e0e967a7b7277b5","isMergeCommit":false,"messageTitle":"updated test cases to match code changes","messageBody":"","fileTypesAndContributionMap":{"test-code":{"insertions":111,"deletions":36}}},{"hash":"651f3e07984a8c1b1fd796cef9fa6dadd83f1af6","isMergeCommit":false,"messageTitle":"fix checkstyle","messageBody":"","fileTypesAndContributionMap":{"test-code":{"insertions":30,"deletions":25}}},{"hash":"365cb88d9fd23c9905b63d3e53856e1ebb72d18a","isMergeCommit":false,"messageTitle":"fix checkstyle","messageBody":"","fileTypesAndContributionMap":{"test-code":{"insertions":10,"deletions":8}}},{"hash":"60b856f9afb85d4b0c5807d3a92c8925347e8494","isMergeCommit":true,"messageTitle":"Merge branch \u0027master\u0027 of https://github.com/AY2526S1-CS2103T-F12-4/tp into update-field-validation","messageBody":"","fileTypesAndContributionMap":{}},{"hash":"ba1a1bd8046c57f6027175662989c108d7adfc21","isMergeCommit":false,"messageTitle":"remove entry in glossary","messageBody":"","fileTypesAndContributionMap":{"docs":{"insertions":0,"deletions":2}}},{"hash":"c6e44b7fa062bd555414dcb3b38a2963dd877a90","isMergeCommit":false,"messageTitle":"update entry in glossary","messageBody":"","fileTypesAndContributionMap":{"docs":{"insertions":1,"deletions":1}}},{"hash":"d76da228c29e39bec0d50b9b081a9e91f51e1384","isMergeCommit":true,"messageTitle":"Merge pull request #220 from Rahulvira/branch-fix-regex-prefix","messageBody":"Fix doctor prefix and regex","fileTypesAndContributionMap":{}}]}],"alfred-chua":[{"date":"2025-10-01T00:00:00","commitResults":[{"hash":"26f9cdfe246e5b70f6381e4dd44e737a60211652","isMergeCommit":false,"messageTitle":"Update AboutUs.md","messageBody":"","fileTypesAndContributionMap":{"docs":{"insertions":3,"deletions":3}}}]},{"date":"2025-10-08T00:00:00","commitResults":[{"hash":"2fee0628583e6e31f3f4276e100ac28485315325","isMergeCommit":false,"messageTitle":"Change invalid index error message","messageBody":"","fileTypesAndContributionMap":{"functional-code":{"insertions":1,"deletions":1}}},{"hash":"2a9e8b3572e233aff1d332b082621c3b046025ca","isMergeCommit":false,"messageTitle":"Change delete patient success message","messageBody":"","fileTypesAndContributionMap":{"functional-code":{"insertions":1,"deletions":1}}},{"hash":"278f837f3dc8c84774583126ee8f20110e7eb0ee","isMergeCommit":false,"messageTitle":"Reduce line length for error message","messageBody":"","fileTypesAndContributionMap":{"functional-code":{"insertions":2,"deletions":1}}},{"hash":"8a4ddb14797966f4f2b7a2a0516d409d4f95fbc0","isMergeCommit":false,"messageTitle":"Add view command","messageBody":"","fileTypesAndContributionMap":{"functional-code":{"insertions":103,"deletions":0}}},{"hash":"dbec846e7691e87fbc8b742a6699282ffffb57b8","isMergeCommit":false,"messageTitle":"Add view command tests","messageBody":"","fileTypesAndContributionMap":{"functional-code":{"insertions":2,"deletions":2},"test-code":{"insertions":93,"deletions":0}}},{"hash":"7caf9b9e512d19a86abd0f63ccee3133a55b569a","isMergeCommit":false,"messageTitle":"Add newline at EOF for ViewCommandTest","messageBody":"","fileTypesAndContributionMap":{"docs":{"insertions":10,"deletions":10},"test-code":{"insertions":1,"deletions":1}}}]},{"date":"2025-10-13T00:00:00","commitResults":[{"hash":"636517177e323e59179aa854c4451949cedbb2a5","isMergeCommit":true,"messageTitle":"Merge pull request #49 from Mathew270/View-Medicines","messageBody":"View medicines","fileTypesAndContributionMap":{}}]},{"date":"2025-10-14T00:00:00","commitResults":[{"hash":"ed8a6970d47d24b15d6566b59e30eb5b6d3989be","isMergeCommit":false,"messageTitle":"Add view and med to user guide","messageBody":"","fileTypesAndContributionMap":{"docs":{"insertions":52,"deletions":22}}}]},{"date":"2025-10-16T00:00:00","commitResults":[{"hash":"30b8cc706dc676d95dbdb0653f2c341e0fb370d4","isMergeCommit":true,"messageTitle":"Merge pull request #57 from Rahulvira/branch-add-doctor","messageBody":"Add function to add and delete doctor","fileTypesAndContributionMap":{}}]},{"date":"2025-10-20T00:00:00","commitResults":[{"hash":"681ab3c15903e99296579d06b0271e703487b8c0","isMergeCommit":false,"messageTitle":"Update UML diagrams","messageBody":"","fileTypesAndContributionMap":{"docs":{"insertions":5,"deletions":0}}},{"hash":"e05dd31dba4aafa5f5e4df465d525800ce10acb2","isMergeCommit":false,"messageTitle":"Enable assertions in build.gradle file","messageBody":"","fileTypesAndContributionMap":{"other":{"insertions":4,"deletions":0}}}]},{"date":"2025-10-22T00:00:00","commitResults":[{"hash":"adbe961ce4bce2dbb1c207ea5af861ef70b4a2f9","isMergeCommit":true,"messageTitle":"Merge pull request #67 from Mathew270/MedParserTest","messageBody":"Add test cases for MedCommandParser","fileTypesAndContributionMap":{}}]},{"date":"2025-10-23T00:00:00","commitResults":[{"hash":"33bb45cf1498fed490ab2e5f4d4e6944568c5e41","isMergeCommit":false,"messageTitle":"Add find doctor command","messageBody":"","fileTypesAndContributionMap":{"functional-code":{"insertions":144,"deletions":0}}},{"hash":"82f253c062555a8a5664ce304e7790b304540e41","isMergeCommit":false,"messageTitle":"Fix JavaCI issue","messageBody":"","fileTypesAndContributionMap":{"functional-code":{"insertions":2,"deletions":2}}},{"hash":"1bfe3f8729d5919b94ab283ac8877bc74e056c2f","isMergeCommit":false,"messageTitle":"Remove getName() function","messageBody":"","fileTypesAndContributionMap":{"functional-code":{"insertions":3,"deletions":7}}},{"hash":"60e694bdccb2eeae63cf15dd13d61c7bc82d04ac","isMergeCommit":false,"messageTitle":"Change Javadoc comment","messageBody":"","fileTypesAndContributionMap":{"functional-code":{"insertions":1,"deletions":1}}},{"hash":"e70d6c01ef7eeaf8623eac16847feac6e90879c7","isMergeCommit":true,"messageTitle":"Merge pull request #74 from Mathew270/Update-UML","messageBody":"Update UML Diagrams","fileTypesAndContributionMap":{}},{"hash":"320b4edc301feba7527f53f270eb28896e9549b3","isMergeCommit":true,"messageTitle":"Merge pull request #83 from Rahulvira/update-UserGuide-findmed","messageBody":"","fileTypesAndContributionMap":{}},{"hash":"ade5a1b1a21f55b539a17a82fa9689b358623bb2","isMergeCommit":true,"messageTitle":"Merge pull request #80 from Rahulvira/branch-filter-by-medicine","messageBody":"","fileTypesAndContributionMap":{}}]},{"date":"2025-10-28T00:00:00","commitResults":[{"hash":"d4e126c55d292e080ad294637e0f7e08e76403eb","isMergeCommit":false,"messageTitle":"Add tests for find-doctor command","messageBody":"","fileTypesAndContributionMap":{"test-code":{"insertions":95,"deletions":3}}}]},{"date":"2025-10-29T00:00:00","commitResults":[{"hash":"70ab59ff85bc1ad142091003e88b99d76bde8f77","isMergeCommit":false,"messageTitle":"Change command name from doc to finddoc","messageBody":"","fileTypesAndContributionMap":{"functional-code":{"insertions":1,"deletions":1},"docs":{"insertions":18,"deletions":1}}},{"hash":"7545a51e8b03fa9d451fbddae7a37e2acdcd387b","isMergeCommit":false,"messageTitle":"Add finddoc to table of contents","messageBody":"","fileTypesAndContributionMap":{"docs":{"insertions":3,"deletions":0}}},{"hash":"2cea515e0be93a3717baff05b38884a56562f6f0","isMergeCommit":false,"messageTitle":"Add use case for findmed command","messageBody":"","fileTypesAndContributionMap":{"docs":{"insertions":26,"deletions":2}}},{"hash":"b93e72b1753f2f5199f3d95f41b1a6ebd3d34148","isMergeCommit":false,"messageTitle":"Add user story for view command","messageBody":"","fileTypesAndContributionMap":{"docs":{"insertions":24,"deletions":0}}}]}]},"authorFileTypeContributionMap":{"Rahulvira":{"docs":114,"functional-code":411,"test-code":203},"Arnav-Jhajharia":{"docs":269,"functional-code":579,"test-code":26},"Shubham-1417":{"docs":225,"functional-code":371,"test-code":4,"other":703},"Mathew270":{"docs":325,"functional-code":378,"test-code":365,"other":1},"alfred-chua":{"docs":83,"functional-code":244,"test-code":185,"other":4}},"authorContributionVariance":{"Rahulvira":4010.1956,"Arnav-Jhajharia":16211.493,"Shubham-1417":24294.703,"Mathew270":12156.305,"alfred-chua":1951.5778},"authorDisplayNameMap":{"Rahulvira":"CS2103T-F12-4 RAHU..IJAY","Arnav-Jhajharia":"CS2103T-F12-4 JHAJ..RNAV","Shubham-1417":"CS2103T-F12-4 CHOU..BHAM","Mathew270":"CS2103T-F12-4 MATH..PAUL","alfred-chua":"CS2103T-F12-4 ALFR.. KAI"}}
