{"authorDailyContributionsMap":{"blurfrost":[{"date":"2025-10-01T00:00:00","commitResults":[{"hash":"2baeb88d82fc9aa62afe5d29d9266406e2c31c90","isMergeCommit":false,"messageTitle":"Add AboutUs for Keith","messageBody":"","fileTypesAndContributionMap":{"docs":{"insertions":14,"deletions":6}}}]},{"date":"2025-10-02T00:00:00","commitResults":[{"hash":"02ec17c01fd4fd3981cacc15286c8f433ec3680f","isMergeCommit":false,"messageTitle":"Update DG with NFRs about project constraints","messageBody":"","fileTypesAndContributionMap":{"docs":{"insertions":8,"deletions":3}}},{"hash":"e59615fc4b6246eb09ce4a283b609383fb6cab33","isMergeCommit":true,"messageTitle":"Merge pull request #34 from wafflescloud/update-site-settings","messageBody":"Update site-wide settings","fileTypesAndContributionMap":{}},{"hash":"7bd0a695ed205a509cc8893749f99781cc63c5a2","isMergeCommit":true,"messageTitle":"Merge pull request #35 from morpheuschoo/update-readme","messageBody":"Update README to Furiends information","fileTypesAndContributionMap":{}},{"hash":"6d660abe82332438fd0ecbd177f7bead20c892b4","isMergeCommit":true,"messageTitle":"Merge pull request #36 from morpheuschoo/edit-dg-use-cases","messageBody":"Edit DG use cases","fileTypesAndContributionMap":{}},{"hash":"3616c118ea0976c7d908fed37d6b790901345351","isMergeCommit":true,"messageTitle":"Merge pull request #37 from wafflescloud/update-glossary","messageBody":"Update DG\u0027s Product Scope","fileTypesAndContributionMap":{}},{"hash":"526efda3e5a970e76cc14d7fd7770f7de1525c16","isMergeCommit":true,"messageTitle":"Merge pull request #38 from jlismee/update-dg-user-stories","messageBody":"Update user stories in DG","fileTypesAndContributionMap":{}},{"hash":"3de98d5688bf52bda38bf01f0a675e5a8a0b9e31","isMergeCommit":true,"messageTitle":"Merge branch \u0027master\u0027 into edit-dg-product-scope","messageBody":"","fileTypesAndContributionMap":{}},{"hash":"02a67efd16dcf48bb776e533f17fc81f2a7d837b","isMergeCommit":true,"messageTitle":"Merge pull request #40 from McFishhh/edit-dg-product-scope","messageBody":"Update DG Product Scope","fileTypesAndContributionMap":{}},{"hash":"2c6990596defaec09ca18c989b2425774a93c423","isMergeCommit":true,"messageTitle":"Merge branch \u0027master\u0027 into edit-dg-nfr","messageBody":"","fileTypesAndContributionMap":{}},{"hash":"21fe6874848482a13ad330da6bd7ce35477b9acb","isMergeCommit":true,"messageTitle":"Merge pull request #41 from McFishhh/edit-dg-nfr","messageBody":"Update DG NFRs","fileTypesAndContributionMap":{}}]},{"date":"2025-10-08T00:00:00","commitResults":[{"hash":"d2269e3af5189da334944282b9beda785fa625fe","isMergeCommit":false,"messageTitle":"Add list of supported commands to help","messageBody":"","fileTypesAndContributionMap":{"functional-code":{"insertions":44,"deletions":17}}},{"hash":"803e3add0a141d2031ff23df6e82ef1588bd7adb","isMergeCommit":false,"messageTitle":"Add test descriptions for each command","messageBody":"","fileTypesAndContributionMap":{"functional-code":{"insertions":160,"deletions":12}}},{"hash":"f7583777bf634e1bd546eb2bcdd94de27cda855d","isMergeCommit":true,"messageTitle":"Merge branch \u0027master\u0027 of https://github.com/blurfrost/tp into add-help","messageBody":"","fileTypesAndContributionMap":{}}]},{"date":"2025-10-09T00:00:00","commitResults":[{"hash":"7b71c50ee1513b8f0c242d2cb1d7d020bb18ade8","isMergeCommit":false,"messageTitle":"Add descriptions for each command","messageBody":"","fileTypesAndContributionMap":{"functional-code":{"insertions":54,"deletions":12}}},{"hash":"8c6ca76f4c9c772a502ee7386d3b2a4418321daf","isMergeCommit":false,"messageTitle":"Fix style","messageBody":"","fileTypesAndContributionMap":{"functional-code":{"insertions":11,"deletions":8}}},{"hash":"f16412ff28d54be5ac927abff696772504795507","isMergeCommit":false,"messageTitle":"Add CSS to HelpFunctionWindow","messageBody":"","fileTypesAndContributionMap":{"functional-code":{"insertions":27,"deletions":2}}}]},{"date":"2025-10-13T00:00:00","commitResults":[{"hash":"6e847c719d34e8bd88f3aad89f253d8e73005e95","isMergeCommit":true,"messageTitle":"Merge pull request #57 from morpheuschoo/change-add-command","messageBody":"Change add command","fileTypesAndContributionMap":{}}]},{"date":"2025-10-15T00:00:00","commitResults":[{"hash":"20471405a6da59d521927cabbe14f4d3ffc7c2cc","isMergeCommit":false,"messageTitle":"Add parser for additional help commands","messageBody":"","fileTypesAndContributionMap":{"functional-code":{"insertions":15,"deletions":1}}},{"hash":"6bf6358f528297cc984e74a0c06aad16ba17afe4","isMergeCommit":false,"messageTitle":"Implement help for specific commands in CLI","messageBody":"","fileTypesAndContributionMap":{"functional-code":{"insertions":49,"deletions":6}}},{"hash":"ce6c0457e5d5ee5592bc3b2e1b5effef937cefd4","isMergeCommit":false,"messageTitle":"Add link to command formats for direct CLI input","messageBody":"","fileTypesAndContributionMap":{"functional-code":{"insertions":132,"deletions":9}}},{"hash":"064dbe260bc5faecc4675e5d7faf697ced30a9fc","isMergeCommit":false,"messageTitle":"Update command formats to current format","messageBody":"","fileTypesAndContributionMap":{"functional-code":{"insertions":17,"deletions":14}}}]},{"date":"2025-10-16T00:00:00","commitResults":[{"hash":"05ca2fad370f5b1858e26682cafd68a2d0af86ef","isMergeCommit":true,"messageTitle":"Merge pull request #66 from McFishhh/continue-find-function","messageBody":"Continue find function","fileTypesAndContributionMap":{}},{"hash":"f516ab7e95e7e8372a59f167c823247f16580f65","isMergeCommit":true,"messageTitle":"Merge pull request #68 from wafflescloud/change-animal-list-UI","messageBody":"Update UI for contacts","fileTypesAndContributionMap":{}},{"hash":"78d4857aeb1247d4ded9acb6365ecf5f27b9c80a","isMergeCommit":false,"messageTitle":"Update link to user guide","messageBody":"","fileTypesAndContributionMap":{"functional-code":{"insertions":1,"deletions":1}}},{"hash":"e34ddcf48ad6837b5f951ec9642665c6294861e4","isMergeCommit":false,"messageTitle":"Change HelpFunctionWindow text colour to white","messageBody":"","fileTypesAndContributionMap":{"functional-code":{"insertions":5,"deletions":5}}},{"hash":"990b05ca33d23172bc2a5081f02d79da6aead58b","isMergeCommit":false,"messageTitle":"Change application title to Furiends","messageBody":"","fileTypesAndContributionMap":{"functional-code":{"insertions":1,"deletions":1}}},{"hash":"167243a99fe93be490fc3bfebe91a817bc48789f","isMergeCommit":false,"messageTitle":"Update JAR file name","messageBody":"","fileTypesAndContributionMap":{"other":{"insertions":1,"deletions":1}}},{"hash":"e66b963eb590f08577cd094ed24578fc13b5018d","isMergeCommit":false,"messageTitle":"Update Quick Start section of user guide","messageBody":"","fileTypesAndContributionMap":{"docs":{"insertions":10,"deletions":11}}},{"hash":"23c5548cf22fcb2a25821be00573ced565534db0","isMergeCommit":false,"messageTitle":"Update some command usage in user guide","messageBody":"","fileTypesAndContributionMap":{"docs":{"insertions":10,"deletions":5}}},{"hash":"890761295307a8844d4fc08ebab9225507da9936","isMergeCommit":false,"messageTitle":"Update help description in user guide","messageBody":"","fileTypesAndContributionMap":{"docs":{"insertions":15,"deletions":2}}},{"hash":"a99c5db1dafb6ae597493fed28e87d96a61d99d1","isMergeCommit":false,"messageTitle":"Improve consistency of help with user guide","messageBody":"","fileTypesAndContributionMap":{"functional-code":{"insertions":14,"deletions":16}}},{"hash":"1edf4e1912023e22b54038ce7b3a8c516fd67892","isMergeCommit":false,"messageTitle":"Fix HelpWindow to display commands alphabetically","messageBody":"","fileTypesAndContributionMap":{"functional-code":{"insertions":14,"deletions":15}}},{"hash":"a89e175553b9462701c58ebd25429380e7607167","isMergeCommit":false,"messageTitle":"Update user guide for add commands","messageBody":"","fileTypesAndContributionMap":{"docs":{"insertions":13,"deletions":4}}},{"hash":"27409f7f6372751e022b74984304d633c3ae2a73","isMergeCommit":false,"messageTitle":"Update edit command in user guide","messageBody":"","fileTypesAndContributionMap":{"docs":{"insertions":21,"deletions":6}}},{"hash":"2acd8faee40757078f75a42b3e055e1f3107506b","isMergeCommit":false,"messageTitle":"Update find and delete commands in user guide","messageBody":"","fileTypesAndContributionMap":{"docs":{"insertions":38,"deletions":16}}},{"hash":"067ae42b2e23e2a7687476b9403f432b20d8c9af","isMergeCommit":false,"messageTitle":"Update command summary in user guide","messageBody":"","fileTypesAndContributionMap":{"docs":{"insertions":16,"deletions":11}}},{"hash":"5f68d94670c4a3afd5bf407e35fe1dcbda650f78","isMergeCommit":true,"messageTitle":"Merge pull request #78 from morpheuschoo/fix-edit-command","messageBody":"Fix \u0027edit\u0027 command to now assign a feeding time to a person","fileTypesAndContributionMap":{}}]}],"McFishhh":[{"date":"2025-09-28T00:00:00","commitResults":[{"hash":"c0ecf106bdb6d59046b2adca9e2fdcf271bdb66c","isMergeCommit":false,"messageTitle":"Add remark command","messageBody":"","fileTypesAndContributionMap":{"functional-code":{"insertions":206,"deletions":13},"test-code":{"insertions":253,"deletions":15}}},{"hash":"7fe932229739417a9a82e8663d893af8e996af28","isMergeCommit":true,"messageTitle":"Merge branch \u0027tutorial-adding-command\u0027","messageBody":"","fileTypesAndContributionMap":{}}]},{"date":"2025-10-01T00:00:00","commitResults":[{"hash":"ad0c33598606dfca75da570478894ffc5dfba383","isMergeCommit":false,"messageTitle":"Revert \"Merge branch \u0027tutorial-adding-command\u0027\"","messageBody":"This reverts commit 7fe932229739417a9a82e8663d893af8e996af28, reversing\nchanges made to 5c6768f211276123cdcc35ee1a74456b9f147f1a.\n","fileTypesAndContributionMap":{"functional-code":{"insertions":13,"deletions":206},"test-code":{"insertions":15,"deletions":253}}},{"hash":"df2f0157a8694d1dfa7c6e454f1aee55e7839001","isMergeCommit":false,"messageTitle":"Add Shawn\u0027s AboutUs","messageBody":"","fileTypesAndContributionMap":{"docs":{"insertions":10,"deletions":6}}}]},{"date":"2025-10-02T00:00:00","commitResults":[{"hash":"8e2eb48349da66186a6ca5e7a6f058e3befef4c7","isMergeCommit":true,"messageTitle":"Merge pull request #24 from morpheuschoo/add-morpheus-aboutus","messageBody":"Add Morpheus\u0027s AboutUs","fileTypesAndContributionMap":{}},{"hash":"9decd949b7bccf1a2a8ce157396041979ba30458","isMergeCommit":false,"messageTitle":"Edit target user profile and value proposition","messageBody":"","fileTypesAndContributionMap":{"docs":{"insertions":3,"deletions":3}}},{"hash":"af5c841498563e5f18d9dc58579f19c1a4246b14","isMergeCommit":false,"messageTitle":"Edit dg nfr about project scope","messageBody":"","fileTypesAndContributionMap":{"docs":{"insertions":2,"deletions":0}}},{"hash":"5494fc5ea0029a1723cc5948a7c3a77d6ac39908","isMergeCommit":false,"messageTitle":"Add new project scope to DG NFR","messageBody":"","fileTypesAndContributionMap":{"docs":{"insertions":1,"deletions":0}}},{"hash":"e43e8724cd7e8b860b7f998055ebcf5bba62007e","isMergeCommit":true,"messageTitle":"Merge pull request #42 from blurfrost/add-nfr","messageBody":"Update DG with NFRs","fileTypesAndContributionMap":{}}]},{"date":"2025-10-08T00:00:00","commitResults":[{"hash":"624b008d675346c973531cd26f610615f2a98ad4","isMergeCommit":false,"messageTitle":"Edit UI layout to have 2 duplicate person columns","messageBody":"When cat contacts are done in the future, change the placeholder list\nat MainWindow.fxml at line 57... and\nMainWindow.java line 49 and line 122, 123\n","fileTypesAndContributionMap":{"functional-code":{"insertions":24,"deletions":6}}},{"hash":"a8954d81105cd40a19d2760b3c186984a029b608","isMergeCommit":false,"messageTitle":"Remove trailing whitespace","messageBody":"","fileTypesAndContributionMap":{"functional-code":{"insertions":1,"deletions":1}}},{"hash":"24cb469de0ac7153207878beaa2f4caf98d4043b","isMergeCommit":true,"messageTitle":"Merge pull request #51 from morpheuschoo/add-animal-to-AddressBook","messageBody":"Add Animal storage functionality and sample data","fileTypesAndContributionMap":{}}]},{"date":"2025-10-09T00:00:00","commitResults":[{"hash":"1899e1e5c9b913c4507730ec1165c866ad09a9b1","isMergeCommit":false,"messageTitle":"Add find animal functionality","messageBody":"Find person done with \"find\"\nFind animal done with \"finda\" (to be changed)\n\nYet to implement testcases for find animal,\nand to abstract both find classes into a single\nparent class.\n","fileTypesAndContributionMap":{"functional-code":{"insertions":143,"deletions":3},"other":{"insertions":60,"deletions":52},"test-code":{"insertions":4,"deletions":4}}},{"hash":"a4a43bb848004e48b97c2ac3232ddae24edca8b5","isMergeCommit":true,"messageTitle":"Merge pull request #54 from jlismee/implement-edit","messageBody":"Implement edit function using names","fileTypesAndContributionMap":{}}]},{"date":"2025-10-15T00:00:00","commitResults":[{"hash":"3fe784193cddd4b414ff148aede246e1229058eb","isMergeCommit":false,"messageTitle":"Improve abstraction for find command","messageBody":"","fileTypesAndContributionMap":{"functional-code":{"insertions":70,"deletions":17},"other":{"insertions":24,"deletions":34}}},{"hash":"c47b9c8cf3f73eefc76d679a11122734bbd11c44","isMergeCommit":false,"messageTitle":"Fix checkstyle for main and test","messageBody":"","fileTypesAndContributionMap":{"functional-code":{"insertions":20,"deletions":16},"other":{"insertions":15,"deletions":15},"test-code":{"insertions":1,"deletions":1}}},{"hash":"c88cdc4cc7d71c59d3ef1f166f7cd47a759ccd16","isMergeCommit":false,"messageTitle":"Add testcases for find command","messageBody":"","fileTypesAndContributionMap":{"functional-code":{"insertions":2,"deletions":2},"other":{"insertions":0,"deletions":0},"test-code":{"insertions":368,"deletions":39}}}]}],"morpheuschoo":[{"date":"2025-09-19T00:00:00","commitResults":[{"hash":"9944ce6491a5e3aa421fa09e411584d8b37b93c8","isMergeCommit":true,"messageTitle":"Merge remote-tracking branch \u0027origin/switch-docs-to-markbind\u0027","messageBody":"","fileTypesAndContributionMap":{}},{"hash":"5c6768f211276123cdcc35ee1a74456b9f147f1a","isMergeCommit":false,"messageTitle":"Add gh-pages","messageBody":"","fileTypesAndContributionMap":{"docs":{"insertions":1,"deletions":1}}}]},{"date":"2025-10-01T00:00:00","commitResults":[{"hash":"2c376cc2c39b96ad75b244a50fe64f4f3521fae8","isMergeCommit":false,"messageTitle":"Add AboutUs","messageBody":"","fileTypesAndContributionMap":{"docs":{"insertions":10,"deletions":6}}},{"hash":"02331f11af558a9d65868f12acaeaf7ba404365f","isMergeCommit":false,"messageTitle":"Fix EOF error","messageBody":"","fileTypesAndContributionMap":{"docs":{"insertions":1,"deletions":1}}}]},{"date":"2025-10-02T00:00:00","commitResults":[{"hash":"3928ddd33a022b1d29336b22cee025b802e9c5a2","isMergeCommit":true,"messageTitle":"Merge pull request #22 from wafflescloud/add-joan-aboutus","messageBody":"Add Joan\u0027s AboutUs","fileTypesAndContributionMap":{}},{"hash":"87d7823c09a33e56d34b8483de12c978e7ee2ac5","isMergeCommit":true,"messageTitle":"Merge pull request #23 from jlismee/add-jingling-aboutus","messageBody":"Add Jingling\u0027s AboutUs","fileTypesAndContributionMap":{}},{"hash":"14e0889b278d882742afdb2e9246cc5ffb8e963f","isMergeCommit":true,"messageTitle":"Merge pull request #25 from blurfrost/add-about-us","messageBody":"Add Keith\u0027s AboutUs","fileTypesAndContributionMap":{}},{"hash":"e9e863e4a12bec5e7f683573564aa4e94a235406","isMergeCommit":true,"messageTitle":"Merge pull request #26 from McFishhh/add-shawn-aboutus","messageBody":"Add Shawn\u0027s AboutUs","fileTypesAndContributionMap":{}},{"hash":"5a5bf837334cf65d17beae1017f68c3596e00b80","isMergeCommit":false,"messageTitle":"Update README to Furiends information","messageBody":"","fileTypesAndContributionMap":{"docs":{"insertions":14,"deletions":11}}},{"hash":"dac1df23c23615ad86c9a748a5c9ae67c03bf720","isMergeCommit":false,"messageTitle":"Edit DG use cases","messageBody":"","fileTypesAndContributionMap":{"docs":{"insertions":165,"deletions":14}}},{"hash":"553d6f4532425d9a4b81a725ea537d8ece77aba9","isMergeCommit":false,"messageTitle":"Change some of the use cases","messageBody":"","fileTypesAndContributionMap":{"docs":{"insertions":62,"deletions":63}}},{"hash":"617b2bc7ddf5de308de84172c69fa59d106d2e3b","isMergeCommit":false,"messageTitle":"Update docs/DeveloperGuide.md","messageBody":"Co-authored-by: Copilot \u003c175728472+Copilot@users.noreply.github.com\u003e","fileTypesAndContributionMap":{"docs":{"insertions":0,"deletions":2}}},{"hash":"7d43bcc70dc0120a0c7f280ad224c5af78d8a84c","isMergeCommit":false,"messageTitle":"Fix indentation uder extensions","messageBody":"","fileTypesAndContributionMap":{"docs":{"insertions":91,"deletions":103}}},{"hash":"c1a72a8b7db9d2c323aec51b8d393c3e50f94903","isMergeCommit":false,"messageTitle":"Fix formatting","messageBody":"","fileTypesAndContributionMap":{"docs":{"insertions":66,"deletions":26}}}]},{"date":"2025-10-08T00:00:00","commitResults":[{"hash":"4f7be0d29d0ec4a5dbf04922849588c4e74d780b","isMergeCommit":false,"messageTitle":"Add Animal storage functionality and sample data","messageBody":"- Added Animal model with name, description and location fields\n- Implemented JsonAdaptedAnimal for JSON serialization\n- Updated JsonSerializableAddressBook to handle animal list\n- Added sample animal data to addressbook.json\n- Added animal operations in Model and ModelManager\n- Updated SampleDataUtil with sample animal entries\n\nSample animals include basic pet information like breed and characteristics.\nMaximum lengths enforced:\n- Name: 30 characters\n- Description: 200 characters\n- Location: 100 characters\n","fileTypesAndContributionMap":{"functional-code":{"insertions":768,"deletions":46},"other":{"insertions":5,"deletions":5},"test-code":{"insertions":77,"deletions":37}}},{"hash":"7b6975021e5ec069b445da96a1f676e690b36ef9","isMergeCommit":false,"messageTitle":"Fix checkstyle errors","messageBody":"","fileTypesAndContributionMap":{"functional-code":{"insertions":7,"deletions":5}}}]},{"date":"2025-10-12T00:00:00","commitResults":[{"hash":"18e03c031569941b516de4183634f99615a888dc","isMergeCommit":false,"messageTitle":"Add not completed","messageBody":"","fileTypesAndContributionMap":{"functional-code":{"insertions":224,"deletions":69}}}]},{"date":"2025-10-13T00:00:00","commitResults":[{"hash":"17d905edebf1a42405daa958c01367691d800de9","isMergeCommit":false,"messageTitle":"Refactor: Delete command and add entity support","messageBody":"Delete Command:\n- Refactored delete command structure\n\nAdd Command:\n- Split AddCommand into AddPersonCommand and AddAnimalCommand\n- Create dedicated parsers for person and animal additions\n- Add command format now requires entity type (e.g. \"add person\", \"add animal\")\n- Add integration tests for both person and animal commands\n","fileTypesAndContributionMap":{"functional-code":{"insertions":421,"deletions":284},"other":{"insertions":12,"deletions":32},"test-code":{"insertions":682,"deletions":584}}}]},{"date":"2025-10-16T00:00:00","commitResults":[{"hash":"548097b1673f5fbf70b58983a726e4534b694bc4","isMergeCommit":true,"messageTitle":"Merge pull request #65 from blurfrost/improve-help","messageBody":"Improve help","fileTypesAndContributionMap":{}},{"hash":"f50e81c23f11dc1e1997c2451661d192ec1435ef","isMergeCommit":false,"messageTitle":"Add feeding sessions to person","messageBody":"","fileTypesAndContributionMap":{"functional-code":{"insertions":177,"deletions":12},"test-code":{"insertions":139,"deletions":38}}},{"hash":"050fb4c00bf8c58365477e2dee2abb690c4a5de0","isMergeCommit":true,"messageTitle":"Merge remote-tracking branch \u0027origin/master\u0027 into add-feeding-sessions","messageBody":"","fileTypesAndContributionMap":{}},{"hash":"1fb40cf2898ff946c1b40085da2e287a97bf4e62","isMergeCommit":false,"messageTitle":"Temporarily removed some tests","messageBody":"","fileTypesAndContributionMap":{"test-code":{"insertions":34,"deletions":34}}},{"hash":"26cd1c144ab9df517ac297b1d6afe0705c87d796","isMergeCommit":true,"messageTitle":"Merge pull request #73 from blurfrost/update-references","messageBody":"Update addressbook references to Furiends","fileTypesAndContributionMap":{}},{"hash":"6c4ee4913c2b8876c5bad24de8ac61a92b16708b","isMergeCommit":true,"messageTitle":"Merge pull request #71 from blurfrost/improve-ui","messageBody":"Improve UI","fileTypesAndContributionMap":{}},{"hash":"1548fc65e4fcd9375e3f7575d8af7f5b8b7a9f33","isMergeCommit":true,"messageTitle":"Merge pull request #74 from morpheuschoo/add-feeding-sessions","messageBody":"Add feeding sessions to person","fileTypesAndContributionMap":{}},{"hash":"13cfe590072b02674fce53f108a2e5831756ed45","isMergeCommit":false,"messageTitle":"Fix \u0027edit\u0027 command to now assign a feeding time to a person","messageBody":"","fileTypesAndContributionMap":{"functional-code":{"insertions":189,"deletions":27},"test-code":{"insertions":2,"deletions":1}}},{"hash":"73a8f105683fd44f2dc1f18a8b4febbcc40262a4","isMergeCommit":true,"messageTitle":"Merge pull request #77 from blurfrost/fix-help","messageBody":"Update help","fileTypesAndContributionMap":{}},{"hash":"a9783d0cea218561d313558663fda59fee342565","isMergeCommit":true,"messageTitle":"Merge pull request #79 from blurfrost/update-user-guide","messageBody":"Update user guide","fileTypesAndContributionMap":{}}]}],"jlismee":[{"date":"2025-10-01T00:00:00","commitResults":[{"hash":"32c0b4f0cf961a0554a68202a87693cc5c6027e1","isMergeCommit":false,"messageTitle":"Add Jingling\u0027s AboutUs","messageBody":"","fileTypesAndContributionMap":{"docs":{"insertions":9,"deletions":4}}},{"hash":"5aa35c2ba0f7adad4208c79123c25a2321fec764","isMergeCommit":false,"messageTitle":"Fix error in jlismee.md","messageBody":"","fileTypesAndContributionMap":{"docs":{"insertions":1,"deletions":1}}}]},{"date":"2025-10-02T00:00:00","commitResults":[{"hash":"28b2323a80f6bd67fa40bb103e8ab3ea8385631f","isMergeCommit":false,"messageTitle":"Update user stories in dg","messageBody":"","fileTypesAndContributionMap":{"docs":{"insertions":37,"deletions":8}}}]},{"date":"2025-10-09T00:00:00","commitResults":[{"hash":"f629ce575ef39721a7de9efc7dff013c340406f0","isMergeCommit":false,"messageTitle":"Update code with contact type","messageBody":"","fileTypesAndContributionMap":{"functional-code":{"insertions":14,"deletions":10}}},{"hash":"b9800e054aef6334db464321dbc030606585040d","isMergeCommit":true,"messageTitle":"Merge pull request #53 from wafflescloud/implement-delete","messageBody":"Implement delete function using names","fileTypesAndContributionMap":{}},{"hash":"1b66256cd763aeebc5f3320a45f71dbfc0412ee4","isMergeCommit":false,"messageTitle":"Update edit specific to person","messageBody":"","fileTypesAndContributionMap":{"functional-code":{"insertions":373,"deletions":247},"other":{"insertions":66,"deletions":47},"test-code":{"insertions":597,"deletions":559}}},{"hash":"a962d1203db3d6a755d2a837089109f007b6592b","isMergeCommit":false,"messageTitle":"Fix edit parsing error","messageBody":"","fileTypesAndContributionMap":{"functional-code":{"insertions":27,"deletions":36},"test-code":{"insertions":15,"deletions":16}}},{"hash":"d9a3df4b8f90908ea20114b14c6cccdeacdf281a","isMergeCommit":false,"messageTitle":"Work on edit specific to Animal","messageBody":"","fileTypesAndContributionMap":{"functional-code":{"insertions":198,"deletions":0}}},{"hash":"d38144c61eb82d7d43576d856ff60c6e690d3843","isMergeCommit":false,"messageTitle":"Update edit error messages","messageBody":"","fileTypesAndContributionMap":{"functional-code":{"insertions":3,"deletions":2},"test-code":{"insertions":2,"deletions":1}}},{"hash":"867806e97b4f55ec4e3a1a8baf90734bcb80a1f7","isMergeCommit":true,"messageTitle":"Merge master branch into implement-edit","messageBody":"","fileTypesAndContributionMap":{}},{"hash":"e929fb8ca7a7572e693947b929e398cf2b60226e","isMergeCommit":false,"messageTitle":"Fix checkstyle errors","messageBody":"","fileTypesAndContributionMap":{"functional-code":{"insertions":1,"deletions":3},"test-code":{"insertions":1,"deletions":1}}},{"hash":"acfa0090ad0a9479fc26f67f7183c405dee14d93","isMergeCommit":true,"messageTitle":"Merge pull request #55 from McFishhh/implement-find-function","messageBody":"Add find animal functionality","fileTypesAndContributionMap":{}}]},{"date":"2025-10-16T00:00:00","commitResults":[{"hash":"47ee80d1dfd6ee44d535c288213f9ee3cdd82304","isMergeCommit":false,"messageTitle":"Improve abstraction for edit command","messageBody":"","fileTypesAndContributionMap":{"functional-code":{"insertions":104,"deletions":4},"other":{"insertions":34,"deletions":93},"test-code":{"insertions":8,"deletions":8}}},{"hash":"885c6429d43a592b1da84d220ceea3f826ce067e","isMergeCommit":false,"messageTitle":"Update test cases for edit function","messageBody":"","fileTypesAndContributionMap":{"functional-code":{"insertions":6,"deletions":4},"test-code":{"insertions":610,"deletions":486}}},{"hash":"866d5e19bce9c64a535dfeff6d7e8c06d943990e","isMergeCommit":false,"messageTitle":"Update delete case in AddressBookParser","messageBody":"","fileTypesAndContributionMap":{"functional-code":{"insertions":2,"deletions":3}}},{"hash":"45959b81acb35e5b7a71650df4b6430f5493a338","isMergeCommit":false,"messageTitle":"Fix error in edit function","messageBody":"","fileTypesAndContributionMap":{"functional-code":{"insertions":9,"deletions":9}}}]}],"wafflescloud":[{"date":"2025-10-01T00:00:00","commitResults":[{"hash":"09650eac131ac65c80872bdefcb3263ebca6d8f3","isMergeCommit":false,"messageTitle":"Add AboutUs for Joan","messageBody":"","fileTypesAndContributionMap":{"docs":{"insertions":3,"deletions":3}}},{"hash":"3406585d9e98b9ad77863de5e5295f7ec9603382","isMergeCommit":false,"messageTitle":"Update Joan\u0027s page","messageBody":"","fileTypesAndContributionMap":{"docs":{"insertions":4,"deletions":0}}}]},{"date":"2025-10-02T00:00:00","commitResults":[{"hash":"719a0379f0efb7368a8d87b4c53b650952741228","isMergeCommit":false,"messageTitle":"Update site-wide settings","messageBody":"","fileTypesAndContributionMap":{"docs":{"insertions":4,"deletions":4}}},{"hash":"913db878084c2899987c39d57ade6061284f9d2e","isMergeCommit":false,"messageTitle":"update glossary","messageBody":"","fileTypesAndContributionMap":{"docs":{"insertions":9,"deletions":3}}},{"hash":"83d2fec9af58729e2d40cc98945b6d25c1db2137","isMergeCommit":false,"messageTitle":"update glossary","messageBody":"","fileTypesAndContributionMap":{"docs":{"insertions":0,"deletions":1}}}]},{"date":"2025-10-08T00:00:00","commitResults":[{"hash":"31610d03817f247b1a6084e02020fff406b64fed","isMergeCommit":false,"messageTitle":"edit delete command","messageBody":"","fileTypesAndContributionMap":{"functional-code":{"insertions":385,"deletions":22}}},{"hash":"3bfe1f35c4735916bcf93c20fe4b85e8799115ee","isMergeCommit":true,"messageTitle":"resolve merge conflicts","messageBody":"","fileTypesAndContributionMap":{}}]},{"date":"2025-10-09T00:00:00","commitResults":[{"hash":"7ed12018c129921ae101a3cefadc4921c19f4f61","isMergeCommit":false,"messageTitle":"modify delete function","messageBody":"","fileTypesAndContributionMap":{"functional-code":{"insertions":240,"deletions":396},"test-code":{"insertions":396,"deletions":227}}},{"hash":"be89dcead076d708a05e502f5ceaca0f4247c735","isMergeCommit":true,"messageTitle":"Merge pull request #49 from McFishhh/edit-ui-layout","messageBody":"Edit UI Layout","fileTypesAndContributionMap":{}},{"hash":"1679499e84c2583cbcb48df950322b4759039157","isMergeCommit":true,"messageTitle":"Merge pull request #52 from blurfrost/add-help","messageBody":"Implement improvements to help function","fileTypesAndContributionMap":{}}]},{"date":"2025-10-16T00:00:00","commitResults":[{"hash":"058c28d60e9ae1cf5c553b57e168936dbd3c41d5","isMergeCommit":false,"messageTitle":"Change UI to updated one","messageBody":"","fileTypesAndContributionMap":{"functional-code":{"insertions":520,"deletions":20}}},{"hash":"92f6d254f09b033e4b55dea0d42b875533412868","isMergeCommit":true,"messageTitle":"Merge pull request #69 from jlismee/update-edit","messageBody":"Continue edit function","fileTypesAndContributionMap":{}}]}]},"authorFileTypeContributionMap":{"blurfrost":{"docs":138,"functional-code":428,"test-code":0,"other":1},"McFishhh":{"docs":11,"functional-code":124,"test-code":355},"morpheuschoo":{"docs":192,"functional-code":1545,"test-code":513},"jlismee":{"docs":45,"functional-code":377,"test-code":593},"wafflescloud":{"docs":19,"functional-code":651,"test-code":292}},"authorContributionVariance":{"blurfrost":5842.2393,"McFishhh":29272.168,"morpheuschoo":182759.83,"jlismee":226873.53,"wafflescloud":66576.82},"authorDisplayNameMap":{"blurfrost":"CS2103T-W14-3 SHEN..EITH","McFishhh":"CS2103T-W14-3 SHAW..IONG","morpheuschoo":"CS2103T-W14-3 CHOO..HEUS","jlismee":"CS2103T-W14-3 SHE ..LING","wafflescloud":"CS2103T-W14-3 ZHEN..JOAN"}}
