{"authorDailyContributionsMap":{"simantak-dabhade":[{"date":"2025-09-19T00:00:00","commitResults":[{"hash":"cf94f159a128050c45afcf5a8557fc7f0f902d15","isMergeCommit":true,"messageTitle":"Merge remote-tracking branch \u0027upstream/switch-docs-to-markbind\u0027","messageBody":"","fileTypesAndContributionMap":{}},{"hash":"d495868ecb45d66afbd6b56da8aedebb51724b04","isMergeCommit":false,"messageTitle":"docs: initial documentation update to playbook.io","messageBody":"","fileTypesAndContributionMap":{"docs":{"insertions":3,"deletions":1}}},{"hash":"2faf3efd53588e85d4c57d33b01d1ea1769fc252","isMergeCommit":false,"messageTitle":"Update README.md","messageBody":"","fileTypesAndContributionMap":{"docs":{"insertions":2,"deletions":2}}},{"hash":"d4c40e1d86aa3d47205c316b6b8e0af08aa59435","isMergeCommit":false,"messageTitle":"docs: added docs to tell people how to update the docs","messageBody":"","fileTypesAndContributionMap":{"docs":{"insertions":22,"deletions":0}}}]},{"date":"2025-10-01T00:00:00","commitResults":[{"hash":"ac1ed745eed632647c6cf44ba3a35c28e4791e84","isMergeCommit":false,"messageTitle":"docs: updated simantak\u0027s about me","messageBody":"","fileTypesAndContributionMap":{"docs":{"insertions":14,"deletions":4}}}]},{"date":"2025-10-03T00:00:00","commitResults":[{"hash":"39083b3dcd4b154647aacbcb20984ee14ba188b8","isMergeCommit":true,"messageTitle":"Merge pull request #40 from goh-joshua/add-acknowledgement","messageBody":"README: Add acknowledgement of source code ","fileTypesAndContributionMap":{}},{"hash":"793722c5274f1240ee533d17d13d49b3e66e6c05","isMergeCommit":true,"messageTitle":"Merge pull request #38 from goh-joshua/update-github-actions-link","messageBody":"README: update Build Status badge","fileTypesAndContributionMap":{}}]},{"date":"2025-10-10T00:00:00","commitResults":[{"hash":"d088bca145302020ebcee724699e4a671a45445d","isMergeCommit":false,"messageTitle":"updated docs for the new commands","messageBody":"","fileTypesAndContributionMap":{"docs":{"insertions":103,"deletions":11}}},{"hash":"0a5b561ce02e44d9b358526bd479970bdc83ec6d","isMergeCommit":false,"messageTitle":"added tab bar at the bottom, with the ability to switch via keyboard shortcuts","messageBody":"","fileTypesAndContributionMap":{"functional-code":{"insertions":86,"deletions":7}}},{"hash":"7026d6ba25a0e0839df53e4a27cf7e25d52d6a01","isMergeCommit":false,"messageTitle":"implemented the athelte and orgnisation pages","messageBody":"","fileTypesAndContributionMap":{"functional-code":{"insertions":314,"deletions":33},"test-code":{"insertions":13,"deletions":7}}},{"hash":"a2d3792c5611a6e5a98ece5ba754a7d1f8bbb7a5","isMergeCommit":false,"messageTitle":"added the contract list UI","messageBody":"","fileTypesAndContributionMap":{"functional-code":{"insertions":166,"deletions":3}}},{"hash":"4d4106ec37ae57e2ab779779f1b74f9bb999bd87","isMergeCommit":false,"messageTitle":"fixed linter issues","messageBody":"","fileTypesAndContributionMap":{"functional-code":{"insertions":6,"deletions":6}}},{"hash":"e5e9e747b8032ddca93cfc148867dcddbd8cc911","isMergeCommit":true,"messageTitle":"Merge branch \u0027master\u0027 into UI-and-docs-for-new-commands","messageBody":"","fileTypesAndContributionMap":{}},{"hash":"e8d5f9712ee99ea26fdbc70d602a7cf1a8b81352","isMergeCommit":false,"messageTitle":"updating test coverage","messageBody":"","fileTypesAndContributionMap":{"test-code":{"insertions":289,"deletions":0}}},{"hash":"a3c2ccc448907081715a0819066ed8a97ce1c236","isMergeCommit":false,"messageTitle":"fix linter issues","messageBody":"","fileTypesAndContributionMap":{"test-code":{"insertions":14,"deletions":12}}},{"hash":"f191104d765ae2edfc15f5813f5aef6e5f68f8cf","isMergeCommit":true,"messageTitle":"Merge pull request #54 from simantak-dabhade/UI-and-docs-for-new-commands","messageBody":"UI and docs for new commands","fileTypesAndContributionMap":{}}]},{"date":"2025-10-14T00:00:00","commitResults":[{"hash":"22b1f403aae1433a1f6c4ff4812261a3121fcd33","isMergeCommit":false,"messageTitle":"docs: replaces instances of address book with playbook","messageBody":"","fileTypesAndContributionMap":{"other":{"insertions":1,"deletions":1},"docs":{"insertions":11,"deletions":10}}}]},{"date":"2025-10-21T00:00:00","commitResults":[{"hash":"b8fa2d47f0af8da174846ea86766952e034d5549","isMergeCommit":false,"messageTitle":"exit command","messageBody":"","fileTypesAndContributionMap":{"functional-code":{"insertions":23,"deletions":0}}},{"hash":"718afa651ff64c230141b9f8c95550afac10794f","isMergeCommit":false,"messageTitle":"help command implemented","messageBody":"","fileTypesAndContributionMap":{"functional-code":{"insertions":25,"deletions":0}}},{"hash":"f78a7a13e045e78b7557dbb24861b28e2f45a51d","isMergeCommit":false,"messageTitle":"refresh command and better docs for find","messageBody":"","fileTypesAndContributionMap":{"functional-code":{"insertions":65,"deletions":7}}},{"hash":"5e796cec696e92f397cfefb17c9392238f764482","isMergeCommit":false,"messageTitle":"refresh command impl","messageBody":"","fileTypesAndContributionMap":{"functional-code":{"insertions":43,"deletions":0}}},{"hash":"75f14b50bb9376a266b727068f353f4d9119c16b","isMergeCommit":false,"messageTitle":"fixing the linter errors","messageBody":"","fileTypesAndContributionMap":{"functional-code":{"insertions":5,"deletions":4},"docs":{"insertions":3,"deletions":3}}},{"hash":"3e289d1116e31791dda563f713de003515cbc903","isMergeCommit":false,"messageTitle":"updated checkstyle thingies","messageBody":"","fileTypesAndContributionMap":{"functional-code":{"insertions":2,"deletions":1}}},{"hash":"4fdfd20fc5b481d2621afe178dd6fb6d5cf3c095","isMergeCommit":false,"messageTitle":"updated user guide","messageBody":"","fileTypesAndContributionMap":{"docs":{"insertions":488,"deletions":73}}}]},{"date":"2025-10-22T00:00:00","commitResults":[{"hash":"564e4dcddfa0e30fc410db7cdc6f00e1812262cb","isMergeCommit":false,"messageTitle":"ui updates","messageBody":"","fileTypesAndContributionMap":{"docs":{"insertions":10,"deletions":23}}},{"hash":"41de0fee50e162075913cc888454ee7b6e6ca248","isMergeCommit":false,"messageTitle":"more updates and updated photo","messageBody":"","fileTypesAndContributionMap":{"docs":{"insertions":1,"deletions":1}}},{"hash":"3e5ebb01fa8a14ab1a7b14bdaaf6152b4cd69693","isMergeCommit":true,"messageTitle":"Merge pull request #90 from kellytxn/enable-assertions","messageBody":"Enable assertion and add UML diagrams for Athlete features","fileTypesAndContributionMap":{}},{"hash":"a4bbf293de9838882730e3d2c7a921603709bab9","isMergeCommit":true,"messageTitle":"Merge pull request #88 from simantak-dabhade/simantak/user-guide-updates","messageBody":"updated user guide","fileTypesAndContributionMap":{}},{"hash":"15e31a0edb3c8818f786fe14b1834c76478316fb","isMergeCommit":true,"messageTitle":"Merge pull request #94 from kellytxn/imrprove-ug","messageBody":"Improve ug","fileTypesAndContributionMap":{}}]},{"date":"2025-10-24T00:00:00","commitResults":[{"hash":"69bf6369cbda4d0af7de0a85117ca400528af50c","isMergeCommit":false,"messageTitle":"update to archi diagram","messageBody":"","fileTypesAndContributionMap":{"docs":{"insertions":5,"deletions":0}}},{"hash":"667b5b8f353ae5bf259eacc536cf959bd7013e20","isMergeCommit":true,"messageTitle":"Merge pull request #108 from kellytxn/ug","messageBody":"Fix bugs in athlete feature ","fileTypesAndContributionMap":{}},{"hash":"37600e1a5bf8a83482720db688326bea5bd4f2af","isMergeCommit":true,"messageTitle":"Merge pull request #110 from goh-joshua/uml-update","messageBody":"Update ArchitectureDiagram.puml","fileTypesAndContributionMap":{}}]},{"date":"2025-10-27T00:00:00","commitResults":[{"hash":"5fa5b51aa32173ced894e147cca0cca5153c6a56","isMergeCommit":false,"messageTitle":"fix: changed the regex patter to allow the correct name formats","messageBody":"","fileTypesAndContributionMap":{"functional-code":{"insertions":4,"deletions":4}}},{"hash":"ea8d6f1014cf805556addb6eeeeed3601f37ed05","isMergeCommit":false,"messageTitle":"fixed to have it say playbook.io instead of address book","messageBody":"","fileTypesAndContributionMap":{"functional-code":{"insertions":1,"deletions":1}}},{"hash":"bdf383a5b9f70bac1523007a0a3133050b450a14","isMergeCommit":false,"messageTitle":"fixed interger overflow bugs and added stuff to docs about them","messageBody":"","fileTypesAndContributionMap":{"functional-code":{"insertions":18,"deletions":18},"docs":{"insertions":34,"deletions":3}}}]},{"date":"2025-10-28T00:00:00","commitResults":[{"hash":"02663b5b64f47ba621e3d22cce30d7c5f9eeb3c6","isMergeCommit":false,"messageTitle":"fixed, not only for athlete but for organisation and contract also","messageBody":"","fileTypesAndContributionMap":{"functional-code":{"insertions":14,"deletions":8}}},{"hash":"6083c6431144bf9f74d38cb979c05f4d5d2f0066","isMergeCommit":false,"messageTitle":"fix: improving the message for no atheletesc","messageBody":"","fileTypesAndContributionMap":{"functional-code":{"insertions":30,"deletions":1}}},{"hash":"0b0a38b6a84813746f97c49b2e903d302f1438bc","isMergeCommit":false,"messageTitle":"style: removeed trailing whitespace","messageBody":"","fileTypesAndContributionMap":{"functional-code":{"insertions":2,"deletions":2}}},{"hash":"9b3e655ed8368f92631114c1e8f7b1c5a3c23a58","isMergeCommit":false,"messageTitle":"fix: help window unminimises","messageBody":"","fileTypesAndContributionMap":{"functional-code":{"insertions":27,"deletions":0},"docs":{"insertions":0,"deletions":4}}}]}],"kellytxn":[{"date":"2025-09-29T00:00:00","commitResults":[{"hash":"3a710462992bc3729ca69b3fae1d9f4ddb54db65","isMergeCommit":false,"messageTitle":"docs: update AboutUs page","messageBody":"","fileTypesAndContributionMap":{"docs":{"insertions":16,"deletions":17}}}]},{"date":"2025-10-01T00:00:00","commitResults":[{"hash":"7655b87718a6ffda32ef406ec9c6a7f841b437cf","isMergeCommit":false,"messageTitle":"docs: add Kelly\u0027s portfolio","messageBody":"","fileTypesAndContributionMap":{"docs":{"insertions":10,"deletions":1}}},{"hash":"70dc35b9aa106f8d5916de613f77f6a950597630","isMergeCommit":true,"messageTitle":"Merge branch \u0027master\u0027 into update-aboutus-page","messageBody":"","fileTypesAndContributionMap":{}},{"hash":"7a65a30424a190c6019b9101a2c2f992b2cce012","isMergeCommit":true,"messageTitle":"Merge pull request #13 from kellytxn/update-aboutus-page","messageBody":"docs: update AboutUs page","fileTypesAndContributionMap":{}},{"hash":"c452ab5792200a2dca24b2e504272ef7ed53e460","isMergeCommit":true,"messageTitle":"Merge branch \u0027master\u0027 into update-aboutus","messageBody":"","fileTypesAndContributionMap":{}},{"hash":"16bc1086931bb96ee2c81439cc362f1c05130ad8","isMergeCommit":false,"messageTitle":"docs: update developer guide","messageBody":"","fileTypesAndContributionMap":{"docs":{"insertions":212,"deletions":26}}},{"hash":"87e0f263250dc23e7563a484fe63e3ea1d67dddd","isMergeCommit":true,"messageTitle":"Merge pull request #29 from kellytxn/update-dg","messageBody":"docs: update developer guide","fileTypesAndContributionMap":{}},{"hash":"46423e0fa5a5f09d1dc9f0a688b92ca176b17347","isMergeCommit":true,"messageTitle":"Merge pull request #33 from SanguineChameleon/update-site","messageBody":"Update site-wide settings","fileTypesAndContributionMap":{}}]},{"date":"2025-10-03T00:00:00","commitResults":[{"hash":"0a7ce0fd22056cce9028e2e37b9d71841d008c75","isMergeCommit":false,"messageTitle":"docs: update README","messageBody":"","fileTypesAndContributionMap":{"docs":{"insertions":3,"deletions":8}}}]},{"date":"2025-10-04T00:00:00","commitResults":[{"hash":"440e731b5423e915d8f851a7b480f8b80a578420","isMergeCommit":false,"messageTitle":"add / delete athlete profiles","messageBody":"","fileTypesAndContributionMap":{"functional-code":{"insertions":1750,"deletions":1},"docs":{"insertions":2,"deletions":8}}},{"hash":"79a2b274058615c358542e2065729649b6151623","isMergeCommit":false,"messageTitle":"test for athlete profiles feature","messageBody":"","fileTypesAndContributionMap":{"functional-code":{"insertions":6,"deletions":22},"test-code":{"insertions":1897,"deletions":11}}}]},{"date":"2025-10-05T00:00:00","commitResults":[{"hash":"eb304b8de5cf60eafba6332d30fc3841fa9df722","isMergeCommit":false,"messageTitle":"fix coding standard issues","messageBody":"","fileTypesAndContributionMap":{"functional-code":{"insertions":29,"deletions":23},"docs":{"insertions":1,"deletions":1},"test-code":{"insertions":128,"deletions":193}}},{"hash":"3b87c0d042254aac3d45db7b8ff1e13ca2c3b885","isMergeCommit":true,"messageTitle":"Merge pull request #50 from kellytxn/athlete-feature","messageBody":"Athlete feature","fileTypesAndContributionMap":{}}]},{"date":"2025-10-11T00:00:00","commitResults":[{"hash":"1419ad6caf50764c32335ab13085e0f0ffbc764a","isMergeCommit":true,"messageTitle":"Merge pull request #62 from cameronlzy/feature/contract-commands","messageBody":"feat: contract commands","fileTypesAndContributionMap":{}},{"hash":"e401305d9ca36bbaf5183854296254232a1b2a5e","isMergeCommit":false,"messageTitle":"delete traces of person object","messageBody":"","fileTypesAndContributionMap":{"functional-code":{"insertions":15,"deletions":2114},"test-code":{"insertions":7,"deletions":3182}}},{"hash":"26b1a66382ac31515a34057eb2534e651aa74232","isMergeCommit":false,"messageTitle":"edit java doc","messageBody":"","fileTypesAndContributionMap":{"functional-code":{"insertions":15,"deletions":37}}},{"hash":"4ed67356369aeefc37c1ba79d1771548f2d9a672","isMergeCommit":true,"messageTitle":"Merge pull request #63 from kellytxn/delete-ab3","messageBody":"Remove Person-related references from codebase and UI","fileTypesAndContributionMap":{}}]},{"date":"2025-10-13T00:00:00","commitResults":[{"hash":"c3d90c31bf4c20b4fd5a16aadfcdb0c14aee26e2","isMergeCommit":true,"messageTitle":"Merge pull request #64 from cameronlzy/docs/update-readme","messageBody":"docs: update readme content","fileTypesAndContributionMap":{}}]},{"date":"2025-10-15T00:00:00","commitResults":[{"hash":"39dcbf956e96f8dcfe0750862c4d67f01c63604d","isMergeCommit":true,"messageTitle":"Merge pull request #69 from SanguineChameleon/update-error-msgs","messageBody":"Standardise error messages","fileTypesAndContributionMap":{}},{"hash":"b75b1ea7c2635c3c3c3ac361e7a28e5cdfa87270","isMergeCommit":true,"messageTitle":"Merge pull request #68 from SanguineChameleon/update-ug","messageBody":"Update user guide","fileTypesAndContributionMap":{}}]},{"date":"2025-10-16T00:00:00","commitResults":[{"hash":"a13f0ffcb9df99c13f0afbf50254e6b2ed81934b","isMergeCommit":true,"messageTitle":"Merge pull request #71 from goh-joshua/code-coverage","messageBody":"Add tests and fix bug","tags":["v1.3"],"fileTypesAndContributionMap":{}}]},{"date":"2025-10-17T00:00:00","commitResults":[{"hash":"af72f66742d01fa1fa18670e18e426a823879a5b","isMergeCommit":false,"messageTitle":"Add methods to get total contract sum and related organisations","messageBody":"","fileTypesAndContributionMap":{"functional-code":{"insertions":37,"deletions":4}}}]},{"date":"2025-10-18T00:00:00","commitResults":[{"hash":"c87b1618b355bdf9fb034f14e23e4b7c964811cd","isMergeCommit":false,"messageTitle":"Add methods to get total contract sum and related athletes","messageBody":"","fileTypesAndContributionMap":{"functional-code":{"insertions":40,"deletions":5}}},{"hash":"31be04d10b4e1f23d67ac186c84418a50c92f0a1","isMergeCommit":false,"messageTitle":"Add UI for total contract sum and related athletes","messageBody":"","fileTypesAndContributionMap":{"functional-code":{"insertions":23,"deletions":0}}},{"hash":"558ca55f9f9474ad462053a33577bc0c6ff54d3c","isMergeCommit":false,"messageTitle":"Add UI for total contract sum and related organization","messageBody":"","fileTypesAndContributionMap":{"functional-code":{"insertions":23,"deletions":0}}}]},{"date":"2025-10-19T00:00:00","commitResults":[{"hash":"150eda88215035e3a106c6e4652c07c359740ec8","isMergeCommit":false,"messageTitle":"Change import order","messageBody":"","fileTypesAndContributionMap":{"functional-code":{"insertions":4,"deletions":4}}},{"hash":"a9ec1e6e65cb969bb167d25840434855b348b296","isMergeCommit":false,"messageTitle":"Change import order","messageBody":"","fileTypesAndContributionMap":{"functional-code":{"insertions":6,"deletions":5}}}]},{"date":"2025-10-21T00:00:00","commitResults":[{"hash":"8e40324925330c740ba7cc2730898d2b42a1ffc7","isMergeCommit":true,"messageTitle":"Merge pull request #85 from simantak-dabhade/simantak/exit-and-help-command","messageBody":"exit, help and refresh commands","fileTypesAndContributionMap":{}},{"hash":"97864e3140ec62151d334013f883c6d386f07d2a","isMergeCommit":false,"messageTitle":"Fix bug where UI is not updated when contract is added / deleted","messageBody":"","fileTypesAndContributionMap":{"functional-code":{"insertions":12,"deletions":0},"test-code":{"insertions":0,"deletions":18}}},{"hash":"2acb8857c0539fd8f8904cb832a3739ac4e655b9","isMergeCommit":false,"messageTitle":"Enable assertion and add UML diagrams for Athlete features","messageBody":"","fileTypesAndContributionMap":{"other":{"insertions":1,"deletions":0},"docs":{"insertions":142,"deletions":0}}}]},{"date":"2025-10-22T00:00:00","commitResults":[{"hash":"fe8437b701c342c38ecba7a2333330546f994567","isMergeCommit":false,"messageTitle":"Update user guide","messageBody":"","fileTypesAndContributionMap":{"docs":{"insertions":23,"deletions":22}}},{"hash":"5ccf269cc1ffeaa89f4557c773b2680d0bf1a038","isMergeCommit":false,"messageTitle":"Add example to quick start","messageBody":"","fileTypesAndContributionMap":{"docs":{"insertions":5,"deletions":0}}},{"hash":"59f9ee613c6ec27446c029f8ec988e091a848357","isMergeCommit":true,"messageTitle":"Merge pull request #87 from kellytxn/fix-UI-bug","messageBody":"Fix bug where UI is not updated when contract is added / deleted","fileTypesAndContributionMap":{}},{"hash":"ae263973f164edc994377612fcbe0137cd62cecd","isMergeCommit":true,"messageTitle":"Merge pull request #92 from kellytxn/edit-user-guide","messageBody":"Update user guide","fileTypesAndContributionMap":{}},{"hash":"29464a9ae6e9695180df9a7b3d0b3986136ccc08","isMergeCommit":true,"messageTitle":"Merge pull request #93 from kellytxn/edit-user-guide","messageBody":"Add UI","fileTypesAndContributionMap":{}},{"hash":"275827d5b83c1ae45698b0d318faac68e46d1927","isMergeCommit":false,"messageTitle":"Edit UG","messageBody":"","fileTypesAndContributionMap":{"docs":{"insertions":11,"deletions":5}}},{"hash":"473f8b73c9520a3b479e2427d252ddff5d1eb9c8","isMergeCommit":false,"messageTitle":"Update sidebar links in UG","messageBody":"","fileTypesAndContributionMap":{"docs":{"insertions":7,"deletions":3}}},{"hash":"91b27931759ae8358b3c40e0edb238339c1b2127","isMergeCommit":false,"messageTitle":"Update header names","messageBody":"","fileTypesAndContributionMap":{"docs":{"insertions":4,"deletions":4}}},{"hash":"fb8e1a73351b6c3a2ea8383ee7f42871d697ba4c","isMergeCommit":true,"messageTitle":"Merge pull request #95 from kellytxn/imrprove-ug","messageBody":"Update header names","fileTypesAndContributionMap":{}},{"hash":"031982362c0a0824a96e4e9f743c6cdd8510d638","isMergeCommit":true,"messageTitle":"Merge pull request #96 from SanguineChameleon/update-uml","messageBody":"UML diagrams","fileTypesAndContributionMap":{}},{"hash":"120cf405245fbb3c531eeb7d8d6d89b56f080813","isMergeCommit":false,"messageTitle":"Update header names","messageBody":"","fileTypesAndContributionMap":{"docs":{"insertions":8,"deletions":2}}},{"hash":"ddcb694a91def7f7a2bef84a0d621b9511c48b9e","isMergeCommit":true,"messageTitle":"Merge pull request #97 from kellytxn/imrprove-ug","messageBody":"Update UG link","fileTypesAndContributionMap":{}},{"hash":"3a28efd54b8679acafa85c4a7f925c18b50948fd","isMergeCommit":false,"messageTitle":"Update header names","messageBody":"","fileTypesAndContributionMap":{"docs":{"insertions":11,"deletions":1}}},{"hash":"e4191cacd39dfcfcd06fcc1208fd0a10f45ff069","isMergeCommit":true,"messageTitle":"Merge pull request #99 from kellytxn/imrprove-ug","messageBody":"Update Display and Window Issues in UG","tags":["v1.4"],"fileTypesAndContributionMap":{}}]},{"date":"2025-10-23T00:00:00","commitResults":[{"hash":"1b4d6950dbf3678e41cbb2baebed7f7fe324b85b","isMergeCommit":false,"messageTitle":"Update display and window issues in UG","messageBody":"","fileTypesAndContributionMap":{"docs":{"insertions":4,"deletions":4}}},{"hash":"dc018aa766c56bb03a1b062458594e270d4d0779","isMergeCommit":false,"messageTitle":"Update typo + ug link","messageBody":"","fileTypesAndContributionMap":{"functional-code":{"insertions":1,"deletions":1},"docs":{"insertions":6,"deletions":9}}},{"hash":"cfe2442737911ad5fc0238701c1a754d3276355b","isMergeCommit":false,"messageTitle":"Fix bug in athlete name","messageBody":"","fileTypesAndContributionMap":{"functional-code":{"insertions":1,"deletions":1}}},{"hash":"8b66c8d58c036e996e3b57ef7888db0cc9234f35","isMergeCommit":false,"messageTitle":"Fix bug in athlete name","messageBody":"","fileTypesAndContributionMap":{"functional-code":{"insertions":3,"deletions":2},"docs":{"insertions":2,"deletions":2},"test-code":{"insertions":3,"deletions":3}}}]},{"date":"2025-10-24T00:00:00","commitResults":[{"hash":"7e698b473fa28037a8e0edeb9c79a556dc8a95b5","isMergeCommit":false,"messageTitle":"fix bugs","messageBody":"","fileTypesAndContributionMap":{"functional-code":{"insertions":51,"deletions":31},"test-code":{"insertions":8,"deletions":13}}}]},{"date":"2025-10-25T00:00:00","commitResults":[{"hash":"fab270e4d17c40c49f5179d793b58c591a286688","isMergeCommit":true,"messageTitle":"Merge pull request #115 from kellytxn/ug","messageBody":"fix bugs","fileTypesAndContributionMap":{}},{"hash":"4cf7b22c8e32020f2673987c1b36757d46a29ebf","isMergeCommit":false,"messageTitle":"fix ug","messageBody":"","fileTypesAndContributionMap":{"functional-code":{"insertions":15,"deletions":15},"docs":{"insertions":94,"deletions":84}}},{"hash":"2ce130c36fd967841cf92613f280a3d22553e537","isMergeCommit":false,"messageTitle":"remove any instances of ORGANIZATION_NAME","messageBody":"","fileTypesAndContributionMap":{"docs":{"insertions":2,"deletions":2}}},{"hash":"316c0727d111b65daf56bacb535e0c14b83c70ff","isMergeCommit":false,"messageTitle":"update dg","messageBody":"","fileTypesAndContributionMap":{"functional-code":{"insertions":20,"deletions":31},"docs":{"insertions":259,"deletions":84}}},{"hash":"3b99953799e4148979aa7e434eeb44ea11ecba20","isMergeCommit":false,"messageTitle":"grammer lol","messageBody":"","fileTypesAndContributionMap":{"docs":{"insertions":1,"deletions":1}}},{"hash":"c17bbd243a346d9599a4f00154a92bb96113de6c","isMergeCommit":false,"messageTitle":"no idea white space?","messageBody":"","fileTypesAndContributionMap":{"docs":{"insertions":1,"deletions":1}}},{"hash":"d474d98d5fcdeea21803f9fb39157614cf748f09","isMergeCommit":false,"messageTitle":"eof line","messageBody":"","fileTypesAndContributionMap":{"docs":{"insertions":1,"deletions":1}}},{"hash":"a547da26c2d4f039d0f07a58b94ad1f1043c3c13","isMergeCommit":true,"messageTitle":"Merge pull request #122 from kellytxn/ug","messageBody":"update ug","fileTypesAndContributionMap":{}},{"hash":"83a03773ab2769eeddfd67850fb97aa4fc807834","isMergeCommit":true,"messageTitle":"Merge pull request #123 from kellytxn/dg","messageBody":"update dg","fileTypesAndContributionMap":{}},{"hash":"48f70e5ff88e14faf78358c37002e0713f3ac3fb","isMergeCommit":false,"messageTitle":"eof line","messageBody":"","fileTypesAndContributionMap":{"docs":{"insertions":5,"deletions":5}}},{"hash":"c9a4c53c5af1c1914606d4b880c5956907a344d1","isMergeCommit":true,"messageTitle":"Merge pull request #124 from kellytxn/dg","messageBody":"fix formating error","fileTypesAndContributionMap":{}},{"hash":"1ef3360b659cd9362c1153ee69aa81d0c130dc1d","isMergeCommit":false,"messageTitle":"final format try","messageBody":"","fileTypesAndContributionMap":{"docs":{"insertions":6,"deletions":11}}},{"hash":"221aa2a6c1fd1ae33bbcefa537b76a8046c6d72e","isMergeCommit":true,"messageTitle":"Merge pull request #125 from kellytxn/dg","messageBody":"final format try","fileTypesAndContributionMap":{}}]},{"date":"2025-10-26T00:00:00","commitResults":[{"hash":"eef838c4db308aed3f5d1e7e1eabe06db0fe9b93","isMergeCommit":false,"messageTitle":"add tests for athlete","messageBody":"","fileTypesAndContributionMap":{"test-code":{"insertions":57,"deletions":9}}},{"hash":"5b6be0769487ad2f058d509e5c6299ef24a47298","isMergeCommit":false,"messageTitle":"edit comment","messageBody":"","fileTypesAndContributionMap":{"test-code":{"insertions":0,"deletions":2}}},{"hash":"8aeb4a21c58fc4ab297dfb9944ae85444fbc802f","isMergeCommit":false,"messageTitle":"add more testings","messageBody":"","fileTypesAndContributionMap":{"test-code":{"insertions":339,"deletions":0}}},{"hash":"a29f5c8e062b9ac89308066d0ab33af7bfa495b5","isMergeCommit":false,"messageTitle":"fix standardisation","messageBody":"","fileTypesAndContributionMap":{"docs":{"insertions":4,"deletions":4}}},{"hash":"edc2f622aa0a1aca8b9ce6114401ba482807b405","isMergeCommit":false,"messageTitle":"fix standardisation","messageBody":"","fileTypesAndContributionMap":{"functional-code":{"insertions":4,"deletions":4},"docs":{"insertions":2,"deletions":2},"test-code":{"insertions":1,"deletions":1}}},{"hash":"ddc4d67f6f7ff5bbce1f92226a48e2c946a0feb5","isMergeCommit":false,"messageTitle":"update ug for contract","messageBody":"","fileTypesAndContributionMap":{"docs":{"insertions":2,"deletions":3}}},{"hash":"fcac1b35728837d6aecc580bbb8cd0f7f8d672fb","isMergeCommit":false,"messageTitle":"update ug for parameter details","messageBody":"","fileTypesAndContributionMap":{"docs":{"insertions":7,"deletions":8}}},{"hash":"fd2095c4ca9a00cefbd7293345f673df82d4dc5b","isMergeCommit":false,"messageTitle":"update dg use case","messageBody":"","fileTypesAndContributionMap":{"docs":{"insertions":144,"deletions":34}}}]},{"date":"2025-10-27T00:00:00","commitResults":[{"hash":"5292642c432f68c26089ffcee70430728d9c6c45","isMergeCommit":false,"messageTitle":"update examples","messageBody":"","fileTypesAndContributionMap":{"docs":{"insertions":6,"deletions":3}}},{"hash":"df4923b5bbe1dd032e02ae0e0bc6fa75f1437822","isMergeCommit":false,"messageTitle":"update comment for organization name","messageBody":"","fileTypesAndContributionMap":{"functional-code":{"insertions":1,"deletions":1}}},{"hash":"061711aacb557271ce94946ead89cf24711b42f3","isMergeCommit":true,"messageTitle":"Merge pull request #127 from kellytxn/athlete-test","messageBody":"add tests for athlete","fileTypesAndContributionMap":{}},{"hash":"83107e9bf5f41d729af1ed1e6960d11b4b1d31ec","isMergeCommit":true,"messageTitle":"Merge pull request #148 from cameronlzy/update-DG","messageBody":"docs: add reference to DG and update SettingUp ","fileTypesAndContributionMap":{}},{"hash":"e8b629537462c51210b015806d6b9e04f313c3dc","isMergeCommit":true,"messageTitle":"Merge pull request #149 from cameronlzy/bugfix-update-DG","messageBody":"fix: update dg to fix bullet points and formatting","fileTypesAndContributionMap":{}},{"hash":"47ce12c5181acce3a1ca60747f011cd9611954fa","isMergeCommit":false,"messageTitle":"update","messageBody":"","fileTypesAndContributionMap":{"docs":{"insertions":31,"deletions":31}}}]},{"date":"2025-10-28T00:00:00","commitResults":[{"hash":"bcfe69ffb632bfdc2fa56227eede7e7ec865d885","isMergeCommit":true,"messageTitle":"Merge pull request #145 from simantak-dabhade/cant-add-contracts-for-athletes-that-have-an-apostrophe-in-their-name","messageBody":"fix: changed the regex patter to allow the correct name formats","fileTypesAndContributionMap":{}},{"hash":"fd49e2a990f18e49403fad16cfdf58476415926a","isMergeCommit":true,"messageTitle":"Merge pull request #146 from simantak-dabhade/AddOrganizationCommand-still-references-the-addressbook-instead-of-playbook","messageBody":"fixed to have it say playbook.io instead of address book","fileTypesAndContributionMap":{}},{"hash":"66a324fbb64f441b5caf695e7d73eda660b4009f","isMergeCommit":true,"messageTitle":"Merge pull request #151 from simantak-dabhade/simantak/pluralisation-for-find-command","messageBody":"fixed, not only for athlete but for organisation and contract also","fileTypesAndContributionMap":{}},{"hash":"a43784fd7adf3c8616e1d8bd21ea0d2f4f094c46","isMergeCommit":true,"messageTitle":"Merge branch \u0027master\u0027 into simantak/help-window-unminimises-automatically","messageBody":"","fileTypesAndContributionMap":{}},{"hash":"36ffb2ee5eda810abc4aa8efe88ef1003ec28300","isMergeCommit":true,"messageTitle":"Merge branch \u0027master\u0027 into fix-integer-overflow-bugs","messageBody":"","fileTypesAndContributionMap":{}},{"hash":"0dccaffd75c6343e4b97c6ca1495488592e11d07","isMergeCommit":true,"messageTitle":"Merge branch \u0027master\u0027 into simantak.find-handle-no-matches","messageBody":"","fileTypesAndContributionMap":{}},{"hash":"cf0df305d24df467fad76b86a34bf4ee6329fd0d","isMergeCommit":false,"messageTitle":"Update FindCommand.java","messageBody":"","fileTypesAndContributionMap":{"functional-code":{"insertions":11,"deletions":11}}},{"hash":"d528cc19e5bee0afdcfaeeb33aa319a5eeada1a5","isMergeCommit":true,"messageTitle":"Merge pull request #153 from simantak-dabhade/simantak/help-window-unminimises-automatically","messageBody":"fix: help window unminimises","fileTypesAndContributionMap":{}},{"hash":"82c5f5d7079f13bb10f7e81273d4a6d24a672907","isMergeCommit":true,"messageTitle":"Merge pull request #152 from simantak-dabhade/simantak.find-handle-no-matches","messageBody":"fix: improving the message for no atheletesc","fileTypesAndContributionMap":{}},{"hash":"1993d2e1dc438ef74d16696662eaa807c4c63c9f","isMergeCommit":true,"messageTitle":"Merge pull request #147 from simantak-dabhade/fix-integer-overflow-bugs","messageBody":"fixed interger overflow bugs and added stuff to docs about them","fileTypesAndContributionMap":{}},{"hash":"475bf823c7c393d8ce036a235b788df21aa2906b","isMergeCommit":false,"messageTitle":"update","messageBody":"","fileTypesAndContributionMap":{"functional-code":{"insertions":7,"deletions":5},"docs":{"insertions":4,"deletions":11}}},{"hash":"8390e77152dbbbe82d613330d48cf7ee2406b5a7","isMergeCommit":false,"messageTitle":"oopsie","messageBody":"","fileTypesAndContributionMap":{"functional-code":{"insertions":1,"deletions":1}}},{"hash":"f8e870662ba7ed722389ee6a6991c742d6c4e2a6","isMergeCommit":false,"messageTitle":"update 2.0","messageBody":"","fileTypesAndContributionMap":{"docs":{"insertions":2,"deletions":2}}},{"hash":"26614aedb0002c095f839a4950c6b560f4d802c7","isMergeCommit":true,"messageTitle":"Merge pull request #154 from kellytxn/error_message","messageBody":"update error messages","fileTypesAndContributionMap":{}}]},{"date":"2025-10-29T00:00:00","commitResults":[{"hash":"ac05430fbc7709c4988f4a1d96cb29dd7e142a51","isMergeCommit":false,"messageTitle":"update","messageBody":"","fileTypesAndContributionMap":{"docs":{"insertions":51,"deletions":51}}},{"hash":"55dfb2a52347c9734a870995f1357eb7de85103f","isMergeCommit":false,"messageTitle":"explain on duplicates in faq","messageBody":"","fileTypesAndContributionMap":{"docs":{"insertions":24,"deletions":2}}},{"hash":"b269cded464d3046b0e674c5a3dcd7e08598536b","isMergeCommit":false,"messageTitle":"explain on parameter limitations","messageBody":"","fileTypesAndContributionMap":{"docs":{"insertions":12,"deletions":0}}},{"hash":"bb7c3897e34f0983d92b2518ec25f3c32403bfaf","isMergeCommit":false,"messageTitle":"explain on trade off","messageBody":"","fileTypesAndContributionMap":{"docs":{"insertions":3,"deletions":3}}},{"hash":"7f7bb45edbc86250748c4a639fc477796814634a","isMergeCommit":false,"messageTitle":"update faq for editing information","messageBody":"","fileTypesAndContributionMap":{"docs":{"insertions":2,"deletions":0}}},{"hash":"9bfc9519a3eff890062bce1a98853c5521b87f60","isMergeCommit":true,"messageTitle":"Merge pull request #167 from SanguineChameleon/update-dg-impl","messageBody":"Update DG: implementation","fileTypesAndContributionMap":{}},{"hash":"3da03bd28044079f98669503f07b2b9a022730b9","isMergeCommit":true,"messageTitle":"Merge pull request #171 from SanguineChameleon/fix-uml-diagram","messageBody":"FindMatchingActivityDiagram.puml: Fix UML diagram","fileTypesAndContributionMap":{}},{"hash":"88f062a9f87d8d415beabc5437b734b7d3d54301","isMergeCommit":false,"messageTitle":"update error message","messageBody":"","fileTypesAndContributionMap":{"functional-code":{"insertions":1,"deletions":1}}},{"hash":"2f08369f1d04e585dbf27d2c2f5056fd199cf987","isMergeCommit":false,"messageTitle":"update ug and dg","messageBody":"","fileTypesAndContributionMap":{"docs":{"insertions":10,"deletions":1}}},{"hash":"b300a301591f34d09a1e822600123863429a1dd7","isMergeCommit":false,"messageTitle":"update error message","messageBody":"","fileTypesAndContributionMap":{"functional-code":{"insertions":2,"deletions":2}}},{"hash":"ee92cd774cbb3e5b9877c1f389f9efb39251a77f","isMergeCommit":false,"messageTitle":"update error message","messageBody":"","fileTypesAndContributionMap":{"functional-code":{"insertions":1,"deletions":1}}},{"hash":"a60daecb4a9ac8930934e3faf4a14ab4767179f7","isMergeCommit":false,"messageTitle":"update user stories","messageBody":"","fileTypesAndContributionMap":{"docs":{"insertions":11,"deletions":0}}},{"hash":"6f4f9cc349cad0a8256f9ca4998d7b252d540ea7","isMergeCommit":true,"messageTitle":"Merge branch \u0027master\u0027 into error_message","messageBody":"","fileTypesAndContributionMap":{}},{"hash":"98cf811f615ac86c0bad82dd13c6297f1414744c","isMergeCommit":true,"messageTitle":"Merge pull request #166 from kellytxn/error_message","messageBody":"update ug","fileTypesAndContributionMap":{}},{"hash":"dd534b13780f8bbb7d277bd41d1ab8fe505bbac3","isMergeCommit":false,"messageTitle":"update - lets hope its final","messageBody":"","fileTypesAndContributionMap":{"functional-code":{"insertions":4,"deletions":4},"docs":{"insertions":34,"deletions":8}}}]},{"date":"2025-10-30T00:00:00","commitResults":[{"hash":"3bf46d75c3de7576e0851d6f99fe72a16d884026","isMergeCommit":false,"messageTitle":"update java doc","messageBody":"","fileTypesAndContributionMap":{"functional-code":{"insertions":415,"deletions":8},"docs":{"insertions":0,"deletions":16}}},{"hash":"06bb02b33fcf46386c465e8ffdc49a40ce0c7c6e","isMergeCommit":false,"messageTitle":"update java doc","messageBody":"","fileTypesAndContributionMap":{"functional-code":{"insertions":170,"deletions":23},"test-code":{"insertions":52,"deletions":0}}},{"hash":"a0afeeed0c00d555c787738064ac46fd060b2dc0","isMergeCommit":false,"messageTitle":"update java doc","messageBody":"","fileTypesAndContributionMap":{"functional-code":{"insertions":148,"deletions":13}}},{"hash":"ff7fd5415fbfbf766681d03d7c38bc46d589e33b","isMergeCommit":false,"messageTitle":"update java doc","messageBody":"","fileTypesAndContributionMap":{"functional-code":{"insertions":214,"deletions":35}}},{"hash":"913686a6dd6ec2229774331635236b0fdab9e9e9","isMergeCommit":false,"messageTitle":"update java doc","messageBody":"","fileTypesAndContributionMap":{"functional-code":{"insertions":1,"deletions":0}}},{"hash":"371f435234a4ea15f0352816ac8500cc02901cca","isMergeCommit":true,"messageTitle":"Merge pull request #178 from kellytxn/FINAL","messageBody":"update javadoc","fileTypesAndContributionMap":{}},{"hash":"c71bf2ec886b11463331d2de83d8546eeacfbb9b","isMergeCommit":true,"messageTitle":"Merge pull request #169 from SanguineChameleon/dg-remove-old","messageBody":"DeveloperGuide.md: Remove old AB3 diagrams","fileTypesAndContributionMap":{}},{"hash":"f612159569becf7f4ca94f24796f7e8a514e63e4","isMergeCommit":false,"messageTitle":"add page break - does it work?","messageBody":"","fileTypesAndContributionMap":{"docs":{"insertions":6,"deletions":0}}},{"hash":"5add535566bf9d7c4dbf695926a2ad334c7521cb","isMergeCommit":true,"messageTitle":"Merge pull request #179 from kellytxn/format","messageBody":"add page break - does it work?","fileTypesAndContributionMap":{}},{"hash":"3e92645714d302313bbaa4e76f1c546a1556822d","isMergeCommit":false,"messageTitle":"add page break","messageBody":"","fileTypesAndContributionMap":{"docs":{"insertions":9,"deletions":0}}},{"hash":"5adb503ac06e6bbbeff8c963d397cd4d02b704bc","isMergeCommit":true,"messageTitle":"Merge pull request #180 from kellytxn/format","messageBody":"add page break","fileTypesAndContributionMap":{}},{"hash":"b7c4028a10f0b726dbba1b564fefc9e725c7cfb9","isMergeCommit":false,"messageTitle":"add page break","messageBody":"","fileTypesAndContributionMap":{"docs":{"insertions":7,"deletions":3}}},{"hash":"47584731570d8ea341f55eb93ccf141782bd93f5","isMergeCommit":true,"messageTitle":"Merge pull request #181 from kellytxn/format","messageBody":"add page break","fileTypesAndContributionMap":{}},{"hash":"2f29fa0ad311b125ce717e9026ae8faf73f1f013","isMergeCommit":false,"messageTitle":"add page break","messageBody":"","fileTypesAndContributionMap":{"docs":{"insertions":12,"deletions":1}}},{"hash":"32f56370853acca5b35b853fcedb092281048b39","isMergeCommit":true,"messageTitle":"Merge pull request #182 from kellytxn/format","messageBody":"add page break","fileTypesAndContributionMap":{}},{"hash":"e6809f4e3f831ec21a94a991289c2ea2e7719a8e","isMergeCommit":false,"messageTitle":"add page break","messageBody":"","fileTypesAndContributionMap":{"docs":{"insertions":32,"deletions":5}}},{"hash":"1384fc6630a2fdebaad9877a488777798337fc24","isMergeCommit":true,"messageTitle":"Merge pull request #183 from kellytxn/format","messageBody":"add page break","fileTypesAndContributionMap":{}},{"hash":"1fa77171ab0d4795a2701c9c4fa3dfb892cd353a","isMergeCommit":false,"messageTitle":"add page break","messageBody":"","fileTypesAndContributionMap":{"docs":{"insertions":2,"deletions":0}}},{"hash":"55a8a1814ee9fc6f905deeefaffa0cf7ae34e152","isMergeCommit":true,"messageTitle":"Merge pull request #184 from kellytxn/format","messageBody":"add page break","fileTypesAndContributionMap":{}}]}],"cameronlzy":[{"date":"2025-09-30T00:00:00","commitResults":[{"hash":"7e53710f01a6f85c66a1da33e33fb21b2068737a","isMergeCommit":false,"messageTitle":"Update AboutUs page","messageBody":"","fileTypesAndContributionMap":{"functional-code":{"insertions":2,"deletions":2},"docs":{"insertions":21,"deletions":20}}},{"hash":"1b05f4779615a964d55765a452ec4827490a5bab","isMergeCommit":false,"messageTitle":"Edit issue with formatting","messageBody":"","fileTypesAndContributionMap":{"functional-code":{"insertions":3,"deletions":1}}}]},{"date":"2025-10-01T00:00:00","commitResults":[{"hash":"1eebea769d4f337caa09f40c2e3d9d5b46d2bc9d","isMergeCommit":false,"messageTitle":"Add portfolio","messageBody":"","fileTypesAndContributionMap":{"docs":{"insertions":13,"deletions":6}}},{"hash":"2126e7e50385c91870d029e1212cf9d7e62fdbf1","isMergeCommit":true,"messageTitle":"Merge branch \u0027master\u0027 into update-aboutus-page","messageBody":"","fileTypesAndContributionMap":{}},{"hash":"2f9344e20bdbf7c23b3513157cef2af3962c3c24","isMergeCommit":true,"messageTitle":"Merge branch \u0027master\u0027 into update-aboutus-page","messageBody":"","fileTypesAndContributionMap":{}},{"hash":"4b3bc9aec39954e8ddd70426b45873f3a3016ff5","isMergeCommit":false,"messageTitle":"Update goh-joshua.md","messageBody":"","fileTypesAndContributionMap":{"docs":{"insertions":1,"deletions":1}}},{"hash":"5af8b3cdc57eee3852e8935736d0ad4f3941ee63","isMergeCommit":true,"messageTitle":"Merge pull request #23 from goh-joshua/update-aboutus-page","messageBody":"docs: update AboutUs page ","fileTypesAndContributionMap":{}},{"hash":"c29ca7c1147a1d9024c0aa6a45bf36c20f866dae","isMergeCommit":false,"messageTitle":"Update khoa.md","messageBody":"","fileTypesAndContributionMap":{"docs":{"insertions":3,"deletions":2}}},{"hash":"3fe2ed5cdd2fcdad91e6acbf19d532bd0ef1086a","isMergeCommit":true,"messageTitle":"Merge pull request #10 from SanguineChameleon/update-aboutus","messageBody":"Add Khoa\u0027s details to About-Us","fileTypesAndContributionMap":{}}]},{"date":"2025-10-02T00:00:00","commitResults":[{"hash":"0c83a86fc567f02d24fdd162ae7a5c99f9e1a79d","isMergeCommit":false,"messageTitle":"Update NFR and Glossary","messageBody":"","fileTypesAndContributionMap":{"docs":{"insertions":229,"deletions":26}}},{"hash":"eef6ea8dcf991c899134b10f2b4f661873ad5260","isMergeCommit":true,"messageTitle":"Merge branch \u0027master\u0027 into update-nfr-and-glossary","messageBody":"","fileTypesAndContributionMap":{}}]},{"date":"2025-10-03T00:00:00","commitResults":[{"hash":"888af3cf98ffaad75838e8a89009586e5a5aacfa","isMergeCommit":true,"messageTitle":"Merge pull request #44 from kellytxn/update-readme","messageBody":"docs: update README","fileTypesAndContributionMap":{}}]},{"date":"2025-10-08T00:00:00","commitResults":[{"hash":"64ab196f1d4bcd81a289031e12afec8e128e4356","isMergeCommit":true,"messageTitle":"Merge pull request #51 from SanguineChameleon/organization-feature","messageBody":"add / delete feature for organisation","fileTypesAndContributionMap":{}}]},{"date":"2025-10-09T00:00:00","commitResults":[{"hash":"02e07a3d1b2b2818b30932b5e5736c5fcc26cc02","isMergeCommit":false,"messageTitle":"Sync contracts together organizations and athletes","messageBody":"","fileTypesAndContributionMap":{"functional-code":{"insertions":1272,"deletions":935},"other":{"insertions":206,"deletions":180},"test-code":{"insertions":1523,"deletions":351}}},{"hash":"2c7c7185ab3287a125580c5275b8de8a7c2700c2","isMergeCommit":false,"messageTitle":"Fix styling issues","messageBody":"","fileTypesAndContributionMap":{"functional-code":{"insertions":299,"deletions":152}}},{"hash":"ddec62809ac8e01a93544c2cc79927ebec67bc74","isMergeCommit":false,"messageTitle":"Fix styling test issues","messageBody":"","fileTypesAndContributionMap":{"test-code":{"insertions":847,"deletions":486}}},{"hash":"86a70e7b48169419e5cd891ef704d1290fe2bbe7","isMergeCommit":false,"messageTitle":"Add test for coverage","messageBody":"","fileTypesAndContributionMap":{"test-code":{"insertions":48,"deletions":0}}},{"hash":"eb8894002eaecf2dfec69d05b35840784f8909ae","isMergeCommit":false,"messageTitle":"Fix styling for new test","messageBody":"","fileTypesAndContributionMap":{"test-code":{"insertions":1,"deletions":1}}},{"hash":"33e7f3a812966545235d3917aa18768fdafde671","isMergeCommit":false,"messageTitle":"Add test","messageBody":"","fileTypesAndContributionMap":{"test-code":{"insertions":222,"deletions":22}}}]},{"date":"2025-10-11T00:00:00","commitResults":[{"hash":"edeb444016c49e22cf868428ac1fbc2421e43666","isMergeCommit":false,"messageTitle":"Change command and example for contract","messageBody":"","fileTypesAndContributionMap":{"functional-code":{"insertions":3,"deletions":3}}},{"hash":"60c0a43abb1d1630faa085782aa4b514225fcc1b","isMergeCommit":false,"messageTitle":"Change logic for contact name in contract","messageBody":"","fileTypesAndContributionMap":{"functional-code":{"insertions":1,"deletions":6},"test-code":{"insertions":0,"deletions":1}}},{"hash":"a802b0cdfc61e935540a6b3c868ca6c1617205e6","isMergeCommit":false,"messageTitle":"Fix import","messageBody":"","fileTypesAndContributionMap":{"functional-code":{"insertions":0,"deletions":1}}}]},{"date":"2025-10-13T00:00:00","commitResults":[{"hash":"edd0f3af041184491ceb89df2bfadca89445073f","isMergeCommit":false,"messageTitle":"Update readme content","messageBody":"","fileTypesAndContributionMap":{"docs":{"insertions":174,"deletions":5}}},{"hash":"2af3db242cf108c24c4df4d76d0a2b761055584b","isMergeCommit":false,"messageTitle":"Add changes to readme","messageBody":"","fileTypesAndContributionMap":{"docs":{"insertions":2,"deletions":167}}}]},{"date":"2025-10-14T00:00:00","commitResults":[{"hash":"86c26cdda6fcd42044e41132d4d8ce3bd0e76dd5","isMergeCommit":true,"messageTitle":"Merge pull request #66 from simantak-dabhade/simantak/updating-docs-from-ab-to-playbook","messageBody":"","fileTypesAndContributionMap":{}}]},{"date":"2025-10-21T00:00:00","commitResults":[{"hash":"6351401f3d255365154477801a4ff0e4ad83284d","isMergeCommit":true,"messageTitle":"Merge pull request #83 from goh-joshua/find-command","messageBody":"Add a fuzzy find command ","fileTypesAndContributionMap":{}},{"hash":"59e109ea0f763fc13a9215f1e55a39fff77709b4","isMergeCommit":true,"messageTitle":"Merge pull request #82 from kellytxn/organization-contractinfo","messageBody":"feat(organisation): add contract-related methods to Organization class","fileTypesAndContributionMap":{}},{"hash":"cc57423ac0b345dba3b0a8c5117dfe48f27f9121","isMergeCommit":true,"messageTitle":"Merge pull request #81 from kellytxn/athlete-contractinfo","messageBody":"feat(athlete): add contract-related methods to Athlete class","fileTypesAndContributionMap":{}},{"hash":"c0ba88b78f7f12f2b7d87808ba23d2742165b44a","isMergeCommit":false,"messageTitle":"Update UI omponents and selecting toggle behaviour","messageBody":"","fileTypesAndContributionMap":{"functional-code":{"insertions":641,"deletions":305},"other":{"insertions":8,"deletions":8}}},{"hash":"cd9728941f9505dd9c384bb0c3d459b0e628a22d","isMergeCommit":false,"messageTitle":"Fix formatting issues","messageBody":"","fileTypesAndContributionMap":{"functional-code":{"insertions":2,"deletions":3}}},{"hash":"89992e0a55d2d8a6dcc7753ec4c460c04673de2b","isMergeCommit":true,"messageTitle":"Merge pull request #84 from cameronlzy/ui-update","messageBody":"feat: update ui components","fileTypesAndContributionMap":{}}]},{"date":"2025-10-22T00:00:00","commitResults":[{"hash":"66672654e02510354fd0019ce3b24bf481ee767d","isMergeCommit":false,"messageTitle":"Enable assertions in run configuration","messageBody":"","fileTypesAndContributionMap":{"other":{"insertions":4,"deletions":0}}},{"hash":"ca0867cd5e1584b369765f071c8519e8a0497956","isMergeCommit":false,"messageTitle":"Fix bugs related to deletes and UI issues","messageBody":"","fileTypesAndContributionMap":{"functional-code":{"insertions":74,"deletions":42},"test-code":{"insertions":60,"deletions":28}}},{"hash":"a331e1f5ed5ddcfcb001e13e63cefb5287317f10","isMergeCommit":true,"messageTitle":"Merge pull request #98 from cameronlzy/bugfix/fix-delete-issue","messageBody":"fix: resolved delete for existing contracts","fileTypesAndContributionMap":{}}]},{"date":"2025-10-26T00:00:00","commitResults":[{"hash":"525b1ba630b2fdc00dafe2aa1532de8775f55f4c","isMergeCommit":false,"messageTitle":"Update puml and Setting up guide","messageBody":"","fileTypesAndContributionMap":{"docs":{"insertions":181,"deletions":211}}},{"hash":"8959ac7d6e420a86e0d0096de03417755d6c8334","isMergeCommit":false,"messageTitle":"Update labels","messageBody":"","fileTypesAndContributionMap":{"docs":{"insertions":1,"deletions":1}}}]},{"date":"2025-10-27T00:00:00","commitResults":[{"hash":"7204073ebf4cf5908c4ef114a0dd3c9c33efdf84","isMergeCommit":false,"messageTitle":"Edit puml for Logic Component to include reference","messageBody":"","fileTypesAndContributionMap":{"docs":{"insertions":207,"deletions":2}}},{"hash":"a6c2aad761efd30c6d0534c6150c626ab6781553","isMergeCommit":true,"messageTitle":"Fetch upstream","messageBody":"","fileTypesAndContributionMap":{}},{"hash":"2ed33f64f113f79f2c97cc2ae7cfeb99bb3a787d","isMergeCommit":false,"messageTitle":"Edit checkstyle issues","messageBody":"","fileTypesAndContributionMap":{"docs":{"insertions":161,"deletions":105}}},{"hash":"965312973a95c1a91a79b839da53633a98e6c059","isMergeCommit":false,"messageTitle":"Fix formatting issues","messageBody":"","fileTypesAndContributionMap":{"docs":{"insertions":191,"deletions":165}}},{"hash":"6d3a993314ed5dc540bb8cd5d34ce447026bfe46","isMergeCommit":false,"messageTitle":"Fix italic","messageBody":"","fileTypesAndContributionMap":{"docs":{"insertions":5,"deletions":5}}},{"hash":"4b53a44bb9cabb3093604b0b17ff0d07cfdde680","isMergeCommit":true,"messageTitle":"Merge pull request #150 from kellytxn/update","messageBody":"fix: formating issues","fileTypesAndContributionMap":{}}]},{"date":"2025-10-29T00:00:00","commitResults":[{"hash":"37c9c1da6d8db37d4cc5fb36d5a27a3f62e473e6","isMergeCommit":true,"messageTitle":"Merge pull request #175 from kellytxn/update_errror","messageBody":"update error message","fileTypesAndContributionMap":{}},{"hash":"375d6b62edd6268613f7cc5d5f3553fbfba5b754","isMergeCommit":true,"messageTitle":"Merge pull request #177 from kellytxn/FINAL","messageBody":"update - lets hope its final","fileTypesAndContributionMap":{}}]}],"goh-joshua":[{"date":"2025-10-01T00:00:00","commitResults":[{"hash":"f36d20f5c2709931946feae3813fc01809decc5a","isMergeCommit":false,"messageTitle":"Update AboutUs.md","messageBody":"","fileTypesAndContributionMap":{"docs":{"insertions":23,"deletions":22}}},{"hash":"e301b85659858f52ead5334a5a718b0abb8de2e0","isMergeCommit":true,"messageTitle":"Merge pull request #18 from cameronlzy/update-aboutus-page","messageBody":"docs: update AboutUs page","fileTypesAndContributionMap":{}},{"hash":"71c0662e22db2443e58d2af430595947086562f9","isMergeCommit":false,"messageTitle":"Add more info about joshua","messageBody":"","fileTypesAndContributionMap":{"docs":{"insertions":10,"deletions":0}}}]},{"date":"2025-10-02T00:00:00","commitResults":[{"hash":"363167e3225c06d6179e83a0fb8ba2c913627e7b","isMergeCommit":true,"messageTitle":"Merge pull request #36 from cameronlzy/update-nfr-and-glossary","messageBody":"docs: add nfr and glossary","fileTypesAndContributionMap":{}},{"hash":"bf14bc13931c812fb7ccc56583d51f2c97735e70","isMergeCommit":false,"messageTitle":"README: update Build Status badge","messageBody":"","fileTypesAndContributionMap":{"docs":{"insertions":1,"deletions":1}}},{"hash":"104b5ed07d3917eda658750b84f2a050fcf84a34","isMergeCommit":false,"messageTitle":"Update README.md","messageBody":"","fileTypesAndContributionMap":{"docs":{"insertions":4,"deletions":0}}}]},{"date":"2025-10-09T00:00:00","commitResults":[{"hash":"4269867f42746b7736c9c4a5b44dc53762be7bc3","isMergeCommit":false,"messageTitle":"Add ability to save athlete","messageBody":"Add ability to save athlete information\n","fileTypesAndContributionMap":{"functional-code":{"insertions":465,"deletions":9}}},{"hash":"e9b63c5b17b859054602938829446487a3491f5e","isMergeCommit":false,"messageTitle":"Bug Fixes","messageBody":"Empty Athlete List was being loaded instead of pre-existing saved ones\n","fileTypesAndContributionMap":{"functional-code":{"insertions":5,"deletions":0}}}]},{"date":"2025-10-10T00:00:00","commitResults":[{"hash":"05619d185f25e3724e64e125b15256f27fa30be7","isMergeCommit":false,"messageTitle":"Add more saves and fix bugs","messageBody":"Allow for contracts and organizations to be saved and loaded.\nFix bug where contract methods are using person.Name and not\nathlete.Name and Organization.OrganizationName\n","fileTypesAndContributionMap":{"functional-code":{"insertions":977,"deletions":55}}},{"hash":"2ef2b2c8424c496afe3e926b3f6000ee85bfd017","isMergeCommit":false,"messageTitle":"Update tests","messageBody":"","fileTypesAndContributionMap":{"test-code":{"insertions":206,"deletions":45}}},{"hash":"8ee5d2fff77636757041459d1abf3b4cfcb64b34","isMergeCommit":false,"messageTitle":"Add more code coverage","messageBody":"","fileTypesAndContributionMap":{"test-code":{"insertions":540,"deletions":0}}},{"hash":"0b3704f576a9fbaff6a2c33821fab996562da64d","isMergeCommit":false,"messageTitle":"Add more tests","messageBody":"","fileTypesAndContributionMap":{"test-code":{"insertions":115,"deletions":0}}},{"hash":"7b7dd0916051f2d74ffa9bfea82461b715e3ef56","isMergeCommit":false,"messageTitle":"Add more test","messageBody":"","fileTypesAndContributionMap":{"test-code":{"insertions":327,"deletions":8}}},{"hash":"ff64e025571ad276df4b3f551b18c6b9f766e56d","isMergeCommit":true,"messageTitle":"Merge pull request #53 from goh-joshua/json-save","messageBody":"Implement saving of data, loading of data and some bug fixes","fileTypesAndContributionMap":{}}]},{"date":"2025-10-16T00:00:00","commitResults":[{"hash":"6ba477ebd34b6de7ee5b7aded5359e7ef5c7d3d4","isMergeCommit":false,"messageTitle":"Add tests and fix bugs","messageBody":"Fix a bug where contracts which start date was after the end date was being accepted\n","fileTypesAndContributionMap":{"functional-code":{"insertions":6,"deletions":0},"test-code":{"insertions":580,"deletions":2}}},{"hash":"5d0f613ed979f40bb96c339e574a876d2dd29b63","isMergeCommit":false,"messageTitle":"Update code coverage","messageBody":"","fileTypesAndContributionMap":{"test-code":{"insertions":33,"deletions":0}}}]},{"date":"2025-10-18T00:00:00","commitResults":[{"hash":"cafc90640b58e2e04d69ac250f7b73d1c0759469","isMergeCommit":false,"messageTitle":"Add find command","messageBody":"","fileTypesAndContributionMap":{"functional-code":{"insertions":317,"deletions":4},"test-code":{"insertions":171,"deletions":1}}}]},{"date":"2025-10-19T00:00:00","commitResults":[{"hash":"73f91a4e5e209fe70fba50aae1197466a84d0431","isMergeCommit":false,"messageTitle":"Implement fuzzy finding","messageBody":"","fileTypesAndContributionMap":{"functional-code":{"insertions":91,"deletions":17},"test-code":{"insertions":26,"deletions":33}}}]},{"date":"2025-10-23T00:00:00","commitResults":[{"hash":"95e2b3da056d16bed809b79908fadba2ff139dc8","isMergeCommit":true,"messageTitle":"Merge pull request #100 from kellytxn/imrprove-ug","messageBody":"Update display and window issues in UG","fileTypesAndContributionMap":{}}]},{"date":"2025-10-24T00:00:00","commitResults":[{"hash":"d1c994f10527cbf8dc4dd39f1b68ec9c762378a2","isMergeCommit":true,"messageTitle":"Merge pull request #109 from simantak-dabhade/simantak/update-archi-diargram","messageBody":"update to archi diagram","fileTypesAndContributionMap":{}},{"hash":"8b9179fdc6d3b99126fe412850a0023e45576ab8","isMergeCommit":false,"messageTitle":"Update ArchitectureDiagram.puml","messageBody":"","fileTypesAndContributionMap":{"docs":{"insertions":3,"deletions":3}}}]},{"date":"2025-10-28T00:00:00","commitResults":[{"hash":"d3f64d4caf60d285395aaf4064f80641507578b8","isMergeCommit":false,"messageTitle":"Adjust expected output for find command","messageBody":"","fileTypesAndContributionMap":{"functional-code":{"insertions":2,"deletions":2}}},{"hash":"8308133dd1bff04e0ec2a2d0b75bb9cfc4aec0af","isMergeCommit":false,"messageTitle":"Update FindCommand.java","messageBody":"","fileTypesAndContributionMap":{"functional-code":{"insertions":4,"deletions":2}}},{"hash":"646e8381f93f745549e07f1424a9f00b291038ad","isMergeCommit":false,"messageTitle":"Fix secondary screen window bug","messageBody":"","fileTypesAndContributionMap":{"functional-code":{"insertions":57,"deletions":5}}},{"hash":"ab80bdb660bbd665768bde944af23262fabcb2bc","isMergeCommit":false,"messageTitle":"Fix limit input length bug","messageBody":"","fileTypesAndContributionMap":{"functional-code":{"insertions":12,"deletions":10},"test-code":{"insertions":20,"deletions":0}}}]},{"date":"2025-10-29T00:00:00","commitResults":[{"hash":"5390104c0e0b74265d29ead97ee2dd04442e44f2","isMergeCommit":false,"messageTitle":"Fix un-standardized ui cards","messageBody":"","fileTypesAndContributionMap":{"functional-code":{"insertions":12,"deletions":9}}},{"hash":"256f279b0e279488e7caefbac350fcdb7201e6d5","isMergeCommit":false,"messageTitle":"Fix hashcode bug","messageBody":"","fileTypesAndContributionMap":{"functional-code":{"insertions":9,"deletions":3}}},{"hash":"e55025884671fe293bd5d70bffc8e79c1eb64491","isMergeCommit":false,"messageTitle":"Fix organization filtering bug","messageBody":"","fileTypesAndContributionMap":{"functional-code":{"insertions":2,"deletions":2}}},{"hash":"eef34e1d341896f8b9f696d0f0560e8fdf4a79bf","isMergeCommit":false,"messageTitle":"Fix case sensitivity bug","messageBody":"","fileTypesAndContributionMap":{"functional-code":{"insertions":13,"deletions":9}}},{"hash":"431eea2795fe6c166fb4a285accc3d3cdc482736","isMergeCommit":false,"messageTitle":"Fix multiple spaces bug","messageBody":"","fileTypesAndContributionMap":{"functional-code":{"insertions":12,"deletions":6}}},{"hash":"7d3487da638629ec385f10537fa34fc7d72cc854","isMergeCommit":false,"messageTitle":"Fix contract value bug","messageBody":"","fileTypesAndContributionMap":{"functional-code":{"insertions":53,"deletions":1}}},{"hash":"da1834381781664be61c3883ce5bb78e77240908","isMergeCommit":true,"messageTitle":"Merge pull request #156 from goh-joshua/suggestion-find-command-output","messageBody":"Adjust expected output for find command","fileTypesAndContributionMap":{}},{"hash":"3877e9d811c3635a83ea12d68aa2e2170c266a91","isMergeCommit":true,"messageTitle":"Merge pull request #157 from goh-joshua/bug-secondary-screen-fix","messageBody":"Fix secondary screen window bug","fileTypesAndContributionMap":{}},{"hash":"b21c51421a65640a8b7d49d1d470db2e57362371","isMergeCommit":true,"messageTitle":"Merge pull request #158 from goh-joshua/bug-limit-input-length","messageBody":"Fix limit input length bug","fileTypesAndContributionMap":{}},{"hash":"aa987cdea20ddafda68e575c7cf48b5b241605d8","isMergeCommit":true,"messageTitle":"Merge pull request #159 from goh-joshua/bug-standardize-ui-cards","messageBody":"Fix un-standardized ui cards","fileTypesAndContributionMap":{}},{"hash":"72f2f0d862dd6aa80cae61d44d238b35253525ba","isMergeCommit":true,"messageTitle":"Merge pull request #164 from goh-joshua/bug-athlete-hashcode","messageBody":"Fix hashcode bug","fileTypesAndContributionMap":{}},{"hash":"4efd989c9c7ee720998b9a23c3c8fcaa9cea0212","isMergeCommit":true,"messageTitle":"Merge pull request #165 from goh-joshua/bug-organization-filter","messageBody":"Fix organization filtering bug","fileTypesAndContributionMap":{}},{"hash":"a4e338cf20a996551736822d7512c7910c09f6e1","isMergeCommit":true,"messageTitle":"Merge pull request #172 from goh-joshua/bug-command-case-sensitivity","messageBody":"Fix case sensitivity bug","fileTypesAndContributionMap":{}},{"hash":"ef95978b8972a73e16abfd8c8c96e8aedbfaa94a","isMergeCommit":true,"messageTitle":"Merge pull request #173 from goh-joshua/bug-double-sapces","messageBody":"Fix multiple spaces bug","fileTypesAndContributionMap":{}},{"hash":"56b6624045854d5c6cc64d8a34aa83a75c7acaa3","isMergeCommit":true,"messageTitle":"Merge pull request #174 from goh-joshua/bug-contract-value","messageBody":"Fix contract value bug","fileTypesAndContributionMap":{}}]}],"SanguineChameleon":[{"date":"2025-09-29T00:00:00","commitResults":[{"hash":"96ab1ed4fb6bf90aaf29d01d8a5f133f2f01984e","isMergeCommit":false,"messageTitle":"AboutUs.md: update Khoa\u0027s profile","messageBody":"","fileTypesAndContributionMap":{"docs":{"insertions":5,"deletions":6}}}]},{"date":"2025-10-01T00:00:00","commitResults":[{"hash":"008bc09cc57a4b06e3cdac936d76d517e8445796","isMergeCommit":true,"messageTitle":"Merge pull request #27 from simantak-dabhade/simantak/updating-about-us","messageBody":"docs: updated simantak\u0027s about me","fileTypesAndContributionMap":{}},{"hash":"af4d71b4ee909f73fde791a5aa902af9769307b4","isMergeCommit":true,"messageTitle":"Merge pull request #25 from simantak-dabhade/simantak/adding-photo","messageBody":"docs: added simantak photo","fileTypesAndContributionMap":{}},{"hash":"742036ae3e500b0b374d1fa074b618b763a86059","isMergeCommit":true,"messageTitle":"Merge remote-tracking branch \u0027upstream/master\u0027 into update-aboutus","messageBody":"","fileTypesAndContributionMap":{}},{"hash":"3fa29259eb5b19e53c5d0dbbc42913c6d90262f8","isMergeCommit":false,"messageTitle":"Add khoa.md","messageBody":"","fileTypesAndContributionMap":{"docs":{"insertions":8,"deletions":0}}},{"hash":"00d0188a194898f9bc5ae23d37d164e1acaffd09","isMergeCommit":false,"messageTitle":"AboutUs.md: include khoa.md","messageBody":"","fileTypesAndContributionMap":{"docs":{"insertions":1,"deletions":0}}},{"hash":"b2ac09253797c54ef5b8863aa6c0585d42974a75","isMergeCommit":false,"messageTitle":"default.md: replace original URL with team URL","messageBody":"","fileTypesAndContributionMap":{"docs":{"insertions":1,"deletions":1}}},{"hash":"fda2eab5fc92628f9d2cfe6155cfd864b13bf7d0","isMergeCommit":false,"messageTitle":"index.md: change name to playbook.io","messageBody":"","fileTypesAndContributionMap":{"docs":{"insertions":2,"deletions":6}}}]},{"date":"2025-10-03T00:00:00","commitResults":[{"hash":"38af728c20bda2ffad2f2dd09c07fe641cbef820","isMergeCommit":true,"messageTitle":"Merge pull request #42 from simantak-dabhade/simantak/updating-UI-mockup","messageBody":"docs: updated the UI mockup","fileTypesAndContributionMap":{}}]},{"date":"2025-10-06T00:00:00","commitResults":[{"hash":"cc49656d95f838ad5869df47492171bf22562d5e","isMergeCommit":false,"messageTitle":"Copy person package to organization package","messageBody":"","fileTypesAndContributionMap":{"functional-code":{"insertions":600,"deletions":0}}},{"hash":"790f03f471752dd935203ab304e143a7b8d49970","isMergeCommit":false,"messageTitle":"seedu.address.model.organization: Rename all occurrences of \"person\" to \"organization\"","messageBody":"","fileTypesAndContributionMap":{"functional-code":{"insertions":175,"deletions":175},"other":{"insertions":18,"deletions":18}}},{"hash":"052eb6f5c3c9894c7d6195c6c228c52e59fc0361","isMergeCommit":false,"messageTitle":"Copy AddCommand to AddOrganizationCommand","messageBody":"","fileTypesAndContributionMap":{"functional-code":{"insertions":86,"deletions":0}}},{"hash":"d0bd848e722d6ba257eb78587ddd00c3aa3dc46a","isMergeCommit":false,"messageTitle":"Copy DeleteCommand to DeleteOrganizationCommand","messageBody":"","fileTypesAndContributionMap":{"functional-code":{"insertions":71,"deletions":0}}},{"hash":"f38ee9d9ccc7ed9bdb6a2a2359555c18be131d58","isMergeCommit":false,"messageTitle":"Model.java: add methods for organization support","messageBody":"","fileTypesAndContributionMap":{"functional-code":{"insertions":57,"deletions":2}}},{"hash":"dda5c9f7f26eaacee78169dbd7a4640887109f34","isMergeCommit":false,"messageTitle":"ModelManager.java: add (unimplemented) organization support","messageBody":"","fileTypesAndContributionMap":{"functional-code":{"insertions":46,"deletions":3}}},{"hash":"69ce6eea26f2aab3bda1e2a17aafbee3fc7c6154","isMergeCommit":false,"messageTitle":"Messages.java: copy format method for Organization","messageBody":"","fileTypesAndContributionMap":{"functional-code":{"insertions":17,"deletions":0}}},{"hash":"dfbe59b5b162e54a2512e3975c42537923351dd9","isMergeCommit":false,"messageTitle":"Messages.java: add messages for organization support","messageBody":"","fileTypesAndContributionMap":{"functional-code":{"insertions":7,"deletions":1}}},{"hash":"5e8cbfaf66f5fb1a97ca4a9551bc7a2697f0e7a5","isMergeCommit":false,"messageTitle":"ModelManager.java: import FXCollections","messageBody":"","fileTypesAndContributionMap":{"functional-code":{"insertions":1,"deletions":0}}},{"hash":"258643e08781104077aca7c9bf69c1a869e5e3fc","isMergeCommit":false,"messageTitle":"commands.organization: rename all occurrences of \"Person\" to \"Organization\"","messageBody":"","fileTypesAndContributionMap":{"functional-code":{"insertions":22,"deletions":22}}},{"hash":"7664babf2837dafabb150a787e0950ebd08ee33b","isMergeCommit":false,"messageTitle":"AddOrganizationCommand.java: change command word to add-org","messageBody":"","fileTypesAndContributionMap":{"functional-code":{"insertions":1,"deletions":1}}},{"hash":"bb8a87a066c44b6e54dd8f7c4dd3b48a57c097f9","isMergeCommit":false,"messageTitle":"DeleteOrganizationCommand.java: change command word to delete-org","messageBody":"","fileTypesAndContributionMap":{"functional-code":{"insertions":1,"deletions":1}}},{"hash":"3aa4c95057cac4d3afe8b29e5c07e011d90aa7f0","isMergeCommit":false,"messageTitle":"Copy AddCommandParser to AddOrganizationCommandParser","messageBody":"","fileTypesAndContributionMap":{"functional-code":{"insertions":66,"deletions":0}}},{"hash":"c4b44b5df4403068d254f6995aa69b4494289045","isMergeCommit":false,"messageTitle":"Copy DeleteCommandParser to DeleteOrganizationCommandParser","messageBody":"","fileTypesAndContributionMap":{"functional-code":{"insertions":31,"deletions":0}}},{"hash":"a16037be2581b2eacd490086a53a3b9f46d7a74c","isMergeCommit":false,"messageTitle":"AddOrganizationCommandParser.java: change to parse AddOrganizationCommand","messageBody":"","fileTypesAndContributionMap":{"functional-code":{"insertions":8,"deletions":8}}},{"hash":"5903d4c03918c5a7111368777a71567902fd835a","isMergeCommit":false,"messageTitle":"DeleteOrganizationCommandParser.java: change to parse DeleteOrganizationCommand","messageBody":"","fileTypesAndContributionMap":{"functional-code":{"insertions":8,"deletions":8}}},{"hash":"db7b52fe200182f75a3394f043d3a97b7238b113","isMergeCommit":false,"messageTitle":"model.organization: rename Address to OrganizationAddress","messageBody":"","fileTypesAndContributionMap":{"functional-code":{"insertions":3,"deletions":3},"other":{"insertions":10,"deletions":10}}},{"hash":"74aec2aafe529e7bebdfe23d31b796432b6daf91","isMergeCommit":false,"messageTitle":"model.organization: rename Email to OrganizationEmail","messageBody":"","fileTypesAndContributionMap":{"functional-code":{"insertions":3,"deletions":3},"other":{"insertions":10,"deletions":10}}},{"hash":"0e0e9bc5f62ddcc879932d26ddda542c8d0d1379","isMergeCommit":false,"messageTitle":"model.organization: rename Name to OrganizationName","messageBody":"","fileTypesAndContributionMap":{"functional-code":{"insertions":4,"deletions":4},"other":{"insertions":21,"deletions":21}}},{"hash":"d4db53e7ff5e167e2b9eb4eedfd7daab0b8e4223","isMergeCommit":false,"messageTitle":"model.organization: rename Phone to OrganizationPhone","messageBody":"","fileTypesAndContributionMap":{"functional-code":{"insertions":3,"deletions":3},"other":{"insertions":10,"deletions":10}}},{"hash":"69fa2deb7731c91fc8e9e439e5129790f3c8cc62","isMergeCommit":false,"messageTitle":"model.organization: Remove redundant \"Organization\" from method names","messageBody":"","fileTypesAndContributionMap":{"functional-code":{"insertions":14,"deletions":14}}},{"hash":"168be91b0355df380cb5d7e5fd1c8a5c3d2ad0ff","isMergeCommit":false,"messageTitle":"ParserUtil.java: add support for organizations","messageBody":"","fileTypesAndContributionMap":{"functional-code":{"insertions":75,"deletions":33}}},{"hash":"9fa28725a89128f89cf38199de88f4c23a8b01c0","isMergeCommit":false,"messageTitle":"AddOrganizationCommandParser.java: use organization fields instead of person fields","messageBody":"","fileTypesAndContributionMap":{"functional-code":{"insertions":11,"deletions":11}}},{"hash":"4c3e9811176465c279b1cfcf6b2655ecd116cedc","isMergeCommit":false,"messageTitle":"AddressBookParser.java: add AddOrganizationCommand and DeleteOrganizationCommand","messageBody":"","fileTypesAndContributionMap":{"functional-code":{"insertions":17,"deletions":12}}},{"hash":"24b85c83833a8e29a2ad7bafa762435d689e8ff8","isMergeCommit":false,"messageTitle":"AddOrganizationCommand.java: temporarily disable storage logic","messageBody":"","fileTypesAndContributionMap":{"functional-code":{"insertions":10,"deletions":5}}},{"hash":"8fba663158ce8b26517ff8b984bb92b3e0ef6407","isMergeCommit":false,"messageTitle":"DeleteOrganizationCommand.java: temporarily disable storage logic","messageBody":"","fileTypesAndContributionMap":{"functional-code":{"insertions":9,"deletions":2}}},{"hash":"ea03f8d0c8ccececc4b4535636caa64f5383c42d","isMergeCommit":false,"messageTitle":"CliSyntax.java: add PREFIX_ORG and PREFIX_CONTACT_NAME","messageBody":"","fileTypesAndContributionMap":{"functional-code":{"insertions":2,"deletions":1}}},{"hash":"c36ace1238ec7b172d1909d4d6f5a6dadfc543ec","isMergeCommit":false,"messageTitle":"OrganizationName.java: update to match regex spec","messageBody":"","fileTypesAndContributionMap":{"functional-code":{"insertions":13,"deletions":23}}},{"hash":"d64eccfff1c308f71991327d14e531b595ffa8e5","isMergeCommit":false,"messageTitle":"OrganizationEmail.java: update to match regex spec","messageBody":"","fileTypesAndContributionMap":{"functional-code":{"insertions":16,"deletions":38}}},{"hash":"eab0716a0c0df4c57656d8316d63cb05830d2c03","isMergeCommit":false,"messageTitle":"OrganizationPhone.java: update to match regex spec","messageBody":"","fileTypesAndContributionMap":{"functional-code":{"insertions":9,"deletions":18}}},{"hash":"f4a710d3dc9fd8bcf371b63b4fc180ec32e8fbf6","isMergeCommit":false,"messageTitle":"Add OrganizationContactName","messageBody":"","fileTypesAndContributionMap":{"functional-code":{"insertions":59,"deletions":0}}},{"hash":"d3f574d4933c52d2550cb2c97be410c1d0d48e09","isMergeCommit":false,"messageTitle":"Organization.java: refactor and only include relevant fields","messageBody":"","fileTypesAndContributionMap":{"functional-code":{"insertions":20,"deletions":41}}},{"hash":"d8e086a876cf39407dcb961f4d2413bd46671958","isMergeCommit":false,"messageTitle":"Messages.java: update format method for organizations","messageBody":"","fileTypesAndContributionMap":{"functional-code":{"insertions":3,"deletions":5}}},{"hash":"0028de713aa5dbc487c717c08aeac729c45af712","isMergeCommit":false,"messageTitle":"AddOrganizationCommandParser.java: update to match spec","messageBody":"","fileTypesAndContributionMap":{"functional-code":{"insertions":20,"deletions":20}}},{"hash":"e3127889168784c87cbc687a7a9dc8430e9ffcf7","isMergeCommit":false,"messageTitle":"ParserUtil.java: add and keep relevant methods for organizations","messageBody":"","fileTypesAndContributionMap":{"functional-code":{"insertions":17,"deletions":25}}},{"hash":"233591a44f2e1513fff1cb8c10099c19f783c168","isMergeCommit":false,"messageTitle":"Delete OrganizationAddress.java","messageBody":"","fileTypesAndContributionMap":{"functional-code":{"insertions":0,"deletions":65}}},{"hash":"5f2645fc80ef9f5d95002ca0293849fcd2b7d82e","isMergeCommit":false,"messageTitle":"Delete OrganizationNameContainsKeywordsPredicate.java","messageBody":"","fileTypesAndContributionMap":{"functional-code":{"insertions":0,"deletions":44}}},{"hash":"3dd5324669459e4e7d9b721ebf2fc43c948bc542","isMergeCommit":false,"messageTitle":"AddOrganizationCommand.java: update usage message","messageBody":"","fileTypesAndContributionMap":{"functional-code":{"insertions":8,"deletions":9}}},{"hash":"52b3744c8e88af53e6ed72a38e4ed5a7d9828d2e","isMergeCommit":false,"messageTitle":"Update files to follow Checkstyle","messageBody":"","fileTypesAndContributionMap":{"functional-code":{"insertions":149,"deletions":75}}},{"hash":"cc4d33ad556c8828a343bc27b1645b0291025f11","isMergeCommit":false,"messageTitle":"AddCommandTest.java: implement new methods in ModelStub","messageBody":"","fileTypesAndContributionMap":{"test-code":{"insertions":35,"deletions":4}}},{"hash":"b79d51e28e53917e7780fa89f69cc2c70b903a85","isMergeCommit":false,"messageTitle":"Add AddOrganizationCommandTest","messageBody":"","fileTypesAndContributionMap":{"test-code":{"insertions":55,"deletions":0}}},{"hash":"d4130b7a4426c2bdc0f47866156f447e1487a038","isMergeCommit":false,"messageTitle":"Add DeleteOrganizationCommandTest","messageBody":"","fileTypesAndContributionMap":{"test-code":{"insertions":45,"deletions":0}}},{"hash":"e2bd0a23a7bf3f49adef2376f990ac777c78f200","isMergeCommit":false,"messageTitle":"Add OrganizationBuilder","messageBody":"","fileTypesAndContributionMap":{"test-code":{"insertions":82,"deletions":0}}},{"hash":"5c7d569b0f712f8c14884a18da33da109f018e1c","isMergeCommit":false,"messageTitle":"Add OrganizationContactNameTest","messageBody":"","fileTypesAndContributionMap":{"test-code":{"insertions":66,"deletions":0}}},{"hash":"972b309bbc9c40d3f647e0dde2f3952743f3f159","isMergeCommit":false,"messageTitle":"Add OrganizationEmailTest","messageBody":"","fileTypesAndContributionMap":{"test-code":{"insertions":65,"deletions":0}}},{"hash":"06bad074f538feb21657ab2735a5ef1eb89073d0","isMergeCommit":false,"messageTitle":"Add OrganizationNameTest","messageBody":"","fileTypesAndContributionMap":{"test-code":{"insertions":66,"deletions":0}}},{"hash":"ec8029e43fdfd89ad4aeb8108092de9da2ee3337","isMergeCommit":false,"messageTitle":"Add OrganizationPhoneTest","messageBody":"","fileTypesAndContributionMap":{"test-code":{"insertions":61,"deletions":0}}},{"hash":"5686c1590068de57938b2cf90f0b3987e52f43d2","isMergeCommit":false,"messageTitle":"Add OrganizationTest","messageBody":"","fileTypesAndContributionMap":{"test-code":{"insertions":105,"deletions":0}}},{"hash":"e4745cb06adac8e69feef9b075da4e63baca788f","isMergeCommit":false,"messageTitle":"Add UniqueOrganizationListTest","messageBody":"","fileTypesAndContributionMap":{"test-code":{"insertions":197,"deletions":0}}},{"hash":"42450476cc69dfeca271614d41296b29cc2b63af","isMergeCommit":false,"messageTitle":"Add AddOrganizationCommandParserTest","messageBody":"","fileTypesAndContributionMap":{"test-code":{"insertions":142,"deletions":0}}},{"hash":"238b36cd90252a6f88258f2cfa3b981cbc817f23","isMergeCommit":false,"messageTitle":"Add DeleteOrganizationCommandParserTest","messageBody":"","fileTypesAndContributionMap":{"test-code":{"insertions":34,"deletions":0}}},{"hash":"eaa961727748004c0552a2d90fe96d6e663df58e","isMergeCommit":false,"messageTitle":"Update ParserUtilTest.java","messageBody":"","fileTypesAndContributionMap":{"test-code":{"insertions":41,"deletions":79}}}]},{"date":"2025-10-09T00:00:00","commitResults":[{"hash":"8e4888f0c24ab8a6a2676890e9e2db42cbcde4a1","isMergeCommit":true,"messageTitle":"Merge pull request #52 from cameronlzy/feature/contract","messageBody":"feat: add contracts ","fileTypesAndContributionMap":{}}]},{"date":"2025-10-15T00:00:00","commitResults":[{"hash":"2285f8e8800facf5f8eeb913c701fee446aea2f1","isMergeCommit":false,"messageTitle":"CliSyntax.java: Remove PREFIX_CONTACT_NAME constant","messageBody":"","fileTypesAndContributionMap":{"functional-code":{"insertions":1,"deletions":3}}},{"hash":"f0bc239af13b7b2377300412ae68ee0223b6364e","isMergeCommit":false,"messageTitle":"AddOrganizationCommandParser.java: remove instances of contact name","messageBody":"","fileTypesAndContributionMap":{"functional-code":{"insertions":7,"deletions":11}}},{"hash":"ccda6a458b001e549f242206f73989c1658783cc","isMergeCommit":false,"messageTitle":"Organization.java: remove instances of contact name","messageBody":"","fileTypesAndContributionMap":{"functional-code":{"insertions":6,"deletions":16}}},{"hash":"6ac9b6c92cf35fc2ff1326800a7d26963e343aa8","isMergeCommit":false,"messageTitle":"AddOrganizationCommand.java: remove instances of contact name","messageBody":"","fileTypesAndContributionMap":{"functional-code":{"insertions":1,"deletions":5}}},{"hash":"ec77754dd227040f3437b679889c9a21f9e97158","isMergeCommit":false,"messageTitle":"Messages.java: remove instances of contact name","messageBody":"","fileTypesAndContributionMap":{"functional-code":{"insertions":1,"deletions":3}}},{"hash":"6f3d59410f4aa6065722602f38a447982aefe423","isMergeCommit":false,"messageTitle":"JsonAdaptedOrganization.java: remove instances of contact name","messageBody":"","fileTypesAndContributionMap":{"functional-code":{"insertions":10,"deletions":18}}},{"hash":"d7459dc2338a64263cb2f16723945eadd3c55dda","isMergeCommit":false,"messageTitle":"OrganizationCard.java: remove instances of contact name","messageBody":"","fileTypesAndContributionMap":{"functional-code":{"insertions":0,"deletions":4}}},{"hash":"248de899eba7c028fb1aec1c9a315c5e56347fdc","isMergeCommit":false,"messageTitle":"OrganizationListCard.fxml: remove instances of contact name","messageBody":"","fileTypesAndContributionMap":{"functional-code":{"insertions":23,"deletions":25}}},{"hash":"423b55e7bc503717b0daa796b094c36d49a4fa94","isMergeCommit":false,"messageTitle":"Rename \"add-org\" command to \"add-o\"","messageBody":"","fileTypesAndContributionMap":{"functional-code":{"insertions":1,"deletions":1}}},{"hash":"91d15f06fd4460b194634ba2e290e001857d8d63","isMergeCommit":false,"messageTitle":"Rename \"delete-org\" command to \"delete-o\"","messageBody":"","fileTypesAndContributionMap":{"functional-code":{"insertions":1,"deletions":1}}},{"hash":"6b908fd58bb7cdbf4f2c4c422e089784d6134513","isMergeCommit":false,"messageTitle":"DeleteOrganizationCommandParser.java: update syntax for new delete command","messageBody":"","fileTypesAndContributionMap":{"functional-code":{"insertions":16,"deletions":9}}},{"hash":"283917c1a48e02cf0b6dc74a158a29ec518553a7","isMergeCommit":false,"messageTitle":"DeleteOrganizationCommand.java: update new delete command","messageBody":"","fileTypesAndContributionMap":{"functional-code":{"insertions":24,"deletions":26}}},{"hash":"6c0cbfbc4206ccc1b3c4fdbd5225465e2622bcb7","isMergeCommit":false,"messageTitle":"Messages.java: update to follow CheckStyle","messageBody":"","fileTypesAndContributionMap":{"functional-code":{"insertions":1,"deletions":1}}},{"hash":"eee37f5c1e1daf0ccd066d2b2a5796afc8dba215","isMergeCommit":false,"messageTitle":"Organization.java: update to follow CheckStyle","messageBody":"","fileTypesAndContributionMap":{"functional-code":{"insertions":1,"deletions":1}}},{"hash":"f0f67c59cfcbb367106ffe861ea49098f40200c9","isMergeCommit":false,"messageTitle":"Update AddOrganizationCommandParserTest.java","messageBody":"","fileTypesAndContributionMap":{"test-code":{"insertions":17,"deletions":39}}},{"hash":"d00a176dd0e0a24424aeff7dd5447a73a6ed3420","isMergeCommit":false,"messageTitle":"Update DeleteOrganizationCommandParserTest.java","messageBody":"","fileTypesAndContributionMap":{"test-code":{"insertions":27,"deletions":10}}},{"hash":"b0343a817441091fc6fa307b85328bd2b0885de4","isMergeCommit":false,"messageTitle":"Update DeleteOrganizationCommandTest.java","messageBody":"","fileTypesAndContributionMap":{"test-code":{"insertions":80,"deletions":23}}},{"hash":"ec7480168357858fcbaf108685b02c1395ce66e5","isMergeCommit":false,"messageTitle":"Update JsonAdaptedContractTest.java","messageBody":"","fileTypesAndContributionMap":{"test-code":{"insertions":4,"deletions":1}}},{"hash":"58d301eae872f50d56606d1037c2bcc774b4f398","isMergeCommit":false,"messageTitle":"Update JsonAdaptedOrganizationTest.java","messageBody":"","fileTypesAndContributionMap":{"test-code":{"insertions":9,"deletions":26}}},{"hash":"e060735550b49a23698d4c91da5d56fc3788103d","isMergeCommit":false,"messageTitle":"Update JsonOrganizationListStorageTest.java","messageBody":"","fileTypesAndContributionMap":{"test-code":{"insertions":4,"deletions":3}}},{"hash":"dcd2ef6af9994176fda08ae58aa34244a6458ed8","isMergeCommit":false,"messageTitle":"Update OrganizationBuilder.java","messageBody":"","fileTypesAndContributionMap":{"test-code":{"insertions":1,"deletions":14}}},{"hash":"e3232790b34a6275885c84f1d2b7bfd1f0d47ad0","isMergeCommit":false,"messageTitle":"Update OrganizationCardTest.java","messageBody":"","fileTypesAndContributionMap":{"test-code":{"insertions":6,"deletions":2}}},{"hash":"ec9d0e29e471a4079710479e1f46cb176aa5cbb1","isMergeCommit":false,"messageTitle":"Update OrganizationListPanelTest.java","messageBody":"","fileTypesAndContributionMap":{"test-code":{"insertions":4,"deletions":2}}},{"hash":"11f897c0f4335e5890030ec170428193486bb7f6","isMergeCommit":false,"messageTitle":"Update OrganizationTest.java","messageBody":"","fileTypesAndContributionMap":{"test-code":{"insertions":9,"deletions":26}}},{"hash":"d9a142c958d6c27fdd969559ae86b4ac1271d064","isMergeCommit":false,"messageTitle":"Update TypicalOrganizations.java","messageBody":"","fileTypesAndContributionMap":{"test-code":{"insertions":13,"deletions":7}}},{"hash":"4534c343bf926c25847c298099142de701a7d51f","isMergeCommit":false,"messageTitle":"Update UniqueOrganizationListTest.java","messageBody":"","fileTypesAndContributionMap":{"test-code":{"insertions":0,"deletions":2}}},{"hash":"cf8af54cc3c210aa23fe36dd25a0ca863a1f921a","isMergeCommit":false,"messageTitle":"AddOrganizationCommandParser.java: update to follow CheckStyle","messageBody":"","fileTypesAndContributionMap":{"functional-code":{"insertions":1,"deletions":1}}},{"hash":"7f45460e81f0911e640080a034ba921325f4516d","isMergeCommit":false,"messageTitle":"DeleteOrganizationCommandTest.java: fix expected messages","messageBody":"","fileTypesAndContributionMap":{"test-code":{"insertions":7,"deletions":4}}},{"hash":"29d2d59a2eff3c02dabe54d312044369b617e71f","isMergeCommit":false,"messageTitle":"DeleteOrganizationCommand.java: update to support case-insensitivity","messageBody":"","fileTypesAndContributionMap":{"functional-code":{"insertions":10,"deletions":2}}},{"hash":"6baa03a99cd1a6e090008ca5fa6cf748ca08e508","isMergeCommit":false,"messageTitle":"Update AddressBookParserTest.java","messageBody":"","fileTypesAndContributionMap":{"test-code":{"insertions":13,"deletions":2}}},{"hash":"1447c2da318064c19fac5a3a6d06945abef3ae69","isMergeCommit":false,"messageTitle":"OrganizationListCard.fxml: add newline to EOF","messageBody":"","fileTypesAndContributionMap":{"functional-code":{"insertions":1,"deletions":1}}},{"hash":"506284af9f23fd6150c963c6b75ec2abfa563fd6","isMergeCommit":false,"messageTitle":"Update user guide","messageBody":"","fileTypesAndContributionMap":{"docs":{"insertions":106,"deletions":233}}},{"hash":"bcf6d343f2acafc41f56b5dab07d8aac72d4a6d5","isMergeCommit":false,"messageTitle":"UserGuide.md: add newline to EOF","messageBody":"","fileTypesAndContributionMap":{"docs":{"insertions":1,"deletions":1}}},{"hash":"35236d907082179677a0c1ff57bf1bfb053829ad","isMergeCommit":true,"messageTitle":"Merge pull request #67 from SanguineChameleon/org-refactor","messageBody":"Standardise command naming for organisation \u0026 Standardise delete-organisation input","fileTypesAndContributionMap":{}},{"hash":"a800d582c3f505e8351149213ce7d9c8ac93a016","isMergeCommit":false,"messageTitle":"Messages.java: remove unused messages","messageBody":"","fileTypesAndContributionMap":{"functional-code":{"insertions":0,"deletions":4}}},{"hash":"2d407b942bfc9c72bb4a0455a4fb923958407219","isMergeCommit":false,"messageTitle":"AddContractCommand.java: update error messages","messageBody":"","fileTypesAndContributionMap":{"functional-code":{"insertions":8,"deletions":8}}},{"hash":"028aa826474ae966baccfe42e644d279a23ea292","isMergeCommit":false,"messageTitle":"AddOrganizationCommand.java: update error messages","messageBody":"","fileTypesAndContributionMap":{"functional-code":{"insertions":4,"deletions":4}}},{"hash":"5ab55b4ebaca9abb0967b3f6dfd7d848eb198687","isMergeCommit":false,"messageTitle":"DeleteAthleteCommand.java: update error messages","messageBody":"","fileTypesAndContributionMap":{"functional-code":{"insertions":1,"deletions":1}}},{"hash":"6761c609e1757799d97dcd4f20e0ea0023fc6ce6","isMergeCommit":false,"messageTitle":"DeleteContractCommand.java: update error messages","messageBody":"","fileTypesAndContributionMap":{"functional-code":{"insertions":7,"deletions":7}}},{"hash":"e039c626c178f0c123c71e43ed6819768c778d29","isMergeCommit":false,"messageTitle":"DeleteOrganizationCommand.java: update error messages","messageBody":"","fileTypesAndContributionMap":{"functional-code":{"insertions":4,"deletions":4}}}]},{"date":"2025-10-22T00:00:00","commitResults":[{"hash":"743a43aab0df078c7b753c7961a1cf4c7e14e0dc","isMergeCommit":false,"messageTitle":"Update AddAthleteSequenceDiagram.puml","messageBody":"","fileTypesAndContributionMap":{"docs":{"insertions":11,"deletions":3}}},{"hash":"c69ed374cdd80fb5af75fce5ce2bb5ab28b7fc50","isMergeCommit":false,"messageTitle":"Update ArchitectureDiagram.puml","messageBody":"","fileTypesAndContributionMap":{"docs":{"insertions":15,"deletions":14}}},{"hash":"bc3d75d97203c781814578ee78ad30b5ac17d862","isMergeCommit":false,"messageTitle":"Update ArchitectureSequenceDiagram.puml","messageBody":"","fileTypesAndContributionMap":{"docs":{"insertions":3,"deletions":3}}},{"hash":"30895af456c5345dc936c0f1ee13902cfb768b11","isMergeCommit":false,"messageTitle":"Update ComponentManagers.puml","messageBody":"","fileTypesAndContributionMap":{"docs":{"insertions":22,"deletions":8}}},{"hash":"792702f9f432c1054ac5b86fac70d568b4c92740","isMergeCommit":false,"messageTitle":"Update DeleteAthleteSequenceDiagram.puml","messageBody":"","fileTypesAndContributionMap":{"docs":{"insertions":8,"deletions":3}}},{"hash":"8cead2e811d3a3cc1802b571c7785175907a8171","isMergeCommit":false,"messageTitle":"Update ModelClassDiagram.puml","messageBody":"","fileTypesAndContributionMap":{"docs":{"insertions":44,"deletions":33}}},{"hash":"9ae9454bf9f5c700e7321790347e2c80e33369bc","isMergeCommit":false,"messageTitle":"Update ParserClasses.puml","messageBody":"","fileTypesAndContributionMap":{"docs":{"insertions":15,"deletions":13}}},{"hash":"9a8840dad8aff2244fdc7c66762413793a98f4f3","isMergeCommit":false,"messageTitle":"Update StorageClassDiagram.puml","messageBody":"","fileTypesAndContributionMap":{"docs":{"insertions":15,"deletions":12}}},{"hash":"104764115901bfc5d233e4a9ea850a631ae73334","isMergeCommit":false,"messageTitle":"Update UiClassDiagram.puml","messageBody":"","fileTypesAndContributionMap":{"docs":{"insertions":38,"deletions":20}}},{"hash":"b1ed192093106de68de0742a17287a2102f0b331","isMergeCommit":false,"messageTitle":"Update DeveloperGuide.md","messageBody":"","fileTypesAndContributionMap":{"docs":{"insertions":145,"deletions":204}}}]},{"date":"2025-10-29T00:00:00","commitResults":[{"hash":"06066448c1d7a75e855bad388e465d7933c896ea","isMergeCommit":false,"messageTitle":"Add FindActivityDiagram.puml","messageBody":"","fileTypesAndContributionMap":{"docs":{"insertions":28,"deletions":0}}},{"hash":"ed9a67bd841819f288291392d96c35912aa24d97","isMergeCommit":false,"messageTitle":"Add FindMatchingActivityDiagram.puml","messageBody":"","fileTypesAndContributionMap":{"docs":{"insertions":25,"deletions":0}}},{"hash":"4fba2b93bdd2d55d0eba02fe63a103ddbfc4496d","isMergeCommit":false,"messageTitle":"Add FindScopeClassDiagram.puml","messageBody":"","fileTypesAndContributionMap":{"docs":{"insertions":67,"deletions":0}}},{"hash":"de087c9a9a42e49bf684db8dd03655617c915dcf","isMergeCommit":false,"messageTitle":"Add FindSequenceDiagram-Logic.puml","messageBody":"","fileTypesAndContributionMap":{"docs":{"insertions":47,"deletions":0}}},{"hash":"6ad8d459290fce8c010db592c5becc68f0d333ec","isMergeCommit":false,"messageTitle":"Update DeveloperGuide.md","messageBody":"","fileTypesAndContributionMap":{"docs":{"insertions":129,"deletions":7}}},{"hash":"49bb2a5636c6c8a746ab87471d28154c2c7880e6","isMergeCommit":false,"messageTitle":"Remove BetterModelClassDiagram.puml","messageBody":"","fileTypesAndContributionMap":{"docs":{"insertions":0,"deletions":21}}},{"hash":"e0180b525bbf8e10f7eefda86d593e6c81fa6fff","isMergeCommit":false,"messageTitle":"Remove CommitActivityDiagram.puml","messageBody":"","fileTypesAndContributionMap":{"docs":{"insertions":0,"deletions":18}}},{"hash":"c03b33e6551a6037e5dcc6be6d14e8562a7eb90f","isMergeCommit":false,"messageTitle":"Remove DeleteSequenceDiagram.puml","messageBody":"","fileTypesAndContributionMap":{"docs":{"insertions":0,"deletions":70}}},{"hash":"0d05e9e472819d69c147b858646cdcfe6eadd7ab","isMergeCommit":false,"messageTitle":"Remove UndoRedoState0.puml","messageBody":"","fileTypesAndContributionMap":{"docs":{"insertions":0,"deletions":21}}},{"hash":"27fda93c04d0c7093777da53a9acd9cd8e63ac10","isMergeCommit":false,"messageTitle":"Remove UndoRedoState1.puml","messageBody":"","fileTypesAndContributionMap":{"docs":{"insertions":0,"deletions":23}}},{"hash":"663b4db6f00735111b069a17eb7b826b5c703c14","isMergeCommit":false,"messageTitle":"Remove UndoRedoState2.puml","messageBody":"","fileTypesAndContributionMap":{"docs":{"insertions":0,"deletions":21}}},{"hash":"8bdd21ac029db10dab1d160cf11c1e4999c973d5","isMergeCommit":false,"messageTitle":"Remove UndoRedoState3.puml","messageBody":"","fileTypesAndContributionMap":{"docs":{"insertions":0,"deletions":21}}},{"hash":"9c88fec0f7f8651a9f6e3c7ca9d8b6f8f8392e48","isMergeCommit":false,"messageTitle":"Remove UndoRedoState4.puml","messageBody":"","fileTypesAndContributionMap":{"docs":{"insertions":0,"deletions":21}}},{"hash":"9ea917f0de6d4f1e94ed5d02a5ffe80df7625444","isMergeCommit":false,"messageTitle":"Remove UndoRedoState5.puml","messageBody":"","fileTypesAndContributionMap":{"docs":{"insertions":0,"deletions":22}}},{"hash":"169f41a2f3fd4d50d8531c273966c15541a1172f","isMergeCommit":false,"messageTitle":"Remove UndoSequenceDiagram-Logic.puml","messageBody":"","fileTypesAndContributionMap":{"docs":{"insertions":0,"deletions":46}}},{"hash":"89f42449aed426aa886138416f1809635bfa494b","isMergeCommit":false,"messageTitle":"Remove UndoSequenceDiagram-Model.puml","messageBody":"","fileTypesAndContributionMap":{"docs":{"insertions":0,"deletions":23}}},{"hash":"932e7b2ff5d35cde7b6d1e33954308dda600e3d6","isMergeCommit":false,"messageTitle":"Update FindMatchingActivityDiagram.puml","messageBody":"","fileTypesAndContributionMap":{"docs":{"insertions":19,"deletions":14}}},{"hash":"4d8177242564e23770df979ec3cb5237316b91e7","isMergeCommit":false,"messageTitle":"Update DeveloperGuide.md","messageBody":"","fileTypesAndContributionMap":{"docs":{"insertions":1,"deletions":1}}}]}]},"authorFileTypeContributionMap":{"simantak-dabhade":{"docs":395,"functional-code":567,"test-code":296,"other":1},"kellytxn":{"docs":799,"functional-code":1901,"test-code":1714,"other":1},"cameronlzy":{"docs":488,"functional-code":1840,"test-code":2141,"other":5},"goh-joshua":{"docs":15,"functional-code":1835,"test-code":1737},"SanguineChameleon":{"docs":498,"functional-code":836,"test-code":1008}},"authorContributionVariance":{"simantak-dabhade":38302.367,"kellytxn":974269.5,"cameronlzy":1015500.9,"goh-joshua":134197.72,"SanguineChameleon":323333.34},"authorDisplayNameMap":{"simantak-dabhade":"CS2103T-F13-3 SIMA..HADE","kellytxn":"CS2103T-F13-3 TAN ..ELLY","cameronlzy":"CS2103T-F13-3 LOH ..ERON","goh-joshua":"CS2103T-F13-3 GOH ..SHUA","SanguineChameleon":"CS2103T-F13-3 NGUY..KHOA"}}
