{"authorDailyContributionsMap":{"PhoebeY05":[{"date":"2025-09-30T00:00:00","commitResults":[{"hash":"4bb428f2aaa32f6bca67e69577b41e011c6335f9","isMergeCommit":false,"messageTitle":"feat: Update AboutUs page","messageBody":"","fileTypesAndContributionMap":{"docs":{"insertions":3,"deletions":3}}},{"hash":"c71e859ec89ab74f9eb4d68cb735b0d66031b12b","isMergeCommit":true,"messageTitle":"Merge pull request #25 from thomas5564/about-us","messageBody":"Update Thomas\u0027 aboutus","fileTypesAndContributionMap":{}},{"hash":"2ac3d4151aed7776a237c8f9e9cf4a733d872a81","isMergeCommit":true,"messageTitle":"Merge pull request #28 from thomas5564/about-us","messageBody":"Rename Thomas\u0027 image","fileTypesAndContributionMap":{}},{"hash":"eb42529891896ece4c6aba77ea25a6d09a473be5","isMergeCommit":true,"messageTitle":"Merge pull request #29 from xwl42/update-AboutUs","messageBody":"Update AboutUs.md for Wenli","fileTypesAndContributionMap":{}},{"hash":"22f1e5a9c99b3178d718354b1b5723585a2b3a87","isMergeCommit":false,"messageTitle":"feat: Update product scope","messageBody":"","fileTypesAndContributionMap":{"docs":{"insertions":8,"deletions":7}}},{"hash":"7e01ecb2eb957dd0ed5d9954e2605ddb89d7c39c","isMergeCommit":true,"messageTitle":"Merge pull request #46 from thomas5564/update-readme","messageBody":"Update readme","fileTypesAndContributionMap":{}},{"hash":"48d7566c07ee81b835787095691eb2d21b55f361","isMergeCommit":true,"messageTitle":"Merge pull request #49 from xwl42/site-wide-settings","messageBody":"Update site-wide settings: rename MyProduct to LambdaLab","fileTypesAndContributionMap":{}},{"hash":"51a1f0aac6a6e2f77b6c78347b3938292fcfa5de","isMergeCommit":false,"messageTitle":"feat: Add grading exercise use case","messageBody":"","fileTypesAndContributionMap":{"docs":{"insertions":15,"deletions":15}}},{"hash":"1f4d975ae2aeca6644b63a1dbe8a3b7c51944bd8","isMergeCommit":false,"messageTitle":"fix: Add missing sentence","messageBody":"","fileTypesAndContributionMap":{"docs":{"insertions":1,"deletions":0}}},{"hash":"77c2060dd4dc1f393804a5d159162a4377043831","isMergeCommit":true,"messageTitle":"Merge pull request #51 from xwl42/site-wide-settings","messageBody":"Update site wide settings for index.md","fileTypesAndContributionMap":{}}]},{"date":"2025-10-01T00:00:00","commitResults":[{"hash":"3781dc7b06437b6140b210cfb231ac4641604c0f","isMergeCommit":true,"messageTitle":"Merge pull request #53 from sahishnuk2/add-roles","messageBody":"Update roles and responsibilties","fileTypesAndContributionMap":{}},{"hash":"aa913e8224bc26a6211a1830ebf91697075217ef","isMergeCommit":true,"messageTitle":"Merge pull request #54 from sahishnuk2/add-nfr","messageBody":"List Non-Functional Requirements","fileTypesAndContributionMap":{}},{"hash":"f587aa530be1bbcf974a3133794eafeef1641c50","isMergeCommit":true,"messageTitle":"Merge pull request #55 from xwl42/use-case-track-attendence","messageBody":"Add use case for marking attendence","fileTypesAndContributionMap":{}},{"hash":"844ec68cc40b0475c7ba4a93d0abfb0ae06de27d","isMergeCommit":true,"messageTitle":"Merge pull request #60 from thomas5564/consult-use-case","messageBody":"Consult use case","fileTypesAndContributionMap":{}}]},{"date":"2025-10-02T00:00:00","commitResults":[{"hash":"b043537fbe7eb8e5ba1c4df718450490726c3920","isMergeCommit":true,"messageTitle":"Merge pull request #63 from xwl42/master","messageBody":"Change use case for marking attendance","fileTypesAndContributionMap":{}},{"hash":"7743f372fb22e6cb4d55db036330d554bb3430d8","isMergeCommit":false,"messageTitle":"Revert \"Change use case for marking attendance\"","messageBody":"","fileTypesAndContributionMap":{"docs":{"insertions":3,"deletions":1}}}]},{"date":"2025-10-05T00:00:00","commitResults":[{"hash":"f309bd96e8969aacc57cabdc4a3fd81f92ca1321","isMergeCommit":false,"messageTitle":"feat: Create GitHubUsername class","messageBody":"","fileTypesAndContributionMap":{"functional-code":{"insertions":65,"deletions":0}}},{"hash":"bd58337ea070bc533c44125f9ca6f1e75bde0079","isMergeCommit":false,"messageTitle":"feat: Add githubUsername field to Person","messageBody":"","fileTypesAndContributionMap":{"functional-code":{"insertions":10,"deletions":4}}},{"hash":"9cfe62435746cea7651aad73c47d02966a50d47b","isMergeCommit":false,"messageTitle":"feat: Add githubUsername field to EditCommand","messageBody":"","fileTypesAndContributionMap":{"functional-code":{"insertions":16,"deletions":11}}},{"hash":"94f51274c0d116e04469fecf3e7e17dfb8b5cf3d","isMergeCommit":false,"messageTitle":"feat: Add githubUsername field to ParserUtil","messageBody":"","fileTypesAndContributionMap":{"functional-code":{"insertions":18,"deletions":6}}},{"hash":"c696b32ef3482b091f4e26214cc557d56f14f125","isMergeCommit":false,"messageTitle":"feat: Add githubUsername field to AddCommand","messageBody":"","fileTypesAndContributionMap":{"functional-code":{"insertions":7,"deletions":14}}},{"hash":"85bed8d1e6de7e71416065b40f35413c94de6779","isMergeCommit":false,"messageTitle":"feat: Add githubUsername field to SampleData","messageBody":"","fileTypesAndContributionMap":{"functional-code":{"insertions":13,"deletions":11}}},{"hash":"478f5fc2e63b55b87ed1b51978aeaca88249bdc0","isMergeCommit":false,"messageTitle":"feat: Add githubUsername field to JSON","messageBody":"","fileTypesAndContributionMap":{"functional-code":{"insertions":14,"deletions":7},"test-code":{"insertions":14,"deletions":13}}},{"hash":"c6ba9b0852dc69d6f70681b8e4c3a17cee476307","isMergeCommit":false,"messageTitle":"feat: Add githubUsername field to PersonBuilder","messageBody":"","fileTypesAndContributionMap":{"test-code":{"insertions":14,"deletions":6}}},{"hash":"d20510649061cb7891309aa595d00a43d0fe59c6","isMergeCommit":false,"messageTitle":"feat: Update UI to show githubUsername","messageBody":"","fileTypesAndContributionMap":{"functional-code":{"insertions":4,"deletions":0}}},{"hash":"4c304fa17ace979f68b54f5b7c7139dfb8e64212","isMergeCommit":false,"messageTitle":"feat: Update error message to show githubUsername","messageBody":"","fileTypesAndContributionMap":{"functional-code":{"insertions":3,"deletions":5}}},{"hash":"2196c1de3f2bd77ea14e25ac97112ceaac6985ce","isMergeCommit":false,"messageTitle":"fix: Fix checkstyle errors in AddCommandParser","messageBody":"","fileTypesAndContributionMap":{"functional-code":{"insertions":20,"deletions":6}}},{"hash":"cb5cae8c51da3cb9ffd398b81755f6a1e44c3603","isMergeCommit":false,"messageTitle":"fix: Fix checkstyle errors in EditCommand","messageBody":"","fileTypesAndContributionMap":{"functional-code":{"insertions":14,"deletions":3}}},{"hash":"0bf7236bc07e2d13e6f769c55df8ae57e7d19bfd","isMergeCommit":false,"messageTitle":"fix: Fix checkstyle errors in JsonAdaptedPerson","messageBody":"","fileTypesAndContributionMap":{"functional-code":{"insertions":8,"deletions":2}}},{"hash":"cb1632761f0b622bb61febfd6f44159d65989cbb","isMergeCommit":false,"messageTitle":"fix: Fix checkstyle errors in AddCommand","messageBody":"","fileTypesAndContributionMap":{"functional-code":{"insertions":6,"deletions":1}}},{"hash":"f9d80f86752904b88a81b28f9c45d936baccca8f","isMergeCommit":false,"messageTitle":"fix: Fix checkstyle errors in ParserUtil","messageBody":"","fileTypesAndContributionMap":{"functional-code":{"insertions":5,"deletions":1}}},{"hash":"d4525e3805a8888f88a7561244b5c369a802cce6","isMergeCommit":false,"messageTitle":"fix: Fix checkstyle errors in Person","messageBody":"","fileTypesAndContributionMap":{"functional-code":{"insertions":3,"deletions":1}}},{"hash":"89556c392ed4131a61515ed3881a5924a61b990b","isMergeCommit":false,"messageTitle":"fix: Fix checkstyle errors in SampleDataUtil","messageBody":"","fileTypesAndContributionMap":{"functional-code":{"insertions":6,"deletions":1}}},{"hash":"9c36a46caa243184d51a13e6384cd35eb68e701a","isMergeCommit":false,"messageTitle":"fix:Fix checkstyle errors in JsonAdaptedPersonTest","messageBody":"","fileTypesAndContributionMap":{"test-code":{"insertions":22,"deletions":10}}},{"hash":"c8892feded444d6eb8f05d668316ac3df824df08","isMergeCommit":false,"messageTitle":"fix:Fix checkstyle errors in PersonBuilder","messageBody":"","fileTypesAndContributionMap":{"test-code":{"insertions":6,"deletions":1}}},{"hash":"e13af90437802ed50d44435f9ceb70e71e6c26d7","isMergeCommit":false,"messageTitle":"fix: Fix test failures in LogicManagerTest","messageBody":"","fileTypesAndContributionMap":{"test-code":{"insertions":17,"deletions":24}}},{"hash":"ea12ad6f6de79010003163ab87947bdf48e7401f","isMergeCommit":false,"messageTitle":"fix: Fix test failures in AddCommandParserTest","messageBody":"","fileTypesAndContributionMap":{"test-code":{"insertions":16,"deletions":39}}},{"hash":"0b356e6659407aaa9d64699c9f1aec5efc9f3dcb","isMergeCommit":false,"messageTitle":"fix: Fix test failures in AddressBookParserTest","messageBody":"","fileTypesAndContributionMap":{"test-code":{"insertions":3,"deletions":6}}},{"hash":"f1a7e8a2c56287820260fdde86cfcb63dc52dee8","isMergeCommit":false,"messageTitle":"fix: Fix test failures in PersonTest","messageBody":"","fileTypesAndContributionMap":{"test-code":{"insertions":2,"deletions":1}}},{"hash":"25274060e64b01f823ccacb3d7f36c0ca284f763","isMergeCommit":false,"messageTitle":"fix: Add githubUsername field to test JSONs","messageBody":"","fileTypesAndContributionMap":{"functional-code":{"insertions":1,"deletions":1}}},{"hash":"f5e5ed43d852e2d9385d58aafbb866a1513e2ec8","isMergeCommit":false,"messageTitle":"fix: Add githubUsername field to TypicalPersons","messageBody":"","fileTypesAndContributionMap":{"test-code":{"insertions":12,"deletions":7}}},{"hash":"50a878380d3e67816e57f449c5b312d9ca8a913f","isMergeCommit":false,"messageTitle":"fix: Fix test failures in EditCommandTest","messageBody":"","fileTypesAndContributionMap":{"test-code":{"insertions":1,"deletions":0}}}]},{"date":"2025-10-07T00:00:00","commitResults":[{"hash":"ab93a81d8eda8dd8f64ebf4eb60ec6c2eb1fe1ac","isMergeCommit":false,"messageTitle":"fix: Fix checkstyle errors in AddCommandParserTest","messageBody":"","fileTypesAndContributionMap":{"test-code":{"insertions":36,"deletions":5}}},{"hash":"e94e8b9a8b4b50852b2312cc9b963a075dd97c6c","isMergeCommit":false,"messageTitle":"fix: Fix checkstyle errors in LogicManagerTest","messageBody":"","fileTypesAndContributionMap":{"test-code":{"insertions":5,"deletions":1}}},{"hash":"39bafd90fd648a701a6e1cbc756db20a3e1bb639","isMergeCommit":false,"messageTitle":"fix: Fix checkstyle errors in PersonUtil","messageBody":"","fileTypesAndContributionMap":{"test-code":{"insertions":7,"deletions":2}}},{"hash":"58d36d9f0a5605bec6ee3e6f4b452f587c85de96","isMergeCommit":false,"messageTitle":"fix: Fix checkstyle errors in CommandTestUtil","messageBody":"","fileTypesAndContributionMap":{"test-code":{"insertions":7,"deletions":2}}},{"hash":"f69c0abe77115da1d21f245b3872b211b8f197e2","isMergeCommit":false,"messageTitle":"fix: Fix checkstyle errors in TypicalPersons","messageBody":"","fileTypesAndContributionMap":{"test-code":{"insertions":13,"deletions":2}}}]},{"date":"2025-10-08T00:00:00","commitResults":[{"hash":"b5276f389930f8ba7f42ea428d412ae3b15e75a2","isMergeCommit":false,"messageTitle":"fix: Add GitHub username to AddCommandParserTest","messageBody":"","fileTypesAndContributionMap":{"test-code":{"insertions":10,"deletions":30}}},{"hash":"d2247c3993cb4b0ff660ef8ba6556e4cbb87389e","isMergeCommit":false,"messageTitle":"fix: Use correct validation method","messageBody":"","fileTypesAndContributionMap":{"functional-code":{"insertions":1,"deletions":1}}},{"hash":"3b063bc6bef2768aaa2c37090ef3010d14bd9f8e","isMergeCommit":false,"messageTitle":"feat: Add correct regex for GithubUsername","messageBody":"","fileTypesAndContributionMap":{"functional-code":{"insertions":1,"deletions":1}}},{"hash":"76037cdfe1620ec17f5a10019956a0a9629bc0dd","isMergeCommit":false,"messageTitle":"fix: Add missing tests for GitHub username","messageBody":"","fileTypesAndContributionMap":{"test-code":{"insertions":9,"deletions":0}}},{"hash":"6c3e11d59fe1166d98cd287d63ecf1ad2fc83297","isMergeCommit":false,"messageTitle":"fix: Fix checkstyle errors in AddCommandParserTest","messageBody":"","fileTypesAndContributionMap":{"test-code":{"insertions":39,"deletions":7}}},{"hash":"9d917f8aa38b37b0d15d401e9d6416d8e1f93b90","isMergeCommit":false,"messageTitle":"fix: Fix checkstyle errors in CommandTestUtil","messageBody":"","fileTypesAndContributionMap":{"test-code":{"insertions":3,"deletions":1}}},{"hash":"4779ef5f080667974b5be04ed47891caa39086b1","isMergeCommit":false,"messageTitle":"fix: Revert regex to fix test failures","messageBody":"","fileTypesAndContributionMap":{"functional-code":{"insertions":2,"deletions":1},"test-code":{"insertions":1,"deletions":2}}},{"hash":"652d8cf50514345c3c609a8c86f4a64c15ecdb94","isMergeCommit":false,"messageTitle":"fix: Add missing tests to AddCommandParserTest","messageBody":"","fileTypesAndContributionMap":{"test-code":{"insertions":5,"deletions":5}}},{"hash":"dfce07b62436621e369fcbd141fe7f436dd7870f","isMergeCommit":false,"messageTitle":"fix: Fix checkstyle errors in AddCommandParserTest","messageBody":"","fileTypesAndContributionMap":{"test-code":{"insertions":6,"deletions":1}}},{"hash":"590dbe5b2333564dcb65c38479b578f4f6fa67a4","isMergeCommit":false,"messageTitle":"fix: Fix checkstyle errors in AddCommandParserTest","messageBody":"","fileTypesAndContributionMap":{"test-code":{"insertions":4,"deletions":3}}},{"hash":"3b00b6a9fb10779c75ac12f615369c40d83f6aa5","isMergeCommit":true,"messageTitle":"Merge pull request #77 from xwl42/add-student-id","messageBody":"Add Student ID to Person model","fileTypesAndContributionMap":{}},{"hash":"600afe319b378285d4829dd7b80067b2e97b6326","isMergeCommit":false,"messageTitle":"feat: Add github username to edit command","messageBody":"","fileTypesAndContributionMap":{"functional-code":{"insertions":10,"deletions":3}}},{"hash":"2cf902631317a4e1d000a6db867f980379c2cbaf","isMergeCommit":false,"messageTitle":"fix: Fix checkstyle errors in EditCommandParser","messageBody":"","fileTypesAndContributionMap":{"functional-code":{"insertions":2,"deletions":1}}},{"hash":"588c0300b745f0554e79bbf7bd9c5942f8502a18","isMergeCommit":false,"messageTitle":"fix: Fix test failures","messageBody":"","fileTypesAndContributionMap":{"test-code":{"insertions":1,"deletions":0}}}]},{"date":"2025-10-14T00:00:00","commitResults":[{"hash":"f169b45616536c2ff15f44aa489eefd049bc32e7","isMergeCommit":false,"messageTitle":"feat: Add GithubUsername to TypicalPersons","messageBody":"","fileTypesAndContributionMap":{"test-code":{"insertions":46,"deletions":21}}},{"hash":"7fa1e55b08ec89b866ef28d90d6410638008d304","isMergeCommit":false,"messageTitle":"feat: Update GitHubUsername regex","messageBody":"","fileTypesAndContributionMap":{"functional-code":{"insertions":1,"deletions":2}}},{"hash":"2a2437c136c7cdcf7e1b2f688143264c13d6caea","isMergeCommit":true,"messageTitle":"Merge branch \u0027master\u0027 of https://github.com/AY2526S1-CS2103T-T09-3/tp into add-github-username-tests","messageBody":"# Conflicts:\n#\tsrc/test/java/seedu/address/testutil/TypicalPersons.java\n","fileTypesAndContributionMap":{}},{"hash":"515ab7006652f5c8d1f78f416325a6f617282cd5","isMergeCommit":false,"messageTitle":"fix: Fixes checkstyle errors","messageBody":"","fileTypesAndContributionMap":{"test-code":{"insertions":4,"deletions":4}}},{"hash":"26148fa6ec0e4616b22a797368018c123ea48a8c","isMergeCommit":false,"messageTitle":"feat: Update CommandTestUtil for new regex","messageBody":"","fileTypesAndContributionMap":{"test-code":{"insertions":21,"deletions":5}}},{"hash":"dbaa22acac62e9cb44768468d8f1533d5ef652fe","isMergeCommit":true,"messageTitle":"Merge branch \u0027master\u0027 of https://github.com/AY2526S1-CS2103T-T09-3/tp into add-github-username-tests","messageBody":"","fileTypesAndContributionMap":{}},{"hash":"2e808ebeb90e0ac035d5c698770de8e6b6c0d8b1","isMergeCommit":false,"messageTitle":"fix:Add GithubUsername to EditPersonDescriptorTest","messageBody":"","fileTypesAndContributionMap":{"test-code":{"insertions":5,"deletions":0}}},{"hash":"c27bddba5123a91cbf728527a8dce54f58346faa","isMergeCommit":false,"messageTitle":"fix: Add GithubUsername to AddCommandParserTest","messageBody":"","fileTypesAndContributionMap":{"test-code":{"insertions":4,"deletions":0}}},{"hash":"4e85744c9b95d7bd547a383c71045a60dfa04b71","isMergeCommit":false,"messageTitle":"fix: Add GithubUsername to EditCommandParserTest","messageBody":"","fileTypesAndContributionMap":{"test-code":{"insertions":32,"deletions":11}}},{"hash":"efe6dcf1cc0891ac2785f4547059c7358e7bbb06","isMergeCommit":false,"messageTitle":"fix: Add GithubUsername to ParserUtilTest","messageBody":"","fileTypesAndContributionMap":{"test-code":{"insertions":30,"deletions":0}}},{"hash":"92f5515d3cf905839109a066c6bfdcc39bb4cd72","isMergeCommit":false,"messageTitle":"fix: Fixes checkstyle errors","messageBody":"","fileTypesAndContributionMap":{"test-code":{"insertions":2,"deletions":1}}},{"hash":"55f899c2c9d1d8091f43bb624a1c398437878ab5","isMergeCommit":true,"messageTitle":"Merge pull request #110 from xwl42/fix-showPersonAtIndex","messageBody":"Fix showPersonAtIndex","fileTypesAndContributionMap":{}},{"hash":"b539bcd279b8e0a0702897e2bc4a82de0a012cd9","isMergeCommit":true,"messageTitle":"Merge branch \u0027master\u0027 of https://github.com/AY2526S1-CS2103T-T09-3/tp into add-github-username-tests","messageBody":"","fileTypesAndContributionMap":{}}]},{"date":"2025-10-15T00:00:00","commitResults":[{"hash":"ab8ed2cdf4c0a90999f8264669bc785b934500ec","isMergeCommit":true,"messageTitle":"Merge branch \u0027master\u0027 of https://github.com/AY2526S1-CS2103T-T09-3/tp into add-github-username-tests","messageBody":"# Conflicts:\n#\tsrc/test/java/seedu/address/logic/commands/CommandTestUtil.java\n#\tsrc/test/java/seedu/address/logic/parser/AddCommandParserTest.java\n#\tsrc/test/java/seedu/address/logic/parser/EditCommandParserTest.java\n#\tsrc/test/java/seedu/address/testutil/TypicalPersons.java\n","fileTypesAndContributionMap":{}}]},{"date":"2025-10-16T00:00:00","commitResults":[{"hash":"18a7f35e456d2176d7aaac9b59c04dc5ecfbe30d","isMergeCommit":false,"messageTitle":"feat: Adds examples and output messages to add","messageBody":"","fileTypesAndContributionMap":{"docs":{"insertions":19,"deletions":8}}},{"hash":"22983db0ae67aeac34b1b5e759757ba3b53cf449","isMergeCommit":false,"messageTitle":"feat: Adds error messages to add \u0026 delete","messageBody":"","fileTypesAndContributionMap":{"docs":{"insertions":20,"deletions":14}}},{"hash":"0b6a6b1830bbaea9913c447c69541f6bc01d8d1b","isMergeCommit":false,"messageTitle":"feat: Adds clarification about student ID","messageBody":"","fileTypesAndContributionMap":{"docs":{"insertions":2,"deletions":1}}}]},{"date":"2025-10-20T00:00:00","commitResults":[{"hash":"26ce86b580a0354c780199b52907896aeca783c5","isMergeCommit":true,"messageTitle":"Merge branch \u0027master\u0027 of https://github.com/AY2526S1-CS2103T-T09-3/tp into update-UG-add-delete","messageBody":"# Conflicts:\n#\tdocs/UserGuide.md\n","fileTypesAndContributionMap":{}},{"hash":"dbdaf4ebdb2e34ff55ea610c06d8ff22b700b00d","isMergeCommit":false,"messageTitle":"feat: Add basic files needed","messageBody":"","fileTypesAndContributionMap":{"functional-code":{"insertions":55,"deletions":0}}},{"hash":"3cc0130859936d11884d0a192aa6839fe3c22486","isMergeCommit":false,"messageTitle":"feat: Add TimeslotsStorage to StorageManager","messageBody":"","fileTypesAndContributionMap":{"functional-code":{"insertions":69,"deletions":3},"test-code":{"insertions":10,"deletions":3}}}]},{"date":"2025-10-21T00:00:00","commitResults":[{"hash":"6c18bfd3973d44142a7a507ad52cb5ff04f6b6f8","isMergeCommit":false,"messageTitle":"feat: Add other utilities for Timeslot","messageBody":"","fileTypesAndContributionMap":{"functional-code":{"insertions":206,"deletions":24}}},{"hash":"3267675ffb195ad03c41799f5a0d67c17957a256","isMergeCommit":false,"messageTitle":"feat: Add other utilities for Timeslot","messageBody":"","fileTypesAndContributionMap":{"functional-code":{"insertions":177,"deletions":0}}},{"hash":"c08da96906f194c187bbed9f23e1afa8c12364fb","isMergeCommit":false,"messageTitle":"feat: Add Timeslot to MainApp","messageBody":"","fileTypesAndContributionMap":{"functional-code":{"insertions":68,"deletions":4}}},{"hash":"e59574589dc46d48dd624aede85e353808ad8589","isMergeCommit":false,"messageTitle":"feat: Implements GetTimeslotCommand","messageBody":"","fileTypesAndContributionMap":{"functional-code":{"insertions":181,"deletions":2}}},{"hash":"f5740c386df312cc636d54da1a7340f0a59c8bcc","isMergeCommit":true,"messageTitle":"Merge pull request #139 from sahishnuk2/update-UG","messageBody":"Update ug - sort and others","fileTypesAndContributionMap":{}},{"hash":"7baeffd79956f10a8e8ab35e92ba9a532148d541","isMergeCommit":false,"messageTitle":"feat: Add sample data for timeslots","messageBody":"","fileTypesAndContributionMap":{"functional-code":{"insertions":37,"deletions":7}}},{"hash":"1726b17685f24b37e5c78c81ce511e8a1a58174c","isMergeCommit":false,"messageTitle":"feat: Add UI window for GetTimeslotCommand","messageBody":"","fileTypesAndContributionMap":{"functional-code":{"insertions":122,"deletions":16}}},{"hash":"e218760f50f33734bdd9846c1e6d8c2bc5a4c0bc","isMergeCommit":true,"messageTitle":"Merge pull request #129 from sahishnuk2/feature-sort","messageBody":"Add sort feature","fileTypesAndContributionMap":{}},{"hash":"acf53eb140cdf660a343d871294728d904e2ca62","isMergeCommit":false,"messageTitle":"feat: Beautify TimeslotsWindow","messageBody":"","fileTypesAndContributionMap":{"functional-code":{"insertions":192,"deletions":27}}},{"hash":"dabcbd0895f44d0f89c1a7df229345c9f3055ef9","isMergeCommit":false,"messageTitle":"feat: Adds week navigation for TimeslotsWindow","messageBody":"","fileTypesAndContributionMap":{"functional-code":{"insertions":101,"deletions":75}}},{"hash":"7a5cf00fe946f2a83faf0c2d962b0610ed54ec5e","isMergeCommit":true,"messageTitle":"Merge branch \u0027master\u0027 of https://github.com/AY2526S1-CS2103T-T09-3/tp into add-consultation-features","messageBody":"# Conflicts:\n#\tsrc/main/java/seedu/address/logic/parser/AddressBookParser.java\n#\tsrc/main/java/seedu/address/model/ModelManager.java\n","fileTypesAndContributionMap":{}},{"hash":"c795d06d90e8ee17d4a479b31d012bc693db2a32","isMergeCommit":false,"messageTitle":"feat: Implements BlockTimeslotCommand","messageBody":"","fileTypesAndContributionMap":{"functional-code":{"insertions":162,"deletions":2}}},{"hash":"9f00e4ba233f66d7962744b70b097915529a6ca2","isMergeCommit":false,"messageTitle":"fix: Fixes checkstyleMain errors","messageBody":"","fileTypesAndContributionMap":{"functional-code":{"insertions":97,"deletions":27}}},{"hash":"96552927339a19c77e56b9695780bc9adf2fe819","isMergeCommit":false,"messageTitle":"fix: Fixes test errors","messageBody":"","fileTypesAndContributionMap":{"functional-code":{"insertions":4,"deletions":3}}},{"hash":"2e5a485e506c5a36aa04bdeda4f1db878210da4f","isMergeCommit":false,"messageTitle":"feat: Add tests for new features","messageBody":"","fileTypesAndContributionMap":{"functional-code":{"insertions":32,"deletions":8},"test-code":{"insertions":274,"deletions":0}}},{"hash":"17dc7ad9698d4c91c9d7bbce6e48c5347a5edc5a","isMergeCommit":false,"messageTitle":"feat: Updates existing tests","messageBody":"","fileTypesAndContributionMap":{"test-code":{"insertions":25,"deletions":0}}},{"hash":"92bb21c6939da0602e3b24e19b92b0a64ea6a9d1","isMergeCommit":false,"messageTitle":"feat: Add command to clear saved timeslots","messageBody":"","fileTypesAndContributionMap":{"functional-code":{"insertions":74,"deletions":1}}},{"hash":"ab86ba21e68c9fd721ef29179a85ef6206d267f4","isMergeCommit":false,"messageTitle":"fix: Fixes test errors","messageBody":"","fileTypesAndContributionMap":{"test-code":{"insertions":10,"deletions":0}}},{"hash":"e978de1d8622c486a1c7b357829ae75e20980538","isMergeCommit":false,"messageTitle":"feat: Add tests for ClearTimeslotsCommand","messageBody":"","fileTypesAndContributionMap":{"test-code":{"insertions":73,"deletions":0}}},{"hash":"93aba0160c6a57cb480ef69385bfe95e81700bce","isMergeCommit":false,"messageTitle":"fix: Fixes checkstyleMain errors","messageBody":"","fileTypesAndContributionMap":{"functional-code":{"insertions":4,"deletions":2}}},{"hash":"b3b7f9445892170ba5f329e8b43e31c5086a3342","isMergeCommit":false,"messageTitle":"feat: Improves error messages and outputs","messageBody":"","fileTypesAndContributionMap":{"functional-code":{"insertions":14,"deletions":9}}},{"hash":"c9569097700afba22493d05ea05130aba525a576","isMergeCommit":false,"messageTitle":"fix: Update user guide for add \u0026 delete","messageBody":"","fileTypesAndContributionMap":{"docs":{"insertions":13,"deletions":9}}},{"hash":"f5cb9af79848b5633d3be64d1b491add1fa18705","isMergeCommit":false,"messageTitle":"feat: Adds consultation commands","messageBody":"","fileTypesAndContributionMap":{"docs":{"insertions":54,"deletions":4}}},{"hash":"ce0ead786bda2037674f3bc9d9651c11cab63893","isMergeCommit":false,"messageTitle":"fix: Removes redundant warnings","messageBody":"","fileTypesAndContributionMap":{"docs":{"insertions":3,"deletions":12}}},{"hash":"de71cd78f0987ed5e1eeeb37b4c9f514c142d7e8","isMergeCommit":false,"messageTitle":"feat: Add consultation commands to command summary","messageBody":"","fileTypesAndContributionMap":{"docs":{"insertions":3,"deletions":0}}},{"hash":"f9660585e1416e1a8ca4defff14957e07d61b0af","isMergeCommit":false,"messageTitle":"feat: Enhance get-timeslots section","messageBody":"","fileTypesAndContributionMap":{"docs":{"insertions":3,"deletions":2}}},{"hash":"0a181020eb0bbc00dbe344420b273e57674468fd","isMergeCommit":false,"messageTitle":"feat: Make TimeslotsWindow resizable","messageBody":"","fileTypesAndContributionMap":{"functional-code":{"insertions":42,"deletions":12}}},{"hash":"83b879065b4946c7de7b8f3ff5a3aae482b46203","isMergeCommit":false,"messageTitle":"fix: Aligns hour headers with timeline separations","messageBody":"","fileTypesAndContributionMap":{"functional-code":{"insertions":54,"deletions":14}}},{"hash":"c6d1c609939f641ffd451a798709f3a0f3368dff","isMergeCommit":false,"messageTitle":"feat: Beautify TimeslotsWindow","messageBody":"","fileTypesAndContributionMap":{"functional-code":{"insertions":6,"deletions":1}}},{"hash":"5353fb8585cc17df0c4c5757c4765850eef823b4","isMergeCommit":false,"messageTitle":"fox: Fixes checkstyleMain errors","messageBody":"","fileTypesAndContributionMap":{"functional-code":{"insertions":3,"deletions":4}}},{"hash":"7ed967b2bbd19ab062987faf0aeaef4b4b126b07","isMergeCommit":false,"messageTitle":"feat: Add consultation context to UG","messageBody":"","fileTypesAndContributionMap":{"docs":{"insertions":2,"deletions":3}}},{"hash":"93e5a21aa30679ea62badb0285722f746399537f","isMergeCommit":false,"messageTitle":"feat: Add more tests","messageBody":"","fileTypesAndContributionMap":{"test-code":{"insertions":51,"deletions":0}}},{"hash":"2fb95d62f76d5a2ac2abee45d72abdae0e9b9091","isMergeCommit":false,"messageTitle":"refactor: Use more suitable term","messageBody":"","fileTypesAndContributionMap":{"functional-code":{"insertions":6,"deletions":6}}},{"hash":"b0749ad4506f668c431603c60c72ab8b45f68a98","isMergeCommit":false,"messageTitle":"Revert \"refactor: Use more suitable term\"","messageBody":"This reverts commit 2fb95d62f76d5a2ac2abee45d72abdae0e9b9091.\n","fileTypesAndContributionMap":{"functional-code":{"insertions":6,"deletions":6}}},{"hash":"c1f8d7236532d5c258f8870cbfd214abae7e3115","isMergeCommit":false,"messageTitle":"fix: Remove extra dash from links","messageBody":"","fileTypesAndContributionMap":{"docs":{"insertions":10,"deletions":10}}},{"hash":"95fcefc520233d3c22889f5e22f11ef9b972aa5a","isMergeCommit":true,"messageTitle":"Merge branch \u0027master\u0027 of https://github.com/AY2526S1-CS2103T-T09-3/tp into add-consultation-commands-to-user-guide","messageBody":"# Conflicts:\n#\tdocs/UserGuide.md\n","fileTypesAndContributionMap":{}},{"hash":"1a0e69a35aaeb35c4c6ed598722d38c38213b132","isMergeCommit":false,"messageTitle":"fix: Remove unnecessary description","messageBody":"","fileTypesAndContributionMap":{"docs":{"insertions":2,"deletions":2}}},{"hash":"482b90c5ad32b94f8c234b7778d201c19b846d19","isMergeCommit":false,"messageTitle":"feat: Improve user guide","messageBody":"","fileTypesAndContributionMap":{"docs":{"insertions":2,"deletions":8}}},{"hash":"4fcf081113f39c4cd63634765b33797a0ef4b7e3","isMergeCommit":false,"messageTitle":"feat: Fix minor errors","messageBody":"","fileTypesAndContributionMap":{"docs":{"insertions":4,"deletions":4}}},{"hash":"c0dd73078dacb3831c8cc62991b044d051889511","isMergeCommit":false,"messageTitle":"Fix: Fix grammar inconsistency","messageBody":"","fileTypesAndContributionMap":{"docs":{"insertions":1,"deletions":1}}}]}],"thomas5564":[{"date":"2025-09-30T00:00:00","commitResults":[{"hash":"14c1e9287f31cfadb94d812018f83ff00a5a5c90","isMergeCommit":false,"messageTitle":"Add Thomas\u0027 details","messageBody":"","fileTypesAndContributionMap":{"docs":{"insertions":3,"deletions":3}}},{"hash":"2dd262e6d39e9ad332f992f9700016a5e23bc00a","isMergeCommit":true,"messageTitle":"Merge pull request #24 from PhoebeY05/update-about-us","messageBody":"Update Phoebe\u0027s AboutUs","fileTypesAndContributionMap":{}},{"hash":"0408d74c529de614556c51ee7c4d48fb0f3eac3d","isMergeCommit":true,"messageTitle":"Merge branch \u0027about-us\u0027","messageBody":"","fileTypesAndContributionMap":{}},{"hash":"2c7f79615c42d92a1bab936cbdfb8b73798565d2","isMergeCommit":false,"messageTitle":"Update the readme","messageBody":"","fileTypesAndContributionMap":{"docs":{"insertions":3,"deletions":8}}},{"hash":"5abbdb687534095cb3722092d1f648de48ff9de3","isMergeCommit":false,"messageTitle":"Add newline to the end of the readme","messageBody":"","fileTypesAndContributionMap":{"docs":{"insertions":2,"deletions":1}}},{"hash":"392622ec35aea93a822f12a2e4ef86e6fa330a5a","isMergeCommit":true,"messageTitle":"Merge branch \u0027update-readme\u0027","messageBody":"","fileTypesAndContributionMap":{}}]},{"date":"2025-10-01T00:00:00","commitResults":[{"hash":"54a4b74d9d2859e33ee9166b2de1a74c50c59090","isMergeCommit":true,"messageTitle":"Merge branch \u0027master\u0027 of https://github.com/AY2526S1-CS2103T-T09-3/tp","messageBody":"","fileTypesAndContributionMap":{}},{"hash":"3854fa354581c9422123113d0263129c226180df","isMergeCommit":false,"messageTitle":"Add consultation use case","messageBody":"","fileTypesAndContributionMap":{"docs":{"insertions":22,"deletions":0}}}]},{"date":"2025-10-02T00:00:00","commitResults":[{"hash":"8d9065653fafcd19fa30967856246d11677a383e","isMergeCommit":false,"messageTitle":"Remove traces of AB3 in README","messageBody":"","fileTypesAndContributionMap":{"docs":{"insertions":0,"deletions":1}}}]},{"date":"2025-10-08T00:00:00","commitResults":[{"hash":"0196995c8bf03268315aa5f70ba811d7bc45d4ad","isMergeCommit":false,"messageTitle":"Implement mark exercise command parser","messageBody":"","fileTypesAndContributionMap":{"functional-code":{"insertions":198,"deletions":2}}},{"hash":"6cc3038c73559d55c825a68a56c0e2f44d62c95b","isMergeCommit":false,"messageTitle":"Implement the exercise tracker field and make the UI reflect it","messageBody":"","fileTypesAndContributionMap":{"functional-code":{"insertions":46,"deletions":5}}},{"hash":"17fb5ce7205aae74054142a7335ea6628dd4f7e7","isMergeCommit":false,"messageTitle":"Add the exercise statuses into json adapted person","messageBody":"","fileTypesAndContributionMap":{"functional-code":{"insertions":76,"deletions":6},"other":{"insertions":1,"deletions":1}}},{"hash":"d537dde4bef99b81b02453a41dc08989586018bd","isMergeCommit":false,"messageTitle":"Implement exercise statuses in person builder","messageBody":"","fileTypesAndContributionMap":{"test-code":{"insertions":6,"deletions":1}}},{"hash":"20d78af9145a3bf105e86a45fb9602758ec8e860","isMergeCommit":false,"messageTitle":"Update the logic so that the command is executed","messageBody":"","fileTypesAndContributionMap":{"functional-code":{"insertions":114,"deletions":52}}},{"hash":"94f3b8e45c48ce8d3c7ffcfd2540003c1a29f0a5","isMergeCommit":false,"messageTitle":"Fix code and update test cases","messageBody":"","fileTypesAndContributionMap":{"functional-code":{"insertions":6,"deletions":6},"test-code":{"insertions":4,"deletions":2}}},{"hash":"b70199854c1dc455a6d9341d53b3b91bbc4da2f0","isMergeCommit":true,"messageTitle":"Merge pull request #78 from junhao4/help-command","messageBody":"Implement help command","fileTypesAndContributionMap":{}},{"hash":"e3d4085db0829d40df413b196db59554307103c6","isMergeCommit":false,"messageTitle":"Add the Mark Exercise Command class","messageBody":"","fileTypesAndContributionMap":{"functional-code":{"insertions":75,"deletions":0}}},{"hash":"1608fdc610759fba8bf4eb590038b8e30d4842af","isMergeCommit":false,"messageTitle":"Add the status enum","messageBody":"","fileTypesAndContributionMap":{"functional-code":{"insertions":12,"deletions":0}}},{"hash":"535d0a3cf785ab427fc23bcde6a7983a93f3d45d","isMergeCommit":true,"messageTitle":"Resolve merge conflicts with the master branch","messageBody":"","fileTypesAndContributionMap":{}},{"hash":"b162e2e711cdd4c26ff1b126a6c51c6d59a3c1f9","isMergeCommit":false,"messageTitle":"Resolve storage bug","messageBody":"","fileTypesAndContributionMap":{"functional-code":{"insertions":45,"deletions":43},"test-code":{"insertions":3,"deletions":4}}},{"hash":"5374a30f19db4feb55dc02b8ad1fbae02cbfd735","isMergeCommit":true,"messageTitle":"Merge branch \u0027master\u0027 into implement-markExercise","messageBody":"","fileTypesAndContributionMap":{}}]},{"date":"2025-10-09T00:00:00","commitResults":[{"hash":"a34b1a14d794e37b12491580221f16dee402ab58","isMergeCommit":true,"messageTitle":"Merge branch \u0027master\u0027 into implement-markExercise","messageBody":"","fileTypesAndContributionMap":{}},{"hash":"425f074792949b7e31d8922a91c9e8bfce3ed542","isMergeCommit":false,"messageTitle":"fix: Store and read from the first letter of status enum instead of the full name","messageBody":"","fileTypesAndContributionMap":{"functional-code":{"insertions":27,"deletions":8},"test-code":{"insertions":2,"deletions":2}}}]},{"date":"2025-10-11T00:00:00","commitResults":[{"hash":"96a9a21c31fd65ecbca2e585cf84f573861c11c9","isMergeCommit":true,"messageTitle":"Merge pull request #84 from sahishnuk2/update-lab-and-list","messageBody":"Looks good, I\u0027m merging this.\n\n","fileTypesAndContributionMap":{}},{"hash":"da51e868d881dd70a05205d66ee38ce40b0c6c1c","isMergeCommit":false,"messageTitle":"Resolve issues stated in PR review","messageBody":"","fileTypesAndContributionMap":{"functional-code":{"insertions":53,"deletions":61},"test-code":{"insertions":11,"deletions":4}}},{"hash":"eeb4b82c0f2b1b889123e7bc67f9c7009d6138cf","isMergeCommit":true,"messageTitle":"Merge branch \u0027master\u0027 into implement-markExercise","messageBody":"","fileTypesAndContributionMap":{}},{"hash":"3ca6be76f0be36692a60f7f6716d8a8530e2921d","isMergeCommit":false,"messageTitle":"Implement test cases for exercise tracker","messageBody":"","fileTypesAndContributionMap":{"test-code":{"insertions":68,"deletions":0}}},{"hash":"223a07f4bb36f4525e9c4e4433eb9dca213c2fe2","isMergeCommit":false,"messageTitle":"Fix styling issues","messageBody":"","fileTypesAndContributionMap":{"test-code":{"insertions":8,"deletions":4}}}]},{"date":"2025-10-12T00:00:00","commitResults":[{"hash":"c3a63f3dcecd9c66f7ceadcce0cb0c2dfc5fd641","isMergeCommit":false,"messageTitle":"Make person constructor take in exercise tracker instead of status arraylist","messageBody":"","fileTypesAndContributionMap":{"functional-code":{"insertions":11,"deletions":9},"test-code":{"insertions":1,"deletions":1}}},{"hash":"9c62b7c0df6b665f6d21ddd61efd43a55580c148","isMergeCommit":false,"messageTitle":"Remove magic literal in sample data class","messageBody":"","fileTypesAndContributionMap":{"functional-code":{"insertions":5,"deletions":4}}},{"hash":"8b922d3b90d194c904551cd732771963daba2eeb","isMergeCommit":false,"messageTitle":"Resolve styling issues","messageBody":"","fileTypesAndContributionMap":{"functional-code":{"insertions":0,"deletions":1}}},{"hash":"6fff826a83cc37d77d9f2a2b7d04bfda8223c016","isMergeCommit":false,"messageTitle":"Remove magic literal in exercise tracker class","messageBody":"","fileTypesAndContributionMap":{"functional-code":{"insertions":2,"deletions":2}}},{"hash":"504e26890bb8878b2efc23a458cd7499a958a623","isMergeCommit":false,"messageTitle":"Use default exercise tracker constructor in sample data util","messageBody":"","fileTypesAndContributionMap":{"functional-code":{"insertions":6,"deletions":19}}}]},{"date":"2025-10-14T00:00:00","commitResults":[{"hash":"fc5c477aacbae252998be3c5676e8887795187e4","isMergeCommit":true,"messageTitle":"Merge pull request #82 from sahishnuk2/add-lab-to-person","messageBody":"Looks good, merging now","fileTypesAndContributionMap":{}},{"hash":"e5d4a7db553201caf523b1a6bac5ffd840aace43","isMergeCommit":true,"messageTitle":"Merge pull request #92 from sahishnuk2/bug-edit-lab","messageBody":"Change edit command to edit lab and exercises","fileTypesAndContributionMap":{}},{"hash":"527107104bba7685ba101db9b8078f152052ac95","isMergeCommit":false,"messageTitle":"Resolve marke status prefix bug","messageBody":"","fileTypesAndContributionMap":{"functional-code":{"insertions":26,"deletions":17}}},{"hash":"2c26cd26d6d3d600f867cf6b6b673a56973344e7","isMergeCommit":false,"messageTitle":"Implement with exercise tracker in typical persons","messageBody":"","fileTypesAndContributionMap":{"functional-code":{"insertions":62,"deletions":0},"test-code":{"insertions":24,"deletions":0}}},{"hash":"cc033256c02b2d5b7956492b764191ebe0677564","isMergeCommit":false,"messageTitle":"Fix the exercise tracker parser","messageBody":"","fileTypesAndContributionMap":{"functional-code":{"insertions":23,"deletions":16},"test-code":{"insertions":5,"deletions":0}}},{"hash":"32a8f17a87363e27d279fe392e0cba14cbbcc4b5","isMergeCommit":true,"messageTitle":"Merge pull request #107 from sahishnuk2/UG-marka-clear","messageBody":"Update UG for marka and clear","fileTypesAndContributionMap":{}},{"hash":"c4f417038275c1e5ccc08f39fef7320aa9b3d1a7","isMergeCommit":false,"messageTitle":"Resolve spelling and remove extra semicolon","messageBody":"","fileTypesAndContributionMap":{"functional-code":{"insertions":5,"deletions":5},"docs":{"insertions":42,"deletions":10}}},{"hash":"764d4edd2db144dd485c22d6b904fdd9d414e894","isMergeCommit":true,"messageTitle":"Merge Sahishnu\u0027s changes to the user guide","messageBody":"","fileTypesAndContributionMap":{}}]},{"date":"2025-10-15T00:00:00","commitResults":[{"hash":"04579b876b9946f7a12c67f1530657f46d044a56","isMergeCommit":false,"messageTitle":"Fix the exercise index bug","messageBody":"","fileTypesAndContributionMap":{"functional-code":{"insertions":38,"deletions":4},"test-code":{"insertions":2,"deletions":2}}},{"hash":"aafef41eb0b41d1e1fe462f6e877f4abcdbf320b","isMergeCommit":false,"messageTitle":"Add mark exercise parser test","messageBody":"","fileTypesAndContributionMap":{"functional-code":{"insertions":1,"deletions":1},"test-code":{"insertions":108,"deletions":1}}},{"hash":"7e19e9c80e2a8768652e5bfaba482ce41cf48f69","isMergeCommit":false,"messageTitle":"Add table of contents and entry for marke","messageBody":"","fileTypesAndContributionMap":{"docs":{"insertions":50,"deletions":2}}},{"hash":"0d8e7775789e9b080202583f16a0b295412a61ca","isMergeCommit":true,"messageTitle":"Merge pull request #109 from junhao4/remove-address","messageBody":"Remove address","fileTypesAndContributionMap":{}},{"hash":"04660ce8ee894ed09efe98123cc07044a8b91c27","isMergeCommit":true,"messageTitle":"Merge branch \u0027master\u0027 into update-UG","messageBody":"","fileTypesAndContributionMap":{}},{"hash":"f4536bc78b76abe5cbee1e5568badc0cbdd87500","isMergeCommit":true,"messageTitle":"Merge branch \u0027master\u0027 into fix-status-bug","messageBody":"","fileTypesAndContributionMap":{}},{"hash":"e16f630cd6776285e775b469c7b9ee5330ba9b04","isMergeCommit":false,"messageTitle":"Updated marke of user guide","messageBody":"","fileTypesAndContributionMap":{"docs":{"insertions":6,"deletions":8}}},{"hash":"2802487be15ef21d24f1827aa3a0d23efbac3edd","isMergeCommit":false,"messageTitle":"Change char/char to char/char in user guide","messageBody":"","fileTypesAndContributionMap":{"docs":{"insertions":3,"deletions":3}}}]},{"date":"2025-10-16T00:00:00","commitResults":[{"hash":"6c285f5409e56541a1e445f8fd42a9885583ecbd","isMergeCommit":false,"messageTitle":"Remove i status","messageBody":"","fileTypesAndContributionMap":{"functional-code":{"insertions":0,"deletions":2}}},{"hash":"65f728b78191ea95e5b00c3711faa0bafe2d056c","isMergeCommit":false,"messageTitle":"Update error messages","messageBody":"","fileTypesAndContributionMap":{"functional-code":{"insertions":4,"deletions":4}}},{"hash":"9460840008fc3814f9a61ff979a6a6249a376879","isMergeCommit":false,"messageTitle":"Added gradeable interface","messageBody":"","fileTypesAndContributionMap":{"functional-code":{"insertions":9,"deletions":0}}},{"hash":"c02a0dad63f9aaed60a00584402013d651db8b3e","isMergeCommit":false,"messageTitle":"Add grademap class and examination class","messageBody":"","fileTypesAndContributionMap":{"functional-code":{"insertions":93,"deletions":2}}}]},{"date":"2025-10-17T00:00:00","commitResults":[{"hash":"2dfe396f7301a9da6073ad08f3cbd0fe5079f870","isMergeCommit":false,"messageTitle":"Add grade map to person class","messageBody":"","fileTypesAndContributionMap":{"functional-code":{"insertions":37,"deletions":3}}},{"hash":"18c3d77f01de66b65d48617cf1893a2e41f868e8","isMergeCommit":false,"messageTitle":"Implement JSON equivalents","messageBody":"","fileTypesAndContributionMap":{"functional-code":{"insertions":172,"deletions":27},"test-code":{"insertions":39,"deletions":14}}},{"hash":"70a4879b983ee1d58ec7c01d94142aa36bbce745","isMergeCommit":false,"messageTitle":"Integrate grademap into storage","messageBody":"","fileTypesAndContributionMap":{"functional-code":{"insertions":76,"deletions":26},"test-code":{"insertions":26,"deletions":15}}},{"hash":"e92809b5579c364be34a6874c5c597b77ddde393","isMergeCommit":false,"messageTitle":"Add grade command class","messageBody":"","fileTypesAndContributionMap":{"functional-code":{"insertions":147,"deletions":6}}},{"hash":"70c8fb5d2cb2ceb8d208e6779da56e237e57fa20","isMergeCommit":false,"messageTitle":"Complete the implementation of the grade command","messageBody":"","fileTypesAndContributionMap":{"functional-code":{"insertions":76,"deletions":11}}},{"hash":"2fe8431c3672a51d2c128d6fedfb8cc7a13a8992","isMergeCommit":false,"messageTitle":"Add grade map tests","messageBody":"","fileTypesAndContributionMap":{"test-code":{"insertions":81,"deletions":0}}},{"hash":"48a2950668cdd68286ceecf9367248f77d0be5bf","isMergeCommit":false,"messageTitle":"Add grade command test","messageBody":"","fileTypesAndContributionMap":{"functional-code":{"insertions":1,"deletions":2},"test-code":{"insertions":105,"deletions":0}}},{"hash":"67fa30466e1783f31484cb8cc71763678b5795ad","isMergeCommit":false,"messageTitle":"Fix styling issues","messageBody":"","fileTypesAndContributionMap":{"functional-code":{"insertions":2,"deletions":3},"test-code":{"insertions":0,"deletions":2}}},{"hash":"0d06d02e7095fc91cc966181212fc582d51720a4","isMergeCommit":false,"messageTitle":"Fix failing test cases","messageBody":"","fileTypesAndContributionMap":{"test-code":{"insertions":124,"deletions":14}}},{"hash":"f9613393fb57efa35b423e34026dec7f346a7909","isMergeCommit":false,"messageTitle":"Remove failing test cases","messageBody":"","fileTypesAndContributionMap":{"test-code":{"insertions":0,"deletions":213}}},{"hash":"683524d63165253e0da84fafa8d540040e2c2f5b","isMergeCommit":true,"messageTitle":"Merge pull request #123 from xwl42/update-UG-intro-list-exit","messageBody":"Update UG intro list exit","fileTypesAndContributionMap":{}},{"hash":"343241e04f1768cb02d5fd658e8bbd5fcc927730","isMergeCommit":false,"messageTitle":"Change valid grades to valid grade assessments","messageBody":"","fileTypesAndContributionMap":{"functional-code":{"insertions":0,"deletions":1},"test-code":{"insertions":16,"deletions":14}}},{"hash":"60730e59bb9661f063c3eaebc9773ea8b9dbed23","isMergeCommit":false,"messageTitle":"Remove magic literals","messageBody":"","fileTypesAndContributionMap":{"functional-code":{"insertions":9,"deletions":6},"test-code":{"insertions":2,"deletions":2}}}]},{"date":"2025-10-20T00:00:00","commitResults":[{"hash":"7f87e4070ddfdce6c75dbc3d0027638154644de8","isMergeCommit":true,"messageTitle":"Merge pull request #131 from xwl42/create-undo-command","messageBody":"Add Undo command","fileTypesAndContributionMap":{}},{"hash":"9425a8eaf9ac721772c635fee6e6808e3586971b","isMergeCommit":true,"messageTitle":"Merge pull request #142 from xwl42/update-UG-UndoCommand","messageBody":"Update UG to include undo command","fileTypesAndContributionMap":{}},{"hash":"1d143ff4f57fa8d5538b82e520af7c34813da76a","isMergeCommit":true,"messageTitle":"Merge pull request #141 from xwl42/create-undo-command","messageBody":"Make ExerciseTracker objects immutable. Add JUnit tests for UndoCommand","fileTypesAndContributionMap":{}},{"hash":"e41b132131fd8f8ab9ab35f6732ad91bef8ea5d3","isMergeCommit":true,"messageTitle":"Merge pull request #143 from xwl42/update-UG-UndoCommand","messageBody":"Add undo to command summary","fileTypesAndContributionMap":{}}]},{"date":"2025-10-21T00:00:00","commitResults":[{"hash":"6ccf2ca9828e1e609b7e3f99bc1ad618ae89aea2","isMergeCommit":false,"messageTitle":"Update UG with grade command","messageBody":"","fileTypesAndContributionMap":{"docs":{"insertions":26,"deletions":1}}},{"hash":"de39b7cd838f5452f7c1ac20678d324962157b63","isMergeCommit":true,"messageTitle":"Merge pull request #145 from xwl42/update-UG-FAQ","messageBody":"Add some FAQs to UG","fileTypesAndContributionMap":{}},{"hash":"7e1a7259b7f3d5e20df3eac5f4e8a68e8ce29ed9","isMergeCommit":true,"messageTitle":"Merge branch \u0027master\u0027 into update-UG-grade","messageBody":"","fileTypesAndContributionMap":{}},{"hash":"ce0face24ce4d30728886a981644dba1297fa3d9","isMergeCommit":false,"messageTitle":"Fix errors in the user guide","messageBody":"","fileTypesAndContributionMap":{"functional-code":{"insertions":0,"deletions":1},"docs":{"insertions":3,"deletions":3}}},{"hash":"797f87f7807af96dcb5ca4ab2e05206307e96627","isMergeCommit":false,"messageTitle":"Make exercise tracker a exercise arraylist wrapper","messageBody":"","fileTypesAndContributionMap":{"functional-code":{"insertions":67,"deletions":19}}},{"hash":"9bbeb3a941f0dee0cf7b7dcc695196c915567b76","isMergeCommit":false,"messageTitle":"Improve OOP in exercise tracker","messageBody":"","fileTypesAndContributionMap":{"functional-code":{"insertions":18,"deletions":8},"test-code":{"insertions":0,"deletions":8}}},{"hash":"daadf4b48e7331c0989a8a1da80e2f2eb4d6c922","isMergeCommit":true,"messageTitle":"Merge pull request #153 from xwl42/UG-refactor-addressBook","messageBody":"Refactor \u0027the address book\u0027 as \u0027LambdaLab\u0027 and \u0027person\u0027 as \u0027student\u0027 in UG","fileTypesAndContributionMap":{}},{"hash":"d89daa363d43e4ed6639215a657585e7661a8fb9","isMergeCommit":true,"messageTitle":"Merge pull request #154 from xwl42/UG-update-tag-requirements","messageBody":"","fileTypesAndContributionMap":{}},{"hash":"641d2cfebb53b0f4a7086ebed4edfddff0f93d6f","isMergeCommit":false,"messageTitle":"Make tags relevant","messageBody":"","fileTypesAndContributionMap":{"functional-code":{"insertions":0,"deletions":1},"test-code":{"insertions":3,"deletions":3}}},{"hash":"e29f00726cb250f0a166a2e1e73d9cbc0503fd03","isMergeCommit":false,"messageTitle":"Update sample data util","messageBody":"","fileTypesAndContributionMap":{"functional-code":{"insertions":6,"deletions":6}}},{"hash":"81ded55a0c4c614039e40d79d072be0d675305bf","isMergeCommit":true,"messageTitle":"Merge pull request #160 from xwl42/change-UG-UI-pic","messageBody":"Update UG Ui picture with relevant tags","fileTypesAndContributionMap":{}}]}],"xwl42":[{"date":"2025-09-30T00:00:00","commitResults":[{"hash":"858b333e7284cf17623842e0ab7e76e61688d61f","isMergeCommit":false,"messageTitle":"Update AboutUs.md for Wenli","messageBody":"","fileTypesAndContributionMap":{"docs":{"insertions":3,"deletions":3}}},{"hash":"0cbfe76aa2b55b52d4c1b4904df23c71ce9b9b3f","isMergeCommit":true,"messageTitle":"Merge pull request #30 from thomas5564/about-us","messageBody":"Change Thomas\u0027 photo","fileTypesAndContributionMap":{}},{"hash":"106ea9aac78890b496ba01b410973f518082e5a7","isMergeCommit":false,"messageTitle":"Update site-wide settings: rename MyProduct to LambdaLab","messageBody":"","fileTypesAndContributionMap":{"docs":{"insertions":2,"deletions":2}}},{"hash":"2247fbe3479b225d75f1a3ac4826fb0aaaa1fbf4","isMergeCommit":false,"messageTitle":"Update site wide settings for index.md","messageBody":"","fileTypesAndContributionMap":{"docs":{"insertions":4,"deletions":4}}},{"hash":"be6baa799273e171d88a650a894323230c9f0bab","isMergeCommit":true,"messageTitle":"Merge pull request #50 from PhoebeY05/grading-exercise-use-case","messageBody":"Add grading exercise use case","fileTypesAndContributionMap":{}}]},{"date":"2025-10-01T00:00:00","commitResults":[{"hash":"ada2d6be7b25d3869c209a30d74f39f51b692057","isMergeCommit":false,"messageTitle":"Add use case for marking attendence","messageBody":"","fileTypesAndContributionMap":{"docs":{"insertions":26,"deletions":2}}}]},{"date":"2025-10-02T00:00:00","commitResults":[{"hash":"0155cec51cc8cd68bced7b5a7b3d782585a0315e","isMergeCommit":false,"messageTitle":"Change use case for marking attendance","messageBody":"","fileTypesAndContributionMap":{"docs":{"insertions":1,"deletions":1}}},{"hash":"1598cc0082c9f45bbafc010d85ffc9c0f39934bb","isMergeCommit":false,"messageTitle":"Change use case: schedule consultation","messageBody":"","fileTypesAndContributionMap":{"docs":{"insertions":0,"deletions":2}}},{"hash":"5c58c895203fd7cce74fc2cbc9bed731a8f361be","isMergeCommit":false,"messageTitle":"Change to use case","messageBody":"","fileTypesAndContributionMap":{"docs":{"insertions":0,"deletions":1}}}]},{"date":"2025-10-06T00:00:00","commitResults":[{"hash":"7ad7e02cdddca01cf4b1a400d45762b256d436eb","isMergeCommit":false,"messageTitle":"Add student ID as unique identifier","messageBody":"- Added `studentId` field to `Person` model.\n- Updated `isSamePerson` logic to use student ID as the unique\nidentifier.\n- Added unit tests for `Person` covering student ID logic:\n  * `isSamePerson` with same/different IDs\n  * equality checks including student ID\n- Updated UI to display `studentId`.\n","fileTypesAndContributionMap":{"functional-code":{"insertions":149,"deletions":30},"test-code":{"insertions":306,"deletions":121}}},{"hash":"297debc440d210ece1aa347e1e7189f473f9e202","isMergeCommit":false,"messageTitle":"Fix checksyle errors","messageBody":"","fileTypesAndContributionMap":{"functional-code":{"insertions":26,"deletions":10},"test-code":{"insertions":17,"deletions":17}}},{"hash":"3021a0c309fc53219eb1d9ecb572906863921eaf","isMergeCommit":false,"messageTitle":"Fix checksyle errors","messageBody":"","fileTypesAndContributionMap":{"test-code":{"insertions":6,"deletions":0}}}]},{"date":"2025-10-08T00:00:00","commitResults":[{"hash":"da6fb5df535f1e422e4d82c565e71b90e94322ce","isMergeCommit":false,"messageTitle":"Fix 46 test failures","messageBody":"","fileTypesAndContributionMap":{"functional-code":{"insertions":8,"deletions":2},"test-code":{"insertions":99,"deletions":39}}},{"hash":"da853ed7e20ff3d22cf20cd5bc61ec6f999fe8f6","isMergeCommit":false,"messageTitle":"Fix issues base on review","messageBody":"","fileTypesAndContributionMap":{"functional-code":{"insertions":2,"deletions":2},"test-code":{"insertions":8,"deletions":5}}},{"hash":"32ce2994bd481c1ea540c1ac1403a668eab5156d","isMergeCommit":true,"messageTitle":"Resolve conflict with Github Username","messageBody":"","fileTypesAndContributionMap":{}},{"hash":"2fcc2234ecca7927d2ba02f9a7e531d545696bff","isMergeCommit":true,"messageTitle":"Merge pull request #79 from thomas5564/implement-markExercise","messageBody":"Added the MarkExerciseCommand class and the Status enum","fileTypesAndContributionMap":{}}]},{"date":"2025-10-14T00:00:00","commitResults":[{"hash":"ba5fd46f0cebacb231bdd5f4148f9bf8e31307a6","isMergeCommit":false,"messageTitle":"Refactor: Use studentId for filtering in showPersonAtIndex","messageBody":"Replace name-based filtering with StudentId-based filtering to ensure\nunique person identification in tests. StudentId is the primary unique\nidentifier, while names may have duplicates.\n","fileTypesAndContributionMap":{"functional-code":{"insertions":4,"deletions":0}}},{"hash":"0a1f662a46ffe36fdc57007f26f823ac7e89189f","isMergeCommit":false,"messageTitle":"Refactor: Use studentId for filtering in showPersonAtIndex","messageBody":"Replace name-based filtering with StudentId-based filtering to ensure\nunique person identification in tests. StudentId is the primary unique\nidentifier, while names may have duplicates.\n","fileTypesAndContributionMap":{"functional-code":{"insertions":23,"deletions":1},"test-code":{"insertions":2,"deletions":4}}}]},{"date":"2025-10-15T00:00:00","commitResults":[{"hash":"627a7b93f5d37428dbad6a76353cd44a32507216","isMergeCommit":true,"messageTitle":"Merge pull request #114 from thomas5564/Update-UG","messageBody":"Update ug - marke, find","fileTypesAndContributionMap":{}}]},{"date":"2025-10-16T00:00:00","commitResults":[{"hash":"615c11a59ff6e6820ee1bbc5fa4bcdc519413146","isMergeCommit":false,"messageTitle":"Update User Guide for list and exit","messageBody":"","fileTypesAndContributionMap":{"docs":{"insertions":3,"deletions":2}}},{"hash":"3fd8cbed0f1b7caa8946e28380b8f129d32abbf1","isMergeCommit":false,"messageTitle":"Update Ui.png and intro of UG (up to including Quick Start)","messageBody":"","fileTypesAndContributionMap":{"docs":{"insertions":29,"deletions":15}}},{"hash":"ca151b6677207bac686b6ebc3814791d8da632c6","isMergeCommit":false,"messageTitle":"Some minor changes","messageBody":"","fileTypesAndContributionMap":{"docs":{"insertions":6,"deletions":5}}},{"hash":"69ed2bbfec33090282d9ad2a75dfa6c01ed8bc06","isMergeCommit":false,"messageTitle":"Minor changes","messageBody":"","fileTypesAndContributionMap":{"docs":{"insertions":1,"deletions":1}}}]},{"date":"2025-10-20T00:00:00","commitResults":[{"hash":"f6f527b5131841b132da1548ea5ff43702a6830f","isMergeCommit":false,"messageTitle":"Add Undo command","messageBody":"","fileTypesAndContributionMap":{"functional-code":{"insertions":139,"deletions":6},"test-code":{"insertions":20,"deletions":0}}},{"hash":"2539ca743e1df93066cb4fa14c3a596ff8335b13","isMergeCommit":false,"messageTitle":"Make ExerciseTracker objects immutable. Add JUnit tests for UndoCommand","messageBody":"","fileTypesAndContributionMap":{"functional-code":{"insertions":46,"deletions":4},"test-code":{"insertions":178,"deletions":0}}},{"hash":"feca789d7aced877dcc814fa14959561735fe010","isMergeCommit":false,"messageTitle":"Update User Guide with new undo command","messageBody":"","fileTypesAndContributionMap":{"docs":{"insertions":37,"deletions":6}}},{"hash":"e723b036555c988eadda324f615a77cfc7167ac2","isMergeCommit":false,"messageTitle":"Add more examples for undo command in UG","messageBody":"","fileTypesAndContributionMap":{"docs":{"insertions":4,"deletions":1}}},{"hash":"96af493495f248c4d4a7acd86e10a261936490b4","isMergeCommit":true,"messageTitle":"Merge pull request #122 from PhoebeY05/update-UG-add-delete","messageBody":"Update User Guide for add \u0026 delete","fileTypesAndContributionMap":{}},{"hash":"4adebb61f066451c236e1a65a8b144ab8a22bc97","isMergeCommit":false,"messageTitle":"Add undo to command summary","messageBody":"","fileTypesAndContributionMap":{"docs":{"insertions":1,"deletions":0}}},{"hash":"50140de6190dd89ed38467d08a483ac453cd73d6","isMergeCommit":false,"messageTitle":"Add some FAQs to UG","messageBody":"","fileTypesAndContributionMap":{"docs":{"insertions":51,"deletions":3}}}]},{"date":"2025-10-21T00:00:00","commitResults":[{"hash":"a118f4f2c01e5f82b9f68909987d9d650b20525e","isMergeCommit":true,"messageTitle":"Merge pull request #147 from thomas5564/update-UG-grade","messageBody":"Update UG with grade command","fileTypesAndContributionMap":{}},{"hash":"7a54be734fb3ed4e60118ed432b9b98e8984ee35","isMergeCommit":false,"messageTitle":"Refactor \u0027the address book\u0027 as \u0027LambdaLab\u0027 and \u0027person\u0027 as \u0027student\u0027","messageBody":"","fileTypesAndContributionMap":{"functional-code":{"insertions":12,"deletions":12},"docs":{"insertions":37,"deletions":37}}},{"hash":"a1c51012989e43ba9be239f92f630826fc9e6230","isMergeCommit":true,"messageTitle":"Merge branch \u0027master\u0027 into UG-refactor-addressBook","messageBody":"","fileTypesAndContributionMap":{}},{"hash":"0590cbee230d9fecb1769bff496286b40a522627","isMergeCommit":false,"messageTitle":"Change irrelevant tags in Add Command","messageBody":"","fileTypesAndContributionMap":{"functional-code":{"insertions":1,"deletions":2}}},{"hash":"82f6667004fa1a9a3d406e693f9607efac731855","isMergeCommit":true,"messageTitle":"Merge branch \u0027UG-refactor-addressBook\u0027 of https://github.com/xwl42/tp into UG-refactor-addressBook","messageBody":"","fileTypesAndContributionMap":{}},{"hash":"c494f63b3399fc8eb4be20d9cbe53c1b6f2616e8","isMergeCommit":true,"messageTitle":"Merge pull request #150 from PhoebeY05/add-consultation-commands-to-user-guide","messageBody":"Add consultation commands to user guide","fileTypesAndContributionMap":{}},{"hash":"5e1889db3bf299383277b1253e75738de90b65a4","isMergeCommit":true,"messageTitle":"Merge pull request #135 from PhoebeY05/add-consultation-features","messageBody":"Add Consultation Commands","fileTypesAndContributionMap":{}},{"hash":"2a4effb932e98cfab3d33315136a72bba45662b2","isMergeCommit":true,"messageTitle":"Merge branch \u0027master\u0027 into UG-refactor-addressBook","messageBody":"","fileTypesAndContributionMap":{}},{"hash":"41b922a4a81b327ac50d93d5c18bcfbea1f5dae8","isMergeCommit":false,"messageTitle":"Update input requirements on tag in UG-add","messageBody":"","fileTypesAndContributionMap":{"docs":{"insertions":2,"deletions":1}}},{"hash":"422b18f164f0628fd97538028af393d3f2ffdd0f","isMergeCommit":true,"messageTitle":"Merge pull request #155 from PhoebeY05/fix-command-summary-in-user-guide","messageBody":"Fix Command Summary","fileTypesAndContributionMap":{}},{"hash":"2449513c489cb09da7d14b309b0d1e0ece3766f5","isMergeCommit":true,"messageTitle":"Merge pull request #157 from PhoebeY05/update-user-guide","messageBody":"Fix Minor User Guide Bugs","fileTypesAndContributionMap":{}}]}],"junhao4":[{"date":"2025-09-30T00:00:00","commitResults":[{"hash":"09930643ee2f933743b2b38af66f73bc6bdeb432","isMergeCommit":false,"messageTitle":"Update Jun Hao about us","messageBody":"","fileTypesAndContributionMap":{"docs":{"insertions":3,"deletions":3}}},{"hash":"b72e18352c840bf87de297f9f6be197dccd40a68","isMergeCommit":true,"messageTitle":"Merge pull request #27 from sahishnuk2/about-us","messageBody":"Update Sahishnu\u0027s about us","fileTypesAndContributionMap":{}},{"hash":"4641def8dae37140af95b5ecd5e0ae8ba65a9b6f","isMergeCommit":false,"messageTitle":"Update readme to acknowledge the source code","messageBody":"","fileTypesAndContributionMap":{"docs":{"insertions":1,"deletions":0}}},{"hash":"47baebb98724b986e31d860607eb168f33b958dd","isMergeCommit":true,"messageTitle":"Merge pull request #38 from sahishnuk2/update-actions-link","messageBody":"Update github actions build status badge","fileTypesAndContributionMap":{}},{"hash":"d17805e2c00eb7565bdfd8249744def1638a8c11","isMergeCommit":true,"messageTitle":"Merge pull request #40 from PhoebeY05/update-product-scope","messageBody":"Update Product Scope in DG","fileTypesAndContributionMap":{}}]},{"date":"2025-10-01T00:00:00","commitResults":[{"hash":"a1c889318df77b9750b083f56deb741cdd93da1b","isMergeCommit":false,"messageTitle":"Update DG with user stories","messageBody":"","fileTypesAndContributionMap":{"docs":{"insertions":33,"deletions":8}}},{"hash":"29b8602730df94c88482717cd2982bdf8ef4d346","isMergeCommit":false,"messageTitle":"Add glossary to DG","messageBody":"","fileTypesAndContributionMap":{"docs":{"insertions":8,"deletions":1}}},{"hash":"2c2bc3669149648a03f82e15c408354c926dd59d","isMergeCommit":false,"messageTitle":"Remove unecessary line","messageBody":"","fileTypesAndContributionMap":{"docs":{"insertions":0,"deletions":1}}},{"hash":"7c5701686858f85ba31120df8cf4098b948ed246","isMergeCommit":false,"messageTitle":"Remove unecessary line","messageBody":"","fileTypesAndContributionMap":{"docs":{"insertions":0,"deletions":1}}}]},{"date":"2025-10-02T00:00:00","commitResults":[{"hash":"2b21b0c766a0e69e1133ecee0920178434c10ae9","isMergeCommit":true,"messageTitle":"Merge pull request #65 from AY2526S1-CS2103T-T09-3/revert-63-master","messageBody":"Revert \"Change use case for marking attendance\"","fileTypesAndContributionMap":{}},{"hash":"a6bcf5bd167c0027c52323083891a67f14babc11","isMergeCommit":true,"messageTitle":"Merge pull request #64 from thomas5564/clean-readme","messageBody":"Remove traces of AB3 in README","fileTypesAndContributionMap":{}}]},{"date":"2025-10-08T00:00:00","commitResults":[{"hash":"4ef30d9ead78b61d76bbed1ca74ae4fdad78386c","isMergeCommit":false,"messageTitle":"Implement help command","messageBody":"","fileTypesAndContributionMap":{"functional-code":{"insertions":162,"deletions":32}}},{"hash":"c192ee7ab56208a0e062247bfbed085ab72fd253","isMergeCommit":false,"messageTitle":"Remove trailing whitespace","messageBody":"","fileTypesAndContributionMap":{"functional-code":{"insertions":0,"deletions":1}}}]},{"date":"2025-10-09T00:00:00","commitResults":[{"hash":"3b669d10c3fa0291e0139ec10cf81e9db3eef99c","isMergeCommit":true,"messageTitle":"Merge pull request #76 from sahishnuk2/add-lab-attendance","messageBody":"Add lab attendance and lab attendance classes","fileTypesAndContributionMap":{}}]},{"date":"2025-10-13T00:00:00","commitResults":[{"hash":"d8846b86e2d0a75805c58117d75aa775c1d6fcf7","isMergeCommit":false,"messageTitle":"Fix wrong method call","messageBody":"","fileTypesAndContributionMap":{"test-code":{"insertions":2,"deletions":2}}},{"hash":"7e2d999267be5247396a7cc33758936bcd7617a4","isMergeCommit":false,"messageTitle":"Add missing line","messageBody":"","fileTypesAndContributionMap":{"functional-code":{"insertions":2,"deletions":1}}},{"hash":"9ce235ba5c55902338cda292e033550137bfe034","isMergeCommit":false,"messageTitle":"Fix missing github name","messageBody":"","fileTypesAndContributionMap":{"test-code":{"insertions":1,"deletions":0}}},{"hash":"d95d1464f3b657f87b6f99b8d7a12e887dbfc1ef","isMergeCommit":false,"messageTitle":"Fix checkstyle error","messageBody":"","fileTypesAndContributionMap":{"test-code":{"insertions":2,"deletions":1}}}]},{"date":"2025-10-14T00:00:00","commitResults":[{"hash":"b7075c7f205602b126b2c0f8849f4f394c5346f7","isMergeCommit":false,"messageTitle":"Remove address field","messageBody":"","fileTypesAndContributionMap":{"functional-code":{"insertions":13,"deletions":150},"test-code":{"insertions":42,"deletions":168}}},{"hash":"8be9f2400c734987cc057a0d70a0eb5752895df6","isMergeCommit":false,"messageTitle":"Remove missing method","messageBody":"","fileTypesAndContributionMap":{"test-code":{"insertions":0,"deletions":1}}},{"hash":"ce403c718c3a52fa5331dff79bb3ed8a2e60f06b","isMergeCommit":false,"messageTitle":"Fix checkstyle errors","messageBody":"","fileTypesAndContributionMap":{"functional-code":{"insertions":4,"deletions":12},"test-code":{"insertions":30,"deletions":79}}},{"hash":"b288c013cb2f34a950480fb0e9d360ac6e3a23ac","isMergeCommit":true,"messageTitle":"Fix merge conflicts","messageBody":"","fileTypesAndContributionMap":{}},{"hash":"d38a237189748f4354933c9f5fea00a38c3b5396","isMergeCommit":false,"messageTitle":"Remove call to getAdress","messageBody":"","fileTypesAndContributionMap":{"functional-code":{"insertions":1,"deletions":1}}}]},{"date":"2025-10-15T00:00:00","commitResults":[{"hash":"5fbb587ee7eb34e187eaea6c44381d5ff4ed1274","isMergeCommit":true,"messageTitle":"Merge pull request #113 from sahishnuk2/test-cases-marka","messageBody":"Add and Update test cases for marka","fileTypesAndContributionMap":{}},{"hash":"6010c1a4f6658aa94e47208f7efdc0448b9b25f9","isMergeCommit":true,"messageTitle":"Merge pull request #116 from sahishnuk2/change-codecov","messageBody":"Update codecov link to show tP coverage","fileTypesAndContributionMap":{}}]},{"date":"2025-10-16T00:00:00","commitResults":[{"hash":"fd165fc683b9374fa3ce296c151b0104779753ad","isMergeCommit":false,"messageTitle":"Update help command","messageBody":"","fileTypesAndContributionMap":{"functional-code":{"insertions":9,"deletions":8}}}]},{"date":"2025-10-17T00:00:00","commitResults":[{"hash":"37685c641e90691fb06c8e5ff70d23295344871c","isMergeCommit":true,"messageTitle":"Merge pull request #124 from thomas5564/implement-grade","messageBody":"Implement grade","fileTypesAndContributionMap":{}}]},{"date":"2025-10-18T00:00:00","commitResults":[{"hash":"067552407dfe6998e8836cb3ba252488c9fd1194","isMergeCommit":true,"messageTitle":"Merge pull request #126 from thomas5564/remove-magic-literals","messageBody":"Remove magic literals","fileTypesAndContributionMap":{}}]},{"date":"2025-10-20T00:00:00","commitResults":[{"hash":"3879fc5350a2066fc192cab0e8840c038ee4d1cb","isMergeCommit":false,"messageTitle":"Update user guide","messageBody":"","fileTypesAndContributionMap":{"docs":{"insertions":14,"deletions":6}}},{"hash":"b99af7f94b917a7e033f703bbf7d1bfa589f3bf6","isMergeCommit":false,"messageTitle":"Change some language","messageBody":"","fileTypesAndContributionMap":{"docs":{"insertions":8,"deletions":4}}},{"hash":"3eed1fa112d554ca569dc4eef499fee509f65223","isMergeCommit":true,"messageTitle":"Merge remote-tracking branch \u0027upstream/master\u0027 into user-guide","messageBody":"","fileTypesAndContributionMap":{}},{"hash":"00b245f0cc8840fcb95b5e072a485988a2c6c3d4","isMergeCommit":false,"messageTitle":"Fix edit fields","messageBody":"","fileTypesAndContributionMap":{"docs":{"insertions":2,"deletions":2}}}]},{"date":"2025-10-21T00:00:00","commitResults":[{"hash":"0a53d14c3b200e985311e90f09d2d95aa3ef5d69","isMergeCommit":false,"messageTitle":"Add new predicates for find","messageBody":"","fileTypesAndContributionMap":{"functional-code":{"insertions":153,"deletions":2},"other":{"insertions":2,"deletions":1},"test-code":{"insertions":5,"deletions":4}}},{"hash":"3aad700e0f560b21abe00236541758986372f532","isMergeCommit":false,"messageTitle":"Add find for other fields","messageBody":"","fileTypesAndContributionMap":{"functional-code":{"insertions":108,"deletions":14}}},{"hash":"449cb3722f9be0ea6fce58fb25651f0b415f551f","isMergeCommit":false,"messageTitle":"Prevent empty arguments","messageBody":"","fileTypesAndContributionMap":{"functional-code":{"insertions":10,"deletions":5}}},{"hash":"940f73fd43b094ec6f9b95e53ec2711eab829aa8","isMergeCommit":false,"messageTitle":"Change select predicate","messageBody":"","fileTypesAndContributionMap":{"functional-code":{"insertions":196,"deletions":16}}},{"hash":"5c1392932510815b5b76617b7ff3fc68a9894cae","isMergeCommit":false,"messageTitle":"Fix checkstyle errors","messageBody":"","fileTypesAndContributionMap":{"functional-code":{"insertions":42,"deletions":47}}},{"hash":"c2a8ff82d28182dcd7b6ab0d0603e2332ed1bf05","isMergeCommit":false,"messageTitle":"Fix more checkstyle errors","messageBody":"","fileTypesAndContributionMap":{"functional-code":{"insertions":24,"deletions":1}}},{"hash":"bda15f822e5ec8252205cfa2991e255f1187b630","isMergeCommit":false,"messageTitle":"Fix bug","messageBody":"","fileTypesAndContributionMap":{"functional-code":{"insertions":18,"deletions":4}}},{"hash":"2d8399a8f970b88eda0dd16854156700360681e6","isMergeCommit":false,"messageTitle":"Remove address field from ug","messageBody":"","fileTypesAndContributionMap":{"docs":{"insertions":1,"deletions":1}}},{"hash":"402bf29072d8a081ef67da0a3efe57cbfed876bd","isMergeCommit":true,"messageTitle":"Merge pull request #152 from thomas5564/improve-grade-UI","messageBody":"Make exercise tracker a exercise arraylist wrapper","fileTypesAndContributionMap":{}},{"hash":"d8e730c5c903b31b9de9879eae4e88434dd19962","isMergeCommit":false,"messageTitle":"Temporary fix","messageBody":"","fileTypesAndContributionMap":{"test-code":{"insertions":17,"deletions":17}}},{"hash":"77daf441c27355d8f7023a701152ada892bc3d36","isMergeCommit":false,"messageTitle":"Fix checkstyle","messageBody":"","fileTypesAndContributionMap":{"functional-code":{"insertions":3,"deletions":3}}},{"hash":"827a82f9865e67490869c5bb241c651475a8eb59","isMergeCommit":false,"messageTitle":"Fix checkstyle","messageBody":"","fileTypesAndContributionMap":{"test-code":{"insertions":17,"deletions":27}}},{"hash":"de3595a3c8985c22d1cbc285d570a464753703ac","isMergeCommit":true,"messageTitle":"Merge pull request #158 from thomas5564/remove-irrelevant-tags","messageBody":"Make tags relevant","fileTypesAndContributionMap":{}},{"hash":"6f07491979a3922875e0e375c5f85fb2aef43624","isMergeCommit":true,"messageTitle":"Merge pull request #159 from thomas5564/remove-irrelevant-tags","messageBody":"Update sample data util","fileTypesAndContributionMap":{}}]},{"date":"2025-10-22T00:00:00","commitResults":[{"hash":"4df46f61143e16ec6016b82dcbc41f989e783eb1","isMergeCommit":true,"messageTitle":"Merge remote-tracking branch \u0027upstream/master\u0027 into search","messageBody":"","fileTypesAndContributionMap":{}},{"hash":"891668be8a793cdc49829677ef5dbdf4318bc559","isMergeCommit":false,"messageTitle":"Change error message","messageBody":"","fileTypesAndContributionMap":{"functional-code":{"insertions":5,"deletions":3}}},{"hash":"c41d5c94400e950814d11ddd071e86e852f7e68c","isMergeCommit":false,"messageTitle":"Change names","messageBody":"","fileTypesAndContributionMap":{"functional-code":{"insertions":11,"deletions":11},"other":{"insertions":22,"deletions":22},"test-code":{"insertions":3,"deletions":3}}},{"hash":"84cbd393a0e649ef7b1d14417064c841ff3f5b9c","isMergeCommit":false,"messageTitle":"Fix some problems","messageBody":"","fileTypesAndContributionMap":{"functional-code":{"insertions":12,"deletions":7},"test-code":{"insertions":0,"deletions":18}}},{"hash":"162ec4507cda654c03e3eca5783e08796bc256bf","isMergeCommit":true,"messageTitle":"Fix merge conflicts","messageBody":"","fileTypesAndContributionMap":{}}]}],"sahishnuk2":[{"date":"2025-09-30T00:00:00","commitResults":[{"hash":"3216e349e078f39266f01d762ffd2d34a0209909","isMergeCommit":true,"messageTitle":"Merge pull request #16 from thomas5564/add-photo","messageBody":"Add Thomas\u0027 photo","fileTypesAndContributionMap":{}},{"hash":"e942b3c26638446ad489ba1866669d7a4254cc32","isMergeCommit":false,"messageTitle":"Add Sahishnu\u0027s information in about us","messageBody":"","fileTypesAndContributionMap":{"docs":{"insertions":4,"deletions":4}}},{"hash":"b09e65e0d2bb1ca4d7942b7954219db00bd7b53c","isMergeCommit":true,"messageTitle":"Merge pull request #26 from junhao4/about-us","messageBody":"Update Jun Hao about us","fileTypesAndContributionMap":{}},{"hash":"85ab1af1fd88f82c1d00693c703e93ae70126fcb","isMergeCommit":false,"messageTitle":"Update github actions badge link","messageBody":"","fileTypesAndContributionMap":{"docs":{"insertions":1,"deletions":1}}},{"hash":"8b1f4cb3a11994f70bf8dd4c277086c70adc9df9","isMergeCommit":true,"messageTitle":"Merge branch \u0027master\u0027 into update-actions-link","messageBody":"","fileTypesAndContributionMap":{}},{"hash":"c3ce15d2078fb7963c2392ed0e45e0cbc7ba4cf0","isMergeCommit":true,"messageTitle":"Merge pull request #36 from junhao4/readme","messageBody":"Update readme to acknowledge the source code","fileTypesAndContributionMap":{}},{"hash":"a052aa88d3d5705fe9d8465dec6d9dfdc4a7b695","isMergeCommit":false,"messageTitle":"Add roles and resposibilties of each teammate","messageBody":"","fileTypesAndContributionMap":{"docs":{"insertions":10,"deletions":9}}},{"hash":"cdf48456d575a2ce83e56c45e20489e48fca2bcb","isMergeCommit":false,"messageTitle":"Add non functional requirements","messageBody":"","fileTypesAndContributionMap":{"docs":{"insertions":7,"deletions":1}}}]},{"date":"2025-10-02T00:00:00","commitResults":[{"hash":"fe398593ccd0d98def129e2dd954de99f32e79f3","isMergeCommit":true,"messageTitle":"Merge pull request #61 from junhao4/readme","messageBody":"Update DG with user stories","fileTypesAndContributionMap":{}},{"hash":"7d42c108e8ccb38fdb6329105574364906a24eb2","isMergeCommit":true,"messageTitle":"Merge pull request #62 from junhao4/glossary","messageBody":"Add Glossary","fileTypesAndContributionMap":{}},{"hash":"c768beef609c2687fbfdd904fd26493219f480d9","isMergeCommit":true,"messageTitle":"Merge pull request #66 from xwl42/change-to-use-case","messageBody":"Change to use case","fileTypesAndContributionMap":{}}]},{"date":"2025-10-07T00:00:00","commitResults":[{"hash":"4069b408c56f2ac0d21862560ad33f63deee6bab","isMergeCommit":false,"messageTitle":"Add a class for Lab Attendance","messageBody":"","fileTypesAndContributionMap":{"functional-code":{"insertions":13,"deletions":0}}},{"hash":"0e48d2dcf4b244ab53c617ed10ffab2eff1340a9","isMergeCommit":false,"messageTitle":"Add a class to store a collection of Lab Attendances","messageBody":"","fileTypesAndContributionMap":{"functional-code":{"insertions":46,"deletions":0}}},{"hash":"4becd841e75c84abde8d5de6b020eb0d7a19508d","isMergeCommit":false,"messageTitle":"Add some test cases for lab attendance class","messageBody":"","fileTypesAndContributionMap":{"functional-code":{"insertions":11,"deletions":0},"test-code":{"insertions":22,"deletions":0}}},{"hash":"a24b8e92de53cb38c4a2f7755abc6cb7a274f6f0","isMergeCommit":false,"messageTitle":"Edit to adhere to checkstyle","messageBody":"","fileTypesAndContributionMap":{"functional-code":{"insertions":1,"deletions":1}}}]},{"date":"2025-10-08T00:00:00","commitResults":[{"hash":"d058bf9a43cd4cf65331db532aa0c390dced06cb","isMergeCommit":false,"messageTitle":"Add test cases for LabAttendanceList class","messageBody":"","fileTypesAndContributionMap":{"functional-code":{"insertions":33,"deletions":10},"test-code":{"insertions":59,"deletions":0}}},{"hash":"6f03ad0f22df771895785c6857463142bd5c8f9c","isMergeCommit":false,"messageTitle":"Add javadoc comments to adhere to checkstyle","messageBody":"","fileTypesAndContributionMap":{"functional-code":{"insertions":10,"deletions":9},"test-code":{"insertions":4,"deletions":0}}},{"hash":"c6a765d8d4a893ddf8827f87f0cce7033ed90d9b","isMergeCommit":true,"messageTitle":"Merge pull request #74 from PhoebeY05/add-github-username-to-person","messageBody":"Add GitHub username to Person model","fileTypesAndContributionMap":{}},{"hash":"3ce8fd19e910ee6280be1b97866f3755addebc25","isMergeCommit":true,"messageTitle":"Merge branch \u0027master\u0027 into add-lab-attendance","messageBody":"","fileTypesAndContributionMap":{}},{"hash":"269ad2e2612a8677b41acb44c4fb59642e832c11","isMergeCommit":false,"messageTitle":"Add exceptions and test cases for invalid cases","messageBody":"","fileTypesAndContributionMap":{"functional-code":{"insertions":4,"deletions":8},"test-code":{"insertions":24,"deletions":2}}},{"hash":"c4af98692ecd093b431360eb010e8679fda9d253","isMergeCommit":true,"messageTitle":"Merge branch \u0027add-lab-attendance\u0027 into add-lab-to-person","messageBody":"","fileTypesAndContributionMap":{}},{"hash":"799efe0bb3e1316414ea736762ef34777f978aa2","isMergeCommit":true,"messageTitle":"Merge branch \u0027master\u0027 into add-lab-to-person","messageBody":"","fileTypesAndContributionMap":{}},{"hash":"82673b3c63b1dd318e2edc663b532d71186f4797","isMergeCommit":false,"messageTitle":"Hook MarkAttendanceCommand into the application","messageBody":"","fileTypesAndContributionMap":{"functional-code":{"insertions":29,"deletions":0},"test-code":{"insertions":28,"deletions":0}}},{"hash":"a391eaea41946f39ec46adc5f63bd986f6f99ea2","isMergeCommit":true,"messageTitle":"Merge pull request #81 from PhoebeY05/fix-github-username-edit-command","messageBody":"Fix bug where GitHub username not in edit command","fileTypesAndContributionMap":{}},{"hash":"c51ec23d964f8e668a710d0a3b7a9e4a799770e1","isMergeCommit":false,"messageTitle":"Add a parser to parse mark attendance commands","messageBody":"","fileTypesAndContributionMap":{"functional-code":{"insertions":83,"deletions":2},"test-code":{"insertions":99,"deletions":8}}},{"hash":"af909b1984ebe429fc921d28d39346e579d5d9a8","isMergeCommit":true,"messageTitle":"Merge branch \u0027master\u0027 into add-lab-to-person","messageBody":"","fileTypesAndContributionMap":{}}]},{"date":"2025-10-09T00:00:00","commitResults":[{"hash":"a7a00f8c89c8c56f702386d7da15625afad305e5","isMergeCommit":false,"messageTitle":"Change boolean variable name","messageBody":"","fileTypesAndContributionMap":{"functional-code":{"insertions":7,"deletions":7},"test-code":{"insertions":12,"deletions":12}}},{"hash":"a4a2c360f2db235be963dcc47cb3a55bb7a2036b","isMergeCommit":false,"messageTitle":"Change boolean variable name","messageBody":"","fileTypesAndContributionMap":{"functional-code":{"insertions":7,"deletions":7},"test-code":{"insertions":14,"deletions":14}}},{"hash":"4ec7d1e4dbc120a00086a05dd82998159b9622ac","isMergeCommit":true,"messageTitle":"Merge branch \u0027master\u0027 into add-lab-to-person","messageBody":"","fileTypesAndContributionMap":{}},{"hash":"e8f75d5009cc9172abcc90894f6bb628ee34ae24","isMergeCommit":false,"messageTitle":"Add equals method for LabAttendance","messageBody":"","fileTypesAndContributionMap":{"functional-code":{"insertions":13,"deletions":0},"test-code":{"insertions":16,"deletions":0}}},{"hash":"39c2c598aae6924a38c86193be414e6aa9d9566b","isMergeCommit":false,"messageTitle":"Add equals method for LabAttendanceList","messageBody":"","fileTypesAndContributionMap":{"functional-code":{"insertions":19,"deletions":0},"test-code":{"insertions":23,"deletions":3}}},{"hash":"e80bac4de41cd78ab5e200d53865a8934bc5e26b","isMergeCommit":false,"messageTitle":"Add a placeholder element for LabList to the UI","messageBody":"","fileTypesAndContributionMap":{"functional-code":{"insertions":6,"deletions":0}}}]},{"date":"2025-10-11T00:00:00","commitResults":[{"hash":"23b60368f9d9945a1f73a77539bb87edf6459329","isMergeCommit":false,"messageTitle":"Update lab and lablist to follow LSP","messageBody":"","fileTypesAndContributionMap":{"functional-code":{"insertions":129,"deletions":62},"test-code":{"insertions":185,"deletions":90}}},{"hash":"e7b31c914688deab5f5fec8eb6e484253e8c284d","isMergeCommit":false,"messageTitle":"Add last line to follow checkstyle","messageBody":"","fileTypesAndContributionMap":{"functional-code":{"insertions":2,"deletions":2},"test-code":{"insertions":3,"deletions":3}}},{"hash":"441b7c3965fb455e4687d83687ff871dcc1149b4","isMergeCommit":true,"messageTitle":"Solve merge conflicts after merging PR","messageBody":"","fileTypesAndContributionMap":{}}]},{"date":"2025-10-12T00:00:00","commitResults":[{"hash":"e277466626ca23105516e5df62cb018400758798","isMergeCommit":false,"messageTitle":"Update person class with list of labs","messageBody":"","fileTypesAndContributionMap":{"functional-code":{"insertions":31,"deletions":4},"test-code":{"insertions":3,"deletions":1}}},{"hash":"e60749d1156e8d37fec148250e838794171e6707","isMergeCommit":false,"messageTitle":"Update JsonAdaptedPerson class without test cases","messageBody":"","fileTypesAndContributionMap":{"functional-code":{"insertions":72,"deletions":2}}},{"hash":"8eb097d6c04db1f3a144590432783850b6231090","isMergeCommit":false,"messageTitle":"Update JsonAdaptedPersonTest class test methods","messageBody":"","fileTypesAndContributionMap":{"functional-code":{"insertions":5,"deletions":0},"test-code":{"insertions":34,"deletions":13}}},{"hash":"60a42068610bbea26bf9f395d4b26c9b229c82b3","isMergeCommit":false,"messageTitle":"Update person builder class","messageBody":"","fileTypesAndContributionMap":{"test-code":{"insertions":21,"deletions":1}}},{"hash":"61aaaff4c195929826c8e341e56623b567796ede","isMergeCommit":false,"messageTitle":"Add a default lab list to all typical persons","messageBody":"","fileTypesAndContributionMap":{"test-code":{"insertions":33,"deletions":11}}},{"hash":"182a59e295cca763736e2851e89dd8a14ea0b472","isMergeCommit":false,"messageTitle":"Finalise the UI for LabList","messageBody":"","fileTypesAndContributionMap":{"functional-code":{"insertions":2,"deletions":1}}},{"hash":"d03eb8102be69bd8031e0c71aa0e05297a212378","isMergeCommit":false,"messageTitle":"Update MarkAttendanceCommand to update UI","messageBody":"","fileTypesAndContributionMap":{"functional-code":{"insertions":34,"deletions":3},"test-code":{"insertions":23,"deletions":5}}},{"hash":"1c4486ca8a6f5f55262f440051dc2c3f36537e51","isMergeCommit":false,"messageTitle":"Catch errors for invalid lab commands","messageBody":"","fileTypesAndContributionMap":{"functional-code":{"insertions":9,"deletions":1}}},{"hash":"92226ff856f00fd18f95a19f5b79ee411b2470e8","isMergeCommit":false,"messageTitle":"Follow checkstyle guide","messageBody":"","fileTypesAndContributionMap":{"functional-code":{"insertions":7,"deletions":2},"test-code":{"insertions":0,"deletions":1}}},{"hash":"ffb6abbaa67e99a014edba0cb3eaa04b8f71a70a","isMergeCommit":false,"messageTitle":"Make a new LabList when marking","messageBody":"","fileTypesAndContributionMap":{"functional-code":{"insertions":21,"deletions":1}}},{"hash":"62724425cce4718549457b68b1b1a8d44534171c","isMergeCommit":true,"messageTitle":"Merge pull request #86 from thomas5564/implement-markExercise","messageBody":"Implement mark exercise","fileTypesAndContributionMap":{}},{"hash":"d74515f4158f02cf80c5a4b21d40f848ade54a13","isMergeCommit":true,"messageTitle":"Merge Thomas\u0027s changes onto add-lab-to-person","messageBody":"","fileTypesAndContributionMap":{}},{"hash":"9d67fcd9d6e0651b36ce13f63c9dd2e6ed7f455e","isMergeCommit":false,"messageTitle":"Make extra changes to the merge missed out changes","messageBody":"","fileTypesAndContributionMap":{"functional-code":{"insertions":15,"deletions":13}}}]},{"date":"2025-10-13T00:00:00","commitResults":[{"hash":"87696a35ed121be4741f995d95071ca803e24c41","isMergeCommit":true,"messageTitle":"Merge pull request #90 from junhao4/remove-address","messageBody":"Fix wrong method call","fileTypesAndContributionMap":{}},{"hash":"9f12898359412548ee1d277659edc60316642b0b","isMergeCommit":true,"messageTitle":"Merge branch \u0027master\u0027 into add-lab-to-person","messageBody":"","fileTypesAndContributionMap":{}}]},{"date":"2025-10-14T00:00:00","commitResults":[{"hash":"77b7106eaf412a1fae5edfa6c71fb74b47f27e33","isMergeCommit":false,"messageTitle":"Update edit command to edit lab and exercise tracker","messageBody":"","fileTypesAndContributionMap":{"functional-code":{"insertions":28,"deletions":2}}},{"hash":"e3dd3ade4c867b55f3e8e7565e33e4d79986f7f0","isMergeCommit":false,"messageTitle":"Update equals and toString method in EditPersonDescriptor","messageBody":"","fileTypesAndContributionMap":{"functional-code":{"insertions":5,"deletions":1},"test-code":{"insertions":3,"deletions":1}}},{"hash":"dfc4ca0cacc11eb177672631bfa755e57ac25003","isMergeCommit":true,"messageTitle":"Merge branch \u0027master\u0027 into bug-edit-lab","messageBody":"","fileTypesAndContributionMap":{}},{"hash":"03dd85b6e688691e22c1c74ef9b5dfa489170c85","isMergeCommit":false,"messageTitle":"Update user guide for marka command","messageBody":"","fileTypesAndContributionMap":{"docs":{"insertions":13,"deletions":0}}},{"hash":"bc0469df533e4044b501fdd9e94e5b86cab4673c","isMergeCommit":false,"messageTitle":"Update user guide for clear command","messageBody":"","fileTypesAndContributionMap":{"docs":{"insertions":7,"deletions":4}}},{"hash":"0877997e9ef8160589d60a25c7025a8e9b5a1e2d","isMergeCommit":false,"messageTitle":"Update the summary table","messageBody":"","fileTypesAndContributionMap":{"docs":{"insertions":2,"deletions":1}}},{"hash":"78489e319a35e52701c0eb61c5fd9299a46d9c39","isMergeCommit":false,"messageTitle":"Try to get the caution box to work for clear","messageBody":"","fileTypesAndContributionMap":{"docs":{"insertions":3,"deletions":1}}},{"hash":"424d500d09b4aa7150a34184771a1d29a4e15afb","isMergeCommit":true,"messageTitle":"Merge pull request #106 from thomas5564/fix-status-bug","messageBody":"Resolve marke status prefix bug","fileTypesAndContributionMap":{}}]},{"date":"2025-10-15T00:00:00","commitResults":[{"hash":"b5d155021fa6106c7fa901eb7d07bfa6094a4287","isMergeCommit":true,"messageTitle":"Merge pull request #112 from thomas5564/fix-status-bug","messageBody":"Fix status bug","fileTypesAndContributionMap":{}},{"hash":"0cb1a099599d53cade4edd3aad222eb0024d9cd1","isMergeCommit":true,"messageTitle":"Merge pull request #108 from PhoebeY05/add-github-username-tests","messageBody":"Add GitHub Username Tests","fileTypesAndContributionMap":{}},{"hash":"b410aa1f71cfdeebc39d49386480bbc712c9937c","isMergeCommit":false,"messageTitle":"Update test cases for lab","messageBody":"","fileTypesAndContributionMap":{"test-code":{"insertions":9,"deletions":4}}},{"hash":"20fa9302dbb3adf936bd07e17371d2de8a80b124","isMergeCommit":false,"messageTitle":"Update test cases for lablist","messageBody":"","fileTypesAndContributionMap":{"functional-code":{"insertions":4,"deletions":0},"test-code":{"insertions":48,"deletions":8}}},{"hash":"02c74cd4d80bbb46b1b91734f862145fda66466b","isMergeCommit":false,"messageTitle":"Update test cases for MarkAttendanceCommand","messageBody":"","fileTypesAndContributionMap":{"test-code":{"insertions":45,"deletions":11}}},{"hash":"8f68ae8838b87a2ee8f873f39517a64ed894d0c9","isMergeCommit":false,"messageTitle":"Update test cases for parser util","messageBody":"","fileTypesAndContributionMap":{"test-code":{"insertions":26,"deletions":3}}},{"hash":"f7e89235e7241967064884a0c07f275c8bd4a2b7","isMergeCommit":false,"messageTitle":"Add the command word for attendance marking","messageBody":"","fileTypesAndContributionMap":{"docs":{"insertions":1,"deletions":1}}},{"hash":"82ebdc0f604e8d8e2f25ac856037ca224246ce81","isMergeCommit":false,"messageTitle":"Update code to follow checkstyle","messageBody":"","fileTypesAndContributionMap":{"test-code":{"insertions":10,"deletions":5}}},{"hash":"b260e639b948855b78fac2658bd0619934a00b5f","isMergeCommit":true,"messageTitle":"Merge branch \u0027master\u0027 into test-cases-marka","messageBody":"","fileTypesAndContributionMap":{}},{"hash":"d9500e0438aa8eaa66d8785384e01a6a9101c26c","isMergeCommit":false,"messageTitle":"Update codecov link to show tP coverage","messageBody":"","fileTypesAndContributionMap":{"docs":{"insertions":2,"deletions":2}}}]},{"date":"2025-10-16T00:00:00","commitResults":[{"hash":"7ad2dad09abc15691c89a4b94e8e17af220b8d91","isMergeCommit":true,"messageTitle":"Merge pull request #117 from thomas5564/remove-i-status","messageBody":"Remove I status","fileTypesAndContributionMap":{}},{"hash":"6f39afb22dfcb8107db2b0af5b27a3e796672fd0","isMergeCommit":true,"messageTitle":"Merge pull request #119 from thomas5564/update-error-message","messageBody":"Update error messages","fileTypesAndContributionMap":{}},{"hash":"aed7a7e08b4afe8795660c8a5064d3f33ff56ee1","isMergeCommit":true,"messageTitle":"Merge pull request #120 from junhao4/update-help","messageBody":"Update help command","tags":["v1.3"],"fileTypesAndContributionMap":{}}]},{"date":"2025-10-17T00:00:00","commitResults":[{"hash":"9d5db68d4581629b527895878b147f7e5301c953","isMergeCommit":false,"messageTitle":"Hook sort command into the application","messageBody":"","fileTypesAndContributionMap":{"functional-code":{"insertions":32,"deletions":0},"test-code":{"insertions":26,"deletions":0}}},{"hash":"7a7cec50f1148d2da312166b48f4aaf5b61109e1","isMergeCommit":false,"messageTitle":"Add name criterion for sort","messageBody":"","fileTypesAndContributionMap":{"functional-code":{"insertions":92,"deletions":5}}},{"hash":"b1284e2ca4d1fb413b4e15078e0e1370b913e93f","isMergeCommit":false,"messageTitle":"Update test cases for name","messageBody":"","fileTypesAndContributionMap":{"functional-code":{"insertions":4,"deletions":10},"test-code":{"insertions":14,"deletions":0}}},{"hash":"11d05a843245754b5e5fe44534412e3dcbee88bc","isMergeCommit":false,"messageTitle":"Add test case for Name criterion","messageBody":"","fileTypesAndContributionMap":{"functional-code":{"insertions":3,"deletions":1},"test-code":{"insertions":44,"deletions":1}}}]},{"date":"2025-10-18T00:00:00","commitResults":[{"hash":"df25768ff4f03158deb3a54999e0202c2514ada1","isMergeCommit":false,"messageTitle":"Solve checkstyle errors","messageBody":"","fileTypesAndContributionMap":{"functional-code":{"insertions":6,"deletions":2}}},{"hash":"f8b18046161cdf6d4b83fce26716147074da09fc","isMergeCommit":false,"messageTitle":"Add student id criterion","messageBody":"","fileTypesAndContributionMap":{"functional-code":{"insertions":28,"deletions":8},"test-code":{"insertions":8,"deletions":0}}},{"hash":"2700b24aa534855c05d417f6d307709aba6a0ee0","isMergeCommit":false,"messageTitle":"Add test cases for student id sort criterion","messageBody":"","fileTypesAndContributionMap":{"functional-code":{"insertions":2,"deletions":4},"test-code":{"insertions":38,"deletions":17}}},{"hash":"8b817c7bcf413d460e473c9234af8c967c93f380","isMergeCommit":false,"messageTitle":"Add test cases for sort criterion","messageBody":"","fileTypesAndContributionMap":{"functional-code":{"insertions":0,"deletions":5},"test-code":{"insertions":42,"deletions":0}}},{"hash":"4db721fda8b66d7dadf06e0323c84cf00d956eff","isMergeCommit":false,"messageTitle":"Add equals method to sort command class","messageBody":"","fileTypesAndContributionMap":{"functional-code":{"insertions":44,"deletions":5},"test-code":{"insertions":6,"deletions":3}}},{"hash":"858a15d0d2f4db5bbc47cda96457db6b81460a4f","isMergeCommit":false,"messageTitle":"Test equals method in SortCommandTest class","messageBody":"","fileTypesAndContributionMap":{"functional-code":{"insertions":3,"deletions":1},"test-code":{"insertions":35,"deletions":1}}},{"hash":"e8973cb73aaa130bb116c0124aec3fdecc88d7cb","isMergeCommit":false,"messageTitle":"Update sort command parser","messageBody":"","fileTypesAndContributionMap":{"functional-code":{"insertions":48,"deletions":4}}},{"hash":"6bc809ad5090a689ece61e2c094ae05514a773b1","isMergeCommit":false,"messageTitle":"Add test cases for sort command parser","messageBody":"","fileTypesAndContributionMap":{"functional-code":{"insertions":6,"deletions":4},"test-code":{"insertions":71,"deletions":5}}},{"hash":"d71c945831271e16c50b6600e3f32af0fd70e3fe","isMergeCommit":false,"messageTitle":"Implement sorting of persons in model manager","messageBody":"","fileTypesAndContributionMap":{"functional-code":{"insertions":38,"deletions":3},"test-code":{"insertions":7,"deletions":5}}},{"hash":"2d5776aa309542de1834d234dcc5ce493d6cc12c","isMergeCommit":false,"messageTitle":"Fix minor formatting error","messageBody":"","fileTypesAndContributionMap":{"functional-code":{"insertions":1,"deletions":1}}},{"hash":"f76beaede897356205499b80f1e12e3bb66b0729","isMergeCommit":true,"messageTitle":"Merge branch \u0027master\u0027 into feature-sort","messageBody":"","fileTypesAndContributionMap":{}}]},{"date":"2025-10-19T00:00:00","commitResults":[{"hash":"4be848618a865d76357d60844a9d58fd9a7fa681","isMergeCommit":false,"messageTitle":"Implement new method to calculate lab attendance","messageBody":"","fileTypesAndContributionMap":{"functional-code":{"insertions":21,"deletions":4},"test-code":{"insertions":15,"deletions":0}}},{"hash":"164651231557336541190ace821e8a0cf9f81289","isMergeCommit":false,"messageTitle":"Create a sort criterion for labs","messageBody":"","fileTypesAndContributionMap":{"functional-code":{"insertions":31,"deletions":1}}},{"hash":"782f0dbc4a705d50cda2848afa0e531d913b049e","isMergeCommit":false,"messageTitle":"Update parser for new lab criteria","messageBody":"","fileTypesAndContributionMap":{"functional-code":{"insertions":5,"deletions":1}}},{"hash":"53761d7536c74001044ec429cd67df13fb145000","isMergeCommit":false,"messageTitle":"Add javadoc comment for Lab Criteria","messageBody":"","fileTypesAndContributionMap":{"functional-code":{"insertions":3,"deletions":0}}}]},{"date":"2025-10-20T00:00:00","commitResults":[{"hash":"c1f90585b60e02a6821561355ac440b2403f33fa","isMergeCommit":false,"messageTitle":"Add exercise progress tracker to exercise tracker","messageBody":"","fileTypesAndContributionMap":{"functional-code":{"insertions":39,"deletions":2}}},{"hash":"fa309b7b73df4d10de105fdabae51bac7122be26","isMergeCommit":false,"messageTitle":"Update test cases for progress tracker","messageBody":"","fileTypesAndContributionMap":{"functional-code":{"insertions":2,"deletions":1},"test-code":{"insertions":22,"deletions":0}}},{"hash":"17c5cdce578edc17658cfe17318078688bd69f15","isMergeCommit":false,"messageTitle":"Create a sort criterion for exercise progress","messageBody":"","fileTypesAndContributionMap":{"test-code":{"insertions":24,"deletions":0}}},{"hash":"0004e729ea9b71c59e5f41277eb2c5f6df674f26","isMergeCommit":false,"messageTitle":"Update parser for new lab criteria","messageBody":"","fileTypesAndContributionMap":{"functional-code":{"insertions":5,"deletions":1},"other":{"insertions":0,"deletions":0}}},{"hash":"9b6f39519571d4fbe3b4682878f449faec421aa3","isMergeCommit":false,"messageTitle":"Add javadoc comment for ExerciseSortCriterion","messageBody":"","fileTypesAndContributionMap":{"functional-code":{"insertions":5,"deletions":2}}},{"hash":"3aaca428854ab81ee75a5929dbaabc0335f42a04","isMergeCommit":false,"messageTitle":"Update UG for sort","messageBody":"","fileTypesAndContributionMap":{"docs":{"insertions":36,"deletions":14}}},{"hash":"4d1ffac3efe3d617e28821ab846abca11c7f8944","isMergeCommit":true,"messageTitle":"Merge master onto feature-sort","messageBody":"","fileTypesAndContributionMap":{}},{"hash":"5d1ce0dcfd89d575326b05ae347f3ebabb30ed0c","isMergeCommit":true,"messageTitle":"Merge master onto sorting-bylabatt","messageBody":"","fileTypesAndContributionMap":{}},{"hash":"9bb1962daee81fe460a35cf4f03350cdabee5c94","isMergeCommit":true,"messageTitle":"Merge master onto sort-byexerise","messageBody":"","fileTypesAndContributionMap":{}},{"hash":"300baf00c064d8241296703a45ef2eb6d1120bd5","isMergeCommit":false,"messageTitle":"Fix small issues in the user guide","messageBody":"","fileTypesAndContributionMap":{"docs":{"insertions":29,"deletions":28}}},{"hash":"97625d37f09d20ab58ee8f871cdab8454517a926","isMergeCommit":true,"messageTitle":"Merge pull request #138 from junhao4/user-guide","messageBody":"Update User guide for help and edit","fileTypesAndContributionMap":{}},{"hash":"6a9ea29dd7c81bca8ae8d4ac3cc9e71b9ecfad6e","isMergeCommit":true,"messageTitle":"Merge master onto update-UG","messageBody":"","fileTypesAndContributionMap":{}},{"hash":"333f49f8bcea9525a9a75beb6af909400f4f1f2b","isMergeCommit":true,"messageTitle":"Merge branch \u0027master\u0027 into feature-sort","messageBody":"","fileTypesAndContributionMap":{}},{"hash":"bacc40dce32e243df283475ff25fa83b8052da2d","isMergeCommit":true,"messageTitle":"Merge branch \u0027master\u0027 into sorting-bylabatt","messageBody":"","fileTypesAndContributionMap":{}},{"hash":"726a384323f46ccb037a0ef150cadff5a89771df","isMergeCommit":true,"messageTitle":"Merge master onto sort-byexercise","messageBody":"","fileTypesAndContributionMap":{}},{"hash":"0316cd246f186e4ba8659f1459e9271d54f704b4","isMergeCommit":true,"messageTitle":"Merge master onto update-UG","messageBody":"","fileTypesAndContributionMap":{}},{"hash":"011b2ab8b26d238f5ea954c006c6c6b79aeeedc8","isMergeCommit":false,"messageTitle":"Fix minor typo","messageBody":"","fileTypesAndContributionMap":{"docs":{"insertions":11,"deletions":11}}},{"hash":"5045e5cd28bfb5df62e86d82c27a98706115ecc6","isMergeCommit":false,"messageTitle":"Update other classes to follow comparator","messageBody":"","fileTypesAndContributionMap":{"test-code":{"insertions":6,"deletions":0}}},{"hash":"f4d0b277a2388f58490b7cd35de8568a6b3c85d4","isMergeCommit":false,"messageTitle":"Update other classes to follow comparator","messageBody":"","fileTypesAndContributionMap":{"test-code":{"insertions":6,"deletions":0}}},{"hash":"924315e29f300029bfe9c94f369b2fcc3ff2f241","isMergeCommit":false,"messageTitle":"Update other classes to follow comparator","messageBody":"","fileTypesAndContributionMap":{"test-code":{"insertions":6,"deletions":0}}},{"hash":"b1a831b1ef00cfe82a3888180c3f3c035585c2bc","isMergeCommit":true,"messageTitle":"Merge branch \u0027sorting-bylabatt\u0027 into feature-sort","messageBody":"","fileTypesAndContributionMap":{}},{"hash":"87cde4afa7b925d55852084f2dd1f699df5daab4","isMergeCommit":true,"messageTitle":"Merge sort-byexercise onto feature-sort","messageBody":"","fileTypesAndContributionMap":{}},{"hash":"878259687646e14ddf6944540aedcef595b2f27f","isMergeCommit":false,"messageTitle":"Update import order to follow checkstyle","messageBody":"","fileTypesAndContributionMap":{"functional-code":{"insertions":1,"deletions":1}}}]},{"date":"2025-10-21T00:00:00","commitResults":[{"hash":"87e6c0d130531c31e54c4b7b4c004f5d662311d4","isMergeCommit":false,"messageTitle":"Update message constraints for Sort Criterion","messageBody":"","fileTypesAndContributionMap":{"functional-code":{"insertions":1,"deletions":1}}},{"hash":"3b09999bce8cf1595cf7d48278550a6bceeee0b8","isMergeCommit":true,"messageTitle":"Merge pull request #148 from junhao4/user-guide","messageBody":"Remove address field from ug","fileTypesAndContributionMap":{}}]},{"date":"2025-10-22T00:00:00","commitResults":[{"hash":"a156ee3e2dd46498fd4532159d2e24914ee253dc","isMergeCommit":true,"messageTitle":"Merge pull request #156 from junhao4/search","messageBody":"Improve find function","fileTypesAndContributionMap":{}}]}]},"authorFileTypeContributionMap":{"PhoebeY05":{"docs":96,"functional-code":1604,"test-code":616},"thomas5564":{"docs":75,"functional-code":1103,"test-code":352},"xwl42":{"docs":192,"functional-code":369,"test-code":474},"junhao4":{"docs":58,"functional-code":536,"test-code":44},"sahishnuk2":{"docs":59,"functional-code":833,"test-code":815}},"authorContributionVariance":{"PhoebeY05":171504.56,"thomas5564":60002.688,"xwl42":20017.168,"junhao4":22629.36,"sahishnuk2":20571.496},"authorDisplayNameMap":{"PhoebeY05":"CS2103T-T09-3 PHOE.. HUI","thomas5564":"CS2103T-T09-3 CHOO..OMAS","xwl42":"CS2103T-T09-3 XIAO..ENLI","junhao4":"CS2103T-T09-3 NG J.. HAO","sahishnuk2":"CS2103T-T09-3 OBUL..MAAR"}}
