{"authorDailyContributionsMap":{"PhoebeY05":[],"thomas5564":[],"xwl42":[],"junhao4":[],"sahishnuk2":[]},"authorFileTypeContributionMap":{"PhoebeY05":{"docs":0,"functional-code":0,"test-code":0},"thomas5564":{"docs":0,"functional-code":0,"test-code":0},"xwl42":{"docs":0,"functional-code":0,"test-code":0},"junhao4":{"docs":0,"functional-code":0,"test-code":0},"sahishnuk2":{"docs":0,"functional-code":0,"test-code":0}},"authorContributionVariance":{"PhoebeY05":0.0,"thomas5564":0.0,"xwl42":0.0,"junhao4":0.0,"sahishnuk2":0.0},"authorDisplayNameMap":{"PhoebeY05":"CS2103T-T09-3 PHOE.. HUI","thomas5564":"CS2103T-T09-3 CHOO..OMAS","xwl42":"CS2103T-T09-3 XIAO..ENLI","junhao4":"CS2103T-T09-3 NG J.. HAO","sahishnuk2":"CS2103T-T09-3 OBUL..MAAR"}}
