{"authorDailyContributionsMap":{"ywijie":[{"date":"2025-10-01T00:00:00","commitResults":[{"hash":"e115af2f39d4299c1a90f3438c7bbc28aecedf5b","isMergeCommit":true,"messageTitle":"Add Yi Jie\u0027s photo #10","messageBody":"Add Yi Jie\u0027s photo","fileTypesAndContributionMap":{}},{"hash":"b2f34b3c106741612c793c6050884e1731ee3ab0","isMergeCommit":false,"messageTitle":"Update AboutUs.md and create ywijie.md","messageBody":"","fileTypesAndContributionMap":{"docs":{"insertions":50,"deletions":4}}},{"hash":"4c8d74d34e99d01448955e4ad5aa4e8b59f88287","isMergeCommit":true,"messageTitle":"Merge branch \u0027master\u0027 into 5-update-about-us","messageBody":"","fileTypesAndContributionMap":{}},{"hash":"aa225bb7be2086502e8f121a77b7f740bfb42cc3","isMergeCommit":true,"messageTitle":"Add Yi Jie\u0027s about page (#27)","messageBody":"[#27] Add Yi Jie\u0027s about page","fileTypesAndContributionMap":{}}]},{"date":"2025-10-09T00:00:00","commitResults":[{"hash":"dea2e984a2da22a8fafb32dfb76c275fa45a5c6b","isMergeCommit":false,"messageTitle":"Update sidebar UI to align with future vision for application design","messageBody":"","fileTypesAndContributionMap":{"functional-code":{"insertions":112,"deletions":47}}}]},{"date":"2025-10-10T00:00:00","commitResults":[{"hash":"e869cf870c2e05416204625bc3b6c3ffe7f8256a","isMergeCommit":false,"messageTitle":"Fix build errors","messageBody":"","fileTypesAndContributionMap":{"functional-code":{"insertions":3,"deletions":3},"docs":{"insertions":2,"deletions":2}}},{"hash":"1c39d015e86c914e1fbb6da900c4dcd96b2c94a2","isMergeCommit":false,"messageTitle":"Fix build errors","messageBody":"","fileTypesAndContributionMap":{"functional-code":{"insertions":0,"deletions":2}}},{"hash":"fac8117271783071afe1dc57fe2f4b7210e13d97","isMergeCommit":true,"messageTitle":"Merge branch \u0027master\u0027 into UI-update-layout","messageBody":"","fileTypesAndContributionMap":{}},{"hash":"e7a23ade2d61bca3bd65087b65066dab0f1dbd5a","isMergeCommit":true,"messageTitle":"Merge branch \u0027master\u0027 into UI-update-layout","messageBody":"","fileTypesAndContributionMap":{}},{"hash":"771a40c79c29bb4f5dc3c9b3305664da30abd2af","isMergeCommit":true,"messageTitle":"Merge pull request #51 from ywijie/UI-update-layout","messageBody":"[#50] Update UI to align with future vision for application design","fileTypesAndContributionMap":{}}]},{"date":"2025-10-13T00:00:00","commitResults":[{"hash":"71f7a240c4367b6949b1a0202b2cfd01ff869422","isMergeCommit":false,"messageTitle":"Add app icon and UI improvements","messageBody":"- Created and set app icon\n- Split CommandBox and ResultDisplay from main workspace; made accessible via sidebar or Ctrl-T shortcut\n- Fixed bug where file action exited program; added explicit exit button\n- Updated CSS for sidebar\n","fileTypesAndContributionMap":{"functional-code":{"insertions":230,"deletions":65}}},{"hash":"7cdeba2dca945640e8c3a5fe002cd3878f456a31","isMergeCommit":false,"messageTitle":"Fix build errors for PR","messageBody":"","fileTypesAndContributionMap":{"functional-code":{"insertions":4,"deletions":4}}},{"hash":"d0c100158e91b0c9366150a5e34b657c317a17fb","isMergeCommit":false,"messageTitle":"Fix build errors for PR","messageBody":"","fileTypesAndContributionMap":{"functional-code":{"insertions":1,"deletions":1}}},{"hash":"19471c9f774bd640cb8d2b1ecccfa54dbdcbff05","isMergeCommit":false,"messageTitle":"Fix build errors for PR","messageBody":"","fileTypesAndContributionMap":{"functional-code":{"insertions":1,"deletions":1}}}]},{"date":"2025-10-14T00:00:00","commitResults":[{"hash":"d4fdb4789585aaddad24e9e201ba3a693bb399fd","isMergeCommit":false,"messageTitle":"Cleaned up commented code to merge","messageBody":"","fileTypesAndContributionMap":{"functional-code":{"insertions":0,"deletions":2}}},{"hash":"d014ce4a67710c4e8cc1f14462f6e538e3ba05aa","isMergeCommit":true,"messageTitle":"Merge pull request #57 from ywijie/create-TerminalOverlay","messageBody":"[#55] Add app icon and UI improvements","fileTypesAndContributionMap":{}}]},{"date":"2025-10-15T00:00:00","commitResults":[{"hash":"69f3eeceb8dbe8ce8acc9e19573d1a3eadf082f9","isMergeCommit":false,"messageTitle":"Add event view code and UI elements","messageBody":"- Create UI toggle to switch between Contacts view and Events view\n- Refine UI styling\n","fileTypesAndContributionMap":{"functional-code":{"insertions":328,"deletions":10}}},{"hash":"a4c1fecebd31800ad34bd23a11e97e64e565ff7a","isMergeCommit":false,"messageTitle":"Fix build errors for PR","messageBody":"","fileTypesAndContributionMap":{"functional-code":{"insertions":5,"deletions":25}}},{"hash":"66a8ab45d9f538a465a1da97ebffa42482cb004f","isMergeCommit":true,"messageTitle":"Merge branch \u0027master\u0027 into Add-Event-view-and-UI-toggle","messageBody":"","fileTypesAndContributionMap":{}},{"hash":"2e0282e3b6253047535cfeaf1f40b143a16f11ee","isMergeCommit":false,"messageTitle":"Fix EventListCard.fxml on mismatch on fx:id, and some styling errors of multiple trailing lines.","messageBody":"","fileTypesAndContributionMap":{"functional-code":{"insertions":1,"deletions":16}}},{"hash":"c0ef76af9085f24d47d5a51777ba781e19c39d5e","isMergeCommit":true,"messageTitle":"Merge branch \u0027Add-Event-view-and-UI-toggle\u0027 of https://github.com/ywijie/tp into Add-Event-view-and-UI-toggle","messageBody":"","fileTypesAndContributionMap":{}},{"hash":"6d0dacec53d57ded1f20145732df00ac166c6626","isMergeCommit":true,"messageTitle":"Merge branch \u0027master\u0027 into Add-Event-view-and-UI-toggle","messageBody":"","fileTypesAndContributionMap":{}},{"hash":"5c3fc84544b779e5c8654ebf2907ea177d28a255","isMergeCommit":true,"messageTitle":"Merge pull request #61 from ywijie/Add-Event-view-and-UI-toggle","messageBody":"Add event view code and UI elements","fileTypesAndContributionMap":{}}]}],"reven0n":[{"date":"2025-10-01T00:00:00","commitResults":[{"hash":"4e7b5174c64b7ec47e134491b092f3942d9d3fc8","isMergeCommit":false,"messageTitle":"Task: add Darien\u0027s about","messageBody":"","fileTypesAndContributionMap":{"docs":{"insertions":9,"deletions":9}}},{"hash":"65bfe9ed75a39225970957364d1d87436b0a5516","isMergeCommit":true,"messageTitle":"Merge branch \u0027master\u0027 into add-darien-about","messageBody":"","fileTypesAndContributionMap":{}},{"hash":"5fb351211ea7af57c2915009c52b87eafe877a60","isMergeCommit":true,"messageTitle":"Add Darien\u0027s about page (#24)","messageBody":"[#22] Add Darien\u0027s about page","fileTypesAndContributionMap":{}}]},{"date":"2025-10-09T00:00:00","commitResults":[{"hash":"619e3ff75e1d6672bacd3de145f3b38298c6f892","isMergeCommit":false,"messageTitle":"Add EventAddCommand Class","messageBody":"Add and implement the EventAddCommand Class to\nsupport the addition of events\n","fileTypesAndContributionMap":{"functional-code":{"insertions":74,"deletions":0}}},{"hash":"6211329de3c3cb7f414d1889395dd332dd651e47","isMergeCommit":false,"messageTitle":"Implement AddEventCommandParser to parse event-related arguments","messageBody":"Currently, there is no dedicated parser to handle the arguments for\nthe `AddEventCommand`, which makes it impossible to correctly\ninterpret and execute the command from user input.\n\nLet\u0027s Implement AddEventCommandParser to extract and validate\nevent-related fields such as name, date and time from user input.\n","fileTypesAndContributionMap":{"functional-code":{"insertions":128,"deletions":3}}},{"hash":"2bd8ed0d9a197c2d97e8d8eaf3415d9c70a343a1","isMergeCommit":false,"messageTitle":"Fix Checkstyle","messageBody":"","fileTypesAndContributionMap":{"functional-code":{"insertions":6,"deletions":7}}},{"hash":"2412b55c73eaadc8a8e479e1b1a1652a175666e7","isMergeCommit":false,"messageTitle":"Fix Equals Method in EventAddCommand","messageBody":"","fileTypesAndContributionMap":{"functional-code":{"insertions":1,"deletions":1}}}]},{"date":"2025-10-10T00:00:00","commitResults":[{"hash":"3d86f73ade39dd43b82aa6434c2a3292ef369399","isMergeCommit":false,"messageTitle":"Refactor Event and Contact Creation Logic","messageBody":"Let\u0027s:\n- Abstract the process of parsing events and contacts,\n- Create an Event or Person object using new methods\n`createEvent()` and `createPerson()`.\n\nThis improves code readability, reusability, and maintainability.\n","fileTypesAndContributionMap":{"functional-code":{"insertions":27,"deletions":12}}},{"hash":"4ef5df186e245cff484f90168ea55ecabfb9f75b","isMergeCommit":true,"messageTitle":"Merge branch \u0027master\u0027 into feat/add-event-commands","messageBody":"","fileTypesAndContributionMap":{}},{"hash":"0c53581a893c9c76924f738096c07d21765d73ef","isMergeCommit":true,"messageTitle":"Merge pull request #49 from reven0n/feat/add-event-commands","messageBody":"[#44] Add Event Commands","fileTypesAndContributionMap":{}},{"hash":"8cac91c1cf9d530471e9290ec46ef8ab1d1e01c5","isMergeCommit":false,"messageTitle":"Add EventListCommand Class","messageBody":"Add and implement the EventListCommand Class to\nsupport the listing of events\n","fileTypesAndContributionMap":{"functional-code":{"insertions":30,"deletions":0}}},{"hash":"fc63e73110aa18d75e1dd8a0fe9a09ff6fb214e7","isMergeCommit":false,"messageTitle":"Refactor AddressBookParser to parse `event list`","messageBody":"Currently, there is no dedicated parser to handle the arguments for\nthe `ListEventCommand`, which makes it impossible to correctly\ninterpret and execute the command from user input.\n\nLet\u0027s refactor AddressBookParser to extract and validate\nevent listing fields.\n","fileTypesAndContributionMap":{"functional-code":{"insertions":4,"deletions":0}}}]},{"date":"2025-10-12T00:00:00","commitResults":[{"hash":"d1f42b3450aaf51c4b54f9b2d0b79adea2fd512c","isMergeCommit":false,"messageTitle":"Add Validation for EventListCommand","messageBody":"Currently, there is no validation for EventListCommand\nand arguments given after `event list` are accepted.\n\nLet\u0027s:\n- Implement a parser for EventListCommand and\nupdate AddressBookParser to allow for validation\n- Implement a new method in ArgumentMultimap to\ncheck if any unexpected arguments (prefixes) are\npresent in the argument map\n","fileTypesAndContributionMap":{"functional-code":{"insertions":39,"deletions":1}}}]},{"date":"2025-10-15T00:00:00","commitResults":[{"hash":"15e0a40ea224ff1213842c0e2d2e7edd11b2e776","isMergeCommit":true,"messageTitle":"Merge branch \u0027master\u0027 into implement-event-commands","messageBody":"* master:\n  Fix indentation in createParticipantList method for consistency\n  Format code for createParticipantList method for better readability\n  Update PersonBuilder to avoid exceptions\n  Refactor EventTest to use List for participants and add tests for duplicate emails\n  Add duplicate checker with Person.email\n  Update Event participants from Set to List\n  Cleaned up commented code to merge\n  Update app icon dimensions\n  Fix build errors for PR\n  Fix build errors for PR\n  Fix build errors for PR\n  Add app icon and UI improvements\n","fileTypesAndContributionMap":{}},{"hash":"8c3d51e5eee5000132d67580a804174f9ffd767e","isMergeCommit":false,"messageTitle":"Add EventLinkCommand Class","messageBody":"Add and implement the EventLinkCommand Class to\nsupport the linking of contacts to events\n","fileTypesAndContributionMap":{"functional-code":{"insertions":96,"deletions":0}}},{"hash":"66c8615a6628a2f235c9e11f2d823a4bc701ca1e","isMergeCommit":false,"messageTitle":"Implement EventLinkCommandParser to parse event-related arguments","messageBody":"Currently, there is no dedicated parser to handle the arguments for\nthe `EventLinkCommand`, which makes it impossible to correctly\ninterpret and execute the command from user input.\n\nLet\u0027s Implement EventLinkCommandParser to extract and validate\nlinking-related fields such as eventId and contactId.\n","fileTypesAndContributionMap":{"functional-code":{"insertions":65,"deletions":1}}},{"hash":"f74964797e04ec5299d898173181a709a61c5160","isMergeCommit":false,"messageTitle":"Fix and refactor Event commands","messageBody":"The error messages for Event commands are\ncurrently unclear and potential misleading.\n\nThe private method `arePrefixMethod` in various\nclasses are also reused.\n\nLet\u0027s:\n- Edit error messages for clarity\n- Refactor the method `arePrefixMethod` by\nmoving it to the `ArgumentMultimap` class\n\nThis clears up the comments @CZX123\nmentioned in PR#60\n","fileTypesAndContributionMap":{"functional-code":{"insertions":13,"deletions":36}}}]},{"date":"2025-10-16T00:00:00","commitResults":[{"hash":"2f6f3be391224d151900af4afcb2f7f1f96fee00","isMergeCommit":false,"messageTitle":"Simplify Parsing Logic for Listing Contacts/Events","messageBody":"The `contact list` command currently does not support\nvalidation of user inputs.\n\nThe parsing logic for listing contacts and events can\nalso be simplified.\n\nLet\u0027s\n- Add parsing validation for `contact list` and edit\n`AddressBookParser` to support for this.\n- Simplify the logic for parsing the `list` command\n","fileTypesAndContributionMap":{"functional-code":{"insertions":31,"deletions":14}}},{"hash":"9bbe38bc91e22862ba7694e7340bb84d56f8bc13","isMergeCommit":false,"messageTitle":"Remove unnecessary imports","messageBody":"Co-authored-by: CZX \u003cCZX123@users.noreply.github.com\u003e","fileTypesAndContributionMap":{"functional-code":{"insertions":0,"deletions":1}}},{"hash":"4c7125fbedab80ad2dc0e6a884cda6e25c580555","isMergeCommit":false,"messageTitle":"Fix checkstyle","messageBody":"","fileTypesAndContributionMap":{"functional-code":{"insertions":3,"deletions":0}}},{"hash":"556c85c93cf19817142e44aefd0a589b6f2aad64","isMergeCommit":true,"messageTitle":"Merge branch \u0027master\u0027 into implement-event-commands","messageBody":"","fileTypesAndContributionMap":{}},{"hash":"a7c08b743aef1ddc30b934c0d351a02bb5119b85","isMergeCommit":false,"messageTitle":"Update `AddressBookParserTest` for List Command","messageBody":"","fileTypesAndContributionMap":{"test-code":{"insertions":3,"deletions":2}}},{"hash":"b1615ae4989fdf4c3dfffba9e91ad3a8f466f3b6","isMergeCommit":true,"messageTitle":"Merge pull request #60 from reven0n/implement-event-commands","messageBody":"Implement event commands such as `event list` and `event link`","fileTypesAndContributionMap":{}},{"hash":"83e3bb9e692b79295e069a6f9a86f25dee84c646","isMergeCommit":false,"messageTitle":"Fix `event add` Command","messageBody":"The previous implementation allowed for duplicate\narguments to be input by the user.\n\nLet\u0027s use the `verifyNoDuplicatePrefixesFor` method\nto check for duplicated arguments in the user input.\n","fileTypesAndContributionMap":{"functional-code":{"insertions":1,"deletions":0}}},{"hash":"6c2a2f79c8e1ac21dbae6ea6f93957aa8894b7f2","isMergeCommit":true,"messageTitle":"Merge pull request #68 from reven0n/bugs/fix-event-add-command","messageBody":"Fix `event add` Command","fileTypesAndContributionMap":{}}]}],"rizrn":[{"date":"2025-10-01T00:00:00","commitResults":[{"hash":"e3d75a23f3e887fcb85049a9f7a001a308e2dccb","isMergeCommit":true,"messageTitle":"Add Jason\u0027s photo (#19)","messageBody":"[#17] Add Jason photo","fileTypesAndContributionMap":{}},{"hash":"3c408b7b2480e28fa820c8da0abf17f9b246cfdb","isMergeCommit":false,"messageTitle":"Edit aboutus page","messageBody":"","fileTypesAndContributionMap":{"docs":{"insertions":5,"deletions":5}}},{"hash":"8dc3a85aa38d5aeff2e1edbcd526164b2b494521","isMergeCommit":false,"messageTitle":"Add rizrn portfolio","messageBody":"","fileTypesAndContributionMap":{"docs":{"insertions":46,"deletions":0}}},{"hash":"3eefb20f33e786bd7a6364c6422a06ef8469b298","isMergeCommit":false,"messageTitle":"Edit aboutus description","messageBody":"","fileTypesAndContributionMap":{"docs":{"insertions":2,"deletions":1}}},{"hash":"85aed7177312ba9f0f7d445bf31f9960eb240093","isMergeCommit":false,"messageTitle":"Edit aboutus description","messageBody":"","fileTypesAndContributionMap":{"docs":{"insertions":0,"deletions":1}}},{"hash":"b5bd8e4ca19400563f70a474e6a21dd6b4eec440","isMergeCommit":true,"messageTitle":"Add Jason aboutme (#23)","messageBody":"[#23] Add Jason aboutme","fileTypesAndContributionMap":{}}]},{"date":"2025-10-09T00:00:00","commitResults":[{"hash":"099e57e593147023af8090489adeaeba7310f679","isMergeCommit":false,"messageTitle":"Add EventName tests","messageBody":"","fileTypesAndContributionMap":{"test-code":{"insertions":84,"deletions":0}}},{"hash":"850d5994f3c7ff0255b13b41b0d8a891b206fff2","isMergeCommit":false,"messageTitle":"Add tests for EventDate","messageBody":"","fileTypesAndContributionMap":{"test-code":{"insertions":108,"deletions":2}}},{"hash":"4839c1a875ff0743a9fd62515fca5dd3801fefba","isMergeCommit":false,"messageTitle":"Fix checkstyle","messageBody":"","fileTypesAndContributionMap":{"test-code":{"insertions":9,"deletions":2}}},{"hash":"a7fe1ee65580e674788b7cb52572adbd4a6cfa8a","isMergeCommit":false,"messageTitle":"Fix checkstyle","messageBody":"","fileTypesAndContributionMap":{"test-code":{"insertions":1,"deletions":1}}},{"hash":"d02de6ebdf0080d4a898e3708741eeccf976ab96","isMergeCommit":false,"messageTitle":"Add Event Task","messageBody":"","fileTypesAndContributionMap":{"test-code":{"insertions":79,"deletions":3}}},{"hash":"a6013ed00fc6986246ffa51568823ec0066fa119","isMergeCommit":false,"messageTitle":"Add Event Test","messageBody":"","fileTypesAndContributionMap":{"test-code":{"insertions":0,"deletions":2}}},{"hash":"d6d33da6e49721943343e8f75b82267cb060c6b2","isMergeCommit":false,"messageTitle":"Fix Checkstyle","messageBody":"","fileTypesAndContributionMap":{"test-code":{"insertions":6,"deletions":4}}},{"hash":"e0623e57a9712ebb5b8b26fed413a155cf40b973","isMergeCommit":false,"messageTitle":"Fix Checkstyle","messageBody":"","fileTypesAndContributionMap":{"test-code":{"insertions":3,"deletions":4}}},{"hash":"4f4f2a4ff3a263988a37a1cddffb9ca1bcf6619c","isMergeCommit":false,"messageTitle":"Add Event tests","messageBody":"","fileTypesAndContributionMap":{"test-code":{"insertions":62,"deletions":0}}},{"hash":"419543d834a2798d1e6948fd4a135685ff4e6ac3","isMergeCommit":false,"messageTitle":"Add Event test","messageBody":"","fileTypesAndContributionMap":{"test-code":{"insertions":79,"deletions":14}}},{"hash":"b9dce7bc756b5c35724629a5d6277d49bdd162a3","isMergeCommit":false,"messageTitle":"Add comment","messageBody":"","fileTypesAndContributionMap":{"test-code":{"insertions":1,"deletions":1}}}]},{"date":"2025-10-10T00:00:00","commitResults":[{"hash":"0dd2ed15563ac04d6ccda6703d4f1376fb8b81eb","isMergeCommit":true,"messageTitle":"Merge pull request (#47)","messageBody":"[#43] Add Event Tests","fileTypesAndContributionMap":{}}]},{"date":"2025-10-15T00:00:00","commitResults":[{"hash":"05681c956cf1294556a7c3dde8af934ce2686c15","isMergeCommit":false,"messageTitle":"Add Typical Events","messageBody":"","fileTypesAndContributionMap":{"test-code":{"insertions":54,"deletions":0}}},{"hash":"58629af91fd6a50077b09ba8c732570a54098c5e","isMergeCommit":false,"messageTitle":"Add tests for UniqueEventList","messageBody":"","fileTypesAndContributionMap":{"test-code":{"insertions":171,"deletions":17}}},{"hash":"8d90e55b77cb59708a0ae6522adfed4d1becf7c5","isMergeCommit":true,"messageTitle":"Merge pull request #63 from rizrn/task-UniqueEventListTest","messageBody":"Add Test for UniqueEventList","fileTypesAndContributionMap":{}}]},{"date":"2025-10-16T00:00:00","commitResults":[{"hash":"bb1ddfaaf49db09a6577c041f238aa552bf9109a","isMergeCommit":false,"messageTitle":"Add tests for EventAddCommandParser","messageBody":"","fileTypesAndContributionMap":{"test-code":{"insertions":298,"deletions":216}}},{"hash":"de63dbec113216641e28d16eaca80ab2b8bbc077","isMergeCommit":true,"messageTitle":"Merge branch \u0027AY2526S1-CS2103T-F15b-2:master\u0027 into task-AddEventTest","messageBody":"","fileTypesAndContributionMap":{}},{"hash":"cbc1cdd710d13900a86ca96210022b1437b64d66","isMergeCommit":false,"messageTitle":"Update duplicate test","messageBody":"","fileTypesAndContributionMap":{"test-code":{"insertions":5,"deletions":2}}},{"hash":"97d2536fda06c2e18cce38072cae9e7cc6bed774","isMergeCommit":false,"messageTitle":"Add tests for adding events","messageBody":"","fileTypesAndContributionMap":{"test-code":{"insertions":241,"deletions":0}}},{"hash":"e0bf6c5a2a1ae3dcf8e7e55f6531269cafaf6cf1","isMergeCommit":false,"messageTitle":"Fix test bug","messageBody":"","fileTypesAndContributionMap":{"test-code":{"insertions":3,"deletions":3}}},{"hash":"63d56853e13c8ec4509cf415165ab503cb7b25de","isMergeCommit":false,"messageTitle":"Add new tests for Event","messageBody":"","fileTypesAndContributionMap":{"test-code":{"insertions":41,"deletions":0}}},{"hash":"9dd17298484f11aa1ce813e86928b280cdc85b1f","isMergeCommit":false,"messageTitle":"Add new typical event","messageBody":"","fileTypesAndContributionMap":{"test-code":{"insertions":4,"deletions":0}}},{"hash":"af6913ea6ab15d2e7088f3161cc2fb0a3887765d","isMergeCommit":false,"messageTitle":"Add more typical event","messageBody":"","fileTypesAndContributionMap":{"test-code":{"insertions":12,"deletions":0}}},{"hash":"4819e905a729e563d4fab9e1205476e10af7cfe9","isMergeCommit":false,"messageTitle":"Add Typical AddressBook with Event","messageBody":"","fileTypesAndContributionMap":{"test-code":{"insertions":38,"deletions":0}}},{"hash":"5e5538262db0ab47395f0a344f2e75e9dac75700","isMergeCommit":false,"messageTitle":"Add test for EventLinkCommand","messageBody":"","fileTypesAndContributionMap":{"test-code":{"insertions":54,"deletions":6}}},{"hash":"d498d89d8ecf01ee497f42cbd5fe74124743e207","isMergeCommit":false,"messageTitle":"Add EventListCommand test","messageBody":"","fileTypesAndContributionMap":{"functional-code":{"insertions":5,"deletions":0},"test-code":{"insertions":199,"deletions":24}}},{"hash":"42afc8a7a02ce2929b3bf7d97dabcf9ce97ccce0","isMergeCommit":true,"messageTitle":"Merge branch \u0027master\u0027 into task-AddEventTest","messageBody":"","fileTypesAndContributionMap":{}},{"hash":"59e4b57674cd708b20a6ebc64329ec9fb2b6e1ee","isMergeCommit":false,"messageTitle":"Fix checkstyle","messageBody":"","fileTypesAndContributionMap":{"test-code":{"insertions":38,"deletions":22}}},{"hash":"0e8295396597241781e724d2a1e1ec97b0d58709","isMergeCommit":true,"messageTitle":"Merge branch \u0027task-AddEventTest\u0027 of https://github.com/rizrn/tp into task-AddEventTest","messageBody":"","fileTypesAndContributionMap":{}},{"hash":"67d32e2a3636eede23f20007a516959c0be0c2fe","isMergeCommit":false,"messageTitle":"Fix merge conflict bug","messageBody":"","fileTypesAndContributionMap":{"test-code":{"insertions":29,"deletions":61}}},{"hash":"d680ba3e45d1f1afe98cf7c772fcecf846878163","isMergeCommit":false,"messageTitle":"Fix syntax","messageBody":"Co-authored-by: CZX \u003cCZX123@users.noreply.github.com\u003e","fileTypesAndContributionMap":{"test-code":{"insertions":1,"deletions":1}}},{"hash":"029b2511a2d9fd52cf60a6158838b1db4362d565","isMergeCommit":false,"messageTitle":"Add suggestion","messageBody":"","fileTypesAndContributionMap":{"test-code":{"insertions":16,"deletions":19}}},{"hash":"2f45417e86f63d5d131d7e6dc0f468ee943cbcd1","isMergeCommit":true,"messageTitle":"Merge branch \u0027task-AddEventTest\u0027 of https://github.com/rizrn/tp into task-AddEventTest","messageBody":"","fileTypesAndContributionMap":{}},{"hash":"a32e53cec3115d22f488beaf3780f2664f8f064d","isMergeCommit":true,"messageTitle":"Merge pull request #66 from rizrn/task-AddEventTest","messageBody":"[#54] Add tests for EventAddCommands","fileTypesAndContributionMap":{}}]},{"date":"2025-10-18T00:00:00","commitResults":[{"hash":"f9ad3c4ae622dce2e5d5973f174267903e2cbc62","isMergeCommit":false,"messageTitle":"Add ContactListParser test","messageBody":"","fileTypesAndContributionMap":{"functional-code":{"insertions":6,"deletions":0},"test-code":{"insertions":29,"deletions":0}}}]},{"date":"2025-10-19T00:00:00","commitResults":[{"hash":"18a71409663a206227160da65c5efa8ea586c716","isMergeCommit":false,"messageTitle":"Add ContactDeleteCommand test","messageBody":"","fileTypesAndContributionMap":{"test-code":{"insertions":21,"deletions":0}}}]},{"date":"2025-10-20T00:00:00","commitResults":[{"hash":"048ff06d1bf34f4e814b33aeb59572a8e026b11a","isMergeCommit":false,"messageTitle":"Rename method","messageBody":"Co-authored-by: CZX \u003cCZX123@users.noreply.github.com\u003e","fileTypesAndContributionMap":{"test-code":{"insertions":1,"deletions":1}}},{"hash":"75a12f6868367219cf58175e3dc6d005f3f1fa2d","isMergeCommit":true,"messageTitle":"Merge pull request #80","messageBody":"Add ContactListCommandParser test and others","fileTypesAndContributionMap":{}}]}],"asaiyume":[{"date":"2025-10-01T00:00:00","commitResults":[{"hash":"4dd2eeb941a43d2b774cd37cbd101baea01707c6","isMergeCommit":true,"messageTitle":"Add Darien\u0027s photo (#18)","messageBody":"","fileTypesAndContributionMap":{}},{"hash":"6032b5b9a107a7e8811b48d0424e919ee9432f3c","isMergeCommit":false,"messageTitle":"feat: Add Zibin\u0027s about","messageBody":"","fileTypesAndContributionMap":{"docs":{"insertions":65,"deletions":13}}},{"hash":"452b6f32f6edce57aa6b2abb7e6b0bba6d443bed","isMergeCommit":true,"messageTitle":"Merge branch \u0027AY2526S1-CS2103T-F15b-2:master\u0027 into feat/add-zibin-about","messageBody":"","fileTypesAndContributionMap":{}},{"hash":"65ee2df06a6ddfde844e393738a4d822acbdf6b9","isMergeCommit":true,"messageTitle":"Add Zibin\u0027s about page (#21)","messageBody":"","fileTypesAndContributionMap":{}}]},{"date":"2025-10-02T00:00:00","commitResults":[{"hash":"cdb927e8623ec854b4c4c150e3eb795b6ca29f2c","isMergeCommit":false,"messageTitle":"Update README.md to reflect project details for NUS Mailer Pro","messageBody":"","fileTypesAndContributionMap":{"docs":{"insertions":10,"deletions":11}}},{"hash":"e5d8ab841b0ccaf00bd1bf0081fcea2eaff1adc2","isMergeCommit":false,"messageTitle":"Refactor Developer Guide for improved formatting and clarity","messageBody":"","fileTypesAndContributionMap":{"docs":{"insertions":182,"deletions":81}}},{"hash":"be8a0d5d2d710656fb526dd81d6e91e24f6c4dbb","isMergeCommit":false,"messageTitle":"Update Developer Guide to reflect system name change to NUS Mailer Pro","messageBody":"","fileTypesAndContributionMap":{"docs":{"insertions":20,"deletions":20}}},{"hash":"754aeaa6c543dbebb386499335db0511bdc28a58","isMergeCommit":false,"messageTitle":"Update target user profile and value proposition in Developer Guide for enhanced clarity and focus on event organizers\u0027 needs","messageBody":"","fileTypesAndContributionMap":{"docs":{"insertions":3,"deletions":9}}},{"hash":"9b7962ec609bcc7f700c39a62ee3d870d4681e6c","isMergeCommit":true,"messageTitle":"Update README.md to reflect project details for NUS Mailer Pro (#31)","messageBody":"","fileTypesAndContributionMap":{}},{"hash":"8b48c5011ab195a3ed227fc58706d0d7d5562a15","isMergeCommit":true,"messageTitle":"Update GH Pages (#33)","messageBody":"","fileTypesAndContributionMap":{}}]},{"date":"2025-10-05T00:00:00","commitResults":[{"hash":"691a9b8fe05f2ce091ff1833c6c0feae14438c69","isMergeCommit":false,"messageTitle":"Add Event, EventDate, and EventName classes for event management functionality","messageBody":"","fileTypesAndContributionMap":{"functional-code":{"insertions":284,"deletions":0}}},{"hash":"02b4fe413c6e747a85be4ec0b7e615084f976053","isMergeCommit":false,"messageTitle":"Add exception classes for event management: DuplicateEventException, DuplicateParticipantException, and EventNotFoundException","messageBody":"","fileTypesAndContributionMap":{"functional-code":{"insertions":32,"deletions":3}}},{"hash":"4ed68f7fd4a1b63251d28e4988d2bde9f3045e5c","isMergeCommit":false,"messageTitle":"Implement event management in AddressBook with UniqueEventList and related methods","messageBody":"","fileTypesAndContributionMap":{"functional-code":{"insertions":211,"deletions":2}}},{"hash":"be4c51e399821ca871bfde6bc66ed1e59cb5a30a","isMergeCommit":false,"messageTitle":"Implement event management functionality in Model and ModelManager, including event addition, deletion, and filtering. Update ReadOnlyAddressBook and JsonSerializableAddressBook for event handling. Add JsonAdaptedEvent for JSON serialization of events.","messageBody":"","fileTypesAndContributionMap":{"functional-code":{"insertions":264,"deletions":3}}},{"hash":"42fc7551b841937b6400421e50bcf082b9b67cbf","isMergeCommit":false,"messageTitle":"Fix checkstyle for CICD","messageBody":"","fileTypesAndContributionMap":{"functional-code":{"insertions":2,"deletions":1}}},{"hash":"f0d42af1f1302fa72c932067a51f8e0114630330","isMergeCommit":false,"messageTitle":"Add event handling methods to AddressBookStub and update toString method for updated models","messageBody":"","fileTypesAndContributionMap":{"test-code":{"insertions":53,"deletions":1}}}]},{"date":"2025-10-06T00:00:00","commitResults":[{"hash":"eba371d9e5de93e1655af772c3c8413ee13d36ec","isMergeCommit":false,"messageTitle":"Refactor package to nusemp","messageBody":"","fileTypesAndContributionMap":{"other":{"insertions":812,"deletions":807}}},{"hash":"90e503c16c139262f0a6377d94bb2d1648cf06a7","isMergeCommit":false,"messageTitle":"Refactor build configs","messageBody":"","fileTypesAndContributionMap":{"other":{"insertions":1,"deletions":1},"docs":{"insertions":3,"deletions":3},"test-code":{"insertions":3,"deletions":3}}},{"hash":"c6f09c588518814c54fde772e2ff6ae0971737b4","isMergeCommit":false,"messageTitle":"Refactor imports for CICD","messageBody":"","fileTypesAndContributionMap":{"functional-code":{"insertions":229,"deletions":312},"test-code":{"insertions":309,"deletions":486}}},{"hash":"fbdc9dbf596d5182f2e21b145b1dafaf40a6d9b6","isMergeCommit":false,"messageTitle":"Refactor imports and wildcards according to checkstyleMain","messageBody":"","fileTypesAndContributionMap":{"functional-code":{"insertions":263,"deletions":216}}}]},{"date":"2025-10-07T00:00:00","commitResults":[{"hash":"64a062a503c1b78243728c0c09712e3a1570219f","isMergeCommit":false,"messageTitle":"Fix import based on checkstyleMain","messageBody":"","fileTypesAndContributionMap":{"functional-code":{"insertions":84,"deletions":56},"test-code":{"insertions":372,"deletions":277}}},{"hash":"2e7377916ed8b980e00f1d9520159c86fb5b074c","isMergeCommit":false,"messageTitle":"Update test imports based on checkstyleTest","messageBody":"","fileTypesAndContributionMap":{"test-code":{"insertions":135,"deletions":57}}}]},{"date":"2025-10-08T00:00:00","commitResults":[{"hash":"7fcfdcfb88b5adc144ec770dbf1791b7ca84aa2c","isMergeCommit":false,"messageTitle":"Refactor model classes to use Index for event and person retrieval, enhance equality checks in Event, and improve error messaging in JsonAdaptedEvent.","messageBody":"","fileTypesAndContributionMap":{"functional-code":{"insertions":23,"deletions":14},"test-code":{"insertions":7,"deletions":5}}},{"hash":"d25ed79ec6a670bab6be9aeca245bf6b48d6aefb","isMergeCommit":false,"messageTitle":"Update docs package names","messageBody":"Co-authored-by: CZX \u003cCZX123@users.noreply.github.com\u003e","fileTypesAndContributionMap":{"docs":{"insertions":3,"deletions":3}}},{"hash":"2d07d3e14ad1216ed88ecc5fe2374c2c23f7d369","isMergeCommit":false,"messageTitle":"Simplify FXML import in UiPartTest and ensure @FXML annotation is correctly recognized","messageBody":"","fileTypesAndContributionMap":{"test-code":{"insertions":3,"deletions":1}}},{"hash":"4a50f61549e4f847624516c0959a031f1511cb3b","isMergeCommit":false,"messageTitle":"Add missing line breaks in FXML files for improved readability","messageBody":"","fileTypesAndContributionMap":{"functional-code":{"insertions":8,"deletions":3}}},{"hash":"b54bbd3e09e7f68ae5e1ba83fdf3afb8738369bd","isMergeCommit":false,"messageTitle":"Refactor AddCommandTest and AddressBookTest to use ObservableList directly for improved readability and consistency","messageBody":"","fileTypesAndContributionMap":{"test-code":{"insertions":9,"deletions":9}}}]},{"date":"2025-10-09T00:00:00","commitResults":[{"hash":"bd472b21a0c25d3dda9cf8c12bf507f4d0a8106a","isMergeCommit":true,"messageTitle":"Add Event abstractions \u0026 refactor package names (#40)","messageBody":"","fileTypesAndContributionMap":{}},{"hash":"a65868877cd07c81d1bc7f788c07ac2c8fafe53f","isMergeCommit":false,"messageTitle":"Rename test method for clarity and update assertions","messageBody":"","fileTypesAndContributionMap":{"test-code":{"insertions":2,"deletions":2}}}]},{"date":"2025-10-14T00:00:00","commitResults":[{"hash":"5343fbbafddc36abf7c4dbb492d15fc2fbde850c","isMergeCommit":false,"messageTitle":"Update Event participants from Set to List","messageBody":"","fileTypesAndContributionMap":{"functional-code":{"insertions":11,"deletions":13}}},{"hash":"5493c2f282629a05620013ca44816e6d65f1823c","isMergeCommit":false,"messageTitle":"Add duplicate checker with Person.email","messageBody":"","fileTypesAndContributionMap":{"functional-code":{"insertions":31,"deletions":0}}},{"hash":"272c0e47cf8a7475ab902fcb8556c4e9c26ebc3a","isMergeCommit":false,"messageTitle":"Refactor EventTest to use List for participants and add tests for duplicate emails","messageBody":"","fileTypesAndContributionMap":{"test-code":{"insertions":48,"deletions":15}}},{"hash":"652525b90a20641bba7b17ba5bd23ebc0fda9a19","isMergeCommit":false,"messageTitle":"Update PersonBuilder to avoid exceptions","messageBody":"","fileTypesAndContributionMap":{"test-code":{"insertions":5,"deletions":5}}},{"hash":"6b6bc6c2a412f61cfc0f60b25f5300b4d4a7dd19","isMergeCommit":false,"messageTitle":"Format code for createParticipantList method for better readability","messageBody":"","fileTypesAndContributionMap":{"test-code":{"insertions":2,"deletions":1}}},{"hash":"d3f3b03b8cdadf0c579c6e8e2e4ea9d3ff0305de","isMergeCommit":false,"messageTitle":"Fix indentation in createParticipantList method for consistency","messageBody":"","fileTypesAndContributionMap":{"test-code":{"insertions":1,"deletions":1}}},{"hash":"2947431be3b35b5665794599e8bf226e0a2f66b5","isMergeCommit":true,"messageTitle":"Update Event Participants from Set to ArrayList (#59)","messageBody":"","fileTypesAndContributionMap":{}}]},{"date":"2025-10-17T00:00:00","commitResults":[{"hash":"a29e68d7fa7cba6496b4b8946e59592cfc5db989","isMergeCommit":false,"messageTitle":"Update User Guide with correct information and complete event documentation","messageBody":"- Fix JAR filename reference from nus-emp.jar to addressbook.jar to match build.gradle\n- Add complete Event command documentation section with proper formats and examples\n- Update Event command summary table with Add, List, and Link commands\n- Fix branding inconsistencies (AddressBook -\u003e NUS EMP references)\n- Update data storage file name from addressbook.json to nus-emp.json\n- Update download link to point to correct repository releases\n","fileTypesAndContributionMap":{"docs":{"insertions":38,"deletions":8}}},{"hash":"9b73b0a69d48648c44f270107461bf1636adae2e","isMergeCommit":false,"messageTitle":"Update jar file name in build.gradle and user guide","messageBody":"","fileTypesAndContributionMap":{"other":{"insertions":1,"deletions":1},"docs":{"insertions":1,"deletions":1}}},{"hash":"3612dd76f216a572357f9b53a2487986d7a7c82f","isMergeCommit":false,"messageTitle":"Update documentation links and references to reflect the new repository structure","messageBody":"","fileTypesAndContributionMap":{"docs":{"insertions":24,"deletions":23}}}]},{"date":"2025-10-20T00:00:00","commitResults":[{"hash":"e6d924c77f903a6b8a637bd4ebbf003234ca1658","isMergeCommit":true,"messageTitle":"Merge branch \u0027master\u0027 into chore/update-ug","messageBody":"","fileTypesAndContributionMap":{}},{"hash":"b735843da4357ad6833734bec9bd8dc58a574bef","isMergeCommit":true,"messageTitle":"Update UG (#78)","messageBody":"Noted issues mentioned #89","fileTypesAndContributionMap":{}}]}],"CZX123":[{"date":"2025-09-21T00:00:00","commitResults":[{"hash":"6fe00f279e5c44f87a3401786e3b99ed078d9dca","isMergeCommit":false,"messageTitle":"Update docs \u0026 MarkBind action","messageBody":"","fileTypesAndContributionMap":{"other":{"insertions":4,"deletions":1},"docs":{"insertions":1,"deletions":1}}},{"hash":"e203f945f6b3fc28186cb994bb85640b05d96c0f","isMergeCommit":true,"messageTitle":"Update docs \u0026 MarkBind action (#2)","messageBody":"","fileTypesAndContributionMap":{}}]},{"date":"2025-10-01T00:00:00","commitResults":[{"hash":"25820e94a0f673a0d46af7877338149fe7c538b7","isMergeCommit":false,"messageTitle":"Add Zhouxuan\u0027s details to team page","messageBody":"","fileTypesAndContributionMap":{"docs":{"insertions":52,"deletions":6}}},{"hash":"7058ce786b3f5bdc4e21c0481d7941bb5ddeade4","isMergeCommit":false,"messageTitle":"Edit Zhouxuan\u0027s portfolio page","messageBody":"","fileTypesAndContributionMap":{"docs":{"insertions":1,"deletions":1}}},{"hash":"b13036e33345f9304ee715d0471e1fcde37a4e36","isMergeCommit":true,"messageTitle":"Merge branch \u0027master\u0027 into 5-update-about-us","messageBody":"","fileTypesAndContributionMap":{}},{"hash":"89d6df4d81f3b66f0fa1407ac50195ca0ed51084","isMergeCommit":true,"messageTitle":"Merge remote-tracking branch \u0027origin/5-update-about-us\u0027 into 5-update-about-us","messageBody":"","fileTypesAndContributionMap":{}},{"hash":"113d7ad7e35def34d3dc7d4d6ded652a95495b39","isMergeCommit":true,"messageTitle":"Add Zhouxuan\u0027s about page (#25)","messageBody":"","fileTypesAndContributionMap":{}}]},{"date":"2025-10-03T00:00:00","commitResults":[{"hash":"bd5778755016665e7a1315d26441ef2d5286600b","isMergeCommit":false,"messageTitle":"Update use cases","messageBody":"","fileTypesAndContributionMap":{"docs":{"insertions":95,"deletions":42}}},{"hash":"c214ac8898de802fea27a987d4dd884103f06ac3","isMergeCommit":false,"messageTitle":"Update use cases based on PR comments","messageBody":"","fileTypesAndContributionMap":{"docs":{"insertions":6,"deletions":2}}},{"hash":"975153a597407d478c6f52c1b0497ae043443550","isMergeCommit":false,"messageTitle":"Update NFRs","messageBody":"","fileTypesAndContributionMap":{"docs":{"insertions":40,"deletions":12}}}]},{"date":"2025-10-04T00:00:00","commitResults":[{"hash":"8ed412e0878bd6aa42608cea046b0d2fc27433f1","isMergeCommit":false,"messageTitle":"Add more NFRs and glossary","messageBody":"","fileTypesAndContributionMap":{"docs":{"insertions":44,"deletions":10}}},{"hash":"56c84c5f13030165a81f012cabec753466757f5b","isMergeCommit":false,"messageTitle":"Rename NUS Mailer Pro to NUS Event Mailer Pro","messageBody":"","fileTypesAndContributionMap":{"docs":{"insertions":2,"deletions":2}}},{"hash":"53474ebcd645c83bccb12c112611d504a87f99ab","isMergeCommit":false,"messageTitle":"Rename all AB3 mentions to NUS Event Mailer Pro","messageBody":"","fileTypesAndContributionMap":{"docs":{"insertions":18,"deletions":18}}}]},{"date":"2025-10-06T00:00:00","commitResults":[{"hash":"2fe3b58e7f4c4415866b3ed0221c145a170bfecc","isMergeCommit":false,"messageTitle":"Add NFRs and AI declaration","messageBody":"","fileTypesAndContributionMap":{"docs":{"insertions":19,"deletions":1}}},{"hash":"0d6128ab5674360fafde16858961e6d88536027f","isMergeCommit":true,"messageTitle":"Improve developer guide (#39)","messageBody":"- Apply consistent formatting\n- Remove all AB3 mentions\n- Add acknowledgements for AB3 and AI\n- Update use cases\n- Update NFRs\n- Update glossary","fileTypesAndContributionMap":{}}]},{"date":"2025-10-08T00:00:00","commitResults":[{"hash":"6b18e69995faccc91e2bc6b1cc59537f26136fe1","isMergeCommit":true,"messageTitle":"Merge branch \u0027master\u0027 into feat/event-abstractions","messageBody":"","fileTypesAndContributionMap":{}}]},{"date":"2025-10-09T00:00:00","commitResults":[{"hash":"11346f8c94f7999a747acc4d4bb905ded3b91c8f","isMergeCommit":false,"messageTitle":"Update command format to require command type","messageBody":"","fileTypesAndContributionMap":{"functional-code":{"insertions":79,"deletions":22},"other":{"insertions":10,"deletions":10},"test-code":{"insertions":43,"deletions":25}}},{"hash":"550dcab9b5f4e73409e81d5c43dc749f00e44600","isMergeCommit":false,"messageTitle":"Update argument format","messageBody":"","fileTypesAndContributionMap":{"functional-code":{"insertions":6,"deletions":6}}},{"hash":"fd4e705b47c431aa3d6b8ce26b31f8aa9010ca32","isMergeCommit":false,"messageTitle":"Rename commands","messageBody":"","fileTypesAndContributionMap":{"functional-code":{"insertions":69,"deletions":66},"other":{"insertions":163,"deletions":167},"test-code":{"insertions":42,"deletions":49}}},{"hash":"c27aa08c246494e938017260d75342fbd4dfc08e","isMergeCommit":false,"messageTitle":"Rename command parsers","messageBody":"","fileTypesAndContributionMap":{"functional-code":{"insertions":4,"deletions":4},"other":{"insertions":4,"deletions":4},"test-code":{"insertions":5,"deletions":5}}},{"hash":"f5bf91e43e037f6dfc0d7929b89f6a469d6a8871","isMergeCommit":false,"messageTitle":"Change prefixes and update tests","messageBody":"","fileTypesAndContributionMap":{"functional-code":{"insertions":47,"deletions":29},"other":{"insertions":4,"deletions":4},"test-code":{"insertions":33,"deletions":23}}},{"hash":"4a76848cfbc42b03c1236b928237d4cc29757775","isMergeCommit":false,"messageTitle":"Update command message usage","messageBody":"","fileTypesAndContributionMap":{"functional-code":{"insertions":29,"deletions":26}}},{"hash":"5f61bfed9e685c2d4e7ce5d84b467a4dd173f42e","isMergeCommit":false,"messageTitle":"Fix checkstyle issues","messageBody":"","fileTypesAndContributionMap":{"test-code":{"insertions":0,"deletions":2}}},{"hash":"2db07fc45a13681c353ae2d2e7aece3f4cab077a","isMergeCommit":true,"messageTitle":"Change command format (#45)","messageBody":"","fileTypesAndContributionMap":{}}]},{"date":"2025-10-15T00:00:00","commitResults":[{"hash":"0c576d71797ecaa487360360e7cf0ef6c226bbfc","isMergeCommit":false,"messageTitle":"Remove contact clear command","messageBody":"","fileTypesAndContributionMap":{"functional-code":{"insertions":0,"deletions":27},"test-code":{"insertions":1,"deletions":42}}},{"hash":"3c99075342787215d9ec8877459aeb810522f403","isMergeCommit":false,"messageTitle":"Standardize contact commands usage messages","messageBody":"","fileTypesAndContributionMap":{"functional-code":{"insertions":20,"deletions":17},"test-code":{"insertions":7,"deletions":5}}},{"hash":"19cfaea675366228b1925cab257d9c9b122272d3","isMergeCommit":false,"messageTitle":"Change primary key for Person to email field","messageBody":"","fileTypesAndContributionMap":{"functional-code":{"insertions":10,"deletions":3},"test-code":{"insertions":8,"deletions":14}}},{"hash":"00d321a4fea7334a8e6b21dbf02e9b25cf64221d","isMergeCommit":false,"messageTitle":"Move email field in Person in front of other fields","messageBody":"","fileTypesAndContributionMap":{"functional-code":{"insertions":31,"deletions":31},"test-code":{"insertions":3,"deletions":3}}}]},{"date":"2025-10-16T00:00:00","commitResults":[{"hash":"2951ced005f678808e5a310f0d6c7366a27a5616","isMergeCommit":false,"messageTitle":"Apply suggestions from code review","messageBody":"","fileTypesAndContributionMap":{"functional-code":{"insertions":3,"deletions":3}}},{"hash":"7e13119de14343f58ceff9836eb9d04603ef99db","isMergeCommit":false,"messageTitle":"Make phone and address fields optional","messageBody":"","fileTypesAndContributionMap":{"functional-code":{"insertions":96,"deletions":52},"test-code":{"insertions":83,"deletions":105}}},{"hash":"cacfa4013de62bed023037dc2323a59c74035380","isMergeCommit":true,"messageTitle":"Merge branch \u0027master\u0027 into 46-enhance-contact","messageBody":"","fileTypesAndContributionMap":{}},{"hash":"af2503ee33895839ce44f4920758c9badd94669b","isMergeCommit":false,"messageTitle":"Standardize name validity constraints","messageBody":"","fileTypesAndContributionMap":{"functional-code":{"insertions":3,"deletions":4},"test-code":{"insertions":8,"deletions":6}}},{"hash":"a45b9e97a018ddfcd0ae899c9731e78c2500ba36","isMergeCommit":false,"messageTitle":"Standardize success and error messages","messageBody":"","fileTypesAndContributionMap":{"functional-code":{"insertions":14,"deletions":12},"test-code":{"insertions":8,"deletions":2}}},{"hash":"dc8f17f6f8847d75ffd099309dbbe9ebade6d1dc","isMergeCommit":false,"messageTitle":"Fix tests and checkstyle","messageBody":"","fileTypesAndContributionMap":{"functional-code":{"insertions":0,"deletions":1},"test-code":{"insertions":4,"deletions":2}}},{"hash":"d5fe3b094435eb09a32c8fd574fcc7b90beabe4b","isMergeCommit":false,"messageTitle":"Add tests","messageBody":"","fileTypesAndContributionMap":{"test-code":{"insertions":64,"deletions":0}}},{"hash":"39851d4f13dc917cca9231050198ae35128ab38a","isMergeCommit":true,"messageTitle":"Merge branch \u0027master\u0027 into 46-enhance-contact","messageBody":"","fileTypesAndContributionMap":{}},{"hash":"8e56f23ceecea5027d141e4a2f833f0603a0252c","isMergeCommit":false,"messageTitle":"Fix issues in code review","messageBody":"","fileTypesAndContributionMap":{"functional-code":{"insertions":3,"deletions":3}}},{"hash":"8c4d4008c527cf013843f13735408b876c35d438","isMergeCommit":true,"messageTitle":"Merge remote-tracking branch \u0027origin/46-enhance-contact\u0027 into 46-enhance-contact","messageBody":"","fileTypesAndContributionMap":{}},{"hash":"ca8b1a14edfb8a0cd61b1ef75725d9ced59d50ff","isMergeCommit":false,"messageTitle":"Remove unneeded validation regex for Person\u0027s name","messageBody":"","fileTypesAndContributionMap":{"functional-code":{"insertions":0,"deletions":6}}},{"hash":"8e0de80b83e730b9d883c68b54606ccaf7bb0179","isMergeCommit":false,"messageTitle":"Revert use of null in Phone and Address","messageBody":"","fileTypesAndContributionMap":{"functional-code":{"insertions":43,"deletions":28},"test-code":{"insertions":10,"deletions":8}}},{"hash":"aa546dd4b93ce77ae0580dc8f85eb0528b7ba324","isMergeCommit":false,"messageTitle":"Update sample commands and command format sections","messageBody":"","fileTypesAndContributionMap":{"docs":{"insertions":16,"deletions":12}}},{"hash":"b2c56afa307f053ca25229f64970ca9565f3b53e","isMergeCommit":false,"messageTitle":"Update contact command features","messageBody":"","fileTypesAndContributionMap":{"docs":{"insertions":65,"deletions":53}}},{"hash":"5a0f9208e754e99bc47601d432305c7a1179c446","isMergeCommit":false,"messageTitle":"Update command summary","messageBody":"","fileTypesAndContributionMap":{"docs":{"insertions":22,"deletions":10}}},{"hash":"d952f0c49926ced5598669138141cb9e122242dc","isMergeCommit":false,"messageTitle":"Update UG structure","messageBody":"","fileTypesAndContributionMap":{"docs":{"insertions":8,"deletions":7}}},{"hash":"9e1f06a0f676c70cc91f353984734c9cf83fa4ee","isMergeCommit":true,"messageTitle":"Enhance contact commands (#62)","messageBody":"","fileTypesAndContributionMap":{}},{"hash":"a32fee0cbef27ece86aa7ea0135d03dfe408b0a6","isMergeCommit":false,"messageTitle":"Remove contact from events when contact is deleted","messageBody":"","fileTypesAndContributionMap":{"functional-code":{"insertions":15,"deletions":0}}},{"hash":"158d2811ce5ff56ad2f6a8a4c73016c2b5f3e66b","isMergeCommit":false,"messageTitle":"Update UG description","messageBody":"","fileTypesAndContributionMap":{"docs":{"insertions":1,"deletions":1}}},{"hash":"c9664c52983e0bab655148657a13a1096b3c8794","isMergeCommit":true,"messageTitle":"Remove contact from events when contact is deleted (#75)","messageBody":"","fileTypesAndContributionMap":{}},{"hash":"13a562d2a13ebb3fb52cc1a6d65d42ced1f542a4","isMergeCommit":true,"messageTitle":"Merge branch \u0027master\u0027 into task-AddEventTest","messageBody":"","fileTypesAndContributionMap":{}},{"hash":"e8c62cd98fdb1f3b8e1808b9781ec18122b07356","isMergeCommit":false,"messageTitle":"Add space after comment slash","messageBody":"","fileTypesAndContributionMap":{"test-code":{"insertions":1,"deletions":1}}},{"hash":"744057464926de148a78e603709a1d156dbc1abd","isMergeCommit":true,"messageTitle":"Merge branch \u0027master\u0027 into 72-update-ug-contact","messageBody":"","fileTypesAndContributionMap":{}},{"hash":"aad29ab4bf9ab64a93abad558520186e6fa989d6","isMergeCommit":true,"messageTitle":"Update user guide for contact commands (#73)","messageBody":"","fileTypesAndContributionMap":{}},{"hash":"fa964d275765a8cdaf174977781a91b62c0223e6","isMergeCommit":false,"messageTitle":"Update version number","messageBody":"","fileTypesAndContributionMap":{"functional-code":{"insertions":1,"deletions":1}}},{"hash":"fd31b055761c3d13ca264029a47e2ef04a21fac8","isMergeCommit":true,"messageTitle":"Prepare for release (#76)","messageBody":"","tags":["v1.3"],"fileTypesAndContributionMap":{}}]},{"date":"2025-10-19T00:00:00","commitResults":[{"hash":"0e7f72035398f0fd1ebeebb286f1f50aae69f794","isMergeCommit":false,"messageTitle":"Rename AddressBook to AppData and Person to Contact","messageBody":"","fileTypesAndContributionMap":{"functional-code":{"insertions":1073,"deletions":1106},"other":{"insertions":212,"deletions":212},"docs":{"insertions":14,"deletions":14},"test-code":{"insertions":1152,"deletions":1150}}},{"hash":"8dcf35c805ae9a799002b92d967cec230bb28b51","isMergeCommit":false,"messageTitle":"Revert unintended renaming","messageBody":"","fileTypesAndContributionMap":{"docs":{"insertions":16,"deletions":16}}},{"hash":"0808cdff523d96831894978527989f5c7895b357","isMergeCommit":false,"messageTitle":"Fix checkstyle issues","messageBody":"","fileTypesAndContributionMap":{"functional-code":{"insertions":5,"deletions":4},"test-code":{"insertions":3,"deletions":3}}},{"hash":"a2264d533479d64ccb0957d4e9f229f11066e654","isMergeCommit":false,"messageTitle":"Revert docs changes","messageBody":"","fileTypesAndContributionMap":{"docs":{"insertions":26,"deletions":26}}},{"hash":"8563962b390058aab238ed4d2af33dd8cfc42a68","isMergeCommit":false,"messageTitle":"Revert use case formatting","messageBody":"","fileTypesAndContributionMap":{"docs":{"insertions":23,"deletions":23}}},{"hash":"717aab6ed80bf5e38a949306a792f975cebcb968","isMergeCommit":false,"messageTitle":"Separate javafx imports from application imports","messageBody":"","fileTypesAndContributionMap":{"functional-code":{"insertions":21,"deletions":0},"other":{"insertions":4,"deletions":4},"test-code":{"insertions":4,"deletions":0}}},{"hash":"af708bd453623e280c8fedf9c20776164fb96fd9","isMergeCommit":false,"messageTitle":"Update logger message","messageBody":"","fileTypesAndContributionMap":{"functional-code":{"insertions":1,"deletions":1}}}]},{"date":"2025-10-20T00:00:00","commitResults":[{"hash":"419f99d9222048e2b9893a26d0dfce1e52a7224b","isMergeCommit":false,"messageTitle":"Separate contact and event commands \u0026 parsers into packages","messageBody":"","fileTypesAndContributionMap":{"functional-code":{"insertions":16,"deletions":8},"other":{"insertions":74,"deletions":25},"test-code":{"insertions":41,"deletions":22}}},{"hash":"d30596c4206feb0f62faeea6eb9ea149005ed40a","isMergeCommit":false,"messageTitle":"Rename RootParser to AppParser","messageBody":"","fileTypesAndContributionMap":{"functional-code":{"insertions":4,"deletions":4},"other":{"insertions":5,"deletions":5}}},{"hash":"c79acefeaf8c5d20683da1bff282310a69e862ed","isMergeCommit":true,"messageTitle":"Merge branch \u0027master\u0027 into 69-refactor","messageBody":"# Conflicts:\n#\tsrc/test/java/nusemp/logic/commands/ContactDeleteCommandTest.java\n","fileTypesAndContributionMap":{}},{"hash":"238bd203043cd598baf660b6f6506e2b7d55816b","isMergeCommit":false,"messageTitle":"Update name of JSON file","messageBody":"","fileTypesAndContributionMap":{"docs":{"insertions":1,"deletions":1}}},{"hash":"7212be6f0d7f70f4b69e78763f838acd128de889","isMergeCommit":true,"messageTitle":"Merge branch \u0027master\u0027 into chore/update-ug","messageBody":"","fileTypesAndContributionMap":{}},{"hash":"1ddbd315d3126ab27b7229425cf3bbc7f1e01be1","isMergeCommit":false,"messageTitle":"Fix ContactListCommandParserTest","messageBody":"","fileTypesAndContributionMap":{"test-code":{"insertions":3,"deletions":2}}},{"hash":"283d567508253d9e25cfea7fd64bb41f83a122cc","isMergeCommit":true,"messageTitle":"Refactor class names (#82)","messageBody":"","fileTypesAndContributionMap":{}}]}]},"authorFileTypeContributionMap":{"ywijie":{"docs":48,"functional-code":479,"test-code":0},"reven0n":{"docs":6,"functional-code":420,"test-code":2},"rizrn":{"docs":50,"functional-code":11,"test-code":1365},"asaiyume":{"docs":250,"functional-code":961,"test-code":368,"other":1},"CZX123":{"docs":346,"functional-code":1538,"test-code":1544,"other":9}},"authorContributionVariance":{"ywijie":7638.327,"reven0n":2853.202,"rizrn":60128.05,"asaiyume":393898.5,"CZX123":813042.9},"authorDisplayNameMap":{"ywijie":"CS2103T-F15b-2 LIM .. JIE","reven0n":"CS2103T-F15b-2 DARI.. HAO","rizrn":"CS2103T-F15b-2 JASO.. LIM","asaiyume":"CS2103T-F15b-2 LI Z..IBIN","CZX123":"CS2103T-F15b-2 CAI ..XUAN"}}
