{"authorDailyContributionsMap":{"gunawanjoseph":[{"date":"2025-10-01T00:00:00","commitResults":[{"hash":"50e63a3fe5b8f3f203150c3996ad34971e5e2b83","isMergeCommit":false,"messageTitle":"Add Joseph\u0027s photo","messageBody":"","fileTypesAndContributionMap":{"functional-code":{"insertions":16,"deletions":0}}},{"hash":"5f006b210ed991bf66b1dc0ebc598ea258634189","isMergeCommit":false,"messageTitle":"Add Joseph\u0027s photo","messageBody":"","fileTypesAndContributionMap":{"functional-code":{"insertions":0,"deletions":16}}},{"hash":"25a7135249a8c13214fa474305522b0a8a7c47fe","isMergeCommit":false,"messageTitle":"Add Joseph\u0027s photo to AboutUs page","messageBody":"","fileTypesAndContributionMap":{"functional-code":{"insertions":0,"deletions":16},"docs":{"insertions":2,"deletions":50}}},{"hash":"108cd376da3a3b06bc4e10a1a316ea975a581e59","isMergeCommit":false,"messageTitle":"Add Joseph\u0027s photo to AboutUs page","messageBody":"","fileTypesAndContributionMap":{"docs":{"insertions":1,"deletions":1}}},{"hash":"af483d93fcc00244bc9aa37116003b3e349fc6be","isMergeCommit":false,"messageTitle":"Update AboutUs.md","messageBody":"","fileTypesAndContributionMap":{"docs":{"insertions":1,"deletions":1}}},{"hash":"8f088c60c4d35c696cbfc208d7c6253e872f5d4f","isMergeCommit":false,"messageTitle":"Fix gunawanjoseph.png","messageBody":"","fileTypesAndContributionMap":{"docs":{"insertions":50,"deletions":2}}},{"hash":"bf7b32e2fe9cf8850ad5f19c2259715f84b969f0","isMergeCommit":false,"messageTitle":"Fix AboutUs.md","messageBody":"","fileTypesAndContributionMap":{"docs":{"insertions":5,"deletions":5}}}]},{"date":"2025-10-04T00:00:00","commitResults":[{"hash":"48bc584f94299b8508888155ca86fe73bfb1baa8","isMergeCommit":true,"messageTitle":"Merge pull request #36 from gunawanjoseph/update-ui-branch","messageBody":"Update Ui.png","fileTypesAndContributionMap":{}}]},{"date":"2025-10-05T00:00:00","commitResults":[{"hash":"5d173b7dd37fa7c9a87433d9a6c3b9a405be4639","isMergeCommit":true,"messageTitle":"Merge pull request #34 from wangyuanchi/update-readme-and-system-wide-settings","messageBody":"Update readme and system wide settings","fileTypesAndContributionMap":{}}]},{"date":"2025-10-08T00:00:00","commitResults":[{"hash":"e6b9b44e03ad315353eb9eec770dcc2f19492693","isMergeCommit":false,"messageTitle":"Remove the ability to create lessons through creating a student","messageBody":"","fileTypesAndContributionMap":{"functional-code":{"insertions":21,"deletions":14}}},{"hash":"55db35c638cdac7333cacc08f621132c5f7525ea","isMergeCommit":false,"messageTitle":"Fix CliSyntax","messageBody":"","fileTypesAndContributionMap":{"functional-code":{"insertions":2,"deletions":2}}}]},{"date":"2025-10-14T00:00:00","commitResults":[{"hash":"8cd24adad6d0d863af3389f9c96c10c2aef27b0e","isMergeCommit":false,"messageTitle":"Add LessonCard.java","messageBody":"","fileTypesAndContributionMap":{"functional-code":{"insertions":0,"deletions":0}}},{"hash":"512a96f5a7ce3f683b76ce98351492edc81cc750","isMergeCommit":false,"messageTitle":"Add LessonListPanel.java","messageBody":"","fileTypesAndContributionMap":{"functional-code":{"insertions":50,"deletions":0}}},{"hash":"98571c48300665e371671e589ebeafe454dae127","isMergeCommit":false,"messageTitle":"Add LessonListCard.fxml","messageBody":"","fileTypesAndContributionMap":{"functional-code":{"insertions":0,"deletions":0}}},{"hash":"f4d4f154d3f752592ea7c98afc018e32cb33252d","isMergeCommit":false,"messageTitle":"Add LessonListPanel.fxml","messageBody":"","fileTypesAndContributionMap":{"functional-code":{"insertions":0,"deletions":0}}},{"hash":"9081a347b243d37f2502cfc13179e914b6cddd82","isMergeCommit":false,"messageTitle":"Fix bugs","messageBody":"","fileTypesAndContributionMap":{"functional-code":{"insertions":2,"deletions":2}}},{"hash":"ddeb9e0eabf5831a8fb99516ebb997e4dbc0acf9","isMergeCommit":false,"messageTitle":"Fix additional bugs","messageBody":"","fileTypesAndContributionMap":{"functional-code":{"insertions":129,"deletions":4}}}]},{"date":"2025-10-15T00:00:00","commitResults":[{"hash":"44a5cbe09bfaba588fd1904a00d074d67a71a201","isMergeCommit":false,"messageTitle":"Add ListLessonCommand.java","messageBody":"","fileTypesAndContributionMap":{"functional-code":{"insertions":26,"deletions":2}}},{"hash":"c4344f32d8d414be5f30f087119c805306c8916c","isMergeCommit":false,"messageTitle":"Show lessons with listlesson command","messageBody":"","fileTypesAndContributionMap":{"functional-code":{"insertions":57,"deletions":10}}},{"hash":"d0589a52d567741ce626cce6903497bbb07a45ea","isMergeCommit":false,"messageTitle":"Fix bugs","messageBody":"","fileTypesAndContributionMap":{"functional-code":{"insertions":27,"deletions":20}}},{"hash":"6c8395c5175846534af22b168f05dc1e61d8f8bd","isMergeCommit":false,"messageTitle":"Fix checkstyle","messageBody":"","fileTypesAndContributionMap":{"functional-code":{"insertions":9,"deletions":8}}},{"hash":"d5058280032808ea2b64b913f93fd7ebd8eed4e1","isMergeCommit":false,"messageTitle":"Fix bugs and format LessonCard layout","messageBody":"","fileTypesAndContributionMap":{"functional-code":{"insertions":32,"deletions":20}}},{"hash":"8ae7f9114a892a68852b3ffe6d3a6c61a10dd514","isMergeCommit":false,"messageTitle":"Add tests","messageBody":"","fileTypesAndContributionMap":{"functional-code":{"insertions":0,"deletions":2},"test-code":{"insertions":67,"deletions":0}}},{"hash":"d415ea0fc972d5981281ececd1b29667758cf265","isMergeCommit":false,"messageTitle":"Add LessonCardTest.java","messageBody":"","fileTypesAndContributionMap":{"functional-code":{"insertions":0,"deletions":4},"test-code":{"insertions":0,"deletions":0}}},{"hash":"f369cfabdae2b6bb474500be21a2fd721c1f21e8","isMergeCommit":false,"messageTitle":"Add LessonListPanelTest.java and fix LessonCardTest.java","messageBody":"","fileTypesAndContributionMap":{"test-code":{"insertions":189,"deletions":0}}},{"hash":"8401c2af4921f0ed14a5a9e25a61d4e22d016e5e","isMergeCommit":false,"messageTitle":"Complete GUI tests","messageBody":"","fileTypesAndContributionMap":{"test-code":{"insertions":316,"deletions":137}}},{"hash":"eb983bf9a6111bd5d4cd80fa3faa77e3e23cc8cb","isMergeCommit":false,"messageTitle":"Complete all tests","messageBody":"","fileTypesAndContributionMap":{"test-code":{"insertions":121,"deletions":0}}},{"hash":"91da525e73c66f8a42ebf5042258db0259ca1d08","isMergeCommit":false,"messageTitle":"Remove GUI tests","messageBody":"","fileTypesAndContributionMap":{"test-code":{"insertions":0,"deletions":368}}}]},{"date":"2025-10-20T00:00:00","commitResults":[{"hash":"18ad0b00f13b9614bc2755813aec54fa682ec189","isMergeCommit":false,"messageTitle":"Refactor FindCommand to FindStudentCommand","messageBody":"","fileTypesAndContributionMap":{"other":{"insertions":1,"deletions":1}}},{"hash":"597a3e33336156e956d3701300a90837ad5c252e","isMergeCommit":false,"messageTitle":"Fix bugs and checkstyle","messageBody":"","fileTypesAndContributionMap":{"functional-code":{"insertions":7,"deletions":7},"other":{"insertions":21,"deletions":20},"test-code":{"insertions":4,"deletions":4}}},{"hash":"5510189771fc90892b3941696e05f0b152aef559","isMergeCommit":false,"messageTitle":"Implement FindLessonCommand","messageBody":"","fileTypesAndContributionMap":{"functional-code":{"insertions":106,"deletions":0}}},{"hash":"dec57e0e299cfc173de00055166169edb04cfd2c","isMergeCommit":false,"messageTitle":"Implement FindLessonCommandTest.java","messageBody":"","fileTypesAndContributionMap":{"test-code":{"insertions":91,"deletions":0}}},{"hash":"5526175369cf3b3cea7879299ba990b64e0993b4","isMergeCommit":false,"messageTitle":"Implement FindLessonCommandParserTest.java","messageBody":"","fileTypesAndContributionMap":{"test-code":{"insertions":60,"deletions":0}}},{"hash":"7a8dc769f7f33b6b4257b1f415e1d2be431162fa","isMergeCommit":false,"messageTitle":"Add tests for deleteLesson and findLesson in AddresseBookParserTest.java","messageBody":"","fileTypesAndContributionMap":{"test-code":{"insertions":33,"deletions":0}}},{"hash":"cb8c5098b829deb62b292c10b5ed5db688b931cb","isMergeCommit":false,"messageTitle":"Fix checkstyle issues","messageBody":"","fileTypesAndContributionMap":{"test-code":{"insertions":3,"deletions":3}}},{"hash":"4c91bf4a6a2e01ad2d7f707748426d46842eade2","isMergeCommit":false,"messageTitle":"Update UserGuide.md","messageBody":"","fileTypesAndContributionMap":{"docs":{"insertions":7,"deletions":7}}}]},{"date":"2025-10-22T00:00:00","commitResults":[{"hash":"abde5bcf9bdaade1360775e115c718bf748eb0ef","isMergeCommit":true,"messageTitle":"Resolve merge conflicts","messageBody":"","fileTypesAndContributionMap":{}},{"hash":"7ced381d7b3c32fe3efb8183ad39e70d50a9b6d9","isMergeCommit":true,"messageTitle":"Merge branch \u0027branch-find-lesson\u0027 of github.com:gunawanjoseph/tp into branch-find-lesson","messageBody":"","fileTypesAndContributionMap":{}},{"hash":"57d5ed9842c368c6e749aa1be4ea74dd400a3eb7","isMergeCommit":true,"messageTitle":"Merge branch \u0027master\u0027 into branch-find-lesson","messageBody":"","fileTypesAndContributionMap":{}},{"hash":"48401d626014b10b48c40dd66c1e7a3b851f5ca8","isMergeCommit":false,"messageTitle":"Fix checkstyle issues","messageBody":"","fileTypesAndContributionMap":{"functional-code":{"insertions":1,"deletions":1}}},{"hash":"a5e5f7ed64c492b2b5bfafd16f9f676f7728327a","isMergeCommit":false,"messageTitle":"Fix checkstyle issues","messageBody":"","fileTypesAndContributionMap":{"functional-code":{"insertions":1,"deletions":1},"test-code":{"insertions":4,"deletions":3}}}]},{"date":"2025-10-23T00:00:00","commitResults":[{"hash":"ac0931d19479bfab32e45068a4ab86d9904bfa16","isMergeCommit":false,"messageTitle":"Update DeveloperGuide.md","messageBody":"","fileTypesAndContributionMap":{"docs":{"insertions":37,"deletions":0}}},{"hash":"4e9bde253aa89efff971dd9abac01bb0a26fbb58","isMergeCommit":false,"messageTitle":"Update UserGuide.md","messageBody":"","fileTypesAndContributionMap":{"docs":{"insertions":16,"deletions":0}}}]},{"date":"2025-10-25T00:00:00","commitResults":[{"hash":"65e21a77ccb0d9945893b191dfebab192271d29f","isMergeCommit":true,"messageTitle":"Merge pull request #102 from Lanturn567/update-uml","messageBody":"Update StorageClassDiagram and BetterModelClassDiagram","fileTypesAndContributionMap":{}}]},{"date":"2025-10-27T00:00:00","commitResults":[{"hash":"70f21d5023431be89b8d1f8c546f75d5d71e59e2","isMergeCommit":false,"messageTitle":"Update UML Diagram","messageBody":"","fileTypesAndContributionMap":{"docs":{"insertions":6,"deletions":6}}},{"hash":"eb1d873966c98139529c06ed00a937372e8dc991","isMergeCommit":false,"messageTitle":"Update UML Diagram","messageBody":"","fileTypesAndContributionMap":{"docs":{"insertions":6,"deletions":6}}}]},{"date":"2025-10-28T00:00:00","commitResults":[{"hash":"6a6044ebd221832c9b2e8b41f98e0e4bd8559e63","isMergeCommit":false,"messageTitle":"Fix DeleteLessonCommandParser to handle invalid day and index correctly","messageBody":"","fileTypesAndContributionMap":{"functional-code":{"insertions":14,"deletions":16},"test-code":{"insertions":4,"deletions":1}}},{"hash":"9ea7ee64c644b7066de333fb131f31de13cfcd6d","isMergeCommit":false,"messageTitle":"Fix bugs and add tests","messageBody":"","fileTypesAndContributionMap":{"functional-code":{"insertions":1,"deletions":1},"test-code":{"insertions":2,"deletions":0}}},{"hash":"781d8bc0f95dc812714f3b2a4242ea9b7a2ef30e","isMergeCommit":false,"messageTitle":"Fix deleting students and lessons not allowed when respective list is not displayed","messageBody":"","fileTypesAndContributionMap":{"functional-code":{"insertions":49,"deletions":0},"docs":{"insertions":2,"deletions":0},"test-code":{"insertions":91,"deletions":1}}},{"hash":"0a03e1fc763351e6c23b20c1433e9693b8af0cde","isMergeCommit":false,"messageTitle":"Fix DeleteLesson accepting extra argument","messageBody":"","fileTypesAndContributionMap":{"functional-code":{"insertions":7,"deletions":0},"test-code":{"insertions":2,"deletions":0}}},{"hash":"0179eb0d954c1a7cc9a0bd9aa4f8e27f87b8921d","isMergeCommit":false,"messageTitle":"Fix DeleteStudentCommand so that lesson will also remove persontoDelete","messageBody":"","fileTypesAndContributionMap":{"functional-code":{"insertions":5,"deletions":0},"test-code":{"insertions":16,"deletions":0}}},{"hash":"c5751ff2c4d9bb4222d01930d10679ba7a3cd00c","isMergeCommit":false,"messageTitle":"Update DeleteStudentCommandTest.java","messageBody":"","fileTypesAndContributionMap":{"test-code":{"insertions":17,"deletions":11}}},{"hash":"e10f7a0c27c8514f4fc0d6ae79556ba047bf53ea","isMergeCommit":false,"messageTitle":"Fix DeleteLessonCommand.java so that person will also remove lessonToDelete","messageBody":"","fileTypesAndContributionMap":{"functional-code":{"insertions":5,"deletions":0},"test-code":{"insertions":22,"deletions":0}}},{"hash":"0c181e56dce7f79254de5adfabd3545c27660ed9","isMergeCommit":true,"messageTitle":"Merge pull request #128 from zzdlklzz/fix-findlesson-userguide","messageBody":"Fix format issue in UserGuide with findlesson","fileTypesAndContributionMap":{}}]},{"date":"2025-10-29T00:00:00","commitResults":[{"hash":"00159eecf7e1f41dbd2a7b6888f6129d551d2748","isMergeCommit":true,"messageTitle":"Merge pull request #132 from zzdlklzz/update-findstudent-desc","messageBody":"Update FindStudentCommand description","fileTypesAndContributionMap":{}},{"hash":"2fb2b80586e04963c924946cd2d6687b22086a34","isMergeCommit":true,"messageTitle":"Merge pull request #133 from zzdlklzz/update-findstudent-desc-userguide","messageBody":"Update findstudent desc userguide","fileTypesAndContributionMap":{}},{"hash":"c0fecfe4f215921930616cb033bbe7154c6a5906","isMergeCommit":true,"messageTitle":"Merge pull request #159 from gunawanjoseph/deletelesson-extra-args","messageBody":"Deletelesson extra args","fileTypesAndContributionMap":{}},{"hash":"2d9dfa721ae81244059dd51748cf1f6d1d9f22ba","isMergeCommit":true,"messageTitle":"Merge pull request #158 from gunawanjoseph/deletelesson-without-list-displayed","messageBody":"Deletelesson without list displayed","fileTypesAndContributionMap":{}},{"hash":"d9a3385f1883f0d732129615856499484580fcde","isMergeCommit":true,"messageTitle":"Merge pull request #160 from gunawanjoseph/listlesson-after-deletestudent","messageBody":"Listlesson after deletestudent","fileTypesAndContributionMap":{}},{"hash":"519c650d721db367732787402382bf580ef34507","isMergeCommit":true,"messageTitle":"Merge pull request #161 from gunawanjoseph/liststudent-after-deletelesson","messageBody":"Liststudent after deletelesson","fileTypesAndContributionMap":{}},{"hash":"43a087c822ba17be1ce12d610ecda1cb9929ce24","isMergeCommit":false,"messageTitle":"Revert \"Liststudent after deletelesson\"","messageBody":"","fileTypesAndContributionMap":{"functional-code":{"insertions":0,"deletions":5},"test-code":{"insertions":0,"deletions":22}}},{"hash":"ae8ab7ad70bae7ae3e8bf193b0026ae1d3cf2228","isMergeCommit":true,"messageTitle":"Merge pull request #162 from AY2526S1-CS2103T-W08-3/revert-161-liststudent-after-deletelesson","messageBody":"Revert \"Liststudent after deletelesson\"","fileTypesAndContributionMap":{}},{"hash":"fe64322b146c7639c99e1ddfdc2eea9d55cbb6fe","isMergeCommit":true,"messageTitle":"Merge pull request #135 from zzdlklzz/fix-unassigncommand","messageBody":"Update UnassignCommand format to display students when DAY prefix mis…","fileTypesAndContributionMap":{}},{"hash":"6918c3538cfbd8c67dcf5b7ce58521d9cc725384","isMergeCommit":true,"messageTitle":"Merge branch \u0027master\u0027 into bug-addlesson-timings","messageBody":"","fileTypesAndContributionMap":{}},{"hash":"e164a0c582ca7b7ec356ddf380ebd002cc077b11","isMergeCommit":true,"messageTitle":"Merge pull request #157 from wangyuanchi/bug-addlesson-timings","messageBody":"Enfore end time cannot be before start time","fileTypesAndContributionMap":{}},{"hash":"1ee34bddd238944753c03933986167487f5c73c5","isMergeCommit":true,"messageTitle":"Merge pull request #156 from wangyuanchi/update-user-guide-addlesson-command","messageBody":"Update \"addlesson\" command in the user guide","fileTypesAndContributionMap":{}},{"hash":"7731f9b3e6af9c3a08ad2ebaf32258021a4975fa","isMergeCommit":true,"messageTitle":"Merge pull request #164 from kianshenteoh/fix-editwithoutdisplay-branch","messageBody":"Fix editing students/lessons when respective list not displayed","fileTypesAndContributionMap":{}},{"hash":"4ad8248266e4debe5afc1002d15ffa608b890838","isMergeCommit":true,"messageTitle":"Merge pull request #165 from kianshenteoh/adduparrow-branch","messageBody":"Add uparrow to go back to previous input","fileTypesAndContributionMap":{}},{"hash":"e0b672e4338e057f4e4ac1fba6bb909c24c33939","isMergeCommit":true,"messageTitle":"Merge pull request #138 from kianshenteoh/fix-editstudent-replacetags-branch","messageBody":"Fix editing student tag clearing all current tags","fileTypesAndContributionMap":{}},{"hash":"592e4d7c4aa3623fec4c66bebd2a1ce87649a028","isMergeCommit":true,"messageTitle":"Merge pull request #134 from zzdlklzz/fix-assigncommand","messageBody":"Update AssignCommand format to display students when DAY prefix missing","fileTypesAndContributionMap":{}},{"hash":"5eed39c804b339665e830255e1352d6c8e4b10db","isMergeCommit":true,"messageTitle":"Merge branch \u0027master\u0027 into deletelesson-invalid-index-message","messageBody":"","fileTypesAndContributionMap":{}},{"hash":"fe4fafeb770d6ff480da31972c0f386cd3f4b976","isMergeCommit":true,"messageTitle":"Merge pull request #148 from gunawanjoseph/deletelesson-invalid-index-message","messageBody":"Fix DeleteCommandParser to handle invalid day and index correctly","fileTypesAndContributionMap":{}}]},{"date":"2025-10-30T00:00:00","commitResults":[{"hash":"cc05fe07d00908e77be441b4375af4812b91e2ad","isMergeCommit":false,"messageTitle":"Fix bugs","messageBody":"","fileTypesAndContributionMap":{"functional-code":{"insertions":2,"deletions":3}}},{"hash":"e0c3e9604b469170533dce19f726a76c2d546aaa","isMergeCommit":false,"messageTitle":"Fix liststudent after deletelesson","messageBody":"","fileTypesAndContributionMap":{"functional-code":{"insertions":6,"deletions":0},"test-code":{"insertions":24,"deletions":4}}},{"hash":"ba06e8b77baf021e27cf89f344a7372e422f5a9c","isMergeCommit":false,"messageTitle":"Fix message ussage for filter command","messageBody":"","fileTypesAndContributionMap":{"functional-code":{"insertions":3,"deletions":3}}},{"hash":"c1cd0ca33e25e14a601934a079939c9a39726042","isMergeCommit":true,"messageTitle":"Merge pull request #166 from gunawanjoseph/fix-deletelesson-invalid-index","messageBody":"Fix bugs","fileTypesAndContributionMap":{}},{"hash":"6294bc4da295e8a920363a8ff4ebd96e8ad92f86","isMergeCommit":true,"messageTitle":"Merge pull request #169 from gunawanjoseph/fix-liststudent-after-deletelesson","messageBody":"Fix liststudent after deletelesson","fileTypesAndContributionMap":{}},{"hash":"1db6e0c8e789480d3307a8e78585da492d870ddd","isMergeCommit":true,"messageTitle":"Merge pull request #170 from gunawanjoseph/fix-filtercommand-message","messageBody":"Fix message ussage for filter command","fileTypesAndContributionMap":{}},{"hash":"85ca535d88b45477c51df040cb49f764acf5b47c","isMergeCommit":false,"messageTitle":"Standardise AssignCommand\u0027s message usage","messageBody":"","fileTypesAndContributionMap":{"functional-code":{"insertions":4,"deletions":1}}},{"hash":"a61ff666ebec2f611a4b6f430d6230e5654168c3","isMergeCommit":false,"messageTitle":"Standardise EditStudent\u0027s message usage","messageBody":"","fileTypesAndContributionMap":{"functional-code":{"insertions":6,"deletions":6},"test-code":{"insertions":0,"deletions":2}}},{"hash":"c6638e5b5cf21df1a6ecb0459df89b1b0f47bc1d","isMergeCommit":false,"messageTitle":"Fix checkstyle","messageBody":"","fileTypesAndContributionMap":{"test-code":{"insertions":0,"deletions":1}}},{"hash":"717074ffbf5e00a98d69ed7d878107972805aa2c","isMergeCommit":true,"messageTitle":"Merge pull request #171 from gunawanjoseph/fix-assigncommand-message","messageBody":"Standardise AssignCommand\u0027s message usage","fileTypesAndContributionMap":{}},{"hash":"d063c6ac2659fde6d2658ce2a1879afae6c8fda1","isMergeCommit":true,"messageTitle":"Merge pull request #173 from kianshenteoh/removeclearcommand-branch","messageBody":"Remove clear command","fileTypesAndContributionMap":{}}]}],"kianshenteoh":[{"date":"2025-09-21T00:00:00","commitResults":[{"hash":"6e788f2090b0ed4d11d216b1c6837e308a7c066c","isMergeCommit":false,"messageTitle":"Update README.md","messageBody":"","fileTypesAndContributionMap":{"docs":{"insertions":1,"deletions":1}}}]},{"date":"2025-10-01T00:00:00","commitResults":[{"hash":"70044496d5ac02888e8154cb408e5a737e653a9b","isMergeCommit":false,"messageTitle":"Update AboutUs.md","messageBody":"","fileTypesAndContributionMap":{"docs":{"insertions":51,"deletions":5}}},{"hash":"1eafb547f50d1dec60163b2c75fe6b79419b3bdd","isMergeCommit":false,"messageTitle":"Update AboutUs.md","messageBody":"","fileTypesAndContributionMap":{"docs":{"insertions":1,"deletions":1}}}]},{"date":"2025-10-02T00:00:00","commitResults":[{"hash":"6d99e035ec866178720fd17f68172d11f2dd5614","isMergeCommit":false,"messageTitle":"Update NFR and Glossary","messageBody":"","fileTypesAndContributionMap":{"docs":{"insertions":9,"deletions":0}}},{"hash":"8e336a07164df51104323ca36b594c643206401f","isMergeCommit":true,"messageTitle":"Merge pull request #31 from kianshenteoh/update-dg-branch","messageBody":"Update NFR and Glossary","fileTypesAndContributionMap":{}}]},{"date":"2025-10-05T00:00:00","commitResults":[{"hash":"bf2440afa66018379c9379061d100b1967b9f90a","isMergeCommit":true,"messageTitle":"Merge pull request #40 from zzdlklzz/update-use-cases","messageBody":"Update use cases","fileTypesAndContributionMap":{}}]},{"date":"2025-10-09T00:00:00","commitResults":[{"hash":"e310b59b5afff5cc2c8f1bf5c7f00c521c740a85","isMergeCommit":false,"messageTitle":"Implement addlesson command","messageBody":"","fileTypesAndContributionMap":{"functional-code":{"insertions":515,"deletions":32},"test-code":{"insertions":4,"deletions":0}}},{"hash":"3825b3538e2a55d02f4133caef442909efe15c8a","isMergeCommit":true,"messageTitle":"Merge pull request #52 from gunawanjoseph/branch-remove-ability-to-create-lessons-from-student","messageBody":"Remove the ability to create lessons through creating a student","fileTypesAndContributionMap":{}},{"hash":"e8b18e72cc1ab4b5744a4f13ca3bddfc00e33755","isMergeCommit":true,"messageTitle":"Merge master to branch","messageBody":"","fileTypesAndContributionMap":{}},{"hash":"d32f06be5e87bce98816a2f30f133a2b2162dcb6","isMergeCommit":false,"messageTitle":"Add functionality to addlesson","messageBody":"","fileTypesAndContributionMap":{"functional-code":{"insertions":7,"deletions":44},"test-code":{"insertions":0,"deletions":31}}},{"hash":"63850b31f0798f9363824de310cac63b74a3030d","isMergeCommit":true,"messageTitle":"Merge pull request #49 from Lanturn567/search-student","messageBody":"Search student","fileTypesAndContributionMap":{}},{"hash":"55d62715f0671d7b3e6ddd3ef1e074714b69ef4c","isMergeCommit":true,"messageTitle":"Merge branch \u0027master\u0027 into addlesson-branch","messageBody":"","fileTypesAndContributionMap":{}},{"hash":"4b94edeae57df3e83e50d0eaeebe247a7e6fbfee","isMergeCommit":false,"messageTitle":"Add lessons to storage","messageBody":"","fileTypesAndContributionMap":{"functional-code":{"insertions":328,"deletions":25}}},{"hash":"31843eb6524ec4b542fc5990a0a8a00af75f3e25","isMergeCommit":true,"messageTitle":"Merge pull request #51 from zzdlklzz/delete-student","messageBody":"Delete student","fileTypesAndContributionMap":{}},{"hash":"561d6b5233a3b1eb39f8b9a162c98dba93f2444e","isMergeCommit":false,"messageTitle":"Add testcases","messageBody":"","fileTypesAndContributionMap":{"other":{"insertions":0,"deletions":0}}},{"hash":"43588e9a4ece5577daab39efa4700b8b17e3168d","isMergeCommit":false,"messageTitle":"Add testcases","messageBody":"","fileTypesAndContributionMap":{"functional-code":{"insertions":12,"deletions":11},"test-code":{"insertions":471,"deletions":14}}},{"hash":"8463a2158688eb5186d664563b7bf5ed54a1e3c6","isMergeCommit":true,"messageTitle":"Fix merge conflicts","messageBody":"","fileTypesAndContributionMap":{}},{"hash":"9c54777a4e731833d1f8bc5c01042a3c8b5c17eb","isMergeCommit":false,"messageTitle":"Fix bugs","messageBody":"","fileTypesAndContributionMap":{"functional-code":{"insertions":70,"deletions":11},"test-code":{"insertions":22,"deletions":2}}},{"hash":"38335da9b0621f46c4ff6764cb57d2e081e025fa","isMergeCommit":false,"messageTitle":"Fix checkstyle","messageBody":"","fileTypesAndContributionMap":{"test-code":{"insertions":3,"deletions":3}}},{"hash":"5fdad6e851a4775be8c3d66ab72cd409ac83b5a8","isMergeCommit":false,"messageTitle":"Fix lexographical import checkstyle violations","messageBody":"","fileTypesAndContributionMap":{"functional-code":{"insertions":27,"deletions":10}}},{"hash":"d585158af4240cc77c344a5fc3065cc53c67cace","isMergeCommit":false,"messageTitle":"Fix checkstyle","messageBody":"","fileTypesAndContributionMap":{"functional-code":{"insertions":2,"deletions":4}}},{"hash":"c1791047572e6f541f8bf7ae2a75c231ee95373e","isMergeCommit":false,"messageTitle":"Fix checkstyle","messageBody":"","fileTypesAndContributionMap":{"functional-code":{"insertions":1,"deletions":1}}},{"hash":"1d8747ed14341f01272cada528cb2881fbb6df49","isMergeCommit":false,"messageTitle":"Fix checkstyle","messageBody":"","fileTypesAndContributionMap":{"test-code":{"insertions":5,"deletions":6}}},{"hash":"58d74d68d4e7430e94e0efffb28e752b5f3cdf92","isMergeCommit":false,"messageTitle":"Add tests","messageBody":"","fileTypesAndContributionMap":{"test-code":{"insertions":36,"deletions":0}}},{"hash":"0e78b4e3c890ac6992661073d3d2bf2e8f99d963","isMergeCommit":false,"messageTitle":"Add tests","messageBody":"","fileTypesAndContributionMap":{"functional-code":{"insertions":7,"deletions":1},"test-code":{"insertions":430,"deletions":0}}},{"hash":"1237bb3214dd5d18b9c759f3a07b32b3b81e9da5","isMergeCommit":false,"messageTitle":"Add newline at EOF","messageBody":"","fileTypesAndContributionMap":{"test-code":{"insertions":5,"deletions":5}}},{"hash":"3a27f31433afa8014019844999869b390f71654a","isMergeCommit":false,"messageTitle":"Fix checkstyle","messageBody":"","fileTypesAndContributionMap":{"test-code":{"insertions":1,"deletions":3}}},{"hash":"adc97d10994014395249c43e4ba8d7ef74cb1a97","isMergeCommit":false,"messageTitle":"Fix checkstyle","messageBody":"","fileTypesAndContributionMap":{"test-code":{"insertions":2,"deletions":1}}},{"hash":"15a808730600f573439fb21adcc111aecb537466","isMergeCommit":false,"messageTitle":"Fix checkstyle","messageBody":"","fileTypesAndContributionMap":{"test-code":{"insertions":0,"deletions":1}}},{"hash":"f674133dc3cffbb4d0b575849f4958199e6edc33","isMergeCommit":false,"messageTitle":"Add minor changes","messageBody":"","fileTypesAndContributionMap":{"functional-code":{"insertions":8,"deletions":2}}},{"hash":"96d59ed16d505f61cc20804a11ac34e7d02b343f","isMergeCommit":false,"messageTitle":"Fix bugs","messageBody":"","fileTypesAndContributionMap":{"functional-code":{"insertions":24,"deletions":17},"test-code":{"insertions":14,"deletions":14}}},{"hash":"b05db497b9622966b01390f88eb645254b3b2507","isMergeCommit":true,"messageTitle":"Merge pull request #54 from kianshenteoh/addlesson-branch","messageBody":"Implement addlesson command","fileTypesAndContributionMap":{}}]},{"date":"2025-10-14T00:00:00","commitResults":[{"hash":"1ca23ec5e0188bc710795ae70fdf2748547b6585","isMergeCommit":false,"messageTitle":"Made lesson ID sequential","messageBody":"","fileTypesAndContributionMap":{"functional-code":{"insertions":57,"deletions":11},"test-code":{"insertions":143,"deletions":1}}}]},{"date":"2025-10-16T00:00:00","commitResults":[{"hash":"47aae4d367c98b3286335d2876886411545378bb","isMergeCommit":false,"messageTitle":"Implement delete lesson command","messageBody":"","fileTypesAndContributionMap":{"functional-code":{"insertions":212,"deletions":1}}},{"hash":"d40449d61cc0fd4a7a0c9a4efc9a49e47851787b","isMergeCommit":true,"messageTitle":"Merge branch \u0027master\u0027 of https://github.com/AY2526S1-CS2103T-W08-3/tp into deletelesson-branch","messageBody":"","fileTypesAndContributionMap":{}},{"hash":"3001ba999554cfba828659ddd80eed780b83f887","isMergeCommit":false,"messageTitle":"Add testcases","messageBody":"","fileTypesAndContributionMap":{"functional-code":{"insertions":7,"deletions":4},"test-code":{"insertions":241,"deletions":2}}},{"hash":"a9c81ec23510fb03c0153efa835cbc4f12cd6bb3","isMergeCommit":false,"messageTitle":"Fix checkstyle","messageBody":"","fileTypesAndContributionMap":{"test-code":{"insertions":2,"deletions":1}}},{"hash":"1c1552e7170856b73536b75a7e3a050691e763c0","isMergeCommit":false,"messageTitle":"Fix checkstyle","messageBody":"","fileTypesAndContributionMap":{"test-code":{"insertions":3,"deletions":5}}},{"hash":"8dcdf896ae6137f6c63d6f280bcf01423e0406eb","isMergeCommit":false,"messageTitle":"Add testcases for DayMatchesPredicate","messageBody":"","fileTypesAndContributionMap":{"test-code":{"insertions":89,"deletions":0}}},{"hash":"d78e5129277ea07316a1db720afc2c57c110f0d7","isMergeCommit":false,"messageTitle":"Improve typicalindexes naming","messageBody":"","fileTypesAndContributionMap":{"test-code":{"insertions":59,"deletions":59}}},{"hash":"7e386f73d37daac02774a47d2d619dd23b36e2cd","isMergeCommit":false,"messageTitle":"Made minor changes","messageBody":"","fileTypesAndContributionMap":{"functional-code":{"insertions":48,"deletions":2},"test-code":{"insertions":6,"deletions":3}}},{"hash":"749f0a4e66582491c2933ec717555f91053f838e","isMergeCommit":false,"messageTitle":"Add testcases","messageBody":"","fileTypesAndContributionMap":{"test-code":{"insertions":68,"deletions":0}}},{"hash":"38afc2417a4832512a8f7720d6380b87acf4819e","isMergeCommit":true,"messageTitle":"Merge pull request #70 from kianshenteoh/deletelesson-branch","messageBody":"Deletelesson branch","fileTypesAndContributionMap":{}}]},{"date":"2025-10-20T00:00:00","commitResults":[{"hash":"6b8598bb8a2f00d56c25fb65d51791aeda49344e","isMergeCommit":false,"messageTitle":"Add UI changes","messageBody":"","fileTypesAndContributionMap":{"functional-code":{"insertions":251,"deletions":19}}},{"hash":"9fc7fb7ea48e9ed6c8bd5a5431e250140da5d2d4","isMergeCommit":false,"messageTitle":"Add checkstyle changes","messageBody":"","fileTypesAndContributionMap":{"functional-code":{"insertions":4,"deletions":4}}},{"hash":"f5ba0fed9c508b596c90ba1ff5a2e0f44abfbbf5","isMergeCommit":false,"messageTitle":"Refactor delete student","messageBody":"","fileTypesAndContributionMap":{"functional-code":{"insertions":3,"deletions":3},"other":{"insertions":43,"deletions":43},"test-code":{"insertions":4,"deletions":4}}}]},{"date":"2025-10-21T00:00:00","commitResults":[{"hash":"0f4d67d5f945374d9180037f103c0da4152cb6e0","isMergeCommit":false,"messageTitle":"Fix checkstyle issues","messageBody":"","fileTypesAndContributionMap":{"functional-code":{"insertions":1,"deletions":1},"docs":{"insertions":11,"deletions":10}}},{"hash":"02dac24ff59e484affa356db344e34e5ea3c08ad","isMergeCommit":false,"messageTitle":"Fix failing testcase","messageBody":"","fileTypesAndContributionMap":{"test-code":{"insertions":2,"deletions":2}}},{"hash":"2a3b109f5e471b2417e85f77da3e5b080c45b286","isMergeCommit":true,"messageTitle":"Merge branch \u0027master\u0027 of https://github.com/AY2526S1-CS2103T-W08-3/tp","messageBody":"","fileTypesAndContributionMap":{}}]},{"date":"2025-10-22T00:00:00","commitResults":[{"hash":"59729a655e753264599716ce4420b8865068d84e","isMergeCommit":false,"messageTitle":"Save local changes","messageBody":"","fileTypesAndContributionMap":{"test-code":{"insertions":7,"deletions":0}}},{"hash":"158dd3c87fed5bda70ee4119def1e358b05aa24e","isMergeCommit":true,"messageTitle":"Merge remote-tracking branch \u0027origin/master\u0027 into test82","messageBody":"","fileTypesAndContributionMap":{}}]},{"date":"2025-10-24T00:00:00","commitResults":[{"hash":"985b82e2c993e054fc81936c8fe2263925b075cd","isMergeCommit":true,"messageTitle":"Merge commit \u0027refs/pull/98/head\u0027 of https://github.com/AY2526S1-CS2103T-W08-3/tp","messageBody":"","fileTypesAndContributionMap":{}},{"hash":"4707d814a9a62654b31f3eb52fbaf6967bdce313","isMergeCommit":true,"messageTitle":"Merge pull request #98 from wangyuanchi/update-uml-diagram-week-10","messageBody":"Update UML diagram","fileTypesAndContributionMap":{}},{"hash":"82e1710a218f9fd36588d6f6d9dd2be2e3895893","isMergeCommit":true,"messageTitle":"Merge branch \u0027master\u0027 of https://github.com/AY2526S1-CS2103T-W08-3/tp","messageBody":"","fileTypesAndContributionMap":{}},{"hash":"cafaafcd2660b5fd2f961159d6499779094131b6","isMergeCommit":false,"messageTitle":"Update UML diagrams","messageBody":"","fileTypesAndContributionMap":{"docs":{"insertions":29,"deletions":29}}},{"hash":"8fde9e037103dd615af4fbb24aa955004b6576d5","isMergeCommit":false,"messageTitle":"Fix checkstyle errors","messageBody":"","fileTypesAndContributionMap":{"test-code":{"insertions":0,"deletions":7}}},{"hash":"2b4e993806e9431eb63d83aadc0ece874f6ac26c","isMergeCommit":true,"messageTitle":"Merge pull request #100 from kianshenteoh/updateuml-branch","messageBody":"Updateuml branch","fileTypesAndContributionMap":{}}]},{"date":"2025-10-26T00:00:00","commitResults":[{"hash":"4fc2a48b13e144e6a2b2ff37270d55ab4b986840","isMergeCommit":false,"messageTitle":"Add uparrow to go back to previous input feature","messageBody":"","fileTypesAndContributionMap":{"functional-code":{"insertions":70,"deletions":0}}},{"hash":"a80e56ed1b94b74337cfc1c45051ce5209990228","isMergeCommit":true,"messageTitle":"Merge pull request #120 from zzdlklzz/update-model-class-diagram","messageBody":"Update ModelClassDiagram in DeveloperGuide","fileTypesAndContributionMap":{}},{"hash":"743a718fb8d9c91501e66ae39fc88bbb80951f2e","isMergeCommit":false,"messageTitle":"Fix editlesson wiping out students bug","messageBody":"","fileTypesAndContributionMap":{"functional-code":{"insertions":1,"deletions":1}}},{"hash":"4a140a4767d8a23da1f6d52466f20c288df8cc02","isMergeCommit":false,"messageTitle":"Fix branching mistake","messageBody":"","fileTypesAndContributionMap":{"functional-code":{"insertions":0,"deletions":70}}}]},{"date":"2025-10-27T00:00:00","commitResults":[{"hash":"12fdedaa1a7ca48f5e5fb46847102e71b99cc239","isMergeCommit":false,"messageTitle":"Fix bug of editlesson not replacing the lesson instance assigned to the students","messageBody":"","fileTypesAndContributionMap":{"functional-code":{"insertions":22,"deletions":4},"test-code":{"insertions":89,"deletions":0}}},{"hash":"f5d430a706a3d6c02ed47a78c0c79c4ddaf63ba7","isMergeCommit":false,"messageTitle":"Fix bug of editstudent not replacing the person instance assigned to the lessons","messageBody":"","fileTypesAndContributionMap":{"functional-code":{"insertions":17,"deletions":2},"test-code":{"insertions":144,"deletions":3}}},{"hash":"1dbc76b8049a8f25f85bb8d3540e43951e123bdb","isMergeCommit":false,"messageTitle":"Fix editstudent replacing all tags","messageBody":"","fileTypesAndContributionMap":{"functional-code":{"insertions":86,"deletions":36},"docs":{"insertions":2,"deletions":4},"test-code":{"insertions":43,"deletions":49}}},{"hash":"673227b911c28ed315f228eebef205235b582175","isMergeCommit":false,"messageTitle":"Fix checkstyle errors","messageBody":"","fileTypesAndContributionMap":{"functional-code":{"insertions":1,"deletions":2}}},{"hash":"c248a38365129eb66267a343ae8b48a86e01b28f","isMergeCommit":false,"messageTitle":"Fix checkstyle errors","messageBody":"","fileTypesAndContributionMap":{"test-code":{"insertions":0,"deletions":2}}},{"hash":"965fce331873f12f018558846517ab5821bc7896","isMergeCommit":false,"messageTitle":"Fix testcases","messageBody":"","fileTypesAndContributionMap":{"test-code":{"insertions":0,"deletions":140}}},{"hash":"c68a2009939599a2d57fbca77de35afbc1ad5ec8","isMergeCommit":false,"messageTitle":"Fix checkstyle","messageBody":"","fileTypesAndContributionMap":{"test-code":{"insertions":0,"deletions":1}}},{"hash":"cebe81408b0414c907fc3aabca0fbd7a5fefc1c0","isMergeCommit":false,"messageTitle":"Fix editing students/lessons allowed when not displayed","messageBody":"","fileTypesAndContributionMap":{"functional-code":{"insertions":49,"deletions":0},"docs":{"insertions":2,"deletions":0},"test-code":{"insertions":98,"deletions":0}}},{"hash":"a728eaf905ded80b9339c0689fc85d53798f73b5","isMergeCommit":false,"messageTitle":"Made minor changes","messageBody":"","fileTypesAndContributionMap":{"test-code":{"insertions":0,"deletions":2}}}]},{"date":"2025-10-29T00:00:00","commitResults":[{"hash":"0651a531c5f8e75685e6b092830995fdc6326773","isMergeCommit":true,"messageTitle":"Merge branch \u0027master\u0027 into fix-editwithoutdisplay-branch","messageBody":"","fileTypesAndContributionMap":{}},{"hash":"dcf8fc36c0fc79d4b6ea534462465439bc516dcc","isMergeCommit":true,"messageTitle":"Merge pull request #141 from kianshenteoh/fix-editwithoutdisplay-branch","messageBody":"Fix editing students/lessons allowed when respective list is not displayed","fileTypesAndContributionMap":{}},{"hash":"16f2bc1090f2dc2520be4b3003881b47b92d4c76","isMergeCommit":false,"messageTitle":"Revert \"Fix editing students/lessons allowed when respective list is not displayed\"","messageBody":"","fileTypesAndContributionMap":{"functional-code":{"insertions":0,"deletions":9},"docs":{"insertions":0,"deletions":2},"test-code":{"insertions":0,"deletions":29}}},{"hash":"7043171d896f149172ca926de5ab630c4f0fe152","isMergeCommit":true,"messageTitle":"Merge pull request #163 from AY2526S1-CS2103T-W08-3/revert-141-fix-editwithoutdisplay-branch","messageBody":"Revert \"Fix editing students/lessons allowed when respective list is not displayed\"","fileTypesAndContributionMap":{}},{"hash":"ad92b0c79ba0ed286ced9761193bce49e2333d5d","isMergeCommit":false,"messageTitle":"Fix editing students/lessons when respective list not displayed","messageBody":"","fileTypesAndContributionMap":{"functional-code":{"insertions":14,"deletions":0},"docs":{"insertions":3,"deletions":1},"test-code":{"insertions":29,"deletions":0}}},{"hash":"81bab4411d460e2a6b7f487ad7bd8b4cd57ef345","isMergeCommit":false,"messageTitle":"Add uparrow to go back to previous input","messageBody":"","fileTypesAndContributionMap":{"functional-code":{"insertions":71,"deletions":1}}},{"hash":"3fa2f369b861bed3f5adfbbc995b2a6e1eb8d534","isMergeCommit":false,"messageTitle":"Fix checkstyle","messageBody":"","fileTypesAndContributionMap":{"functional-code":{"insertions":1,"deletions":1}}}]},{"date":"2025-10-30T00:00:00","commitResults":[{"hash":"2762069832c1e6a75469f3d8eec4207d008af78f","isMergeCommit":false,"messageTitle":"Improve UI","messageBody":"","fileTypesAndContributionMap":{"functional-code":{"insertions":31,"deletions":2}}},{"hash":"83be11b405eb7e0f5af9960d8815dc964848b112","isMergeCommit":true,"messageTitle":"Merge branch \u0027master\u0027 of https://github.com/AY2526S1-CS2103T-W08-3/tp into improveui-branch","messageBody":"","fileTypesAndContributionMap":{}},{"hash":"8b3e1c0e3ce64f4015b8150293dd349e65d1a7b2","isMergeCommit":true,"messageTitle":"Merge pull request #172 from gunawanjoseph/standardise-editstudent-message-usage","messageBody":"Standardise EditStudent\u0027s message usage","fileTypesAndContributionMap":{}},{"hash":"4936262990e2f0ab83d983c43d78f3a1ef45c870","isMergeCommit":true,"messageTitle":"Merge branch \u0027master\u0027 into improveui-branch","messageBody":"","fileTypesAndContributionMap":{}},{"hash":"703534b0702d74c7d1bebf875a0c8b41189724c2","isMergeCommit":true,"messageTitle":"Merge pull request #168 from kianshenteoh/improveui-branch","messageBody":"Improve UI","fileTypesAndContributionMap":{}},{"hash":"57a702f90ca2dd741b5e559038d90f7dcc265c41","isMergeCommit":false,"messageTitle":"Remove clear command","messageBody":"","fileTypesAndContributionMap":{"functional-code":{"insertions":0,"deletions":28},"test-code":{"insertions":2,"deletions":40}}},{"hash":"403ac124648c43c106dc88e1da9bdd8f6f7cbef1","isMergeCommit":false,"messageTitle":"Update User Guide","messageBody":"","fileTypesAndContributionMap":{"functional-code":{"insertions":6,"deletions":0},"docs":{"insertions":40,"deletions":32}}},{"hash":"b262453f86d9317d0f8cf65e9eb120265aa01b63","isMergeCommit":false,"messageTitle":"Change sample student tags","messageBody":"","fileTypesAndContributionMap":{"functional-code":{"insertions":6,"deletions":6}}},{"hash":"6fca65535cd545b03cf8d02edb6c23ddf2353e1c","isMergeCommit":false,"messageTitle":"Change sample data","messageBody":"","fileTypesAndContributionMap":{"functional-code":{"insertions":0,"deletions":6}}},{"hash":"4838e110a4dc7ebfae390472ed6bc5267db04602","isMergeCommit":false,"messageTitle":"Assigned some sample students to sample lessons","messageBody":"","fileTypesAndContributionMap":{"functional-code":{"insertions":14,"deletions":0}}},{"hash":"26abbe4f43c465af36e6e4767c799afb3371b2e6","isMergeCommit":false,"messageTitle":"Update user guide","messageBody":"","fileTypesAndContributionMap":{"functional-code":{"insertions":19,"deletions":19},"docs":{"insertions":19,"deletions":20}}},{"hash":"cd76514b3edc95f193167c031534b99a44235596","isMergeCommit":false,"messageTitle":"Add flag requirement for delete lesson command","messageBody":"","fileTypesAndContributionMap":{"functional-code":{"insertions":42,"deletions":28},"test-code":{"insertions":25,"deletions":6}}},{"hash":"2f729b231b63a7fd6ba3ac2bcefffd74de321fba","isMergeCommit":false,"messageTitle":"Update User Guide until assign feature","messageBody":"","fileTypesAndContributionMap":{"docs":{"insertions":10,"deletions":9}}},{"hash":"8bd4d4bd25b3f940d2e691ad89f22d50300263af","isMergeCommit":false,"messageTitle":"Update DG","messageBody":"","fileTypesAndContributionMap":{"docs":{"insertions":59,"deletions":128}}}]}],"zzdlklzz":[{"date":"2025-09-19T00:00:00","commitResults":[{"hash":"88c0e4cbeb0b5294f217a6d1b36d0fb043f93139","isMergeCommit":false,"messageTitle":"Add codecov","messageBody":"","fileTypesAndContributionMap":{"other":{"insertions":5,"deletions":0}}},{"hash":"1146c3d6efd2796fb35d2835876b56e885ec98f4","isMergeCommit":false,"messageTitle":"Update README.md","messageBody":"Add codecov badge","fileTypesAndContributionMap":{"docs":{"insertions":2,"deletions":1}}}]},{"date":"2025-10-01T00:00:00","commitResults":[{"hash":"50833a67e50fb44bedd420b1e1edc279b758dbb0","isMergeCommit":true,"messageTitle":"Merge pull request #14 from Lanturn567/add-andre-image","messageBody":"Add Lanturn image","fileTypesAndContributionMap":{}},{"hash":"93f1c7ec0fc97a87d1a0bef9425b317d23889d2a","isMergeCommit":false,"messageTitle":"Update Daniel\u0027s details in AboutUs.md","messageBody":"","fileTypesAndContributionMap":{"docs":{"insertions":47,"deletions":4}}},{"hash":"73167380a7bb974988b299a04b09b44ca51f66ae","isMergeCommit":true,"messageTitle":"Merge pull request #24 from kianshenteoh/update-aboutus-branch","messageBody":"Update AboutUs.md","fileTypesAndContributionMap":{}},{"hash":"a7c1e8b7a23da0588f81a64a950ca63bebbeb061","isMergeCommit":true,"messageTitle":"Merge pull request #21 from Lanturn567/update-aboutus","messageBody":"Update AboutUs","fileTypesAndContributionMap":{}}]},{"date":"2025-10-05T00:00:00","commitResults":[{"hash":"d0f6229c7530fe200b1cb533453f88bfcaf4f0ea","isMergeCommit":false,"messageTitle":"Update index.md to remove AB3","messageBody":"","fileTypesAndContributionMap":{"docs":{"insertions":13,"deletions":7}}},{"hash":"b82807cacbec2fecab3921964217201a78ec4838","isMergeCommit":false,"messageTitle":"Update UserGuide.md to remove AB3","messageBody":"","fileTypesAndContributionMap":{"docs":{"insertions":1,"deletions":1}}},{"hash":"f609b7f90861530576430f961e6cf73056b01b05","isMergeCommit":false,"messageTitle":"Add basic use cases to DeveloperGuide.md","messageBody":"","fileTypesAndContributionMap":{"docs":{"insertions":97,"deletions":11}}},{"hash":"4d46fbd013ca3288cec8a031583b3a8d3bf518cd","isMergeCommit":false,"messageTitle":"Update portfolio","messageBody":"","fileTypesAndContributionMap":{"docs":{"insertions":1,"deletions":4}}}]},{"date":"2025-10-08T00:00:00","commitResults":[{"hash":"66fb00992a02c03b028728a747046c99bf0f8041","isMergeCommit":true,"messageTitle":"Merge pull request #43 from wangyuanchi/refactoring-and-minor-structural-changes","messageBody":"Refactoring and minor structural changes","fileTypesAndContributionMap":{}},{"hash":"49be53ed1641f4af4a715271b3971943ac9d21c9","isMergeCommit":false,"messageTitle":"Update Person::isSamePerson to compare userId, update userId string representation","messageBody":"","fileTypesAndContributionMap":{"functional-code":{"insertions":6,"deletions":3}}},{"hash":"82c7fa2763da61c41d096531835dcfbc55b39abc","isMergeCommit":false,"messageTitle":"Rename NameContainsKeywordsPredicate.java and StringUtil::containsWordExactIgnoreCase to reflect exact matching,","messageBody":"","fileTypesAndContributionMap":{"functional-code":{"insertions":7,"deletions":7},"other":{"insertions":19,"deletions":19},"test-code":{"insertions":37,"deletions":37}}},{"hash":"1518cf089adafd46ef056df1de015550a82ad42a","isMergeCommit":false,"messageTitle":"Add StringUtil::containsWordIgnoreCase","messageBody":"","fileTypesAndContributionMap":{"functional-code":{"insertions":25,"deletions":0}}},{"hash":"9232432b12e1773b0759d4184419bd456ee778e1","isMergeCommit":false,"messageTitle":"Update TypicalPersons.java to include duplicate names","messageBody":"","fileTypesAndContributionMap":{"test-code":{"insertions":27,"deletions":8}}},{"hash":"34b5736e015bd30f0646362fd39fbe1729cb104e","isMergeCommit":false,"messageTitle":"Update delete command to handle duplicate names and update test cases.","messageBody":"Edge case delete {index} as invalid input yet to be handled.\n","fileTypesAndContributionMap":{"functional-code":{"insertions":86,"deletions":10},"test-code":{"insertions":57,"deletions":25}}},{"hash":"7a35b7b58224af7338631d8eb569697a0500309a","isMergeCommit":false,"messageTitle":"Add additional invalid DeleteCommand check, and message for no users found on delete initiation","messageBody":"","fileTypesAndContributionMap":{"functional-code":{"insertions":11,"deletions":0}}},{"hash":"a4fa1c61c2904ac5cfa440d8d751a901cf65eabc","isMergeCommit":false,"messageTitle":"Fix checkstyle","messageBody":"","fileTypesAndContributionMap":{"functional-code":{"insertions":8,"deletions":5}}},{"hash":"3f7c6024b93fbae615a5d5b62a1ab80b225e7ec1","isMergeCommit":false,"messageTitle":"Fix checkstyle","messageBody":"","fileTypesAndContributionMap":{"test-code":{"insertions":36,"deletions":19}}},{"hash":"164cd7534f0212e39214fb9d5e6d2347a4fb7955","isMergeCommit":false,"messageTitle":"Fix checkstyle","messageBody":"","fileTypesAndContributionMap":{"test-code":{"insertions":36,"deletions":19}}},{"hash":"f04e277b5db120a3a5813e15f80db8e2f5cc1526","isMergeCommit":true,"messageTitle":"Merge branch \u0027delete-student\u0027 of https://github.com/zzdlklzz/tp into delete-student","messageBody":"Resolve checkstyle merge conflict\n","fileTypesAndContributionMap":{}}]},{"date":"2025-10-09T00:00:00","commitResults":[{"hash":"25ee1564d2628a2f9ff58372105faccae09f7362","isMergeCommit":true,"messageTitle":"Merge branch \u0027master\u0027 into delete-student Pull updates for disallowing create lesson from add student","messageBody":"","fileTypesAndContributionMap":{}},{"hash":"2c4a86395aaa2a4aeece7e35af68681d61c1020b","isMergeCommit":true,"messageTitle":"Merge pull request #53 from Lanturn567/user-id-autoincrement","messageBody":"Implement Random UserId","fileTypesAndContributionMap":{}},{"hash":"d0db8aa138695b946e33e82bfb34d23b414c74e8","isMergeCommit":false,"messageTitle":"Refactor and fix delete command related tests","messageBody":"","fileTypesAndContributionMap":{"functional-code":{"insertions":2,"deletions":2},"test-code":{"insertions":16,"deletions":10}}},{"hash":"99f57b55caefe70699fe086eaf2f189fc8928f25","isMergeCommit":true,"messageTitle":"Merge branch \u0027master\u0027 into delete-student","messageBody":"# Conflicts:\n#\tsrc/test/data/JsonSerializableAddressBookTest/typicalPersonsAddressBook.json\n","fileTypesAndContributionMap":{}},{"hash":"f4ad6e14388f54cb9e788fc88c7b7cb4af4c72c9","isMergeCommit":false,"messageTitle":"Fix tests and checkstyle","messageBody":"","fileTypesAndContributionMap":{"test-code":{"insertions":1,"deletions":2}}},{"hash":"88dc53f7e154764f2814b6f4fa5d677b620b3f4b","isMergeCommit":false,"messageTitle":"Add ContainsNamePredicateTest","messageBody":"","fileTypesAndContributionMap":{"functional-code":{"insertions":0,"deletions":1},"test-code":{"insertions":85,"deletions":0}}},{"hash":"0d6f938cb818788cba0d392457e45a71576d6f22","isMergeCommit":false,"messageTitle":"Add tests for DeleteCommandParserTest","messageBody":"","fileTypesAndContributionMap":{"test-code":{"insertions":4,"deletions":1}}},{"hash":"793f1648a26051175dd7d2b64f8f95b8e59ad79c","isMergeCommit":false,"messageTitle":"Update delete message","messageBody":"","fileTypesAndContributionMap":{"functional-code":{"insertions":1,"deletions":1}}},{"hash":"45bad3c79d0df9cb655fea6a7acb56545d56c3b7","isMergeCommit":true,"messageTitle":"Merge branch \u0027master\u0027 into delete-student","messageBody":"# Conflicts:\n#\tsrc/main/java/seedu/address/commons/util/StringUtil.java\n#\tsrc/test/java/seedu/address/commons/util/StringUtilTest.java\n","fileTypesAndContributionMap":{}},{"hash":"adc9495069e039e5ffa9cbc63789fb59917492ba","isMergeCommit":false,"messageTitle":"Refactor ContainsNamePredicate.java to NameContainsKeywordPredicate.java","messageBody":"","fileTypesAndContributionMap":{"functional-code":{"insertions":2,"deletions":2},"other":{"insertions":16,"deletions":16},"test-code":{"insertions":3,"deletions":3}}},{"hash":"10c8e397cc17f28e37c70625d11d80364c0cbd70","isMergeCommit":false,"messageTitle":"Refactor tests and NameContainsKeywordsPredicate to match with merged PR for find command","messageBody":"","fileTypesAndContributionMap":{"functional-code":{"insertions":6,"deletions":82},"test-code":{"insertions":32,"deletions":220}}},{"hash":"b1e65e42445af4eb17c399bf107c7e2a50dc40b5","isMergeCommit":false,"messageTitle":"Update portfolio contribution","messageBody":"","fileTypesAndContributionMap":{"docs":{"insertions":6,"deletions":10}}},{"hash":"c96f535245df2f04dad552737602b3ecac5a1ba6","isMergeCommit":false,"messageTitle":"Fix accidental JavaDoc edit","messageBody":"","fileTypesAndContributionMap":{"functional-code":{"insertions":1,"deletions":1}}}]},{"date":"2025-10-12T00:00:00","commitResults":[{"hash":"e40bb4e4f76eb5a75309ea232ef9e9af85abf716","isMergeCommit":false,"messageTitle":"Refactor person predicates to package person.predicates","messageBody":"","fileTypesAndContributionMap":{"functional-code":{"insertions":3,"deletions":3},"other":{"insertions":2,"deletions":1},"test-code":{"insertions":7,"deletions":6}}},{"hash":"f5dc071cf177398ba74636f7690908ddf8f12425","isMergeCommit":false,"messageTitle":"Add max integer check for UserId constructor","messageBody":"","fileTypesAndContributionMap":{"functional-code":{"insertions":9,"deletions":2}}},{"hash":"4f41e97bf07596beef9937419930dd809be03228","isMergeCommit":false,"messageTitle":"Update showPersonAtIndex in CommandTestUtil.java to filter by UserId instead of name","messageBody":"","fileTypesAndContributionMap":{"functional-code":{"insertions":47,"deletions":0},"test-code":{"insertions":4,"deletions":4}}},{"hash":"5f77fdb4e0bd6fc8fff18048e1edb21b2a5ccb43","isMergeCommit":false,"messageTitle":"Add tests for UserIdEqualsPredicate","messageBody":"","fileTypesAndContributionMap":{"other":{"insertions":2,"deletions":2},"test-code":{"insertions":65,"deletions":0}}},{"hash":"e96b1911fb426856e78c5b81785422e777c0d46f","isMergeCommit":false,"messageTitle":"Add more tests for UserIdEqualsPredicate and UserId","messageBody":"","fileTypesAndContributionMap":{"test-code":{"insertions":13,"deletions":0}}},{"hash":"707707320da4475a5178c36e6016bddfd3395fab","isMergeCommit":false,"messageTitle":"Update portfolio","messageBody":"","fileTypesAndContributionMap":{"docs":{"insertions":1,"deletions":0}}}]},{"date":"2025-10-13T00:00:00","commitResults":[{"hash":"47e270ac402439d27b337524a45336e43559daa4","isMergeCommit":true,"messageTitle":"Merge pull request #60 from Lanturn567/userid-nonrandom","messageBody":"Change UserId to be Deterministic","fileTypesAndContributionMap":{}},{"hash":"a02e7429e107e08c883f6333653fd1c3c1caa40d","isMergeCommit":true,"messageTitle":"Merge branch \u0027master\u0027 into filter-by-user-id-predicate","messageBody":"","fileTypesAndContributionMap":{}},{"hash":"d1892617012a534a1196de01c6f92066a1d0612a","isMergeCommit":false,"messageTitle":"Remove MAX_USER_ID limit in UserId","messageBody":"","fileTypesAndContributionMap":{"functional-code":{"insertions":1,"deletions":8},"test-code":{"insertions":0,"deletions":9}}}]},{"date":"2025-10-14T00:00:00","commitResults":[{"hash":"1042d47afbec3d38165c630888cc23cf89d030ad","isMergeCommit":true,"messageTitle":"Merge pull request #61 from zzdlklzz/filter-by-user-id-predicate","messageBody":"Filter by user id predicate","fileTypesAndContributionMap":{}}]},{"date":"2025-10-15T00:00:00","commitResults":[{"hash":"4d1d8c06d98d3490648f71dd4a00825bb79e55a4","isMergeCommit":true,"messageTitle":"Merge pull request #62 from kianshenteoh/nonrandomlessonid-branch","messageBody":"Made lesson ID sequential","fileTypesAndContributionMap":{}},{"hash":"4285d2c448f2485c7081da78e49ac16a13467dcd","isMergeCommit":true,"messageTitle":"Merge pull request #63 from gunawanjoseph/branch-list-lessons","messageBody":"Branch list lessons","fileTypesAndContributionMap":{}},{"hash":"4f1d7eb2fb89cea862005991bb8b2af8a7075864","isMergeCommit":false,"messageTitle":"Fix initialization of static ID fields for UserId and LessonId","messageBody":"","fileTypesAndContributionMap":{"functional-code":{"insertions":58,"deletions":11},"test-code":{"insertions":10,"deletions":0}}},{"hash":"43da3fa464171d48954d001e73ddf16daf27d052","isMergeCommit":false,"messageTitle":"Update CommandResult of AddLessonCommand to display lessons list by default","messageBody":"","fileTypesAndContributionMap":{"functional-code":{"insertions":1,"deletions":1}}}]},{"date":"2025-10-16T00:00:00","commitResults":[{"hash":"1001362f17ba47d87da6afdd92e3993ab234a437","isMergeCommit":false,"messageTitle":"Add v1.3 release notes, yet to fill in delete lesson section","messageBody":"","fileTypesAndContributionMap":{"docs":{"insertions":95,"deletions":0}}},{"hash":"66d16c05a5d40814d7205936de3d088ebc624cc0","isMergeCommit":false,"messageTitle":"Add delete lesson description in v1.3 release notes","messageBody":"","fileTypesAndContributionMap":{"docs":{"insertions":11,"deletions":3}}},{"hash":"383f749d4ae4e6ef0786652c75896d6d4778a976","isMergeCommit":false,"messageTitle":"Update Daniel\u0027s portfolio","messageBody":"","fileTypesAndContributionMap":{"docs":{"insertions":10,"deletions":4}}},{"hash":"48d37eb95db9fcd32158e7c58f43ce8b382badbd","isMergeCommit":false,"messageTitle":"Fix v1.3 formatting issues","messageBody":"","fileTypesAndContributionMap":{"docs":{"insertions":1,"deletions":1}}},{"hash":"cef178384dee59cd5a0950ce788c7afddc4d97b9","isMergeCommit":false,"messageTitle":"Fix v1.3 image format issues","messageBody":"","fileTypesAndContributionMap":{"docs":{"insertions":2,"deletions":2}}}]},{"date":"2025-10-20T00:00:00","commitResults":[{"hash":"b1f3a794cac92cae245c3d568da56fd12e04bbe8","isMergeCommit":false,"messageTitle":"Refactor add command to addstudent command","messageBody":"","fileTypesAndContributionMap":{"functional-code":{"insertions":3,"deletions":3},"other":{"insertions":40,"deletions":39},"test-code":{"insertions":7,"deletions":7}}},{"hash":"57afee74c3c6792ab602b8fded0d47f6bc09c82c","isMergeCommit":false,"messageTitle":"Implement FilterLessonByStudentCommand and FilterStudentByLessonCommand","messageBody":"","fileTypesAndContributionMap":{"functional-code":{"insertions":405,"deletions":3},"test-code":{"insertions":2,"deletions":1}}}]},{"date":"2025-10-21T00:00:00","commitResults":[{"hash":"c3e14401c5f708f6e7f55c640189d655540533ef","isMergeCommit":true,"messageTitle":"Merge branch \u0027master\u0027 into filter-students-and-lessons","messageBody":"# Conflicts:\n#\tsrc/main/java/seedu/address/logic/parser/AddressBookParser.java\n","fileTypesAndContributionMap":{}},{"hash":"0be1649bfac13b8961dee6b5451e769e1a38c237","isMergeCommit":false,"messageTitle":"Add preliminary tests","messageBody":"","fileTypesAndContributionMap":{"functional-code":{"insertions":4,"deletions":2},"test-code":{"insertions":78,"deletions":0}}},{"hash":"1581afce7e8c7e906693c58cf612cc949e678baa","isMergeCommit":true,"messageTitle":"Merge branch \u0027master\u0027 into filter-students-and-lessons","messageBody":"# Conflicts:\n#\tsrc/main/java/seedu/address/logic/commands/DeleteStudentCommand.java\n#\tsrc/test/java/seedu/address/logic/commands/DeleteStudentCommandTest.java\n","fileTypesAndContributionMap":{}},{"hash":"9f90b749e60869b302151b602d5030762b047542","isMergeCommit":false,"messageTitle":"Add tests for LessonContainsStudentPredicate and StudentContainsLessonPredicate","messageBody":"","fileTypesAndContributionMap":{"functional-code":{"insertions":2,"deletions":1},"test-code":{"insertions":191,"deletions":1}}},{"hash":"a6ca73a50755000fc49c894d5bb37236e6d69c6b","isMergeCommit":false,"messageTitle":"Refactor ModelStub","messageBody":"","fileTypesAndContributionMap":{"test-code":{"insertions":112,"deletions":0}}},{"hash":"b002279c699f436c0fe10caa604058cbb06a0346","isMergeCommit":false,"messageTitle":"Add tests for filter commands and refactor model stub","messageBody":"","fileTypesAndContributionMap":{"functional-code":{"insertions":3,"deletions":3},"test-code":{"insertions":423,"deletions":107}}}]},{"date":"2025-10-22T00:00:00","commitResults":[{"hash":"3af819c0107f6002f23eb64f7a729cc5edca7d82","isMergeCommit":false,"messageTitle":"Update UC08 and UC09 in DeveloperGuide.md","messageBody":"","fileTypesAndContributionMap":{"docs":{"insertions":61,"deletions":0}}},{"hash":"666b6affe1185ae4703da9ec7802513d1a8552d9","isMergeCommit":false,"messageTitle":"Update user stories in DeveloperGuide.md","messageBody":"","fileTypesAndContributionMap":{"docs":{"insertions":15,"deletions":9}}},{"hash":"400ecd19ab6164a7c7115e780068d56200daea0e","isMergeCommit":false,"messageTitle":"Update UserGuide.md to include filter commands","messageBody":"","fileTypesAndContributionMap":{"docs":{"insertions":35,"deletions":8}}},{"hash":"9de841ae74ff91e2d0e5f52dd7fa03ec697917af","isMergeCommit":false,"messageTitle":"Update portfolio","messageBody":"","fileTypesAndContributionMap":{"docs":{"insertions":20,"deletions":12}}},{"hash":"1a1b3d0e29126915919095ed648317a4c06cf62d","isMergeCommit":true,"messageTitle":"Merge pull request #86 from kianshenteoh/personcard-branch","messageBody":"Display assigned lessons inside student card and vice versa","fileTypesAndContributionMap":{}},{"hash":"e5f6328f2e8c14a8cb0104336e050fb0289ada4d","isMergeCommit":true,"messageTitle":"Merge branch \u0027master\u0027 into filter-students-and-lessons","messageBody":"","fileTypesAndContributionMap":{}}]},{"date":"2025-10-26T00:00:00","commitResults":[{"hash":"2fb74709930c45dfec282bf00f7a994f385bbd7a","isMergeCommit":false,"messageTitle":"Update ModelClassDiagram in DeveloperGuide","messageBody":"","fileTypesAndContributionMap":{"docs":{"insertions":34,"deletions":5}}},{"hash":"2d786a9480b30915793cc721825b6129c0d6f500","isMergeCommit":false,"messageTitle":"Fix format issue in UserGuide with findlesson","messageBody":"","fileTypesAndContributionMap":{"docs":{"insertions":1,"deletions":1}}},{"hash":"24b29c5b2853f77b135ebc0b7ffd2d1decfbfbfa","isMergeCommit":false,"messageTitle":"Update FindStudentCommand description","messageBody":"","fileTypesAndContributionMap":{"functional-code":{"insertions":5,"deletions":4}}},{"hash":"338c62b7ccbbe830789f685a9fc61c26654d5646","isMergeCommit":false,"messageTitle":"Update FindStudentCommand description in UserGuide","messageBody":"","fileTypesAndContributionMap":{"docs":{"insertions":5,"deletions":8}}}]},{"date":"2025-10-27T00:00:00","commitResults":[{"hash":"a2ec09edfe89bae6c4686dc446b0a4ccf31b2de9","isMergeCommit":false,"messageTitle":"Update AssignCommand format to display students when DAY prefix missing","messageBody":"","fileTypesAndContributionMap":{"functional-code":{"insertions":23,"deletions":11},"test-code":{"insertions":0,"deletions":4}}},{"hash":"f6a1cea247520f28076e78e647b474925172d3e6","isMergeCommit":false,"messageTitle":"Update UnassignCommand format to display students when DAY prefix missing","messageBody":"","fileTypesAndContributionMap":{"functional-code":{"insertions":24,"deletions":12},"test-code":{"insertions":0,"deletions":4}}},{"hash":"e2e3090f0a238ce95b3825a9a676c609b6f6ec91","isMergeCommit":false,"messageTitle":"Update AssignCommand message usage","messageBody":"","fileTypesAndContributionMap":{"functional-code":{"insertions":1,"deletions":1}}}]},{"date":"2025-10-28T00:00:00","commitResults":[{"hash":"81842b810a1a244c6b55c21475f0a65a89d73cdf","isMergeCommit":true,"messageTitle":"Merge pull request #110 from Lanturn567/addstudent-email-v1.4","messageBody":"Add Max Length Validation for Email ","fileTypesAndContributionMap":{}},{"hash":"342eed30d0050f54264bba880fbd525cc66f4ed4","isMergeCommit":true,"messageTitle":"Merge pull request #111 from Lanturn567/addstudent-phone-v1.4","messageBody":"Add Max Length Validation for Phone","fileTypesAndContributionMap":{}},{"hash":"a8190b0201a05061f6c65be3fbbaf6d74d64c5cf","isMergeCommit":true,"messageTitle":"Merge pull request #112 from Lanturn567/addstudent-name-v1.4","messageBody":"Add Max Length Validation for Name","fileTypesAndContributionMap":{}},{"hash":"84e4bb03e8a561161ff88d67f1ba06f37510bab7","isMergeCommit":true,"messageTitle":"Merge pull request #113 from Lanturn567/addstudent-tag-v1.4","messageBody":"Add Max Length Validation for Tag","fileTypesAndContributionMap":{}},{"hash":"f32632a407ecb8d8205947c7bf0305ba8632ed53","isMergeCommit":true,"messageTitle":"Merge pull request #114 from Lanturn567/deletestudent-flags","messageBody":"Add Flags to Delete Student Command","fileTypesAndContributionMap":{}},{"hash":"2d7f9d747c05125a3cfbc8877657b88000533aa9","isMergeCommit":true,"messageTitle":"Merge pull request #126 from kianshenteoh/fix-editlessons-wipeout-students-branch","messageBody":"Fix editlesson command wiping out assigned students","fileTypesAndContributionMap":{}},{"hash":"3f33866a96793ffe1b7a8a29f4e8226dd83f416a","isMergeCommit":true,"messageTitle":"Merge branch \u0027master\u0027 into fix-editlesson-replaceinstance-branch","messageBody":"","fileTypesAndContributionMap":{}},{"hash":"e059765fac1eecacff9f2f565fcbc0beddee478d","isMergeCommit":true,"messageTitle":"Merge pull request #136 from kianshenteoh/fix-editlesson-replaceinstance-branch","messageBody":"Fix bug of editlesson not replacing the lesson instance assigned to the students","fileTypesAndContributionMap":{}},{"hash":"559756f340edfb37b742bc5843d88e904cf4dbc8","isMergeCommit":true,"messageTitle":"Merge pull request #154 from wangyuanchi/update-developer-guide-images","messageBody":"Update UML diagrams","fileTypesAndContributionMap":{}}]},{"date":"2025-10-30T00:00:00","commitResults":[{"hash":"16d26c1bdcd7ae6a10b4b77ae70fd0e628473649","isMergeCommit":false,"messageTitle":"Update UserGuide","messageBody":"","fileTypesAndContributionMap":{"docs":{"insertions":67,"deletions":9}}},{"hash":"73882f1b606d515707854070bdc0f5786e5f91cd","isMergeCommit":false,"messageTitle":"Fix formatting issues in UserGuide","messageBody":"","fileTypesAndContributionMap":{"docs":{"insertions":19,"deletions":22}}}]}],"Lanturn567":[{"date":"2025-10-01T00:00:00","commitResults":[{"hash":"4edd9c3e72d6fb092d2c788c7be8959586ab1756","isMergeCommit":true,"messageTitle":"Merge pull request #9 from zzdlklzz/add-daniel-photo","messageBody":"Add Daniel\u0027s photo to docs/images","fileTypesAndContributionMap":{}},{"hash":"4ae41f39e1d4cdf53bfc5870c531a98121475528","isMergeCommit":false,"messageTitle":"Update aboutUs.md","messageBody":"","fileTypesAndContributionMap":{"docs":{"insertions":3,"deletions":3}}},{"hash":"e1b01b1bd270bc5068453271b4a1bcf5f0ec736d","isMergeCommit":false,"messageTitle":"Rename .md file in team","messageBody":"","fileTypesAndContributionMap":{"docs":{"insertions":1,"deletions":1}}},{"hash":"4a20e777e3e6e7d57d6dbb2ede2b8c36912f062a","isMergeCommit":true,"messageTitle":"Merge branch \u0027master\u0027 into update-aboutus-page","messageBody":"","fileTypesAndContributionMap":{}},{"hash":"f8d3548353cef152f1e87f383324f55e8237feeb","isMergeCommit":true,"messageTitle":"Merge pull request #25 from wangyuanchi/update-aboutus-page","messageBody":"Update the AboutUs page","fileTypesAndContributionMap":{}},{"hash":"e5261197429f84c461dac9a4dd8aebeb04b83c63","isMergeCommit":true,"messageTitle":"Merge branch \u0027master\u0027 into update-aboutus-joseph","messageBody":"","fileTypesAndContributionMap":{}},{"hash":"57cd9264fd37a6522bcdb7ea6a14c3fbebc2e8a1","isMergeCommit":true,"messageTitle":"Merge pull request #27 from gunawanjoseph/update-aboutus-joseph","messageBody":"Update aboutus joseph","fileTypesAndContributionMap":{}}]},{"date":"2025-10-02T00:00:00","commitResults":[{"hash":"67e09c19c2ceeef0a3e7f5fe5c688f1fd2cfcf1b","isMergeCommit":false,"messageTitle":"Update dev guide target scope","messageBody":"","fileTypesAndContributionMap":{"docs":{"insertions":12,"deletions":6}}},{"hash":"fc4178d6c7dd8f5e1721ebebc4acf872dac99a70","isMergeCommit":false,"messageTitle":"Update dev guide user stories","messageBody":"","fileTypesAndContributionMap":{"docs":{"insertions":6,"deletions":8}}},{"hash":"9cec19f7cf10471a7bd841b5564fb906673761d5","isMergeCommit":false,"messageTitle":"Update to adhere to Markdown standard","messageBody":"","fileTypesAndContributionMap":{"docs":{"insertions":10,"deletions":8}}},{"hash":"d33d2ec87bf7c89c34dad6a19a19a60076fc0e56","isMergeCommit":false,"messageTitle":"Update casing of lists and table","messageBody":"","fileTypesAndContributionMap":{"docs":{"insertions":13,"deletions":13}}}]},{"date":"2025-10-05T00:00:00","commitResults":[{"hash":"154f67351336acf4560f88867df414c998a40643","isMergeCommit":true,"messageTitle":"Merge pull request #37 from zzdlklzz/remove-ab3","messageBody":"Update md files to remove AB3","fileTypesAndContributionMap":{}}]},{"date":"2025-10-07T00:00:00","commitResults":[{"hash":"0d56bde1fed789343f166be39c6156348359377c","isMergeCommit":false,"messageTitle":"Update user stories","messageBody":"","fileTypesAndContributionMap":{"docs":{"insertions":110,"deletions":19}}}]},{"date":"2025-10-08T00:00:00","commitResults":[{"hash":"c0a4b9a78f1cae1d44ac314a728582697ca41421","isMergeCommit":false,"messageTitle":"Update Find command to use contains not equality","messageBody":"","fileTypesAndContributionMap":{"functional-code":{"insertions":26,"deletions":2},"test-code":{"insertions":81,"deletions":4}}},{"hash":"cd45607a9bd336a80152c73e5b25ac272d9276fe","isMergeCommit":false,"messageTitle":"Update documentation for containsWordIgnoreCase tests","messageBody":"","fileTypesAndContributionMap":{"test-code":{"insertions":1,"deletions":1}}},{"hash":"aeab959db330543f8de05a0b5d4dac4c44bffb29","isMergeCommit":false,"messageTitle":"Add test for FindCommand","messageBody":"","fileTypesAndContributionMap":{"test-code":{"insertions":16,"deletions":3}}},{"hash":"394fd8598d004f50f9a1997729f5815a65b2249d","isMergeCommit":false,"messageTitle":"Add randomly generated id to UserId class","messageBody":"","fileTypesAndContributionMap":{"functional-code":{"insertions":10,"deletions":0},"test-code":{"insertions":1,"deletions":1}}},{"hash":"767d6bc11e12e701ed854b4cf4221dded47ab637","isMergeCommit":false,"messageTitle":"Update AddCommandParser to use random generation of UserId","messageBody":"","fileTypesAndContributionMap":{"functional-code":{"insertions":1,"deletions":1}}},{"hash":"28912ea052e5d29a9e64a32d85f00b084d4b9779","isMergeCommit":false,"messageTitle":"Change Sample Data to use random UserId","messageBody":"","fileTypesAndContributionMap":{"functional-code":{"insertions":6,"deletions":6}}},{"hash":"cec73c84df7df8aec087ffe443494795e4a1e796","isMergeCommit":false,"messageTitle":"Change typical examples to use different UserId","messageBody":"","fileTypesAndContributionMap":{"test-code":{"insertions":49,"deletions":0}}},{"hash":"dafae47502f0e9846813a01ed345b0dea5a2d86c","isMergeCommit":false,"messageTitle":"Fix code for checkstyle","messageBody":"","fileTypesAndContributionMap":{"functional-code":{"insertions":3,"deletions":3},"test-code":{"insertions":10,"deletions":10}}},{"hash":"976086539ee5655ff3073927c6f7b64dcd2862e8","isMergeCommit":false,"messageTitle":"Fix tests in LogicManagerTest to work for random UserIds","messageBody":"","fileTypesAndContributionMap":{"test-code":{"insertions":5,"deletions":3}}},{"hash":"725cc1c313df53d18885779b688ed80d61005feb","isMergeCommit":false,"messageTitle":"Fix tests in EditCommandTest to work for random UserIds","messageBody":"","fileTypesAndContributionMap":{"test-code":{"insertions":6,"deletions":1}}},{"hash":"1b1284dfcc711cb1c13c8e615d21b2a8cb0e67bd","isMergeCommit":false,"messageTitle":"Fix Tests in AddCommandParserTest","messageBody":"","fileTypesAndContributionMap":{"functional-code":{"insertions":7,"deletions":0},"test-code":{"insertions":40,"deletions":13}}},{"hash":"680d54b585eef071a6f4791c1c3e65b2a33d6f06","isMergeCommit":false,"messageTitle":"Resolve tests to be consistent with random UserId","messageBody":"","fileTypesAndContributionMap":{"test-code":{"insertions":35,"deletions":22}}}]},{"date":"2025-10-09T00:00:00","commitResults":[{"hash":"6f76e6313cfd55cdd1173015f3b33a5b7d530179","isMergeCommit":false,"messageTitle":"Adjust upper bound of UserIds and comments","messageBody":"","fileTypesAndContributionMap":{"functional-code":{"insertions":1,"deletions":1},"test-code":{"insertions":6,"deletions":4}}},{"hash":"98010a32357a57baed895f1ee0d6dd5b27b90632","isMergeCommit":false,"messageTitle":"Update range of UserId","messageBody":"","fileTypesAndContributionMap":{"test-code":{"insertions":4,"deletions":4}}}]},{"date":"2025-10-12T00:00:00","commitResults":[{"hash":"e3dda4bd17fddb136654e2c253a74b808a3dcdef","isMergeCommit":false,"messageTitle":"Update to use fixed Ids","messageBody":"","fileTypesAndContributionMap":{"functional-code":{"insertions":38,"deletions":17},"test-code":{"insertions":18,"deletions":24}}},{"hash":"66ec60225009e6ccc8be8aacc17d2e8babd6d8f2","isMergeCommit":false,"messageTitle":"Fix tests related to UserId","messageBody":"","fileTypesAndContributionMap":{"functional-code":{"insertions":36,"deletions":13},"test-code":{"insertions":40,"deletions":17}}},{"hash":"935752c74de10fbcda8c064fe85c4696321bbcb0","isMergeCommit":false,"messageTitle":"Reset MaxUserId to zero on clearing list","messageBody":"","fileTypesAndContributionMap":{"functional-code":{"insertions":4,"deletions":0}}},{"hash":"e2b20044996d8c6dc4b76a121db7d837172dda28","isMergeCommit":false,"messageTitle":"Add more tests for coverage","messageBody":"","fileTypesAndContributionMap":{"functional-code":{"insertions":8,"deletions":0},"test-code":{"insertions":40,"deletions":6}}},{"hash":"f78e35dba5af65babf7b9ba963beea24d3848a31","isMergeCommit":false,"messageTitle":"Add more tests for coverage","messageBody":"","fileTypesAndContributionMap":{"test-code":{"insertions":6,"deletions":0}}},{"hash":"73134d27fa3d6ba19302bd802c4613e325e1af12","isMergeCommit":false,"messageTitle":"Move initialisation of UserId to AddressBook Constructor","messageBody":"","fileTypesAndContributionMap":{"functional-code":{"insertions":12,"deletions":15},"test-code":{"insertions":12,"deletions":31}}}]},{"date":"2025-10-16T00:00:00","commitResults":[{"hash":"8c3fd1a1b07b530dc1488d8dd547d7276dbea496","isMergeCommit":false,"messageTitle":"Update team collaboration notes","messageBody":"","fileTypesAndContributionMap":{"docs":{"insertions":48,"deletions":9}}},{"hash":"1e8e134680a6af34d8e6cdcc86d47fcb6e73537f","isMergeCommit":false,"messageTitle":"Update user guide","messageBody":"","fileTypesAndContributionMap":{"docs":{"insertions":66,"deletions":15}}},{"hash":"0b04bfd00edf0ea2c15230fb190bcba0a4f3e15c","isMergeCommit":false,"messageTitle":"Update Dev Guide","messageBody":"","fileTypesAndContributionMap":{"docs":{"insertions":8,"deletions":16}}},{"hash":"42291a665990d2e4b5691dff8c43893071b47562","isMergeCommit":false,"messageTitle":"Fix checkstyle errors","messageBody":"","fileTypesAndContributionMap":{"docs":{"insertions":1,"deletions":1}}},{"hash":"74a148b2482102ccb400b58ef1c0e21e07040f19","isMergeCommit":false,"messageTitle":"Add list lesson use case to dev guide","messageBody":"","fileTypesAndContributionMap":{"docs":{"insertions":6,"deletions":23}}}]},{"date":"2025-10-20T00:00:00","commitResults":[{"hash":"6893a52e6077cf9b86f0a848c4db1fc99b91c2bc","isMergeCommit":false,"messageTitle":"Refactor edit command to editstudent command","messageBody":"","fileTypesAndContributionMap":{"functional-code":{"insertions":3,"deletions":3},"other":{"insertions":53,"deletions":53},"test-code":{"insertions":9,"deletions":9}}},{"hash":"fc5940ea2bddf5c0f6c32926940eb7d95e7cd0d1","isMergeCommit":false,"messageTitle":"Update user guide for edit student command","messageBody":"","fileTypesAndContributionMap":{"docs":{"insertions":18,"deletions":18}}},{"hash":"6097c5012ff3d5a25ce83e3ba6f46a414d4ecb45","isMergeCommit":false,"messageTitle":"Fix checkstyle violations","messageBody":"","fileTypesAndContributionMap":{"functional-code":{"insertions":2,"deletions":1},"test-code":{"insertions":16,"deletions":15}}},{"hash":"2c556e4bf62a1c7ae2d1f7deca1be9d023bb2a0b","isMergeCommit":false,"messageTitle":"Remove obsolete tests","messageBody":"","fileTypesAndContributionMap":{"test-code":{"insertions":0,"deletions":21}}},{"hash":"483d237b109b690bf6a98083ae68b3636c483373","isMergeCommit":false,"messageTitle":"Add EditLessonCommand","messageBody":"","fileTypesAndContributionMap":{"functional-code":{"insertions":225,"deletions":0}}},{"hash":"760f014d28d63cb0fbc419ef88148120fe8dd04b","isMergeCommit":false,"messageTitle":"Add EditLessonCommandParser","messageBody":"","fileTypesAndContributionMap":{"functional-code":{"insertions":66,"deletions":0}}},{"hash":"2f95dff339c7bac9eca51eae240a6cb3f11b20d5","isMergeCommit":false,"messageTitle":"Edit main util files to include EditLessonCommand","messageBody":"","fileTypesAndContributionMap":{"functional-code":{"insertions":27,"deletions":4}}},{"hash":"bda049984ac5ecb6a6ce198f60f9a1e71eae13a8","isMergeCommit":false,"messageTitle":"Implement EditLessonCommand Tests","messageBody":"","fileTypesAndContributionMap":{"test-code":{"insertions":250,"deletions":0}}},{"hash":"d5191d36299e3a30d524d17464d4123d6b38573c","isMergeCommit":false,"messageTitle":"Fix checkstyle violations","messageBody":"","fileTypesAndContributionMap":{"functional-code":{"insertions":16,"deletions":8},"test-code":{"insertions":96,"deletions":46}}},{"hash":"9af8c552a0d9b16fcb89dc823679adc2c8f7f3e6","isMergeCommit":false,"messageTitle":"Update user and dev guide to include Edit Commands","messageBody":"","fileTypesAndContributionMap":{"docs":{"insertions":77,"deletions":2}}},{"hash":"070441af1beb096dda4f5d4f9f0b421a9c1fb87b","isMergeCommit":false,"messageTitle":"Write tests for EditLessonCommandParser","messageBody":"","fileTypesAndContributionMap":{"test-code":{"insertions":139,"deletions":1}}},{"hash":"24167831cbe7a19e0f7868289019a96ca492c8d4","isMergeCommit":false,"messageTitle":"Add more tests","messageBody":"","fileTypesAndContributionMap":{"test-code":{"insertions":95,"deletions":19}}},{"hash":"771cdddcd00799b86d22974595119f5558dd8049","isMergeCommit":false,"messageTitle":"Fix checkstyle violations again","messageBody":"","fileTypesAndContributionMap":{"test-code":{"insertions":23,"deletions":3}}}]},{"date":"2025-10-21T00:00:00","commitResults":[{"hash":"b3d023ebd7238286b9fe6a0158d2ac46885f05fe","isMergeCommit":true,"messageTitle":"Merge remote-tracking branch \u0027origin/master\u0027 into edit-lesson","messageBody":"","fileTypesAndContributionMap":{}}]},{"date":"2025-10-25T00:00:00","commitResults":[{"hash":"5b675e51d3b03bf9e8a42736c09a70c1a26d1605","isMergeCommit":false,"messageTitle":"Update uml diagrams","messageBody":"","fileTypesAndContributionMap":{"docs":{"insertions":15,"deletions":2}}}]},{"date":"2025-10-26T00:00:00","commitResults":[{"hash":"fbb5ae6dd26328380c92f4a1f2101f73134f92e4","isMergeCommit":false,"messageTitle":"Add max length validation of email","messageBody":"","fileTypesAndContributionMap":{"functional-code":{"insertions":2,"deletions":1},"test-code":{"insertions":13,"deletions":0}}},{"hash":"a41400f93b052a4bff2997c341e1165fe6207b18","isMergeCommit":false,"messageTitle":"Add max length validation for name","messageBody":"","fileTypesAndContributionMap":{"functional-code":{"insertions":2,"deletions":1},"test-code":{"insertions":10,"deletions":0}}},{"hash":"cc63afd446cf5099f2cc5a8f370013e9fe0f634b","isMergeCommit":false,"messageTitle":"Fix stylistic errors","messageBody":"","fileTypesAndContributionMap":{"test-code":{"insertions":1,"deletions":2}}},{"hash":"ee077b635a94cc0b21184093e5afc5f04a6e3e15","isMergeCommit":false,"messageTitle":"Fix stylistic errors","messageBody":"","fileTypesAndContributionMap":{"test-code":{"insertions":5,"deletions":5}}},{"hash":"55f838328c3742d965300f13588f7972316acf66","isMergeCommit":false,"messageTitle":"Update message constraint for email","messageBody":"","fileTypesAndContributionMap":{"functional-code":{"insertions":4,"deletions":1}}},{"hash":"34988803158f731686b2add21aec25f5d5509669","isMergeCommit":false,"messageTitle":"Update message constraints for name","messageBody":"","fileTypesAndContributionMap":{"functional-code":{"insertions":2,"deletions":1}}},{"hash":"89170e4f13b1dd0e28004e9fa5a78e2896e488d4","isMergeCommit":false,"messageTitle":"Add max length validation for tag","messageBody":"","fileTypesAndContributionMap":{"functional-code":{"insertions":3,"deletions":2},"test-code":{"insertions":11,"deletions":0}}},{"hash":"f6444e32e1936690a9f9985e312cb450412a7416","isMergeCommit":false,"messageTitle":"Update message constraints for tag","messageBody":"","fileTypesAndContributionMap":{"functional-code":{"insertions":1,"deletions":1}}},{"hash":"74bfb9dc24958ef7fd25df664b1d1da5dd917925","isMergeCommit":false,"messageTitle":"Add flags for delete student command","messageBody":"","fileTypesAndContributionMap":{"functional-code":{"insertions":40,"deletions":29}}},{"hash":"e97f582f17f4bb44048344aaab8cab0a2896322b","isMergeCommit":false,"messageTitle":"Update command message for delete student command","messageBody":"","fileTypesAndContributionMap":{"functional-code":{"insertions":10,"deletions":4}}},{"hash":"ccf926801d67c68b2c80ec55eb3d4a0bbb2e8166","isMergeCommit":false,"messageTitle":"Update tests for delete student","messageBody":"","fileTypesAndContributionMap":{"test-code":{"insertions":16,"deletions":7}}}]},{"date":"2025-10-30T00:00:00","commitResults":[{"hash":"8c48cfa90fc7347201324de6669b174f415b6c85","isMergeCommit":true,"messageTitle":"Merge pull request #177 from wangyuanchi/update-readme-md","messageBody":"Update README.md","fileTypesAndContributionMap":{}},{"hash":"d47561b9ebc608cd0089041f6db7e64427138d56","isMergeCommit":true,"messageTitle":"Merge pull request #183 from wangyuanchi/fix-editcommand-time-check","messageBody":"Fix \"editlesson\" command to check for end time before start time","fileTypesAndContributionMap":{}}]}],"wangyuanchi":[{"date":"2025-10-01T00:00:00","commitResults":[{"hash":"038015e658c8335cd644936c1663d1c41f28eb63","isMergeCommit":true,"messageTitle":"Merge pull request #7 from kianshenteoh/add-photo-branch","messageBody":"Add photo","fileTypesAndContributionMap":{}},{"hash":"97aa9de37d5f747c9bd5f694e7382c756fdc6a64","isMergeCommit":false,"messageTitle":"Update AboutUs.md","messageBody":"","fileTypesAndContributionMap":{"docs":{"insertions":17,"deletions":59}}},{"hash":"29ccafee756bbea8847b638e51f0205fdeaaf087","isMergeCommit":true,"messageTitle":"Merge pull request #28 from gunawanjoseph/add-joseph-photo","messageBody":"Add joseph photo","fileTypesAndContributionMap":{}},{"hash":"d6bd49c810c16af66b56f573eee572c76f135007","isMergeCommit":true,"messageTitle":"Merge pull request #23 from zzdlklzz/update-daniel-aboutus","messageBody":"Update Daniel\u0027s details in AboutUs.md","fileTypesAndContributionMap":{}}]},{"date":"2025-10-04T00:00:00","commitResults":[{"hash":"33014f807326caca7dcac7a763a3f9ea3d8affff","isMergeCommit":true,"messageTitle":"Merge pull request #33 from Lanturn567/update-dg-scopeuserstories","messageBody":"Update DG Target User Profile and User Stories","fileTypesAndContributionMap":{}},{"hash":"60e305591bcd6fb3447e8da10ccb1ae6204f2d37","isMergeCommit":false,"messageTitle":"Update README.md","messageBody":"","fileTypesAndContributionMap":{"docs":{"insertions":6,"deletions":12}}},{"hash":"bc126fb99cadc007208fdfe18bf44ee57d789a5f","isMergeCommit":false,"messageTitle":"Update site-wide settings","messageBody":"","fileTypesAndContributionMap":{"other":{"insertions":1,"deletions":1}}},{"hash":"3a4cc28cf65175e88125ec1d2530c3e8a30bfe4b","isMergeCommit":true,"messageTitle":"Merge branch \u0027master\u0027 into update-readme-and-system-wide-settings","messageBody":"","fileTypesAndContributionMap":{}}]},{"date":"2025-10-06T00:00:00","commitResults":[{"hash":"779b1be690da5535ad9fe687e50cd3541bc526ea","isMergeCommit":false,"messageTitle":"Add UserId","messageBody":"","fileTypesAndContributionMap":{"functional-code":{"insertions":109,"deletions":14},"test-code":{"insertions":28,"deletions":10}}},{"hash":"902caf84db353fded03cd1bb493daa73273d25c8","isMergeCommit":false,"messageTitle":"Refactor addresses to note","messageBody":"","fileTypesAndContributionMap":{"functional-code":{"insertions":72,"deletions":72},"other":{"insertions":16,"deletions":16},"test-code":{"insertions":199,"deletions":199}}},{"hash":"289396816b7979c9af1cda0bdb04c2446e3c3b80","isMergeCommit":false,"messageTitle":"Change sample address to sample notes","messageBody":"","fileTypesAndContributionMap":{"functional-code":{"insertions":6,"deletions":6},"test-code":{"insertions":16,"deletions":16}}},{"hash":"5823d1a87a6107247392fe7233d62afd2f9fa468","isMergeCommit":false,"messageTitle":"Allow empty notes to be valid","messageBody":"","fileTypesAndContributionMap":{"functional-code":{"insertions":3,"deletions":28},"test-code":{"insertions":2,"deletions":39}}},{"hash":"98962c88e7f7015225dd8254e2594c3e4d6166a5","isMergeCommit":false,"messageTitle":"Reorder note UI element to be the last one","messageBody":"","fileTypesAndContributionMap":{"functional-code":{"insertions":1,"deletions":1}}},{"hash":"616c4733ed61c9c30f25453e1b65d773eeb38f8f","isMergeCommit":false,"messageTitle":"Allow adding without the argument for note","messageBody":"","fileTypesAndContributionMap":{"functional-code":{"insertions":5,"deletions":3},"test-code":{"insertions":0,"deletions":4}}}]},{"date":"2025-10-07T00:00:00","commitResults":[{"hash":"c08babc114201f965524e12cd1c7eccdf39f0788","isMergeCommit":false,"messageTitle":"Add Lesson","messageBody":"","fileTypesAndContributionMap":{"functional-code":{"insertions":214,"deletions":15},"test-code":{"insertions":30,"deletions":10}}},{"hash":"89b9e5a0b77574f90294c1bee4e6a4955296416b","isMergeCommit":false,"messageTitle":"Improve lesson UI","messageBody":"","fileTypesAndContributionMap":{"functional-code":{"insertions":14,"deletions":0}}},{"hash":"de3ccf2828a4183aa1fb345151b5e2adfb5d5e3b","isMergeCommit":false,"messageTitle":"Add test cases","messageBody":"","fileTypesAndContributionMap":{"test-code":{"insertions":25,"deletions":0}}},{"hash":"8a3cfc5378b37e266939c6e69c18c4aba13dc4e7","isMergeCommit":false,"messageTitle":"Fix incorrect test case","messageBody":"","fileTypesAndContributionMap":{"functional-code":{"insertions":5,"deletions":0}}},{"hash":"cd2ffe4b64a29e13f54ca136dda8f93c257de18a","isMergeCommit":false,"messageTitle":"Add more test cases","messageBody":"","fileTypesAndContributionMap":{"test-code":{"insertions":112,"deletions":0}}},{"hash":"0c7a32b10a446782d261c08bec9b8ee274bfaf14","isMergeCommit":false,"messageTitle":"Add more test cases","messageBody":"","fileTypesAndContributionMap":{"test-code":{"insertions":54,"deletions":0}}},{"hash":"5cd6cf9ac26c260f29012415fbedbcb26ecd78b3","isMergeCommit":true,"messageTitle":"Merge pull request #45 from Lanturn567/update-dg-mvpspec","messageBody":"Update user stories","fileTypesAndContributionMap":{}},{"hash":"ac52e5ca3c4c5b0690ad8927fb856df3b7501682","isMergeCommit":true,"messageTitle":"Merge branch \u0027master\u0027 into refactoring-and-minor-structural-changes","messageBody":"","fileTypesAndContributionMap":{}}]},{"date":"2025-10-08T00:00:00","commitResults":[{"hash":"dc266115041327d5f5d9d01e4155dfe2f6684c30","isMergeCommit":false,"messageTitle":"Fix details","messageBody":"","fileTypesAndContributionMap":{"functional-code":{"insertions":4,"deletions":1},"test-code":{"insertions":2,"deletions":1}}},{"hash":"0f0a32d1c8bffb95405a06643e926c02c4e63829","isMergeCommit":false,"messageTitle":"Fix some minor details","messageBody":"","fileTypesAndContributionMap":{"functional-code":{"insertions":25,"deletions":19},"test-code":{"insertions":16,"deletions":19}}},{"hash":"dc76cfb8a05762a50af7972f6f4ee2ffa90af4a0","isMergeCommit":false,"messageTitle":"Fix some minor details","messageBody":"","fileTypesAndContributionMap":{"test-code":{"insertions":58,"deletions":67}}}]},{"date":"2025-10-15T00:00:00","commitResults":[{"hash":"b4e193e886b193fab6f987b7913bea35bcd68212","isMergeCommit":true,"messageTitle":"Merge pull request #66 from zzdlklzz/fix-static-id-bugs","messageBody":"Fix static id bugs","fileTypesAndContributionMap":{}}]},{"date":"2025-10-16T00:00:00","commitResults":[{"hash":"1983db3b6f2dad96eb6d9f65f8da74160008b29f","isMergeCommit":false,"messageTitle":"Change JSON structure and loading logic","messageBody":"","fileTypesAndContributionMap":{"functional-code":{"insertions":136,"deletions":17},"test-code":{"insertions":10,"deletions":10}}},{"hash":"125356509091dfb6229449a028833524048deadb","isMergeCommit":false,"messageTitle":"Update test cases to be neater and fit the new changes","messageBody":"","fileTypesAndContributionMap":{"functional-code":{"insertions":24,"deletions":3},"test-code":{"insertions":369,"deletions":127}}},{"hash":"19159d452db64ccc3e7dd9416c0f32ac9f17f0f7","isMergeCommit":false,"messageTitle":"Add test case to check circular reference","messageBody":"","fileTypesAndContributionMap":{"test-code":{"insertions":34,"deletions":0}}},{"hash":"761c52bb64d6a4850db215c77c095ad0b7760f93","isMergeCommit":false,"messageTitle":"Add additional tests","messageBody":"","fileTypesAndContributionMap":{"functional-code":{"insertions":12,"deletions":4},"test-code":{"insertions":44,"deletions":0}}},{"hash":"459409b2775b917141118f6b05424914dc5836dc","isMergeCommit":true,"messageTitle":"Merge pull request #67 from wangyuanchi/store-studentids-in-lesson-json","messageBody":"Store studentids in lesson json","tags":["v1.3"],"fileTypesAndContributionMap":{}},{"hash":"ce4018fccf08abbc077dadd32d2dae06eb5be517","isMergeCommit":true,"messageTitle":"Merge pull request #71 from zzdlklzz/release-notes-v1.3","messageBody":"Release notes v1.3","fileTypesAndContributionMap":{}},{"hash":"522a9877742395ba840c3d15af6139b0f63d2494","isMergeCommit":true,"messageTitle":"Merge pull request #72 from Lanturn567/userguide-update-v1.3","messageBody":"Update User Guide for V1.3","fileTypesAndContributionMap":{}}]},{"date":"2025-10-21T00:00:00","commitResults":[{"hash":"4186fb412bcd53f9f0a6dfe2ea2744fa731c1372","isMergeCommit":true,"messageTitle":"Merge pull request #80 from Lanturn567/refactor-editcommand","messageBody":"Refactor EditCommand to EditStudentCommand","fileTypesAndContributionMap":{}},{"hash":"cc478a7e4de17f685011c88d6924a171e493c444","isMergeCommit":true,"messageTitle":"Merge branch \u0027master\u0027 into branch-find-student","messageBody":"","fileTypesAndContributionMap":{}},{"hash":"cd8116a436006671cac0ac1bcac5bc037df0b3cf","isMergeCommit":true,"messageTitle":"Merge pull request #76 from gunawanjoseph/branch-find-student","messageBody":"Refactor FindCommand to FindStudentCommand","fileTypesAndContributionMap":{}},{"hash":"01c9615033c5bb667935b3b5c1d343e45476d176","isMergeCommit":true,"messageTitle":"Merge branch \u0027master\u0027 into refactor-add-student-command","messageBody":"","fileTypesAndContributionMap":{}},{"hash":"0b4327608bc56a05c9fa5f3693f7020a2cae66e5","isMergeCommit":true,"messageTitle":"Merge pull request #83 from zzdlklzz/refactor-add-student-command","messageBody":"Refactor add command to addstudent command","fileTypesAndContributionMap":{}},{"hash":"e9ce96a19808858347ac15d740235159a48db0c4","isMergeCommit":true,"messageTitle":"Merge branch \u0027master\u0027 into refactor-delete-student-branch","messageBody":"","fileTypesAndContributionMap":{}},{"hash":"5b87d37ee6437cf45db6ef4977160f2ad8511416","isMergeCommit":true,"messageTitle":"Merge pull request #88 from kianshenteoh/refactor-delete-student-branch","messageBody":"Refactor delete student","fileTypesAndContributionMap":{}},{"hash":"bfff9e586e7a9538f4e9098f81df17e9fecc1865","isMergeCommit":true,"messageTitle":"Merge branch \u0027master\u0027 into branch-find-lesson","messageBody":"","fileTypesAndContributionMap":{}}]},{"date":"2025-10-22T00:00:00","commitResults":[{"hash":"7fc3fec00d6b0f092a57cc0c197e18f25c143b23","isMergeCommit":true,"messageTitle":"Merge pull request #87 from zzdlklzz/filter-students-and-lessons","messageBody":"Filter students and lessons","fileTypesAndContributionMap":{}},{"hash":"390478122dc9ed59e25d252cf5f4ba7e71c51e2b","isMergeCommit":true,"messageTitle":"Merge pull request #78 from gunawanjoseph/branch-find-lesson","messageBody":"Implement FindLessonCommand","fileTypesAndContributionMap":{}},{"hash":"f1c36723986dd3ef28b5bd56692e97fa8675aa58","isMergeCommit":false,"messageTitle":"Update build.gradle","messageBody":"","fileTypesAndContributionMap":{"other":{"insertions":4,"deletions":0}}},{"hash":"529e6d5f1558a6d701a65d40509bef7bd85a475a","isMergeCommit":true,"messageTitle":"Merge pull request #92 from wangyuanchi/enable-assertions","messageBody":"Update build.gradle","fileTypesAndContributionMap":{}},{"hash":"6c2a22571498cbbb3e4aea04083c73c059a820a9","isMergeCommit":false,"messageTitle":"Refactor \"list\" command to \"liststudent\"","messageBody":"","fileTypesAndContributionMap":{"functional-code":{"insertions":6,"deletions":6},"other":{"insertions":8,"deletions":8},"docs":{"insertions":9,"deletions":9},"test-code":{"insertions":6,"deletions":6}}},{"hash":"c50ea9d3e22efdc6d5f193a2155e7fe641099723","isMergeCommit":true,"messageTitle":"Merge branch \u0027master\u0027 into edit-lesson","messageBody":"","fileTypesAndContributionMap":{}},{"hash":"6f05b66fdb1bb7b4cb30c194177c06a61b0503ab","isMergeCommit":true,"messageTitle":"Merge pull request #82 from Lanturn567/edit-lesson","messageBody":"Implement Edit Lesson Command","fileTypesAndContributionMap":{}},{"hash":"59e879ceebf4bc9b3da0c3d908f42b9c9b62b920","isMergeCommit":false,"messageTitle":"Fix previously merged compile errors","messageBody":"","fileTypesAndContributionMap":{"test-code":{"insertions":9,"deletions":109}}},{"hash":"5c9505d756e6f3ce83c09035344f45b6fd7f0dc9","isMergeCommit":false,"messageTitle":"Add assign command","messageBody":"","fileTypesAndContributionMap":{"functional-code":{"insertions":243,"deletions":0},"test-code":{"insertions":48,"deletions":0}}},{"hash":"f59ef6c386d79875a3333aaccdba19658c8656c7","isMergeCommit":false,"messageTitle":"Add unassign command","messageBody":"","fileTypesAndContributionMap":{"functional-code":{"insertions":271,"deletions":5},"test-code":{"insertions":61,"deletions":0}}},{"hash":"3931f265547d6b7d5c03a3fd62145db22e292008","isMergeCommit":false,"messageTitle":"Remove completed To-dos","messageBody":"","fileTypesAndContributionMap":{"functional-code":{"insertions":0,"deletions":4}}},{"hash":"8ce3fe62ba4135124c241f912bd8554bd7147aff","isMergeCommit":false,"messageTitle":"Add test cases","messageBody":"","fileTypesAndContributionMap":{"functional-code":{"insertions":5,"deletions":5},"test-code":{"insertions":239,"deletions":6}}},{"hash":"fdbc2700647d4256f177aaac71ba18ce2908e487","isMergeCommit":false,"messageTitle":"Update documentation and add use cases","messageBody":"","fileTypesAndContributionMap":{"docs":{"insertions":171,"deletions":0}}},{"hash":"6b16f6f1f71e2d4774654e487366c14090f2e49d","isMergeCommit":true,"messageTitle":"Merge branch \u0027master\u0027 into refactor-list-to-liststudent","messageBody":"","fileTypesAndContributionMap":{}},{"hash":"88aef7558318af0aa3992b6ecc2a642c02b81358","isMergeCommit":false,"messageTitle":"Add missing information in user and developer guide","messageBody":"","fileTypesAndContributionMap":{"docs":{"insertions":90,"deletions":0}}},{"hash":"8abe056be228b36bfee2ea9c2930a05ee6621c76","isMergeCommit":false,"messageTitle":"Fix typos in docs","messageBody":"","fileTypesAndContributionMap":{"docs":{"insertions":23,"deletions":23}}}]},{"date":"2025-10-23T00:00:00","commitResults":[{"hash":"65afa1dfa23305e3b88eefd491b2a7e5835fd7d6","isMergeCommit":false,"messageTitle":"Add test cases for parser","messageBody":"","fileTypesAndContributionMap":{"functional-code":{"insertions":6,"deletions":4},"test-code":{"insertions":274,"deletions":0}}},{"hash":"5e0a25fc2e5327d9349eae5578e09a32de83bd58","isMergeCommit":false,"messageTitle":"Remove unused static fields","messageBody":"","fileTypesAndContributionMap":{"functional-code":{"insertions":0,"deletions":2}}},{"hash":"dc8f81a44932f8786a186434457cc78fe0decf9c","isMergeCommit":true,"messageTitle":"Merge pull request #94 from wangyuanchi/assign-command","messageBody":"Assign and unassign command","fileTypesAndContributionMap":{}},{"hash":"7b229a1a0ebd8e5e55dc1468b0a96ce1cbbb8c3a","isMergeCommit":true,"messageTitle":"Merge branch \u0027master\u0027 into refactor-list-to-liststudent","messageBody":"","fileTypesAndContributionMap":{}},{"hash":"3012360468417b193f6c64b4258002c68f11fef3","isMergeCommit":false,"messageTitle":"Fix compile error due to incorrect command","messageBody":"","fileTypesAndContributionMap":{"test-code":{"insertions":2,"deletions":2}}},{"hash":"bbd4eec5fb1ea5d15b933f2ae90184d50ae66cef","isMergeCommit":true,"messageTitle":"Merge pull request #93 from wangyuanchi/refactor-list-to-liststudent","messageBody":"Refactor \"list\" command to \"liststudent\"","tags":["v1.4"],"fileTypesAndContributionMap":{}},{"hash":"1d3e9519bdf8b0a930e1181324aeb042bca900f9","isMergeCommit":true,"messageTitle":"Merge pull request #96 from gunawanjoseph/branch-update-guide","messageBody":"Update DeveloperGuide.md","fileTypesAndContributionMap":{}},{"hash":"0454bb4fbd3e87f021d87f644ab890f8cc4fa4a3","isMergeCommit":false,"messageTitle":"Update UML diagram","messageBody":"","fileTypesAndContributionMap":{"docs":{"insertions":18,"deletions":2}}}]},{"date":"2025-10-28T00:00:00","commitResults":[{"hash":"414dd3cbef093f6c738d3b7999f2c4d1d826f544","isMergeCommit":false,"messageTitle":"Change prefixes to d/ and n/","messageBody":"","fileTypesAndContributionMap":{"functional-code":{"insertions":8,"deletions":10},"docs":{"insertions":8,"deletions":8},"test-code":{"insertions":6,"deletions":6}}},{"hash":"cf510568c0a5e2e0f0d1a352f3afafab69a6f0dd","isMergeCommit":false,"messageTitle":"Update UserGuide.md","messageBody":"","fileTypesAndContributionMap":{"docs":{"insertions":3,"deletions":3}}},{"hash":"6580cd2c44a54654433480f6f4db6e900d997d7c","isMergeCommit":false,"messageTitle":"Enfore end time cannot be before start time","messageBody":"","fileTypesAndContributionMap":{"functional-code":{"insertions":13,"deletions":0},"test-code":{"insertions":6,"deletions":0}}},{"hash":"eb5211840157ac634c0313449958fdc8f88b2307","isMergeCommit":true,"messageTitle":"Merge pull request #142 from gunawanjoseph/update-uml-diagram","messageBody":"Update UML Diagram","fileTypesAndContributionMap":{}}]},{"date":"2025-10-29T00:00:00","commitResults":[{"hash":"649860fa437eed00c90196764111f0b9cf380bdd","isMergeCommit":false,"messageTitle":"Fix typo","messageBody":"","fileTypesAndContributionMap":{"docs":{"insertions":0,"deletions":1}}},{"hash":"ad670337341f19c20c7fbd531e49b03764a2b597","isMergeCommit":false,"messageTitle":"Fix typo","messageBody":"","fileTypesAndContributionMap":{"docs":{"insertions":0,"deletions":1}}}]},{"date":"2025-10-30T00:00:00","commitResults":[{"hash":"57dd9f1c9f0b0a8e3d430da20c27c5baa08b04dd","isMergeCommit":true,"messageTitle":"Merge pull request #175 from kianshenteoh/changesampledatatags-branch","messageBody":"Change sample data student tags to academic subjects","fileTypesAndContributionMap":{}},{"hash":"d35b0eb586f54ed40b91e75b465290947432400e","isMergeCommit":true,"messageTitle":"Merge pull request #179 from kianshenteoh/deletelessonflags-branch","messageBody":"Add flag requirement for delete lesson command","fileTypesAndContributionMap":{}},{"hash":"f20f7fc9eb29046662f644721704a082a9cbd79f","isMergeCommit":true,"messageTitle":"Merge pull request #180 from kianshenteoh/updateug-branch","messageBody":"Update UG","fileTypesAndContributionMap":{}},{"hash":"c20ddb580894bae34a1099d427b1c82dbf6e31aa","isMergeCommit":false,"messageTitle":"Fix \"editlesson\" command to check for end time before start time","messageBody":"","fileTypesAndContributionMap":{"functional-code":{"insertions":6,"deletions":1},"test-code":{"insertions":3,"deletions":3}}},{"hash":"7c03739bb3b783b5bb7f08721193e372e4d166cf","isMergeCommit":false,"messageTitle":"Add missing test case","messageBody":"","fileTypesAndContributionMap":{"test-code":{"insertions":10,"deletions":0}}},{"hash":"e2ea60fb88c5eaa6313bb04fc47f37db1ae55c03","isMergeCommit":true,"messageTitle":"Merge pull request #184 from kianshenteoh/updatedg-branch","messageBody":"Update DG","fileTypesAndContributionMap":{}},{"hash":"1f8d76d0c1c3b88bd693bd9b7835031fc025051a","isMergeCommit":true,"messageTitle":"Merge pull request #186 from zzdlklzz/update-userguide-v1.5","messageBody":"Update UserGuide","fileTypesAndContributionMap":{}},{"hash":"ee5a6c4896b4f9040bc23102cbfaabdfc831e90b","isMergeCommit":true,"messageTitle":"Merge pull request #188 from zzdlklzz/update-userguide-v1.5","messageBody":"Fix formatting issues in UserGuide","fileTypesAndContributionMap":{}}]}]},"authorFileTypeContributionMap":{"gunawanjoseph":{"docs":61,"functional-code":465,"test-code":526},"kianshenteoh":{"docs":211,"functional-code":1740,"test-code":1659},"zzdlklzz":{"docs":379,"functional-code":651,"test-code":1069,"other":5},"Lanturn567":{"docs":213,"functional-code":464,"test-code":817},"wangyuanchi":{"docs":303,"functional-code":978,"test-code":1407,"other":6}},"authorContributionVariance":{"gunawanjoseph":50525.76,"kianshenteoh":146583.5,"zzdlklzz":35419.73,"Lanturn567":45482.37,"wangyuanchi":76619.63},"authorDisplayNameMap":{"gunawanjoseph":"CS2103T-W08-3 JOSE..AWAN","kianshenteoh":"CS2103T-W08-3 TEOH..SHEN","zzdlklzz":"CS2103T-W08-3 DANI..G LE","Lanturn567":"CS2103T-W08-3 ANDR.. KEH","wangyuanchi":"CS2103T-W08-3 WANG..NCHI"}}
