{"authorDailyContributionsMap":{"Swei99":[{"date":"2025-10-02T00:00:00","commitResults":[{"hash":"1ad9ea8b0d7c4dc390e5742ad528b52bb2e6d0c7","isMergeCommit":false,"messageTitle":"Update aboutus page","messageBody":"","fileTypesAndContributionMap":{"docs":{"insertions":4,"deletions":6}}},{"hash":"c57bd3c947250a0ce3f59679e7862a0104194b7d","isMergeCommit":true,"messageTitle":"Merge pull request #21 from Swei99/branch-aboutus","messageBody":"Update aboutus page","fileTypesAndContributionMap":{}},{"hash":"60e1f47820a8046aabe55470817ada34ff367d8b","isMergeCommit":false,"messageTitle":"Update gitlink","messageBody":"","fileTypesAndContributionMap":{"docs":{"insertions":1,"deletions":1}}},{"hash":"7a104fd2b69381dc7bc8c44e08fc6c044cc743fe","isMergeCommit":true,"messageTitle":"Merge pull request #27 from Swei99/branch-A2-updatelink","messageBody":"Update gitlink","fileTypesAndContributionMap":{}}]},{"date":"2025-10-05T00:00:00","commitResults":[{"hash":"a6b7e605b3fc5616dd9e453f2d3e1c182e83b113","isMergeCommit":false,"messageTitle":"Update DG product scope","messageBody":"","fileTypesAndContributionMap":{"docs":{"insertions":4,"deletions":2}}},{"hash":"e77e75c716337fdd8dd89bc50a24d292e8ff22a5","isMergeCommit":true,"messageTitle":"Merge pull request #47 from Swei99/branch-DG-productscope","messageBody":"Update DG product scope","fileTypesAndContributionMap":{}}]},{"date":"2025-10-09T00:00:00","commitResults":[{"hash":"1d2e3d63da5bfccff07ea865906b63c71f0e4842","isMergeCommit":false,"messageTitle":"Add checks for phone number and email, fixed test cases","messageBody":"","fileTypesAndContributionMap":{"functional-code":{"insertions":48,"deletions":25},"test-code":{"insertions":41,"deletions":35}}},{"hash":"b7690bbeaeb8fff2e70ce073b369d7a5345d9e11","isMergeCommit":true,"messageTitle":"Merge branch \u0027master\u0027 of https://github.com/AY2526S1-CS2103T-T14-4/tp into branch-1.2-add","messageBody":"","fileTypesAndContributionMap":{}},{"hash":"59256eb49d2ec167f4d04a96a53f0a33f9d52bb1","isMergeCommit":true,"messageTitle":"Merge pull request #51 from Swei99/master","messageBody":"Add phone and email checks with tests","fileTypesAndContributionMap":{}}]},{"date":"2025-10-11T00:00:00","commitResults":[{"hash":"9d75d126de82ef62fa571254ab60c709bd4709b9","isMergeCommit":false,"messageTitle":"Add test cases to fix codecov","messageBody":"","fileTypesAndContributionMap":{"test-code":{"insertions":46,"deletions":5}}},{"hash":"0a2cb1cbf02517ae85375ebdfb8626491c5c6351","isMergeCommit":false,"messageTitle":"Add changes to email for disabling subdomain of email","messageBody":"","fileTypesAndContributionMap":{"functional-code":{"insertions":7,"deletions":13}}},{"hash":"d8104a9b358d9addae226b3f2963d209df790def","isMergeCommit":false,"messageTitle":"Fix checkstyle","messageBody":"","fileTypesAndContributionMap":{"functional-code":{"insertions":4,"deletions":8}}},{"hash":"12d4b2426f6b5a9917b6aa6d05e51ab373b7304e","isMergeCommit":false,"messageTitle":"Fix more styling issues","messageBody":"","fileTypesAndContributionMap":{"test-code":{"insertions":3,"deletions":4}}}]},{"date":"2025-10-20T00:00:00","commitResults":[{"hash":"b71ae357616c9a5b231960eb9d35822b4cbd0a35","isMergeCommit":false,"messageTitle":"Change prefix of remark","messageBody":"","fileTypesAndContributionMap":{"functional-code":{"insertions":47,"deletions":23},"test-code":{"insertions":89,"deletions":21}}},{"hash":"5696cde46bf51e5b83479c3cdd86e62b557e8d76","isMergeCommit":false,"messageTitle":"Change AddressBookParserTest.java to add old testcase as invalid","messageBody":"","fileTypesAndContributionMap":{"test-code":{"insertions":12,"deletions":1}}},{"hash":"96f38dbc136b729f6380c03126a939df3dcb1560","isMergeCommit":false,"messageTitle":"Fix style issue and change","messageBody":"","fileTypesAndContributionMap":{"test-code":{"insertions":4,"deletions":8}}},{"hash":"46bf6fa18c7dbcfbcb3e6dc40bf3f4ddaa7624ca","isMergeCommit":false,"messageTitle":"Change edit feature prefix to be including i/index","messageBody":"","fileTypesAndContributionMap":{"functional-code":{"insertions":20,"deletions":6},"test-code":{"insertions":34,"deletions":32}}},{"hash":"09e0bdc32fef8fe95eae3dc2f0fec8f7f5c911cf","isMergeCommit":false,"messageTitle":"Test comment","messageBody":"","fileTypesAndContributionMap":{"functional-code":{"insertions":1,"deletions":1}}},{"hash":"df56311128b81abf325a71cd5d6c2efbae6b8849","isMergeCommit":false,"messageTitle":"Remove testing comment","messageBody":"","fileTypesAndContributionMap":{"functional-code":{"insertions":0,"deletions":1}}},{"hash":"8576d92a9cb1f4be288d85f907c477efa2d20351","isMergeCommit":false,"messageTitle":"Add assertions","messageBody":"","fileTypesAndContributionMap":{"functional-code":{"insertions":23,"deletions":2}}},{"hash":"90de8609122c2ae3f472653052a68631a87710de","isMergeCommit":false,"messageTitle":"Add testcases for assertions","messageBody":"","fileTypesAndContributionMap":{"test-code":{"insertions":50,"deletions":0}}},{"hash":"ae4af2454b4050d75c14da4a7a3fe43c92d146c5","isMergeCommit":false,"messageTitle":"Fix test cases for edit assertions","messageBody":"","fileTypesAndContributionMap":{"test-code":{"insertions":117,"deletions":0}}},{"hash":"679570087aeca5e707141c468889e187fd2a2546","isMergeCommit":false,"messageTitle":"Fix styling issues","messageBody":"","fileTypesAndContributionMap":{"test-code":{"insertions":4,"deletions":5}}},{"hash":"18417902ed91c43c2b8b26776f166fba92b4ca01","isMergeCommit":false,"messageTitle":"Test removing cases","messageBody":"","fileTypesAndContributionMap":{"functional-code":{"insertions":0,"deletions":12}}},{"hash":"b072143e8b2faf7d5e3e51cd041e8c06b15e7dfc","isMergeCommit":true,"messageTitle":"Merge pull request #73 from OKaiXiang/Uml","messageBody":"Add gender, remark and multiplicity to modelClassDiagram","fileTypesAndContributionMap":{}}]},{"date":"2025-10-21T00:00:00","commitResults":[{"hash":"86019f08a762765a277346cc498d272282100b50","isMergeCommit":false,"messageTitle":"Edit RemarkClass UML","messageBody":"","fileTypesAndContributionMap":{"docs":{"insertions":25,"deletions":5}}},{"hash":"e740e83052e7a179d0e49c02fb8322cd3fdd897e","isMergeCommit":false,"messageTitle":"Fix delete command missingremark parameter","messageBody":"","fileTypesAndContributionMap":{"functional-code":{"insertions":2,"deletions":1}}},{"hash":"5d1848bd88fd591e5331b6e3809f0b76df2b5e76","isMergeCommit":true,"messageTitle":"Merge branch \u0027master\u0027 of https://github.com/AY2526S1-CS2103T-T14-4/tp into branch-1.4-remarkuml","messageBody":"","fileTypesAndContributionMap":{}},{"hash":"c7a0274db30aa71d62f7c536efc0f9f9948709d8","isMergeCommit":true,"messageTitle":"Merge pull request #82 from Swei99/branch-1.4-remarkuml","messageBody":"Edit RemarkClass UML","fileTypesAndContributionMap":{}}]},{"date":"2025-10-28T00:00:00","commitResults":[{"hash":"94c17ca9a46c83a6a05862e6bf1168defa104d41","isMergeCommit":false,"messageTitle":"Fix UG phone number inconsistency","messageBody":"","fileTypesAndContributionMap":{"docs":{"insertions":2,"deletions":2}}},{"hash":"8676ec54864c95db6fc15f85d1b1f40a8b328c6d","isMergeCommit":false,"messageTitle":"Change email format to lowercase","messageBody":"","fileTypesAndContributionMap":{"docs":{"insertions":1,"deletions":1}}},{"hash":"b01b3caa579220812e005612acc59778d36c999d","isMergeCommit":false,"messageTitle":"Change homepage links from AB3 to ElderRing","messageBody":"","fileTypesAndContributionMap":{"docs":{"insertions":7,"deletions":6}}},{"hash":"132814c4c3c6db82f34fa652bb6ba1d4ae8150d3","isMergeCommit":false,"messageTitle":"Change help command link from AB3 to ElderRing link","messageBody":"","fileTypesAndContributionMap":{"functional-code":{"insertions":1,"deletions":1}}},{"hash":"05f883df977ddd0c17fbc176add2b3782f664b4f","isMergeCommit":false,"messageTitle":"Change sentence structure and remove redundant lines in UG introduction section","messageBody":"","fileTypesAndContributionMap":{"docs":{"insertions":1,"deletions":6}}},{"hash":"e1203ebeeebe6758cc47f373a50582b1b3b00ade","isMergeCommit":true,"messageTitle":"Merge pull request #118 from Swei99/branch-1.5-UG-helplink","messageBody":"Change help command link from AB3 to ElderRing link\nFixed #86","fileTypesAndContributionMap":{}},{"hash":"70d1bb3bb153d5639b529f74224268d3eae21584","isMergeCommit":true,"messageTitle":"Merge pull request #116 from Swei99/branch-1.5-UG-emailformat","messageBody":"UG Fix: Change email format to lowercase\nFixed #107","fileTypesAndContributionMap":{}},{"hash":"77d7190657d90977c892e9788e1af123ea556823","isMergeCommit":true,"messageTitle":"Merge pull request #114 from Swei99/branch-1.5-UG-phonenumberformat","messageBody":"Fix UG phone number inconsistency\nFixed #112","fileTypesAndContributionMap":{}},{"hash":"86af473b503b6e1ba2568c938854ac4ce29c3c58","isMergeCommit":true,"messageTitle":"Merge pull request #117 from Swei99/branch-1.5-homepage","messageBody":"Change homepage links from AB3 to ElderRing\nFixed #111","fileTypesAndContributionMap":{}},{"hash":"bfc6327ee554b8841b56cb9a183761fa74547bfe","isMergeCommit":true,"messageTitle":"Merge pull request #121 from Swei99/branch-1.5-UG-introductionfix","messageBody":"Change sentence structure and remove redundant lines in UG introducti…\nFixed  #115","fileTypesAndContributionMap":{}}]},{"date":"2025-10-29T00:00:00","commitResults":[{"hash":"6d8db7b0fceb4ea23f06081efa0aff4917782fca","isMergeCommit":false,"messageTitle":"Fix DG header","messageBody":"","fileTypesAndContributionMap":{"docs":{"insertions":2,"deletions":2}}},{"hash":"beb8807ed109cc0aacd90c46c409f5a27821b67a","isMergeCommit":true,"messageTitle":"Merge pull request #143 from Swei99/branch-1.5-DGheader","messageBody":"Fix DG header\n#Fixed #119\n","fileTypesAndContributionMap":{}},{"hash":"c4f1c28c389aa12704da61a2948e81a7745828c8","isMergeCommit":false,"messageTitle":"Add image and updated UG","messageBody":"","fileTypesAndContributionMap":{"docs":{"insertions":8,"deletions":8}}},{"hash":"6e252c4cbdf98d4387809f4462c653def8e001af","isMergeCommit":true,"messageTitle":"Merge pull request #144 from Swei99/branch-1.5-UGupdate","messageBody":"Add image and updated UG","fileTypesAndContributionMap":{}},{"hash":"97769674b3f517b4e791f94e97eb4e419bde4b37","isMergeCommit":false,"messageTitle":"Remove commented lines","messageBody":"","fileTypesAndContributionMap":{"test-code":{"insertions":0,"deletions":5}}},{"hash":"905569189a73d038f3fd922ff277dc6071ed4293","isMergeCommit":false,"messageTitle":"Remove commented out lines","messageBody":"","fileTypesAndContributionMap":{"test-code":{"insertions":0,"deletions":2}}},{"hash":"e3b17f16c1f32a027367772cb776e2aef7e15c61","isMergeCommit":false,"messageTitle":"Add javadocs","messageBody":"","fileTypesAndContributionMap":{"functional-code":{"insertions":4,"deletions":0}}},{"hash":"c8db79eddba01ffa58ab5415c397f641e924f951","isMergeCommit":false,"messageTitle":"Add append functionality and update usertories for DG","messageBody":"","fileTypesAndContributionMap":{"functional-code":{"insertions":45,"deletions":18},"docs":{"insertions":7,"deletions":3},"test-code":{"insertions":181,"deletions":27}}}]},{"date":"2025-10-30T00:00:00","commitResults":[{"hash":"272b8fa1f103cafe93cf6b72e8f3694a17215067","isMergeCommit":true,"messageTitle":"Merge pull request #161 from Swei99/branch-1.5-remarkappend","messageBody":"Add append functionality and update usertories for DG","fileTypesAndContributionMap":{}},{"hash":"ae24e3b17161ef0fedabbb6e0dc70c20dc9b17ea","isMergeCommit":false,"messageTitle":"Fix lable issue on message constraints for email class","messageBody":"","fileTypesAndContributionMap":{"functional-code":{"insertions":6,"deletions":6}}},{"hash":"e5a788d263c51d268362167570ba57fee816db55","isMergeCommit":false,"messageTitle":"Add DG and UG for appending remarks","messageBody":"","fileTypesAndContributionMap":{"docs":{"insertions":19,"deletions":16}}},{"hash":"556a61e1687579976d797ea0d92f0b2bfb2b67e6","isMergeCommit":true,"messageTitle":"Merge branch \u0027master\u0027 of https://github.com/AY2526S1-CS2103T-T14-4/tp into branch-1.5-updateaddcommand","messageBody":"","fileTypesAndContributionMap":{}},{"hash":"0dd4031f542755000228b559891170d42dec36fc","isMergeCommit":true,"messageTitle":"Merge pull request #149 from Swei99/branch-1.5-updatecommands","messageBody":"Branch 1.5 updatecommands","fileTypesAndContributionMap":{}},{"hash":"69a5dafec2b7e0e958ce8b986495a36c4af6a86d","isMergeCommit":true,"messageTitle":"Merge branch \u0027master\u0027 of https://github.com/AY2526S1-CS2103T-T14-4/tp into branch-1.5-updateaddcommand","messageBody":"","fileTypesAndContributionMap":{}},{"hash":"b742b28b839d7721c5623cc7897db5b48d506fc8","isMergeCommit":true,"messageTitle":"Merge pull request #164 from Swei99/branch-1.5-updateaddcommand","messageBody":"Branch 1.5 updateaddcommand","fileTypesAndContributionMap":{}}]}],"OKaiXiang":[{"date":"2025-10-02T00:00:00","commitResults":[{"hash":"d54f60eaa1572ffbc9fa77e7316ac56ec0b8050c","isMergeCommit":false,"messageTitle":"Update AboutUs","messageBody":"","fileTypesAndContributionMap":{"docs":{"insertions":2,"deletions":4}}},{"hash":"683d976360c8a32f5a32ccaa4c5211dd568d35af","isMergeCommit":true,"messageTitle":"Update AboutUs","messageBody":"","fileTypesAndContributionMap":{}},{"hash":"ad68ae129ff5f469df9cdb8f1e521918a8fe16ef","isMergeCommit":true,"messageTitle":"Merge pull request #24 from OKaiXiang/change-aboutUs","messageBody":"Update AboutUs","fileTypesAndContributionMap":{}},{"hash":"1a49f63fe77ecaee72147a75161d34bd75a6d0f1","isMergeCommit":false,"messageTitle":"Update ReadME","messageBody":"","fileTypesAndContributionMap":{"docs":{"insertions":7,"deletions":7}}},{"hash":"9b625d864fe08bde93c0084b62dc5348b16035d0","isMergeCommit":true,"messageTitle":"Merge pull request #32 from OKaiXiang/A4-ReadMe","messageBody":"Update ReadME","fileTypesAndContributionMap":{}}]},{"date":"2025-10-04T00:00:00","commitResults":[{"hash":"d3a104146baecf992fe27aaf2734940f66b4ce87","isMergeCommit":false,"messageTitle":"Update ReadME contents","messageBody":"","fileTypesAndContributionMap":{"docs":{"insertions":2,"deletions":5}}},{"hash":"7b8e33db967ddb2983f317991fc69bc5ffbd6533","isMergeCommit":true,"messageTitle":"Merge branch \u0027master\u0027 into A4-ReadMe","messageBody":"","fileTypesAndContributionMap":{}},{"hash":"3e74569489a35758a56841d598256ef1e64b88c1","isMergeCommit":true,"messageTitle":"Merge pull request #39 from OKaiXiang/A4-ReadMe","messageBody":"Update ReadME contents","fileTypesAndContributionMap":{}},{"hash":"6ca05dc3f73d44f542adbfe60433d0accdcce2e5","isMergeCommit":false,"messageTitle":"Update DeveloperGuide","messageBody":"","fileTypesAndContributionMap":{"docs":{"insertions":44,"deletions":21}}},{"hash":"5c673298d349d7bec30d058ff0bef26d09548705","isMergeCommit":false,"messageTitle":"Update DeveloperGuide","messageBody":"","fileTypesAndContributionMap":{"docs":{"insertions":1,"deletions":1}}},{"hash":"76babecb3e848a4bf193f319b055fde696d1f8f4","isMergeCommit":true,"messageTitle":"Merge pull request #41 from OKaiXiang/developerGuide","messageBody":"Developer guide","fileTypesAndContributionMap":{}}]},{"date":"2025-10-09T00:00:00","commitResults":[{"hash":"7b94d24f00be91e996d14511fa5c3414c5c448c8","isMergeCommit":false,"messageTitle":"Add name and person check","messageBody":"","fileTypesAndContributionMap":{"functional-code":{"insertions":5,"deletions":5}}},{"hash":"3a105e32323e21e6749b3bf66a087b0320a85b9e","isMergeCommit":false,"messageTitle":"Fix checkstyle","messageBody":"","fileTypesAndContributionMap":{"functional-code":{"insertions":2,"deletions":2}}},{"hash":"5f617fd4110ee487d5016b0c027151386675b791","isMergeCommit":false,"messageTitle":"Fix Person and Name testcase","messageBody":"","fileTypesAndContributionMap":{"test-code":{"insertions":5,"deletions":5}}},{"hash":"c086dce181770051992dc7db2804717fc6dfe0ec","isMergeCommit":true,"messageTitle":"Merge pull request #50 from OKaiXiang/list-command","messageBody":"Add name and person check","fileTypesAndContributionMap":{}}]},{"date":"2025-10-14T00:00:00","commitResults":[{"hash":"190295df20f1d8102efb8b0b4562c8cdad93b604","isMergeCommit":false,"messageTitle":"Add Sort command to sort by name","messageBody":"","fileTypesAndContributionMap":{"functional-code":{"insertions":85,"deletions":0},"test-code":{"insertions":5,"deletions":0}}},{"hash":"1fa9fab3ecb23ea43e7fc11ebdf13471d9706ddb","isMergeCommit":true,"messageTitle":"Merge pull request #59 from OKaiXiang/sort","messageBody":"Add Sort command to sort by name","fileTypesAndContributionMap":{}}]},{"date":"2025-10-20T00:00:00","commitResults":[{"hash":"b630c19269ecdf3f0b9135d1b693f0a8e316345d","isMergeCommit":false,"messageTitle":"Add gender, remark and multiplicity to modelClassDiagram","messageBody":"","fileTypesAndContributionMap":{"docs":{"insertions":14,"deletions":8}}},{"hash":"c7388446b98f4eb70f6e7d9db59d9362eccb5062","isMergeCommit":false,"messageTitle":"Remove gender in uml class diagram","messageBody":"","fileTypesAndContributionMap":{"docs":{"insertions":0,"deletions":3}}},{"hash":"b503dabc25b0c4f6a732b3a1e79d863b891e8d1e","isMergeCommit":false,"messageTitle":"Add sort by asc/dsc and sort by address","messageBody":"","fileTypesAndContributionMap":{"functional-code":{"insertions":125,"deletions":12},"test-code":{"insertions":9,"deletions":0}}},{"hash":"6f3119b70fd3c4ae551ce8fa6dad134d6fa193dc","isMergeCommit":true,"messageTitle":"Merge pull request #79 from Swei99/branch-1.4-editprefix","messageBody":"Branch 1.4 editprefix","fileTypesAndContributionMap":{}},{"hash":"146590f22fd95a8dd407328859fbaf1f3ceb6ee5","isMergeCommit":true,"messageTitle":"Merge pull request #76 from Swei99/branch-1.4-remarkedit","messageBody":"Change prefix of remark","fileTypesAndContributionMap":{}},{"hash":"4279b213aa0c0aefce5f27aa68989806b6a77bc3","isMergeCommit":false,"messageTitle":"Add test cases for sort command","messageBody":"","fileTypesAndContributionMap":{"functional-code":{"insertions":8,"deletions":10},"test-code":{"insertions":162,"deletions":0}}}]},{"date":"2025-10-22T00:00:00","commitResults":[{"hash":"0999737c6022d7606090c1cce8920e3b3af77e4f","isMergeCommit":false,"messageTitle":"Update UG and DG","messageBody":"","fileTypesAndContributionMap":{"docs":{"insertions":226,"deletions":41}}},{"hash":"67793fdb37d99277b6475b7116001b8c6a954cb3","isMergeCommit":false,"messageTitle":"Update UG and DG","messageBody":"","fileTypesAndContributionMap":{"docs":{"insertions":160,"deletions":46}}},{"hash":"02a3e13d237b0bfd91d85e42838977d1ea40015f","isMergeCommit":false,"messageTitle":"Update UG and DG","messageBody":"","fileTypesAndContributionMap":{"docs":{"insertions":8,"deletions":8}}},{"hash":"ae7ecbc73b6fbcf55c64a231ee77fa1af2f456e4","isMergeCommit":true,"messageTitle":"Merge pull request #94 from OKaiXiang/DG","messageBody":"Dg","fileTypesAndContributionMap":{}}]},{"date":"2025-10-28T00:00:00","commitResults":[{"hash":"87560097af7f312a478acf84ae1ff0ed605d1ff3","isMergeCommit":false,"messageTitle":"Update UG bugs and Sort input","messageBody":"","fileTypesAndContributionMap":{"functional-code":{"insertions":1,"deletions":2},"docs":{"insertions":22,"deletions":7}}},{"hash":"4f6f5504ed5b9c490e471f54e24ac5e37ac7a9ea","isMergeCommit":true,"messageTitle":"Merge branch \u0027master\u0027 of https://github.com/AY2526S1-CS2103T-T14-4/tp into alpha-bug","messageBody":"# Conflicts:\n#\tdocs/UserGuide.md\n#\tsrc/main/java/seedu/address/logic/commands/SortCommand.java\n","fileTypesAndContributionMap":{}}]},{"date":"2025-10-29T00:00:00","commitResults":[{"hash":"1cd1232a3fd38f5ad4c87a0914613cef076e5286","isMergeCommit":true,"messageTitle":"Merge pull request #137 from OKaiXiang/alpha-bug","messageBody":"Alpha-bug ","fileTypesAndContributionMap":{}},{"hash":"6ecfd709720fea91ea801ddf3784095fcfefdd89","isMergeCommit":false,"messageTitle":"Update links in UG and inconsistencies in intro","messageBody":"","fileTypesAndContributionMap":{"functional-code":{"insertions":2,"deletions":1},"docs":{"insertions":27,"deletions":17}}},{"hash":"c49642fba8a09d874ffb998c2900cf559f06e4bd","isMergeCommit":true,"messageTitle":"Merge branch \u0027master\u0027 of https://github.com/AY2526S1-CS2103T-T14-4/tp into ug-fix","messageBody":"# Conflicts:\n#\tdocs/UserGuide.md\n","fileTypesAndContributionMap":{}},{"hash":"3ccff70942ff891b1b937bd0d7a49904b726fcbe","isMergeCommit":true,"messageTitle":"Merge pull request #153 from OKaiXiang/ug-fix","messageBody":"Ug fix","fileTypesAndContributionMap":{}}]}],"codewallie":[{"date":"2025-10-02T00:00:00","commitResults":[{"hash":"3fb670c24435ef33e6d7cc54195dea67b3b9eb4b","isMergeCommit":false,"messageTitle":"Update Wallace AboutUs","messageBody":"","fileTypesAndContributionMap":{"docs":{"insertions":5,"deletions":6}}},{"hash":"fe28375d27be7e62445d9b7889c4d8d9e10488d0","isMergeCommit":true,"messageTitle":"Merge branch \u0027master\u0027 of https://github.com/AY2526S1-CS2103T-T14-4/tp into branch-update-aboutUs","messageBody":"","fileTypesAndContributionMap":{}},{"hash":"7ce6d36b26f239ff83d005ea7f88aca21741334d","isMergeCommit":true,"messageTitle":"Merge pull request #22 from codewallie/branch-update-aboutUs","messageBody":"Edit Wallace AboutUs","fileTypesAndContributionMap":{}},{"hash":"934ed9f6e246041b65febc97bfb7cd4fb82639a7","isMergeCommit":true,"messageTitle":"Merge pull request #28 from codewallie/branch-update-mockup","messageBody":"Update UI mockup","fileTypesAndContributionMap":{}}]},{"date":"2025-10-08T00:00:00","commitResults":[{"hash":"6bd61d4a5399e3acf08c20a006c9d25dd7ae37c4","isMergeCommit":false,"messageTitle":"Update delete command format","messageBody":"","fileTypesAndContributionMap":{"functional-code":{"insertions":87,"deletions":9}}},{"hash":"a9a1f760525ef0252ddb70f3a003c91506d818d2","isMergeCommit":false,"messageTitle":"Update error message for delete command","messageBody":"","fileTypesAndContributionMap":{"functional-code":{"insertions":8,"deletions":12}}},{"hash":"af30bf291add52e8b81749f5a3ac39dfa79b58f2","isMergeCommit":false,"messageTitle":"Fix for checkstyle","messageBody":"","fileTypesAndContributionMap":{"functional-code":{"insertions":1,"deletions":1},"docs":{"insertions":3,"deletions":3}}},{"hash":"36ee3380a004964c80640a5c13c9c3b77f692a0e","isMergeCommit":false,"messageTitle":"Update test cases for delete command","messageBody":"","fileTypesAndContributionMap":{"functional-code":{"insertions":10,"deletions":4},"test-code":{"insertions":5,"deletions":5}}},{"hash":"dc1b0ed0108e0dd341e1a57bcc0edf464b356415","isMergeCommit":true,"messageTitle":"Merge pull request #49 from codewallie/branch-mvp-delete","messageBody":"Update delete feature for MVP","fileTypesAndContributionMap":{}}]},{"date":"2025-10-11T00:00:00","commitResults":[{"hash":"3bd2a6d3ed75917a6239f78350067d68a4152d65","isMergeCommit":true,"messageTitle":"Merge pull request #57 from Swei99/branch-1.3-add","messageBody":"Add test cases to fix codecov","fileTypesAndContributionMap":{}}]},{"date":"2025-10-15T00:00:00","commitResults":[{"hash":"253829222ddb8efe9abc28c5b24c345fad38d2e9","isMergeCommit":false,"messageTitle":"Add test cases for delete command and parser","messageBody":"","fileTypesAndContributionMap":{"functional-code":{"insertions":6,"deletions":1},"test-code":{"insertions":96,"deletions":2}}},{"hash":"9e17150375b04e3a902da73f5365ac75ae56f47f","isMergeCommit":true,"messageTitle":"Merge pull request #62 from codewallie/branch-deleteCommand-tests","messageBody":"Add test cases for delete command and parser","fileTypesAndContributionMap":{}}]},{"date":"2025-10-19T00:00:00","commitResults":[{"hash":"64aa89dd416aee68bff9ccc445ae35a7b02421da","isMergeCommit":false,"messageTitle":"Remove case sensitive check for DeleteCommand","messageBody":"","fileTypesAndContributionMap":{"functional-code":{"insertions":15,"deletions":5}}}]},{"date":"2025-10-20T00:00:00","commitResults":[{"hash":"cabba1258efa79b36283c451a548ff51efa2a665","isMergeCommit":false,"messageTitle":"Add new light theme UI","messageBody":"","fileTypesAndContributionMap":{"functional-code":{"insertions":529,"deletions":74}}},{"hash":"2d8d7e6769b091828e0521593b044aae6194c560","isMergeCommit":true,"messageTitle":"Merge branch \u0027master\u0027 of https://github.com/AY2526S1-CS2103T-T14-4/tp into branch-newUi","messageBody":"","fileTypesAndContributionMap":{}},{"hash":"3b555ea1ae0debd85d4e0a08a6d4a62a1670e03f","isMergeCommit":false,"messageTitle":"Add remarks for UI","messageBody":"","fileTypesAndContributionMap":{"functional-code":{"insertions":37,"deletions":7}}},{"hash":"599f67ee8e1787030fb0d0195e0bc36d1162cf14","isMergeCommit":false,"messageTitle":"Fix checkstyle for UI","messageBody":"","fileTypesAndContributionMap":{"functional-code":{"insertions":7,"deletions":7}}},{"hash":"48430aecada8358f79cd3b7b43f3870654d53b67","isMergeCommit":true,"messageTitle":"Merge pull request #80 from OKaiXiang/sort-asc-dsc","messageBody":"Add sort by asc/dsc and sort by address","fileTypesAndContributionMap":{}},{"hash":"2edfd180e9a05dc2acbc2abb2cee7834e471c4d1","isMergeCommit":false,"messageTitle":"Add assertions to UI logic","messageBody":"","fileTypesAndContributionMap":{"functional-code":{"insertions":5,"deletions":0}}},{"hash":"67364c8250e5c42f99adc90cec63e009864c05e5","isMergeCommit":false,"messageTitle":"Fix checkstyle for PersonCard","messageBody":"","fileTypesAndContributionMap":{"functional-code":{"insertions":1,"deletions":1}}}]},{"date":"2025-10-21T00:00:00","commitResults":[{"hash":"64d465098350fd2b411240bdabe5b375af64f937","isMergeCommit":true,"messageTitle":"Merge pull request #66 from codewallie/branch-deleteCommand-bugFix","messageBody":"Remove case sensitive check for DeleteCommand","fileTypesAndContributionMap":{}},{"hash":"e409fae73f5026f7cca7b354cbeb846ae10f80d0","isMergeCommit":true,"messageTitle":"Merge pull request #81 from codewallie/branch-newUi","messageBody":"Add new light theme UI","fileTypesAndContributionMap":{}},{"hash":"21ba9eb384acc8862e950ebb3d80e22b6c51858e","isMergeCommit":false,"messageTitle":"Update remark attribute for DeleteCommand","messageBody":"","fileTypesAndContributionMap":{"functional-code":{"insertions":2,"deletions":1}}},{"hash":"cc68d72028256552d0ecf998ed0eb31cdfc3f9cd","isMergeCommit":true,"messageTitle":"Merge pull request #83 from codewallie/branch-deleteCommand-bugFix","messageBody":"Update remark attribute for DeleteCommand","fileTypesAndContributionMap":{}},{"hash":"b12b045b33805adc3f4f36dee6c441d0f71b3786","isMergeCommit":false,"messageTitle":"Update UI class diagram","messageBody":"","fileTypesAndContributionMap":{"docs":{"insertions":4,"deletions":4}}},{"hash":"6d457ad8d321c157699da7a504a3e64c626282d1","isMergeCommit":true,"messageTitle":"Merge pull request #84 from codewallie/branch-UML-update","messageBody":"Update UI class diagram","fileTypesAndContributionMap":{}}]},{"date":"2025-10-28T00:00:00","commitResults":[{"hash":"35a6a09eabf9ce9717cd82d54cf5aab75483df80","isMergeCommit":false,"messageTitle":"Update beneficiaries naming convention to \"senior\"","messageBody":"","fileTypesAndContributionMap":{"functional-code":{"insertions":45,"deletions":45}}},{"hash":"e1a1cfbe11ce0028d3cf58d500ddbebad21ffd01","isMergeCommit":false,"messageTitle":"Update naming convention for UG","messageBody":"","fileTypesAndContributionMap":{"docs":{"insertions":50,"deletions":47},"test-code":{"insertions":1,"deletions":1}}},{"hash":"92c03df0fec14ec71086ef77c8bc5712f179ad97","isMergeCommit":false,"messageTitle":"Remove testing leftover","messageBody":"","fileTypesAndContributionMap":{"docs":{"insertions":0,"deletions":3}}},{"hash":"4befbbe053207f572e62ff891ae0a57ed776fda6","isMergeCommit":true,"messageTitle":"Merge branch \u0027master\u0027 of https://github.com/AY2526S1-CS2103T-T14-4/tp into branch-namingConvention-senior","messageBody":"","fileTypesAndContributionMap":{}},{"hash":"9b56e7c9d3a2af0affe2ce66fa9ce268c011f872","isMergeCommit":true,"messageTitle":"Merge pull request #128 from codewallie/branch-namingConvention-senior","messageBody":"Update beneficiaries naming convention to \"senior\"","fileTypesAndContributionMap":{}},{"hash":"8afffabee24f25bb9f7a576ff35bdcd06d7802fe","isMergeCommit":false,"messageTitle":"Update delete command format in DG","messageBody":"","fileTypesAndContributionMap":{"docs":{"insertions":11,"deletions":11}}},{"hash":"eaf4766848460b87bbba6881934f58e5494db15f","isMergeCommit":false,"messageTitle":"Standardize naming of beneficiaries","messageBody":"","fileTypesAndContributionMap":{"docs":{"insertions":44,"deletions":44}}},{"hash":"1eb18bdecfefde5627b2568b68ee94b619763a40","isMergeCommit":true,"messageTitle":"Merge pull request #139 from codewallie/branch-dgFix-deleteCmdSeqDiagram","messageBody":"Fix delete command sequence diagram","fileTypesAndContributionMap":{}},{"hash":"c05ea36222b2a82a37eb6e39c78b5b644911a3b1","isMergeCommit":false,"messageTitle":"Refactor delete command","messageBody":"","fileTypesAndContributionMap":{"functional-code":{"insertions":23,"deletions":15}}},{"hash":"41336a378f743c2f79fbbd3847cbdfc1dfaa8624","isMergeCommit":false,"messageTitle":"Update boolean check for DeleteCommandParser","messageBody":"","fileTypesAndContributionMap":{"functional-code":{"insertions":24,"deletions":14},"test-code":{"insertions":4,"deletions":4}}},{"hash":"70b045bef448d5f8acf9b31000a51164f20bc15f","isMergeCommit":true,"messageTitle":"Merge pull request #141 from codewallie/branch-refactor-deleteAndUI","messageBody":"Fix DeleteCommandParser parameters check","fileTypesAndContributionMap":{}},{"hash":"2bb93a37d82944e1175fb3bfcad6017cc616795d","isMergeCommit":false,"messageTitle":"Update validity check in DeleteCommandParser","messageBody":"","fileTypesAndContributionMap":{"functional-code":{"insertions":3,"deletions":3}}},{"hash":"bacef625ca5f77605e03e279a40b2be93f5f759e","isMergeCommit":true,"messageTitle":"Merge pull request #142 from codewallie/branch-deleteCommandParser-validityCheck","messageBody":"Update validity check in DeleteCommandParser","fileTypesAndContributionMap":{}}]},{"date":"2025-10-29T00:00:00","commitResults":[{"hash":"9e09f6e0137555072373a527d4ca08ec90fdd0b7","isMergeCommit":false,"messageTitle":"Refactor delete command","messageBody":"","fileTypesAndContributionMap":{"functional-code":{"insertions":4,"deletions":5}}},{"hash":"6548020438fe3e7eaadb618b860b566f5154fd35","isMergeCommit":false,"messageTitle":"Update error message","messageBody":"","fileTypesAndContributionMap":{"functional-code":{"insertions":2,"deletions":2}}},{"hash":"0af677c0d55083207e0f382a313f18444b5aa18d","isMergeCommit":false,"messageTitle":"Update error message","messageBody":"","fileTypesAndContributionMap":{"functional-code":{"insertions":1,"deletions":1}}},{"hash":"bb87741679accc196dc21452bf062bdb56910a6a","isMergeCommit":false,"messageTitle":"Refactor person card expandable fields","messageBody":"","fileTypesAndContributionMap":{"functional-code":{"insertions":14,"deletions":21}}},{"hash":"fd6f7eaa5242206ec5eff5cb854267af6ac2ec4d","isMergeCommit":true,"messageTitle":"Merge pull request #150 from codewallie/branch-refactorV1.5-deleteAndUI","messageBody":"Refactor for delete command and UI","fileTypesAndContributionMap":{}},{"hash":"6e48632c50ad2e8f5bd4a6052a5361099613e1ee","isMergeCommit":false,"messageTitle":"Update UG formatting","messageBody":"","fileTypesAndContributionMap":{"docs":{"insertions":175,"deletions":104}}},{"hash":"8d1b522e1fde775da0d8c15a35dfb7a02ce6cb58","isMergeCommit":true,"messageTitle":"Merge branch \u0027master\u0027 of https://github.com/AY2526S1-CS2103T-T14-4/tp into branch-UG-formatting","messageBody":"","fileTypesAndContributionMap":{}},{"hash":"2b591a53388252b4905f737b5aaaa27ecec17341","isMergeCommit":false,"messageTitle":"Update grammatical errors in UG","messageBody":"","fileTypesAndContributionMap":{"docs":{"insertions":23,"deletions":23}}},{"hash":"24615f11a908cff2af17269c7e9564703de602fc","isMergeCommit":true,"messageTitle":"Merge pull request #158 from codewallie/branch-UG-formatting","messageBody":"Update UG formatting and screenshots","fileTypesAndContributionMap":{}},{"hash":"83f35a6919191f4aba3c63c044bb9268ea160eea","isMergeCommit":false,"messageTitle":"Markbind format update for UG","messageBody":"","fileTypesAndContributionMap":{"docs":{"insertions":32,"deletions":0}}},{"hash":"babd572553abfb78354552242b701d09b5fbc0f5","isMergeCommit":true,"messageTitle":"Merge pull request #160 from codewallie/branch-UG-formatting","messageBody":"Markbind format update for UG","fileTypesAndContributionMap":{}}]},{"date":"2025-10-30T00:00:00","commitResults":[{"hash":"823c121d902c23140c3c0342a57c7e689dd6cdcb","isMergeCommit":false,"messageTitle":"Update colours for context menu","messageBody":"","fileTypesAndContributionMap":{"functional-code":{"insertions":5,"deletions":1}}},{"hash":"625c9459065933957cd2de63f860a8fbee2163b7","isMergeCommit":false,"messageTitle":"Update colours for help command","messageBody":"","fileTypesAndContributionMap":{"functional-code":{"insertions":5,"deletions":5}}},{"hash":"a1b3468f9169fccf6ac593c5a39d8b34e74fb73b","isMergeCommit":false,"messageTitle":"Fix missing whitespace","messageBody":"","fileTypesAndContributionMap":{"docs":{"insertions":1,"deletions":1}}},{"hash":"51a1933df357f934671db3b8aaae44b22ef88b3f","isMergeCommit":true,"messageTitle":"Merge pull request #163 from codewallie/branch-UI-update","messageBody":"UI colours update","fileTypesAndContributionMap":{}}]}],"jj55j7":[{"date":"2025-09-30T00:00:00","commitResults":[{"hash":"0e206928b05871db28e7869ebe9f2dc7992ee398","isMergeCommit":false,"messageTitle":"Attempt tutorial 1","messageBody":"","fileTypesAndContributionMap":{"functional-code":{"insertions":1,"deletions":1}}},{"hash":"07947dd76313ad42d450c25d7d72e123ea02cdee","isMergeCommit":false,"messageTitle":"Tutorial add command","messageBody":"","fileTypesAndContributionMap":{"functional-code":{"insertions":204,"deletions":16},"test-code":{"insertions":253,"deletions":12}}},{"hash":"04b876d99a99d55595edf322f5172174b0ad101e","isMergeCommit":false,"messageTitle":"Fix formatting","messageBody":"","fileTypesAndContributionMap":{"functional-code":{"insertions":29,"deletions":25},"test-code":{"insertions":4,"deletions":4}}},{"hash":"8e1bb7a48180961d17c9cd933d5297400683ee13","isMergeCommit":false,"messageTitle":"Fix code styling","messageBody":"","fileTypesAndContributionMap":{"functional-code":{"insertions":23,"deletions":17}}},{"hash":"fe818f75fd2ced1e80c42e4f909864ae1bf9540d","isMergeCommit":false,"messageTitle":"Fix testing code","messageBody":"","fileTypesAndContributionMap":{"test-code":{"insertions":2,"deletions":2}}}]},{"date":"2025-10-02T00:00:00","commitResults":[{"hash":"e9bb414e9965dc058cdf251f9a656cfaae3687cb","isMergeCommit":true,"messageTitle":"Merge branch \u0027master\u0027 of upstream","messageBody":"","fileTypesAndContributionMap":{}},{"hash":"bff038a06b4140b420460987fa634689ea109b97","isMergeCommit":true,"messageTitle":"Merge branch \u0027master\u0027 of https://github.com/AY2526S1-CS2103T-T14-4/tp","messageBody":"","fileTypesAndContributionMap":{}},{"hash":"8e99d821e19b9f6d6a57b1e1868b8ebb24ad0116","isMergeCommit":false,"messageTitle":"Edit parser","messageBody":"","fileTypesAndContributionMap":{"functional-code":{"insertions":1,"deletions":1}}},{"hash":"70dccc91fa92b746a1a66d65a9ba38ab15a0c411","isMergeCommit":false,"messageTitle":"Update AboutUs with Jhanvi\u0027s details","messageBody":"","fileTypesAndContributionMap":{"docs":{"insertions":3,"deletions":5}}},{"hash":"0bf59aaec2870de8d4ae80b27371abb8152a490c","isMergeCommit":true,"messageTitle":"Merge member photos","messageBody":"","fileTypesAndContributionMap":{}},{"hash":"8254a80747df4d0e903841e80bda46d947c0ee50","isMergeCommit":true,"messageTitle":"Merge pull request #23 from jj55j7/update-aboutus-jhanvi","messageBody":"Update AboutUs with Jhanvi\u0027s details","fileTypesAndContributionMap":{}},{"hash":"1f3936b7c8b7a493b3e542733ba6127ff11cf0be","isMergeCommit":false,"messageTitle":"Update README","messageBody":"","fileTypesAndContributionMap":{"docs":{"insertions":1,"deletions":0}}},{"hash":"d2fa48ecdfe040f7b6b0f2703041a69fd86168b3","isMergeCommit":false,"messageTitle":"Update README","messageBody":"","fileTypesAndContributionMap":{"docs":{"insertions":1,"deletions":1}}},{"hash":"cabcbc9d88cb228a6c5079c19d1344cdb39a2240","isMergeCommit":true,"messageTitle":"Merge pull request #31 from jj55j7/update-readme-docs","messageBody":"Update README","fileTypesAndContributionMap":{}}]},{"date":"2025-10-09T00:00:00","commitResults":[{"hash":"a8bbd01dc9c7eda3f7ce25efe935037500ebebe4","isMergeCommit":false,"messageTitle":"Update Storage to include txt file","messageBody":"","fileTypesAndContributionMap":{"functional-code":{"insertions":421,"deletions":9}}},{"hash":"8a59f187d6ff435a1055c6666c1f40a64a99a969","isMergeCommit":false,"messageTitle":"Update Storage testcases","messageBody":"","fileTypesAndContributionMap":{"test-code":{"insertions":129,"deletions":2}}},{"hash":"97a53b067779572459fc4645889d50acbd2035fb","isMergeCommit":false,"messageTitle":"Fix testcase format","messageBody":"","fileTypesAndContributionMap":{"test-code":{"insertions":1,"deletions":1}}},{"hash":"ea12df584eb213f9f7708453b27973f8e7e77e80","isMergeCommit":false,"messageTitle":"Add more testcases","messageBody":"","fileTypesAndContributionMap":{"test-code":{"insertions":45,"deletions":0}}},{"hash":"d3e2eac47fb343866294c99f395f2c274c2ff93b","isMergeCommit":false,"messageTitle":"Fix format of testcases","messageBody":"","fileTypesAndContributionMap":{"test-code":{"insertions":1,"deletions":2}}},{"hash":"824b3dfbcaf7023a4bda68e2af15b520d3f394ad","isMergeCommit":true,"messageTitle":"Merge pull request #52 from jj55j7/feature/storage-elderly-data","messageBody":"Update Storage to include txt file","fileTypesAndContributionMap":{}}]},{"date":"2025-10-16T00:00:00","commitResults":[{"hash":"63486bbf109f2d7ca078a0056e95f37e0d20fb74","isMergeCommit":false,"messageTitle":"Restore JSON Storage","messageBody":"","fileTypesAndContributionMap":{"functional-code":{"insertions":7,"deletions":419},"test-code":{"insertions":2,"deletions":173}}},{"hash":"ad1fbd1ca7f7357e1a06e3d76a74c633f295ff10","isMergeCommit":false,"messageTitle":"Add Duplicate Handling for Storage","messageBody":"","fileTypesAndContributionMap":{"functional-code":{"insertions":75,"deletions":6}}},{"hash":"d0707ac53e3fd7376930e76db01499de6e3b8500","isMergeCommit":false,"messageTitle":"Add tests for duplicate handling","messageBody":"","fileTypesAndContributionMap":{"functional-code":{"insertions":3,"deletions":5},"test-code":{"insertions":16,"deletions":3}}},{"hash":"bbc67ac38c8a435031968b106381d4cf1539e088","isMergeCommit":false,"messageTitle":"Add tests for Storage","messageBody":"","fileTypesAndContributionMap":{"functional-code":{"insertions":4,"deletions":5},"test-code":{"insertions":57,"deletions":2}}},{"hash":"941e986a4e18a003184af9b1e2462855e17e8249","isMergeCommit":true,"messageTitle":"Merge pull request #63 from jj55j7/storage/restore-JSON","messageBody":"Restore JSON Storage\nHandle duplicates in Json file","tags":["v1.3"],"fileTypesAndContributionMap":{}}]},{"date":"2025-10-20T00:00:00","commitResults":[{"hash":"dd6410fde0a17f41812c571bef08f591fd23975d","isMergeCommit":true,"messageTitle":"Add remark command feature","messageBody":"","fileTypesAndContributionMap":{}},{"hash":"4dd0c60e8ad1701d39d29ede7fe6c1b906df5ad6","isMergeCommit":true,"messageTitle":"Merge pull request #70 from jj55j7/remark-feature-clean","messageBody":"Add Remark feature ","fileTypesAndContributionMap":{}}]},{"date":"2025-10-22T00:00:00","commitResults":[{"hash":"67bc8257e392ccbd14392a3a667bea3783f00523","isMergeCommit":false,"messageTitle":"Handle invalid json entries","messageBody":"","fileTypesAndContributionMap":{"functional-code":{"insertions":115,"deletions":49},"test-code":{"insertions":23,"deletions":7}}},{"hash":"a362d9e3b4ef7031b1b6c07a44c9e6152fc855d9","isMergeCommit":false,"messageTitle":"Enable assertions","messageBody":"","fileTypesAndContributionMap":{"other":{"insertions":5,"deletions":0}}},{"hash":"5f62099792373f1ac15f5904820e5065aab36fa0","isMergeCommit":false,"messageTitle":"Add tests for json","messageBody":"","fileTypesAndContributionMap":{"functional-code":{"insertions":1,"deletions":1},"test-code":{"insertions":165,"deletions":0}}},{"hash":"665f2815fa5a729688014b95174e7007329b9cb5","isMergeCommit":false,"messageTitle":"Add comprehensive testing","messageBody":"","fileTypesAndContributionMap":{"test-code":{"insertions":236,"deletions":0}}},{"hash":"59d82af7d59c4c66fde249908beabd23f810793e","isMergeCommit":false,"messageTitle":"Update storage uml","messageBody":"","fileTypesAndContributionMap":{"docs":{"insertions":36,"deletions":4}}},{"hash":"6e7385fd6cf49f781712b1903f81054e5ba41952","isMergeCommit":false,"messageTitle":"Fix format","messageBody":"","fileTypesAndContributionMap":{"docs":{"insertions":1,"deletions":1}}},{"hash":"87ce2a813dd222b492c62184920df7836199bf0b","isMergeCommit":true,"messageTitle":"Merge pull request #91 from jj55j7/gradle/enable-assertions","messageBody":"Enable assertions","fileTypesAndContributionMap":{}},{"hash":"43b8c776152b9509b6ef6413494725808359422f","isMergeCommit":true,"messageTitle":"Merge pull request #93 from jj55j7/update-puml-storage","messageBody":"Update storage uml","fileTypesAndContributionMap":{}},{"hash":"635a7dc1363a52a2889c74e88a8d3818c406fa26","isMergeCommit":true,"messageTitle":"Merge pull request #90 from jj55j7/fix/json-parsing-handle-invalid-entries","messageBody":"Handle invalid json entries","fileTypesAndContributionMap":{}}]},{"date":"2025-10-23T00:00:00","commitResults":[{"hash":"5e3900d5e24bc0bd0189846990096804131c5c70","isMergeCommit":false,"messageTitle":"Add Java assert statements","messageBody":"","fileTypesAndContributionMap":{"functional-code":{"insertions":8,"deletions":15},"test-code":{"insertions":3,"deletions":4}}},{"hash":"6005ac1147e1e565f9a1c0e08fa2b1a33e407820","isMergeCommit":false,"messageTitle":"Storage: Add tests for storage component","messageBody":"","fileTypesAndContributionMap":{"test-code":{"insertions":48,"deletions":0}}},{"hash":"09dc7fc1c19981f46a3dbab8d5a29a5d7fa217b9","isMergeCommit":true,"messageTitle":"Merge pull request #95 from jj55j7/add-assertions","messageBody":"Add Java assert statements","fileTypesAndContributionMap":{}}]},{"date":"2025-10-29T00:00:00","commitResults":[{"hash":"fe309b3a92ea83195b4e50b0af20aa489ce15bf7","isMergeCommit":false,"messageTitle":"Fix data storage","messageBody":"","fileTypesAndContributionMap":{"functional-code":{"insertions":18,"deletions":0}}},{"hash":"f830699d6c735edae53c1c1ccf8a0105769db878","isMergeCommit":false,"messageTitle":"Add partial word find","messageBody":"","fileTypesAndContributionMap":{"functional-code":{"insertions":29,"deletions":4}}},{"hash":"ec712ae4a584636952fdb17be10a8f199ab88cb1","isMergeCommit":false,"messageTitle":"Add tests","messageBody":"","fileTypesAndContributionMap":{"functional-code":{"insertions":1,"deletions":1},"test-code":{"insertions":163,"deletions":1}}},{"hash":"2e504333c5faf785211999b1cb15ce9932498624","isMergeCommit":false,"messageTitle":"Fix format","messageBody":"","fileTypesAndContributionMap":{"functional-code":{"insertions":3,"deletions":2},"test-code":{"insertions":6,"deletions":8}}},{"hash":"4eaacc202c3cb23e1953810331a3b049f33811fc","isMergeCommit":true,"messageTitle":"Merge pull request #147 from jj55j7/fix/find-command-word-search","messageBody":"Add partial word find","fileTypesAndContributionMap":{}},{"hash":"c91119ddf0f0688f53457e1482306e49420d8675","isMergeCommit":false,"messageTitle":"Add tests","messageBody":"","fileTypesAndContributionMap":{"test-code":{"insertions":488,"deletions":0}}},{"hash":"9d78d5888577e01599e1be88269e871a4a82d478","isMergeCommit":false,"messageTitle":"Add additional tests","messageBody":"","fileTypesAndContributionMap":{"test-code":{"insertions":91,"deletions":0}}},{"hash":"4fe20e33c354060f16131de8909f900e193f717e","isMergeCommit":false,"messageTitle":"Fix format issue","messageBody":"","fileTypesAndContributionMap":{"test-code":{"insertions":0,"deletions":31}}},{"hash":"33c5bc21314e4ae62fcc4730f878bcbeee1ed1e9","isMergeCommit":false,"messageTitle":"Fix format","messageBody":"","fileTypesAndContributionMap":{"test-code":{"insertions":0,"deletions":6}}},{"hash":"5be17c8a45bc7df9ccc5e1942e0fc9c3a8b0d60d","isMergeCommit":true,"messageTitle":"Merge pull request #146 from jj55j7/fix/storage","messageBody":"Fix data storage for immediate cleaning of json file","fileTypesAndContributionMap":{}},{"hash":"e67ce8e4487fe9f8badbf7c5c3897747579a46e8","isMergeCommit":false,"messageTitle":"Fix Storage and Find section","messageBody":"","fileTypesAndContributionMap":{"docs":{"insertions":12,"deletions":4}}},{"hash":"844fba772cdde6de284fa9b5935df0d557a2d66e","isMergeCommit":false,"messageTitle":"Add Find to command summary","messageBody":"","fileTypesAndContributionMap":{"docs":{"insertions":14,"deletions":13}}},{"hash":"58527e9356b181b8da295d00272509e5a9ac8ec7","isMergeCommit":true,"messageTitle":"Merge pull request #152 from jj55j7/fix/User-Guide","messageBody":"Fix Storage and Find section","fileTypesAndContributionMap":{}},{"hash":"2a1aa66528314e998696a45857e7aa1c214cdb10","isMergeCommit":false,"messageTitle":"Fill in incomplete information","messageBody":"","fileTypesAndContributionMap":{"docs":{"insertions":34,"deletions":3}}},{"hash":"78d5065b5dbf578b81dfd56a08c7987aa5b89c08","isMergeCommit":false,"messageTitle":"Add index for delete command","messageBody":"","fileTypesAndContributionMap":{"docs":{"insertions":1,"deletions":1}}},{"hash":"9ae2d35fa02f3d9d75a5bdeb1a77ca809251db23","isMergeCommit":true,"messageTitle":"Merge pull request #157 from jj55j7/fix/Developer-Guide","messageBody":"Fill in incomplete information in Developer Guide","fileTypesAndContributionMap":{}}]},{"date":"2025-10-30T00:00:00","commitResults":[{"hash":"5e24070e7e8c76153cdddeaede9b701a75c2a7c9","isMergeCommit":false,"messageTitle":"Handle invalid input","messageBody":"","fileTypesAndContributionMap":{"functional-code":{"insertions":12,"deletions":1}}},{"hash":"9783e7fce7751060037c22d2b3dbae17c2e3438f","isMergeCommit":false,"messageTitle":"Add tests","messageBody":"","fileTypesAndContributionMap":{"functional-code":{"insertions":15,"deletions":4},"test-code":{"insertions":85,"deletions":0}}},{"hash":"1273178b45055ad6ca2bc128ec9e7b00e9fb4e44","isMergeCommit":false,"messageTitle":"Add more tests","messageBody":"","fileTypesAndContributionMap":{"test-code":{"insertions":67,"deletions":13}}},{"hash":"f4637ddb94a8db003a2fef2660ebe3b798deeb31","isMergeCommit":true,"messageTitle":"Merge pull request #162 from jj55j7/fix/find-command-word-search","messageBody":"Handle invalid inputs such as numbers or special characters","fileTypesAndContributionMap":{}},{"hash":"e3a1ca505908b0013ce23ce8a42f0383f5e3f902","isMergeCommit":false,"messageTitle":"Fix Jar file name","messageBody":"","fileTypesAndContributionMap":{"other":{"insertions":1,"deletions":1}}},{"hash":"2ebb6a830cf8e121a425b8e8caee91dc01556dff","isMergeCommit":true,"messageTitle":"Merge pull request #165 from jj55j7/gradle/Jar-Name","messageBody":"Fix Jar file name","fileTypesAndContributionMap":{}},{"hash":"4b0cf823d1a2e620b4d5c5255d72443e14469199","isMergeCommit":false,"messageTitle":"Edit Find description","messageBody":"","fileTypesAndContributionMap":{"docs":{"insertions":2,"deletions":2}}},{"hash":"8f16b99922fc1a322d35bedabbce4b16298aad1b","isMergeCommit":true,"messageTitle":"Merge pull request #167 from jj55j7/fix/User-Guide","messageBody":"Edit Find description","fileTypesAndContributionMap":{}},{"hash":"fdcc0b700630fd6ae618ed21e24889733c616983","isMergeCommit":false,"messageTitle":"Fix data folder","messageBody":"","fileTypesAndContributionMap":{"functional-code":{"insertions":25,"deletions":0}}},{"hash":"e8f886cc18d239c798dcff1b30ca034aeddf929e","isMergeCommit":false,"messageTitle":"Review code","messageBody":"","fileTypesAndContributionMap":{"functional-code":{"insertions":36,"deletions":36}}},{"hash":"85a6b3fe3b68b310e51a482b344547923a4c87f1","isMergeCommit":true,"messageTitle":"Merge pull request #169 from jj55j7/data-folder","messageBody":"Fix data folder","fileTypesAndContributionMap":{}}]}],"h-virdi":[{"date":"2025-10-03T00:00:00","commitResults":[{"hash":"c8f731677f8ca9fb5efb4ab4a69126bd00ffb9e3","isMergeCommit":false,"messageTitle":"Update Harnoor\u0027s AboutUs","messageBody":"","fileTypesAndContributionMap":{"docs":{"insertions":3,"deletions":4}}},{"hash":"94901017dee5f2d435930710b31bd91062679f35","isMergeCommit":true,"messageTitle":"Merge pull request #37 from h-virdi/update-aboutus-harnoor","messageBody":"Update Harnoor\u0027s AboutUs","fileTypesAndContributionMap":{}}]},{"date":"2025-10-09T00:00:00","commitResults":[{"hash":"9be8283371ab7b6dabcad7ac07498a2be2d9709b","isMergeCommit":false,"messageTitle":"Add tag command","messageBody":"","fileTypesAndContributionMap":{"functional-code":{"insertions":267,"deletions":0}}},{"hash":"e41b3a8772025de681c00552c9a166e59b5111cf","isMergeCommit":false,"messageTitle":"Add Tag command","messageBody":"","fileTypesAndContributionMap":{"functional-code":{"insertions":13,"deletions":7}}},{"hash":"705a83407b1c95b5449576da8d38bdeb070a8246","isMergeCommit":true,"messageTitle":"Merge pull request #53 from h-virdi/TagCommand","messageBody":"Add tag command","fileTypesAndContributionMap":{}}]},{"date":"2025-10-14T00:00:00","commitResults":[{"hash":"46d5bac6a86456bd27899b4ddae6af2f45b05266","isMergeCommit":false,"messageTitle":"Remove tag name case sensitivity","messageBody":"","fileTypesAndContributionMap":{"functional-code":{"insertions":2,"deletions":2}}},{"hash":"99895afe8f59cd333b41822390548f672474d1da","isMergeCommit":false,"messageTitle":"Prevent duplicate tags","messageBody":"","fileTypesAndContributionMap":{"functional-code":{"insertions":4,"deletions":0}}},{"hash":"700912d92280aec4cec0bcbc25ee9af23e36ba7f","isMergeCommit":false,"messageTitle":"Remove case sensitivity in tag command","messageBody":"","fileTypesAndContributionMap":{"functional-code":{"insertions":3,"deletions":2}}},{"hash":"f02e716581ac0044bd9bf70fbff0c96015f6b5bc","isMergeCommit":false,"messageTitle":"Add some tests for Tag command","messageBody":"","fileTypesAndContributionMap":{"functional-code":{"insertions":11,"deletions":7},"test-code":{"insertions":261,"deletions":0}}},{"hash":"a5babea57c67810ab90368e73750c3c0d9515783","isMergeCommit":false,"messageTitle":"Add some tests for Tag command parser","messageBody":"","fileTypesAndContributionMap":{"functional-code":{"insertions":2,"deletions":2},"test-code":{"insertions":78,"deletions":3}}},{"hash":"bcfbb37864461f2d02b22d97808df307ece0e53c","isMergeCommit":false,"messageTitle":"Fix checkstyle","messageBody":"","fileTypesAndContributionMap":{"functional-code":{"insertions":2,"deletions":2},"test-code":{"insertions":11,"deletions":24}}},{"hash":"4e1ad2b252866e2ea9f4ac8d51b076e52213de28","isMergeCommit":false,"messageTitle":"Fix Model overriding issue","messageBody":"","fileTypesAndContributionMap":{"test-code":{"insertions":5,"deletions":0}}},{"hash":"6890be13055144838823f06859790b88786bc92f","isMergeCommit":true,"messageTitle":"Merge pull request #61 from h-virdi/tag-command-case-sensitivity","messageBody":"Remove tag command case sensitivity","fileTypesAndContributionMap":{}}]},{"date":"2025-10-21T00:00:00","commitResults":[{"hash":"4c74cac2e2b80784057a2ed89e3a05df189ba9f8","isMergeCommit":false,"messageTitle":"Remove alphanumeric restriction on tags","messageBody":"","fileTypesAndContributionMap":{"functional-code":{"insertions":1,"deletions":13}}},{"hash":"43176825960dd67fa0f5fe56386c0cce79c54776","isMergeCommit":false,"messageTitle":"Introduce delete tag function","messageBody":"","fileTypesAndContributionMap":{"functional-code":{"insertions":68,"deletions":48},"test-code":{"insertions":12,"deletions":12}}},{"hash":"9d2bf2b2bff489c339d0a220c58cdac0c91dae52","isMergeCommit":false,"messageTitle":"Fixed existing tag tests","messageBody":"","fileTypesAndContributionMap":{"test-code":{"insertions":43,"deletions":23}}},{"hash":"1ad61b9d21b5467e42895a598e6fcb4122e2240a","isMergeCommit":false,"messageTitle":"Fix checkstyle","messageBody":"","fileTypesAndContributionMap":{"functional-code":{"insertions":9,"deletions":12},"test-code":{"insertions":0,"deletions":22}}},{"hash":"7a6920c849a1e67b5c69931480fb91b3b43d48c8","isMergeCommit":false,"messageTitle":"Fix misc errors","messageBody":"","fileTypesAndContributionMap":{"test-code":{"insertions":10,"deletions":10}}},{"hash":"8b1334a7cf2d77df6a74fe584b14a15f80336e7c","isMergeCommit":false,"messageTitle":"Fix checkstyle","messageBody":"","fileTypesAndContributionMap":{"test-code":{"insertions":9,"deletions":9}}},{"hash":"d77a7f10feff22390383f935ccc4dbc98bcd28a5","isMergeCommit":false,"messageTitle":"Debug test failures","messageBody":"","fileTypesAndContributionMap":{"functional-code":{"insertions":5,"deletions":4},"test-code":{"insertions":0,"deletions":20}}},{"hash":"351fc3cbf5e4857d1c18bedf0408ac833ed33ddd","isMergeCommit":false,"messageTitle":"Fix checkstyle","messageBody":"","fileTypesAndContributionMap":{"functional-code":{"insertions":1,"deletions":1},"test-code":{"insertions":0,"deletions":1}}},{"hash":"10af45363d818048504c81106b7193705944a7ff","isMergeCommit":false,"messageTitle":"Modify untag command","messageBody":"","fileTypesAndContributionMap":{"functional-code":{"insertions":2,"deletions":2}}},{"hash":"a8f7df1a7aa5bf96d4cd91aaf6ee5a7a9a82f9a2","isMergeCommit":false,"messageTitle":"Modify add command usage message","messageBody":"","fileTypesAndContributionMap":{"functional-code":{"insertions":4,"deletions":3}}},{"hash":"5c8d55ca3a84c66548a8a92adbbbfd37c58c1004","isMergeCommit":false,"messageTitle":"Fix checkstyle","messageBody":"","fileTypesAndContributionMap":{"functional-code":{"insertions":0,"deletions":1}}},{"hash":"7741caad737900e0fca839c8de46bbec6e69a865","isMergeCommit":true,"messageTitle":"Merge pull request #85 from h-virdi/add-tag-functions","messageBody":"Add tag functions","fileTypesAndContributionMap":{}},{"hash":"8696682cabbabfbe95bb4c7e0f369ba9a3d77b6f","isMergeCommit":true,"messageTitle":"Merge pull request #88 from h-virdi/modify-error-messages","messageBody":"Modify add command usage message","fileTypesAndContributionMap":{}}]},{"date":"2025-10-22T00:00:00","commitResults":[{"hash":"062c009b099210ea31edc61389769eee5d53d904","isMergeCommit":false,"messageTitle":"Add filter feature","messageBody":"","fileTypesAndContributionMap":{"functional-code":{"insertions":82,"deletions":0}}}]},{"date":"2025-10-23T00:00:00","commitResults":[{"hash":"a9ddae05a05e3c87c490063cda866bbebc250824","isMergeCommit":false,"messageTitle":"Add filter feature tests","messageBody":"","fileTypesAndContributionMap":{"functional-code":{"insertions":10,"deletions":4},"other":{"insertions":4,"deletions":0},"test-code":{"insertions":117,"deletions":0}}},{"hash":"31af0ba0fb87109fb3ceacc4aa9abdbef841019f","isMergeCommit":false,"messageTitle":"Allow filtering of multiple tags","messageBody":"","fileTypesAndContributionMap":{"functional-code":{"insertions":16,"deletions":12},"test-code":{"insertions":45,"deletions":30}}},{"hash":"f0d51c0a5592dd78d317ccb31b0ceb41e40d30b4","isMergeCommit":false,"messageTitle":"Fix checkstyle","messageBody":"","fileTypesAndContributionMap":{"functional-code":{"insertions":2,"deletions":2},"test-code":{"insertions":3,"deletions":3}}},{"hash":"185b2193e19062feed4b8eacc25dffcdf0b326bc","isMergeCommit":true,"messageTitle":"Merge pull request #96 from h-virdi/add-filter-feature","messageBody":"Add filter feature","fileTypesAndContributionMap":{}},{"hash":"58f32e64bbed7fce3d0a5b74d261cfc2d6b44f99","isMergeCommit":false,"messageTitle":"Debug untag function","messageBody":"","fileTypesAndContributionMap":{"functional-code":{"insertions":3,"deletions":6}}},{"hash":"ba6ef6c6c718472eb305dfbc769f215afec015f2","isMergeCommit":false,"messageTitle":"Modify arg handling for untag","messageBody":"","fileTypesAndContributionMap":{"functional-code":{"insertions":9,"deletions":3}}},{"hash":"abd11be7160b8d0962459e760939b3150a973bcb","isMergeCommit":true,"messageTitle":"Merge pull request #98 from h-virdi/add-tag-functions","messageBody":"Debug untag function","tags":["v1.4"],"fileTypesAndContributionMap":{}}]},{"date":"2025-10-24T00:00:00","commitResults":[{"hash":"29e970df19d1edcd247d48ef328b5191ce191e69","isMergeCommit":false,"messageTitle":"Add TagCommand, TagCommandParser class diagram","messageBody":"","fileTypesAndContributionMap":{"docs":{"insertions":53,"deletions":0}}},{"hash":"ab760368daf245c26e8cc3f832315b78a4f3b4e2","isMergeCommit":false,"messageTitle":"Fix style for UML diagram","messageBody":"","fileTypesAndContributionMap":{"docs":{"insertions":1,"deletions":1}}},{"hash":"891888da08df05add89a7a966d36596a815e7740","isMergeCommit":true,"messageTitle":"Merge pull request #101 from h-virdi/add-uml-diagrams","messageBody":"Add TagCommand, TagCommandParser class diagram","fileTypesAndContributionMap":{}}]},{"date":"2025-10-28T00:00:00","commitResults":[{"hash":"9720c580788a3c8bfe3e1b37a8d48cd25c7f10f5","isMergeCommit":false,"messageTitle":"Handle --remove as a prefix","messageBody":"","fileTypesAndContributionMap":{"functional-code":{"insertions":9,"deletions":7}}},{"hash":"20cb0e31ccb393b99e9a8bfdc806def5fabb6914","isMergeCommit":false,"messageTitle":"Fix checkstyle","messageBody":"","fileTypesAndContributionMap":{"functional-code":{"insertions":0,"deletions":3}}},{"hash":"f2530d407618f97d3f86c828bc3c2cbbc122bbb8","isMergeCommit":true,"messageTitle":"Merge pull request #126 from h-virdi/modify-untag","messageBody":"Modify untag to match unremark feature","fileTypesAndContributionMap":{}},{"hash":"07bcc4a37d5b6c1ed3b52df4fb94c9d3903419a7","isMergeCommit":false,"messageTitle":"Fix merge conflict","messageBody":"# Conflicts:\n#\tsrc/main/java/seedu/address/logic/parser/TagCommandParser.java\n","fileTypesAndContributionMap":{"functional-code":{"insertions":28,"deletions":31},"test-code":{"insertions":3,"deletions":9}}},{"hash":"c02c27b3b225fc26d080bccd23d67e65e64296c2","isMergeCommit":false,"messageTitle":"Fix merge conflict #2","messageBody":"","fileTypesAndContributionMap":{"functional-code":{"insertions":18,"deletions":23},"test-code":{"insertions":0,"deletions":2}}},{"hash":"d194d5d2ea41999a3b8c84db8f2f4bab7a900b35","isMergeCommit":false,"messageTitle":"Remove address from tag command parser","messageBody":"","fileTypesAndContributionMap":{"functional-code":{"insertions":2,"deletions":12}}},{"hash":"c7f0c3df735efdbd865140e704188526e5873c35","isMergeCommit":true,"messageTitle":"Merge pull request #135 from h-virdi/remove-tag-address-constructor","messageBody":"Remove tag address constructor","fileTypesAndContributionMap":{}},{"hash":"c61b4ef2b7e9313795775aa131f0ae2ef648f42f","isMergeCommit":false,"messageTitle":"Update find feature in UG","messageBody":"","fileTypesAndContributionMap":{"docs":{"insertions":3,"deletions":3}}},{"hash":"6bd47341a88a3f156e71d406675ba30a1de709fc","isMergeCommit":true,"messageTitle":"Merge pull request #136 from h-virdi/fix-ug-find","messageBody":"Update find feature in UG","fileTypesAndContributionMap":{}}]},{"date":"2025-10-29T00:00:00","commitResults":[{"hash":"23a35df04202dd04472a2c464ee7561c2cc931b0","isMergeCommit":false,"messageTitle":"Clean up redundant code","messageBody":"","fileTypesAndContributionMap":{"functional-code":{"insertions":0,"deletions":25},"test-code":{"insertions":0,"deletions":29}}},{"hash":"3f7f2fbf5643895edd1585afa9847501e9cb4dae","isMergeCommit":true,"messageTitle":"Merge pull request #154 from h-virdi/remove-commented-code","messageBody":"Clean up redundant code","fileTypesAndContributionMap":{}}]}]},"authorFileTypeContributionMap":{"Swei99":{"docs":63,"functional-code":154,"test-code":542},"OKaiXiang":{"docs":290,"functional-code":193,"test-code":181},"codewallie":{"docs":257,"functional-code":712,"test-code":102},"jj55j7":{"docs":77,"functional-code":415,"test-code":1590,"other":6},"h-virdi":{"docs":56,"functional-code":349,"test-code":450,"other":4}},"authorContributionVariance":{"Swei99":8603.794,"OKaiXiang":8330.139,"codewallie":17237.951,"jj55j7":55727.535,"h-virdi":10011.376},"authorDisplayNameMap":{"Swei99":"CS2103T-T14-4 SOO .. LUN","OKaiXiang":"CS2103T-T14-4 ONG ..IANG","codewallie":"CS2103T-T14-4 LIM ..LACE","jj55j7":"CS2103T-T14-4 JHAN..SAHU","h-virdi":"CS2103T-T14-4 HARN..IRDI"}}
