{"authorDailyContributionsMap":{"udonzzz":[{"date":"2025-10-01T00:00:00","commitResults":[{"hash":"c219f67705699b4e2445a4d03cff95fdb082ce3b","isMergeCommit":false,"messageTitle":"Modify AboutUs.md for own profile","messageBody":"","fileTypesAndContributionMap":{"docs":{"insertions":4,"deletions":44}}},{"hash":"ac68e327d7790701c76094217f5fd621e16ede2a","isMergeCommit":true,"messageTitle":"Merge pull request #8 from yuanjasper/AboutUs","messageBody":"Add Jasper\u0027s AboutUs","fileTypesAndContributionMap":{}},{"hash":"f826b653e0b052500a69301f9871e315d8c1d74f","isMergeCommit":true,"messageTitle":"Merge pull request #9 from TaiaYovelaPang/add-photo","messageBody":"Add Taia\u0027s photo","fileTypesAndContributionMap":{}},{"hash":"c30ea8d12b374d147ae543af108f30f0b7460c71","isMergeCommit":true,"messageTitle":"Merge branch \u0027master\u0027 into Add-AboutUs","messageBody":"","fileTypesAndContributionMap":{}},{"hash":"18c12123cf3a22f336eeedd382ae2967b2cf9cf8","isMergeCommit":true,"messageTitle":"Merge pull request #11 from TaiaYovelaPang/Add-AboutUs","messageBody":"Add Taia\u0027s AboutUs","fileTypesAndContributionMap":{}},{"hash":"6c0b94f7e021fe8c6b86e2bafa9edc4a6f85beb2","isMergeCommit":true,"messageTitle":"Merge pull request #15 from udonzzz/add-photo","messageBody":"Add Adon\u0027s photo","fileTypesAndContributionMap":{}},{"hash":"22f95432633dd8ba8c146576c6d0ab85b55dc7f5","isMergeCommit":true,"messageTitle":"Merge branch \u0027master\u0027 into update-AboutUs","messageBody":"","fileTypesAndContributionMap":{}},{"hash":"57416f532b2abcb58b85a7484f690a6fd8b895dd","isMergeCommit":true,"messageTitle":"Merge pull request #17 from udonzzz/update-AboutUs","messageBody":"Add Adon\u0027s AboutUs","fileTypesAndContributionMap":{}},{"hash":"216d3e7ba404d8bdc923d33dddb961e4ab2a3db0","isMergeCommit":false,"messageTitle":"Fix bugs in AboutUs.md","messageBody":"","fileTypesAndContributionMap":{"docs":{"insertions":2,"deletions":1}}},{"hash":"891b50ff6ebdb50d84f19aced42ca2c7c69e7e7d","isMergeCommit":false,"messageTitle":"Fix AboutUs.md trailing whitespace","messageBody":"","fileTypesAndContributionMap":{"docs":{"insertions":0,"deletions":1}}},{"hash":"d10998625faba10cc81ec8864f2f4d9ce6cb1ef9","isMergeCommit":true,"messageTitle":"Merge pull request #19 from udonzzz/fix-AboutUs-bugs","messageBody":"Fix bugs in AboutUs","fileTypesAndContributionMap":{}},{"hash":"7d22feb7327b8cdfca589f7e354104c8a2370bba","isMergeCommit":true,"messageTitle":"Merge pull request #13 from yuanjasper/Readme","messageBody":"Update ReadMe page","fileTypesAndContributionMap":{}}]},{"date":"2025-10-02T00:00:00","commitResults":[{"hash":"a56461c07859510f8fbcbe5a9753fe0fc118b646","isMergeCommit":false,"messageTitle":"Add use cases to DeveloperGuide","messageBody":"","fileTypesAndContributionMap":{"docs":{"insertions":73,"deletions":8}}},{"hash":"08e5f97e5f6053ff5781c84a7c1a43c3da605451","isMergeCommit":true,"messageTitle":"Merge branch \u0027master\u0027 into add-use-cases","messageBody":"","fileTypesAndContributionMap":{}},{"hash":"356512267156cf5219bdc018d65f7f51d237e98e","isMergeCommit":true,"messageTitle":"Merge pull request #23 from udonzzz/add-use-cases","messageBody":"Update use cases in DeveloperGuide","fileTypesAndContributionMap":{}}]},{"date":"2025-10-09T00:00:00","commitResults":[{"hash":"a4e1f24edf636cbbe7b0dc443e9accd95c3d9424","isMergeCommit":false,"messageTitle":"Add Activity class","messageBody":"Activity is added to hold the information regarding the tutor\u0027s\nactivities, such as lessons, and the day and time that it occurs.\n\nThese are meant for weekly occurring activities.\n","fileTypesAndContributionMap":{"functional-code":{"insertions":34,"deletions":0}}},{"hash":"2ca68a0effb4e071933ae0ecbcb2130db842309a","isMergeCommit":false,"messageTitle":"Add Command for adding activities","messageBody":"","fileTypesAndContributionMap":{"functional-code":{"insertions":46,"deletions":0}}},{"hash":"b8cf4bbf5ba5bc10d69658bb6a667eaf2d23b519","isMergeCommit":false,"messageTitle":"Add DayAndTimeChecker class","messageBody":"DayAndTimeChecker provides static methods to check whether an activity\nto be added has a mismatched start and end time, or overlaps with\nanother activity.\n","fileTypesAndContributionMap":{"functional-code":{"insertions":36,"deletions":0}}},{"hash":"8cf62ac2df3610a783a951b0b8f0714f83879f93","isMergeCommit":false,"messageTitle":"Add Schedule class and accompanying exceptions","messageBody":"","fileTypesAndContributionMap":{"functional-code":{"insertions":43,"deletions":0}}},{"hash":"535fac10de7dda764ab93e1d1f98a59c05a4fcc7","isMergeCommit":false,"messageTitle":"Add JavaDoc comments and fix coding style violations","messageBody":"","fileTypesAndContributionMap":{"functional-code":{"insertions":56,"deletions":11}}},{"hash":"016de8a83a4981fe7eb74cec5a2fda62f8cde563","isMergeCommit":true,"messageTitle":"Merge pull request #31 from udonzzz/add-schedule-class","messageBody":"Add Schedule class","fileTypesAndContributionMap":{}}]},{"date":"2025-10-16T00:00:00","commitResults":[{"hash":"d34de8b6dc4e723084f255b303a491d8f2a165d4","isMergeCommit":false,"messageTitle":"Modify activity class","messageBody":"","fileTypesAndContributionMap":{"functional-code":{"insertions":248,"deletions":0}}},{"hash":"84263b9bfba511d263bad8eb3743ffd1ff665324","isMergeCommit":false,"messageTitle":"Modify classes to cater to modified Activity class","messageBody":"","fileTypesAndContributionMap":{"functional-code":{"insertions":20,"deletions":13}}},{"hash":"49cc6dbe0fae61b13fcefa8e6984b2781db87a24","isMergeCommit":false,"messageTitle":"Modify Schedule class","messageBody":"","fileTypesAndContributionMap":{"functional-code":{"insertions":111,"deletions":50}}},{"hash":"930b1a161a4975f9a3991720c49a5e272d6496ca","isMergeCommit":false,"messageTitle":"Add AddActivityCommand and modify parsers","messageBody":"","fileTypesAndContributionMap":{"functional-code":{"insertions":135,"deletions":3}}},{"hash":"85fa0455883872a063896a84d6142ae068639f4c","isMergeCommit":false,"messageTitle":"Add exception classes for Activity","messageBody":"","fileTypesAndContributionMap":{"functional-code":{"insertions":22,"deletions":0}}},{"hash":"933ddc101bfa6559a03a3d07111511c05ea212a9","isMergeCommit":false,"messageTitle":"Add Json support classes for Activity and Schedule","messageBody":"","fileTypesAndContributionMap":{"functional-code":{"insertions":267,"deletions":1}}},{"hash":"a271a7d7d410538b34288df4e162eb1f90e97f22","isMergeCommit":false,"messageTitle":"Modify UserPrefs for Schedule","messageBody":"","fileTypesAndContributionMap":{"functional-code":{"insertions":18,"deletions":3}}},{"hash":"f01db0bddf747b83668c1750c089c8c6c47ea0be","isMergeCommit":false,"messageTitle":"Modify storage and add sample for Schedule","messageBody":"","fileTypesAndContributionMap":{"functional-code":{"insertions":67,"deletions":2}}},{"hash":"8564701f2624f6eae12aad95d653cd2a3b43978b","isMergeCommit":false,"messageTitle":"Modify Model for Schedule","messageBody":"","fileTypesAndContributionMap":{"functional-code":{"insertions":134,"deletions":8}}},{"hash":"9707e1c0c26403916d1e7659227ff388069e2281","isMergeCommit":false,"messageTitle":"Modify Logic for Schedule","messageBody":"","fileTypesAndContributionMap":{"functional-code":{"insertions":15,"deletions":0}}},{"hash":"791ad5f073ec6803b309387ffb36a7931ef1e016","isMergeCommit":true,"messageTitle":"Merge pull request #39 from udonzzz/develop-schedule","messageBody":"Update Schedule class and related classes","fileTypesAndContributionMap":{}},{"hash":"e69c73fc1c8691ca64dad2d923e7fa621002d5b6","isMergeCommit":true,"messageTitle":"Merge pull request #38 from TaiaYovelaPang/Update-UserGuide","messageBody":"Update UserGuide","fileTypesAndContributionMap":{}},{"hash":"bbe9429710381f50b7272a833e432283f12c020f","isMergeCommit":false,"messageTitle":"Fix code style issues","messageBody":"","fileTypesAndContributionMap":{"functional-code":{"insertions":66,"deletions":31},"docs":{"insertions":2,"deletions":2}}},{"hash":"7c50de006dc40c62359212af023ad945881d1684","isMergeCommit":true,"messageTitle":"Merge pull request #41 from udonzzz/modify-user-guide","messageBody":"Fix code style issues","fileTypesAndContributionMap":{}},{"hash":"dc265bfcd6b0b81ddafecd812f09cfb7498eeefe","isMergeCommit":false,"messageTitle":"Edit user guide","messageBody":"","fileTypesAndContributionMap":{"docs":{"insertions":2,"deletions":2}}},{"hash":"944c6f6acf4da39aaea79c8a719df1dd1881b728","isMergeCommit":true,"messageTitle":"Merge pull request #43 from udonzzz/edit-user-guide","messageBody":"Edit user guide","fileTypesAndContributionMap":{}},{"hash":"af887d4a5b46c4f5a3d99d6ca3e1dd9da55b1b6c","isMergeCommit":false,"messageTitle":"Edit version of program","messageBody":"","fileTypesAndContributionMap":{"functional-code":{"insertions":1,"deletions":1},"other":{"insertions":1,"deletions":1}}},{"hash":"f6f1a1e6b741e69074e35f2bf95dd4ad866aed82","isMergeCommit":true,"messageTitle":"Merge pull request #44 from udonzzz/update-version","messageBody":"Edit version of program","tags":["v1.3"],"fileTypesAndContributionMap":{}}]},{"date":"2025-10-22T00:00:00","commitResults":[{"hash":"912483caa1e6728a7daaf740477c485b9d02267f","isMergeCommit":false,"messageTitle":"Add DeleteActivityCommand","messageBody":"","fileTypesAndContributionMap":{"functional-code":{"insertions":199,"deletions":5}}}]},{"date":"2025-10-24T00:00:00","commitResults":[{"hash":"45bdb50bf9eb416c0d484b175aced0752d8493a4","isMergeCommit":false,"messageTitle":"Update UML diagrams","messageBody":"","fileTypesAndContributionMap":{"docs":{"insertions":48,"deletions":11}}},{"hash":"ca27dfe57d675309322cb15f92ee30f473ae097b","isMergeCommit":true,"messageTitle":"Merge pull request #58 from udonzzz/add-uml","messageBody":"Update UML diagrams","fileTypesAndContributionMap":{}}]}],"yuanjasper":[{"date":"2025-10-01T00:00:00","commitResults":[{"hash":"28c9896e9542d600fd92b4c66d84251b765125da","isMergeCommit":false,"messageTitle":"Update AboutUs","messageBody":"","fileTypesAndContributionMap":{"docs":{"insertions":4,"deletions":45}}},{"hash":"d8edd9dd611b8795ecb6c7318123c728c5a6e830","isMergeCommit":false,"messageTitle":"Update Readme page","messageBody":"","fileTypesAndContributionMap":{"other":{"insertions":2,"deletions":2},"docs":{"insertions":7,"deletions":5}}}]},{"date":"2025-10-09T00:00:00","commitResults":[{"hash":"43a25069628d1854e95472ef04c2903069dc0d55","isMergeCommit":false,"messageTitle":"Add tuition date","messageBody":"","fileTypesAndContributionMap":{"functional-code":{"insertions":147,"deletions":19},"test-code":{"insertions":37,"deletions":9}}},{"hash":"c2b6f529e9827bdca374fed7836633e592a5f0e9","isMergeCommit":true,"messageTitle":"Merge branch \u0027Add-Tuition-Date\u0027","messageBody":"","fileTypesAndContributionMap":{}},{"hash":"7e4fed46f56242b995db81f91cc3b3b718230251","isMergeCommit":false,"messageTitle":"Add Tuition Slot","messageBody":"","fileTypesAndContributionMap":{"functional-code":{"insertions":173,"deletions":27},"test-code":{"insertions":29,"deletions":11}}},{"hash":"d1b0a590c2ee995d6bc6a3e51ece498929172da2","isMergeCommit":false,"messageTitle":"Update Person Class","messageBody":"","fileTypesAndContributionMap":{"functional-code":{"insertions":274,"deletions":24},"test-code":{"insertions":26,"deletions":13}}},{"hash":"57004385c95fa9cb59944030b7bc5d755d5f8679","isMergeCommit":false,"messageTitle":"Update Person Class","messageBody":"","fileTypesAndContributionMap":{"functional-code":{"insertions":41,"deletions":27}}},{"hash":"5b94ef2f64cf53fd3df91d93742701840a597c54","isMergeCommit":false,"messageTitle":"Update Person Class","messageBody":"","fileTypesAndContributionMap":{"functional-code":{"insertions":4,"deletions":4}}},{"hash":"8abcc1da76ee5ede04cdf387b297574b6dd79da1","isMergeCommit":false,"messageTitle":"Update test case","messageBody":"","fileTypesAndContributionMap":{"test-code":{"insertions":42,"deletions":1}}},{"hash":"eb5643f082745bae807400c5f847732355ada1eb","isMergeCommit":false,"messageTitle":"Update test case","messageBody":"","fileTypesAndContributionMap":{"test-code":{"insertions":28,"deletions":15}}},{"hash":"57f85c5fb7868adc888d29efa1595603d03301e9","isMergeCommit":false,"messageTitle":"Update test case","messageBody":"","fileTypesAndContributionMap":{"functional-code":{"insertions":6,"deletions":2},"test-code":{"insertions":77,"deletions":38}}},{"hash":"0d2ef52a414128395f23afb9301b870a961f8c7b","isMergeCommit":false,"messageTitle":"Update test case","messageBody":"","fileTypesAndContributionMap":{"functional-code":{"insertions":0,"deletions":1}}},{"hash":"30151018d513ac3400d02899cc85385f478e29a9","isMergeCommit":false,"messageTitle":"Update test case","messageBody":"","fileTypesAndContributionMap":{"test-code":{"insertions":1,"deletions":1}}},{"hash":"0b2c6e423156c44617b7f6af7d07252f44cd5848","isMergeCommit":false,"messageTitle":"Update test case","messageBody":"","fileTypesAndContributionMap":{"test-code":{"insertions":12,"deletions":0}}},{"hash":"726fd52860873f60f3374a751c2c38b0130f4cf1","isMergeCommit":false,"messageTitle":"Update test case","messageBody":"","fileTypesAndContributionMap":{"functional-code":{"insertions":3,"deletions":3},"test-code":{"insertions":14,"deletions":1}}},{"hash":"58411461d5e38fdf70b3bc9e7fe00bb21a4b6614","isMergeCommit":true,"messageTitle":"Merge pull request #28 from TaiaYovelaPang/Sort-Command","messageBody":"Add sort-by-date function","fileTypesAndContributionMap":{}}]},{"date":"2025-10-15T00:00:00","commitResults":[{"hash":"241aceb9a2a416d6e3ab07f71397a76b59b1fd4e","isMergeCommit":true,"messageTitle":"Merge pull request #34 from TaiaYovelaPang/Add-Exceptions","messageBody":"Add exceptions","fileTypesAndContributionMap":{}}]},{"date":"2025-10-16T00:00:00","commitResults":[{"hash":"322e1ea4684aa63969ac86832e7d6291432e34f0","isMergeCommit":false,"messageTitle":"Add getemail billing and address","messageBody":"","fileTypesAndContributionMap":{"functional-code":{"insertions":329,"deletions":3}}}]},{"date":"2025-10-23T00:00:00","commitResults":[{"hash":"8bdec3596d85763ccbbdcf73821006414bdfe987","isMergeCommit":false,"messageTitle":"Add Default Picture","messageBody":"","fileTypesAndContributionMap":{"functional-code":{"insertions":31,"deletions":2}}},{"hash":"561a423152330997e52ce87f30f35fd62f488bc1","isMergeCommit":true,"messageTitle":"Merge branch \u0027master\u0027 into Remarks-Attribute","messageBody":"","fileTypesAndContributionMap":{}},{"hash":"c691b77d6c0d7361e2f7f17923e58d4fc3f73d5d","isMergeCommit":true,"messageTitle":"Merge pull request #47 from TaiaYovelaPang/Remarks-Attribute","messageBody":"Add remarks attribute","fileTypesAndContributionMap":{}},{"hash":"3ac0398d9fe29f73a92f5f6f877e54fa13289403","isMergeCommit":true,"messageTitle":"Merge pull request #48 from TaiaYovelaPang/Update-Sort-TestCase","messageBody":"Update sort test cases","fileTypesAndContributionMap":{}},{"hash":"51726003ee01d49ca505ec4707e7e96e08d27b44","isMergeCommit":true,"messageTitle":"Merge pull request #51 from TaiaYovelaPang/Add-UMLDiagrams","messageBody":"Add UML diagram for sort command","fileTypesAndContributionMap":{}},{"hash":"a977d3df925914d4215c72851b68f163ef6c85dd","isMergeCommit":false,"messageTitle":"Update test cases","messageBody":"","fileTypesAndContributionMap":{"functional-code":{"insertions":14,"deletions":0},"docs":{"insertions":6,"deletions":0},"test-code":{"insertions":52,"deletions":33}}},{"hash":"a74dca7bcb0e279a63f860547e9ded6554916523","isMergeCommit":true,"messageTitle":"Merge pull request #55 from yuanjasper/Update-Test-Cases","messageBody":"Update test cases","fileTypesAndContributionMap":{}},{"hash":"d0cae24b9dfe4f97ab65fc602f135933d6538482","isMergeCommit":false,"messageTitle":"Enable assertions","messageBody":"","fileTypesAndContributionMap":{"other":{"insertions":4,"deletions":0}}},{"hash":"d6a7ba7a3011a22de6322657b109ecc3a3990035","isMergeCommit":true,"messageTitle":"Merge pull request #56 from yuanjasper/Enable-Assertions","messageBody":"Enable assertions","tags":["v1.4"],"fileTypesAndContributionMap":{}}]}],"TaiaYovelaPang":[{"date":"2025-10-01T00:00:00","commitResults":[{"hash":"099a7439838ad7a7b668ccce039038d0f1239439","isMergeCommit":false,"messageTitle":"Add Taia\u0027s AboutUs","messageBody":"","fileTypesAndContributionMap":{"docs":{"insertions":4,"deletions":44}}}]},{"date":"2025-10-02T00:00:00","commitResults":[{"hash":"a2672d7916404b87beb9e13513f76b7d44cc9237","isMergeCommit":false,"messageTitle":"Update DG","messageBody":"","fileTypesAndContributionMap":{"docs":{"insertions":38,"deletions":16}}},{"hash":"7919766a1763f97ce0cc2d60654379f25ccf31a7","isMergeCommit":true,"messageTitle":"Merge pull request #22 from TaiaYovelaPang/Update-DG","messageBody":"Update DG","fileTypesAndContributionMap":{}}]},{"date":"2025-10-09T00:00:00","commitResults":[{"hash":"1a7feec40a410e9357f966525e23d30f7c6582ca","isMergeCommit":true,"messageTitle":"Merge pull request #26 from yuanjasper/Update-Person","messageBody":"Update Person Class","fileTypesAndContributionMap":{}},{"hash":"b1f9e2483225e2df626420a7d3e006d3c1057b37","isMergeCommit":false,"messageTitle":"Add sort-by-date function","messageBody":"","fileTypesAndContributionMap":{"functional-code":{"insertions":83,"deletions":0}}}]},{"date":"2025-10-15T00:00:00","commitResults":[{"hash":"3a4e24937dd0ebd7240fba23e15f73ab94be7b35","isMergeCommit":false,"messageTitle":"Add exceptions","messageBody":"","fileTypesAndContributionMap":{"functional-code":{"insertions":21,"deletions":2}}}]},{"date":"2025-10-16T00:00:00","commitResults":[{"hash":"449c75491eb8029e0c0608af3b5fa8c52cb78022","isMergeCommit":true,"messageTitle":"Merge pull request #37 from yuanjasper/Add_GetEmail_BillingContact_Address","messageBody":"Add get email, billing contact and address","fileTypesAndContributionMap":{}},{"hash":"3a463b8c3764a0b4e60c88069a64d5dd1151f48a","isMergeCommit":false,"messageTitle":"Update UserGuide","messageBody":"","fileTypesAndContributionMap":{"functional-code":{"insertions":1,"deletions":1},"docs":{"insertions":70,"deletions":9}}}]},{"date":"2025-10-21T00:00:00","commitResults":[{"hash":"dc95d7db4d9c58a96a7409f476a26e9302e7beef","isMergeCommit":false,"messageTitle":"Add remarks attribute","messageBody":"","fileTypesAndContributionMap":{"functional-code":{"insertions":109,"deletions":19},"test-code":{"insertions":19,"deletions":3}}},{"hash":"f7e6059857d4158478029e367baee57f005566e2","isMergeCommit":false,"messageTitle":"Update sort test cases","messageBody":"","fileTypesAndContributionMap":{"functional-code":{"insertions":5,"deletions":1},"test-code":{"insertions":107,"deletions":3}}}]},{"date":"2025-10-22T00:00:00","commitResults":[{"hash":"aa3d527b3c00d9c5fc1b77dc8afab371af306bf3","isMergeCommit":false,"messageTitle":"Add UML diagrams","messageBody":"","fileTypesAndContributionMap":{"docs":{"insertions":104,"deletions":0}}}]},{"date":"2025-10-23T00:00:00","commitResults":[{"hash":"82aab1275d4a848d433374d07f47936b19efdd54","isMergeCommit":true,"messageTitle":"Merge pull request #49 from udonzzz/delete-activity-command","messageBody":"Add deleteactivitycommand","fileTypesAndContributionMap":{}},{"hash":"865ad22fed5a0d0f231fae6b5d721b698bd46e0c","isMergeCommit":true,"messageTitle":"Merge pull request #54 from yuanjasper/Add_Default_Pictures","messageBody":"Add Default Picture","fileTypesAndContributionMap":{}}]}]},"authorFileTypeContributionMap":{"udonzzz":{"docs":126,"functional-code":1416,"test-code":0,"other":1},"yuanjasper":{"docs":15,"functional-code":915,"test-code":252,"other":6},"TaiaYovelaPang":{"docs":212,"functional-code":217,"test-code":126}},"authorContributionVariance":{"udonzzz":42045.832,"yuanjasper":35866.094,"TaiaYovelaPang":2464.101},"authorDisplayNameMap":{"udonzzz":"CS2103-F09-2 ADON.. YAP","yuanjasper":"CS2103-F09-2 YUAN..SPER","TaiaYovelaPang":"CS2103-F09-2 TAIA..PANG"}}
