{"authorDailyContributionsMap":{"crimsonchaos02":[{"date":"2025-09-19T00:00:00","commitResults":[{"hash":"8f7b09ed5d2b98adb730006a362c7e79046013cf","isMergeCommit":true,"messageTitle":"Merge pull request #1 from AY2526S1-CS2103T-W08-4/switch-docs-to-markbind","messageBody":"Switch docs to markbind","fileTypesAndContributionMap":{}},{"hash":"5b7989456ec08145c3a81828e0d361975e8f2937","isMergeCommit":false,"messageTitle":"Update default.md","messageBody":"","fileTypesAndContributionMap":{"docs":{"insertions":1,"deletions":1}}}]},{"date":"2025-10-09T00:00:00","commitResults":[{"hash":"8ae97a3e3121bf00197235f5f3e12f14e0cabbbc","isMergeCommit":false,"messageTitle":"Create crimsonchaos02.md","messageBody":"","fileTypesAndContributionMap":{"docs":{"insertions":46,"deletions":0}}},{"hash":"120b8a12d8b7b6713ac8d3f128a3479df51bf2c8","isMergeCommit":true,"messageTitle":"Merge pull request #8 from crimsonchaos02/branch-photo","messageBody":"Add photo to the docs","fileTypesAndContributionMap":{}},{"hash":"8e56bb25e1edc28613fcd4555faba6a9dca7c81f","isMergeCommit":true,"messageTitle":"Merge pull request #28 from AY2526S1-CS2103T-W08-4/crimsonchaos02-Add-AboutUs","messageBody":"Create crimsonchaos02.md","fileTypesAndContributionMap":{}},{"hash":"3711563bfb8ddb96b6322b2c222e9ec489f5b377","isMergeCommit":false,"messageTitle":"Update AboutUs.md","messageBody":"","fileTypesAndContributionMap":{"docs":{"insertions":4,"deletions":5}}},{"hash":"fbefc0658155f18e1e7cc40ee2aad14cca1a129e","isMergeCommit":true,"messageTitle":"Merge pull request #29 from AY2526S1-CS2103T-W08-4/crimsonchaos02-patch-1","messageBody":"Update AboutUs.md","fileTypesAndContributionMap":{}},{"hash":"6d3d0652495deb634684fa5d94c742179d4b830d","isMergeCommit":false,"messageTitle":"Edit Find command to allow searching by tag","messageBody":"","fileTypesAndContributionMap":{"functional-code":{"insertions":67,"deletions":8}}},{"hash":"6a3f46c6367d39018232aaaa88f8cc4580dbc62a","isMergeCommit":true,"messageTitle":"Merge local branch with upstream","messageBody":"","fileTypesAndContributionMap":{}},{"hash":"c26bf84272dd75f7142b38cd02fa973ca04beb41","isMergeCommit":true,"messageTitle":"Merge with Edit-FindCommand branch to integrate new changes to find command","messageBody":"","fileTypesAndContributionMap":{}},{"hash":"78d46410cd747eb869e1913721de035f0563ca68","isMergeCommit":false,"messageTitle":"Fix Checkstyle","messageBody":"","fileTypesAndContributionMap":{"functional-code":{"insertions":3,"deletions":3}}}]},{"date":"2025-10-14T00:00:00","commitResults":[{"hash":"f41ad9904ac095510972e45b3c7afae42795f728","isMergeCommit":false,"messageTitle":"Edit JavaDocs and improve validation for Find Command","messageBody":"","fileTypesAndContributionMap":{"functional-code":{"insertions":6,"deletions":4}}},{"hash":"8bdb4b47509f96a8a1b1244f65ecd2fe1256ee24","isMergeCommit":true,"messageTitle":"Merge pull request #31 from crimsonchaos02/master","messageBody":"Edit Find functionality","fileTypesAndContributionMap":{}},{"hash":"400433788f402672b9c03e708a5fdb5a835778ae","isMergeCommit":false,"messageTitle":"Update UG for Find Feature","messageBody":"","fileTypesAndContributionMap":{"docs":{"insertions":15,"deletions":7}}}]},{"date":"2025-10-16T00:00:00","commitResults":[{"hash":"189497c50d61d740dc31e2a888d957f7036f201f","isMergeCommit":true,"messageTitle":"Merge pull request #40 from crimsonchaos02/UpdateUG","messageBody":"Update UG for Find Feature","fileTypesAndContributionMap":{}},{"hash":"5b6f9cb9466d636b2b9e0697c485dece719252f1","isMergeCommit":false,"messageTitle":"Add Testing for updated Find feature and fix bugs","messageBody":"","fileTypesAndContributionMap":{"functional-code":{"insertions":3,"deletions":2},"test-code":{"insertions":20,"deletions":0}}},{"hash":"094a8df688e27a57d0b54bf3b43752fe60cf72cb","isMergeCommit":false,"messageTitle":"Edit Checkstyle","messageBody":"","fileTypesAndContributionMap":{"test-code":{"insertions":5,"deletions":4}}},{"hash":"72170a5aab99910462d27a5f36400e80ee3c8902","isMergeCommit":false,"messageTitle":"Edit Checkstyle","messageBody":"","fileTypesAndContributionMap":{"test-code":{"insertions":3,"deletions":2}}},{"hash":"768849919319ae41d1400d662b786ecf3452920a","isMergeCommit":true,"messageTitle":"Merge pull request #48 from crimsonchaos02/branch-TestFindFeature","messageBody":"Add Testing for updated Find feature and fix bugs","fileTypesAndContributionMap":{}}]},{"date":"2025-10-23T00:00:00","commitResults":[{"hash":"c895c6cacf5d872d1a78f61335a1d36d79371ce9","isMergeCommit":false,"messageTitle":"Add Find feature to support searching by Note","messageBody":"","fileTypesAndContributionMap":{"functional-code":{"insertions":73,"deletions":10},"other":{"insertions":4,"deletions":0}}},{"hash":"e9270caad5e2ef392d4803c96c6d069972ca81e1","isMergeCommit":false,"messageTitle":"Set Tag categories to differentiate colours","messageBody":"","fileTypesAndContributionMap":{"functional-code":{"insertions":42,"deletions":11}}},{"hash":"4116242463e025a7e8de9670cec238ba113f4b4e","isMergeCommit":true,"messageTitle":"Merge pull request #62 from crimsonchaos02/master","messageBody":"Edit Find functionality to support searching notes","fileTypesAndContributionMap":{}},{"hash":"d6f26a24d38b9dafa5e9590cd5297c3fdd299794","isMergeCommit":true,"messageTitle":"Merge upstream to crimsonchaos local repo","messageBody":"","fileTypesAndContributionMap":{}},{"hash":"13b1013de912746a07806eff216bf395543b5a9d","isMergeCommit":false,"messageTitle":"Fix bugs and update for compatibility","messageBody":"","fileTypesAndContributionMap":{"functional-code":{"insertions":57,"deletions":7},"test-code":{"insertions":1,"deletions":1}}},{"hash":"29e312d1aba66e5bac076e699afc943c4de0aa28","isMergeCommit":false,"messageTitle":"Fix CheckStyle","messageBody":"","fileTypesAndContributionMap":{"functional-code":{"insertions":0,"deletions":1}}},{"hash":"5fa9098a8e4617ceafc0d0537111dea036a6892d","isMergeCommit":true,"messageTitle":"Merge from upstream repo","messageBody":"","fileTypesAndContributionMap":{}},{"hash":"6c7008afffe840df96acf6bd330a294137131354","isMergeCommit":true,"messageTitle":"Merge from upstream","messageBody":"","fileTypesAndContributionMap":{}},{"hash":"0542ac0f4d11a7840403c47ab3d6688b78bc0871","isMergeCommit":false,"messageTitle":"Fix bugs with compatibility","messageBody":"","fileTypesAndContributionMap":{"functional-code":{"insertions":15,"deletions":3}}},{"hash":"3d69f7352df97fb54868498c0e08f67f49b3f668","isMergeCommit":true,"messageTitle":"Merge pull request #76 from crimsonchaos02/master","messageBody":"Add functionality to organise Tags","fileTypesAndContributionMap":{}}]},{"date":"2025-10-24T00:00:00","commitResults":[{"hash":"7861326408fde6f12c0c3188e26dbd2213fb8e1c","isMergeCommit":false,"messageTitle":"Update UG to consolidate updates to features and improvements","messageBody":"","fileTypesAndContributionMap":{"docs":{"insertions":210,"deletions":144}}},{"hash":"d25ca31cfd8f76f992071533941be19fe031d077","isMergeCommit":false,"messageTitle":"Fix Checkstyle","messageBody":"","fileTypesAndContributionMap":{"docs":{"insertions":1,"deletions":2}}},{"hash":"15f704961e761cb5271cb523acff5be0c7f5a482","isMergeCommit":true,"messageTitle":"Merge pull request #81 from crimsonchaos02/master","messageBody":"Update UG to consolidate updates to features and improvements","fileTypesAndContributionMap":{}}]},{"date":"2025-10-28T00:00:00","commitResults":[{"hash":"1c65ec214a1396a047d1a4f471634cda7eb3912a","isMergeCommit":false,"messageTitle":"Add UML for Find feature","messageBody":"","fileTypesAndContributionMap":{"docs":{"insertions":79,"deletions":0}}},{"hash":"37ea49a782ce603c4c88a1a59204dc9864986c81","isMergeCommit":false,"messageTitle":"Add test for different Tag categories","messageBody":"","fileTypesAndContributionMap":{"functional-code":{"insertions":2,"deletions":1},"test-code":{"insertions":10,"deletions":3}}}]},{"date":"2025-10-29T00:00:00","commitResults":[{"hash":"1e1bcb06de3e3f44cafb6a2dd22adf1ba68e3176","isMergeCommit":false,"messageTitle":"Fix compatibility for AddCommand and EditCommand Parser classes","messageBody":"","fileTypesAndContributionMap":{"functional-code":{"insertions":33,"deletions":7}}},{"hash":"a9c04220a9b2f87780ebd33bab8394e965b585d9","isMergeCommit":false,"messageTitle":"Fix Checkstyle","messageBody":"","fileTypesAndContributionMap":{"functional-code":{"insertions":2,"deletions":2}}}]},{"date":"2025-10-30T00:00:00","commitResults":[{"hash":"3e488e320411dc3d740a97ecb147c35716bd8bc1","isMergeCommit":true,"messageTitle":"Merge pull request #93 from crimsonchaos02/branch-Testing","messageBody":"Add test for different Tag categories","fileTypesAndContributionMap":{}},{"hash":"c908a4175f003086847ff368411393bc9e252445","isMergeCommit":false,"messageTitle":"Fix Bugs","messageBody":"","fileTypesAndContributionMap":{"functional-code":{"insertions":6,"deletions":2},"test-code":{"insertions":1,"deletions":1}}},{"hash":"2327c029f6a6ab7332a4f32838aaa2c11822f90c","isMergeCommit":true,"messageTitle":"Merge pull request #118 from crimsonchaos02/master","messageBody":"Fix Bugs","fileTypesAndContributionMap":{}},{"hash":"435a1417c670568c099021083eafe7c478ac5dd7","isMergeCommit":false,"messageTitle":"Update UG","messageBody":"","fileTypesAndContributionMap":{"functional-code":{"insertions":1,"deletions":1},"docs":{"insertions":96,"deletions":82}}},{"hash":"89cfefe835f6f1cbfe713b3abdc3b4eeb73398fe","isMergeCommit":true,"messageTitle":"Merge pull request #125 from crimsonchaos02/branch-UpdateUG","messageBody":"Update UG","fileTypesAndContributionMap":{}},{"hash":"8cb65d7d077aad91caa81b7ab6f24c4652e95fe2","isMergeCommit":false,"messageTitle":"Fix Date Validation","messageBody":"","fileTypesAndContributionMap":{"functional-code":{"insertions":5,"deletions":4}}},{"hash":"b09ec4bfd1e5705ce4b3d36bafa43d3306600d8f","isMergeCommit":false,"messageTitle":"Fix bugs","messageBody":"","fileTypesAndContributionMap":{"functional-code":{"insertions":23,"deletions":9}}},{"hash":"17e474481da09a1a3cf4dc48dfcebbea816b7da5","isMergeCommit":false,"messageTitle":"Fix Name Validation to allow all characters","messageBody":"","fileTypesAndContributionMap":{"functional-code":{"insertions":1,"deletions":1},"test-code":{"insertions":9,"deletions":0}}},{"hash":"15fd1bc10f16b122a1c8a203624cadcba170debe","isMergeCommit":false,"messageTitle":"Fix Tag storage to retain tag type between loading data","messageBody":"","fileTypesAndContributionMap":{"functional-code":{"insertions":18,"deletions":3}}},{"hash":"4c87fea0a66e979be7bcb32ad66e20576e2d3253","isMergeCommit":false,"messageTitle":"Fix validation for tag command with empty remainder input and add a test for that","messageBody":"","fileTypesAndContributionMap":{"functional-code":{"insertions":10,"deletions":4},"test-code":{"insertions":4,"deletions":0}}},{"hash":"b053865ccdaa024972d955ae53ac08ce15690e9f","isMergeCommit":true,"messageTitle":"Merge pull request #128 from crimsonchaos02/branch-FixDateValidation","messageBody":"Fix Date Validation","fileTypesAndContributionMap":{}},{"hash":"a29aa1b73206a2890a0a78f4444e3dea034e74a8","isMergeCommit":true,"messageTitle":"Merge pull request #134 from crimsonchaos02/branch-FixNameValidation","messageBody":"Fix Name Validation to allow all characters","fileTypesAndContributionMap":{}},{"hash":"06a6227a5ea0dd051ca0f0d547f4dfa263553b53","isMergeCommit":true,"messageTitle":"Merge pull request #139 from crimsonchaos02/branch-FixTagStorage","messageBody":"Fix Tag storage to retain tag type between loading data","fileTypesAndContributionMap":{}},{"hash":"362278872b7966519281f38b398524cbaf443f9a","isMergeCommit":true,"messageTitle":"Merge pull request #142 from crimsonchaos02/branch-FixEmptyTagValidation","messageBody":"Fix validation for tag command","fileTypesAndContributionMap":{}},{"hash":"72bdf43bfcce7212e632c64904a8f0bbfef0a6d5","isMergeCommit":false,"messageTitle":"Fix validation for case sensivity in name duplicate detection","messageBody":"","fileTypesAndContributionMap":{"functional-code":{"insertions":1,"deletions":1}}},{"hash":"dd136e827611e4d11b04ce931830f2dfa9f9db37","isMergeCommit":false,"messageTitle":"Add duplicate detection for names and change tests accordingly","messageBody":"","fileTypesAndContributionMap":{"functional-code":{"insertions":3,"deletions":1},"test-code":{"insertions":4,"deletions":4}}},{"hash":"5fe02f0a8ae10f1c91a4e0c5abfa29b5e48ae25f","isMergeCommit":true,"messageTitle":"Merge pull request #150 from crimsonchaos02/branch-FixDuplicateNames","messageBody":"Fix duplicate name detection","fileTypesAndContributionMap":{}}]}],"0rbita1":[{"date":"2025-09-25T00:00:00","commitResults":[{"hash":"3d2fb89fc8be7dc636171fcaf5280cd5eade9edd","isMergeCommit":false,"messageTitle":"Add remark command functionality","messageBody":"","fileTypesAndContributionMap":{"functional-code":{"insertions":217,"deletions":38},"test-code":{"insertions":27,"deletions":17}}}]},{"date":"2025-10-01T00:00:00","commitResults":[{"hash":"6d9e36128994f8771afce39bd414a6af439b73b4","isMergeCommit":false,"messageTitle":"Revert \"Add remark command functionality\"","messageBody":"This reverts commit 3d2fb89fc8be7dc636171fcaf5280cd5eade9edd.\n","fileTypesAndContributionMap":{"functional-code":{"insertions":38,"deletions":217},"test-code":{"insertions":17,"deletions":27}}}]},{"date":"2025-10-02T00:00:00","commitResults":[{"hash":"673463f05b728f28e1ba81e184faed5e5d28b77d","isMergeCommit":false,"messageTitle":"Update AboutUs for 0rbita1","messageBody":"","fileTypesAndContributionMap":{"docs":{"insertions":4,"deletions":4}}},{"hash":"3b93a344372a7a0a16ff58516a18164192170a07","isMergeCommit":true,"messageTitle":"Merge pull request #10 from 0rbita1/branch-AboutUs","messageBody":"Add 0rbita1 AboutUs","fileTypesAndContributionMap":{}}]},{"date":"2025-10-03T00:00:00","commitResults":[{"hash":"38cba2c4e360a4572ad13a11ee0849e5db9efbb8","isMergeCommit":false,"messageTitle":"Update README page, including UI mockup","messageBody":"","fileTypesAndContributionMap":{"docs":{"insertions":15,"deletions":10}}}]},{"date":"2025-10-06T00:00:00","commitResults":[{"hash":"d5fc4d930f97b0f5247f1f886b0799b5b924d2a7","isMergeCommit":true,"messageTitle":"Merge pull request #24 from 0rbita1/branch-README","messageBody":"Update README page, including UI mockup","fileTypesAndContributionMap":{}}]},{"date":"2025-10-08T00:00:00","commitResults":[{"hash":"d56d41a097bd989e59b7b5f2929047626b49ad74","isMergeCommit":false,"messageTitle":"Modify developer guide according to requirements","messageBody":"","fileTypesAndContributionMap":{"docs":{"insertions":160,"deletions":30}}},{"hash":"c4184ad64364e93ad07a10f8d9c60211e76f8712","isMergeCommit":false,"messageTitle":"Convert Windows-style endings to Unix-style","messageBody":"","fileTypesAndContributionMap":{"docs":{"insertions":46,"deletions":46}}},{"hash":"96d73f2a0344f783ab8be92f8083aa11ab21e1f6","isMergeCommit":true,"messageTitle":"Merge pull request #27 from 0rbita1/branch-DG","messageBody":"Modify developer guide according to requirements","fileTypesAndContributionMap":{}}]},{"date":"2025-10-12T00:00:00","commitResults":[{"hash":"0bcbd0fbb27e951d339501654336047c7c9bcaac","isMergeCommit":false,"messageTitle":"Add new note and noteCommand files","messageBody":"","fileTypesAndContributionMap":{"functional-code":{"insertions":71,"deletions":0}}},{"hash":"d5a51a4ce0fc13dc59499b7ea563e7e92da1328d","isMergeCommit":false,"messageTitle":"Modify Person to accomodate note field","messageBody":"","fileTypesAndContributionMap":{"functional-code":{"insertions":88,"deletions":72}}},{"hash":"edbdb71cbfeaa68b97698e8b55e0aa21c3100c06","isMergeCommit":false,"messageTitle":"Update JsonAdaptedPerson.java to accept note field","messageBody":"","fileTypesAndContributionMap":{"functional-code":{"insertions":25,"deletions":13}}},{"hash":"76172a7e0813ea12d7652377ba9c9767e1799f29","isMergeCommit":false,"messageTitle":"Modify sample data to accomodate new note field","messageBody":"","fileTypesAndContributionMap":{"functional-code":{"insertions":10,"deletions":6}}}]},{"date":"2025-10-13T00:00:00","commitResults":[{"hash":"33eeb3c4d77eb67e3c653d0142d67253301e567c","isMergeCommit":false,"messageTitle":"Resolve trailing whitespace failure","messageBody":"","fileTypesAndContributionMap":{"functional-code":{"insertions":12,"deletions":3}}},{"hash":"a40c3eb8eaa0f427c173f2f6d7455f3eb825742b","isMergeCommit":false,"messageTitle":"Resolved missing symbols Index and Note","messageBody":"","fileTypesAndContributionMap":{"functional-code":{"insertions":4,"deletions":2}}},{"hash":"2a312e54086c3682a2367c57fa017c25acfd4661","isMergeCommit":false,"messageTitle":"Resolved Checkstyle violations and implemented NoteCommand execute method","messageBody":"","fileTypesAndContributionMap":{"functional-code":{"insertions":61,"deletions":9}}},{"hash":"ba90623d33d1e245e5f9ddf3616f9745addb81e3","isMergeCommit":false,"messageTitle":"Resolved import statement error","messageBody":"","fileTypesAndContributionMap":{"functional-code":{"insertions":2,"deletions":1}}},{"hash":"5b31e2675d2b3a7b83e5b441078396a79522e9b1","isMergeCommit":false,"messageTitle":"Resolve Checkstyle violations","messageBody":"","fileTypesAndContributionMap":{"functional-code":{"insertions":12,"deletions":5}}},{"hash":"4aed9684de8ac9b7d0ae4b183e999fca4c4f2569","isMergeCommit":false,"messageTitle":"Resolve incorrect constructor usage for JsonAdaptedPerson","messageBody":"","fileTypesAndContributionMap":{"test-code":{"insertions":12,"deletions":9}}},{"hash":"f88b6bf78ccff29943c426ca4bbc3ed1c134388b","isMergeCommit":false,"messageTitle":"Resolve Checkstyle error","messageBody":"","fileTypesAndContributionMap":{"test-code":{"insertions":0,"deletions":1}}},{"hash":"aef3dbcf17e9071339461cccca24784546105f52","isMergeCommit":false,"messageTitle":"Fixed test to abide by new note field in toString method","messageBody":"","fileTypesAndContributionMap":{"test-code":{"insertions":2,"deletions":1}}},{"hash":"bb357ca227ea040070136beff75b71840690e27b","isMergeCommit":false,"messageTitle":"Resolve trailing whitespace error","messageBody":"","fileTypesAndContributionMap":{"test-code":{"insertions":1,"deletions":1}}},{"hash":"23a09394e1bc53e81c361f9eba8151660cdc5828","isMergeCommit":true,"messageTitle":"Merge pull request #38 from 0rbita1/branch-Notes","messageBody":"Add new note and noteCommand files","fileTypesAndContributionMap":{}}]},{"date":"2025-10-14T00:00:00","commitResults":[{"hash":"d360fd9b7b4cfcf682435d1905cd6373069b8fee","isMergeCommit":false,"messageTitle":"Implement parsing logic for note command","messageBody":"","fileTypesAndContributionMap":{"functional-code":{"insertions":51,"deletions":0}}},{"hash":"b39f00bb64f22a2761c720f627436c1ca44489ae","isMergeCommit":false,"messageTitle":"Implement and debug of note command","messageBody":"","fileTypesAndContributionMap":{"functional-code":{"insertions":17,"deletions":11}}},{"hash":"cd4bd65b06753e49ac2f3f9377f012029454a525","isMergeCommit":false,"messageTitle":"Add view note functionality","messageBody":"","fileTypesAndContributionMap":{"functional-code":{"insertions":82,"deletions":0}}},{"hash":"dcf5b0e563ed9a965abfc5a0ace1cdcc4601a276","isMergeCommit":false,"messageTitle":"Convert affected files to use Unix-style line endings","messageBody":"","fileTypesAndContributionMap":{"functional-code":{"insertions":120,"deletions":120}}}]},{"date":"2025-10-16T00:00:00","commitResults":[{"hash":"0f7e0ebd9161595f7cdf1f52122a85b7bc1f6201","isMergeCommit":true,"messageTitle":"Resolve merge conflict with optional fields","messageBody":"","fileTypesAndContributionMap":{}},{"hash":"6fa032d0bde5854e9ce51369fd0695622cf3514d","isMergeCommit":true,"messageTitle":"Merge pull request #42 from 0rbita1/branch-Notes","messageBody":"Add notes and view notes functionality","fileTypesAndContributionMap":{}}]},{"date":"2025-10-20T00:00:00","commitResults":[{"hash":"8dfcf06e20cea281c9aff01af3994636ba88caa9","isMergeCommit":false,"messageTitle":"Reverse order of components on main page to follow mockup","messageBody":"","fileTypesAndContributionMap":{"functional-code":{"insertions":10,"deletions":7}}}]},{"date":"2025-10-21T00:00:00","commitResults":[{"hash":"3ecedb9e15131aed15bba8c8105cc35c1ab30309","isMergeCommit":false,"messageTitle":"Reversed order of components to match mockup","messageBody":"","fileTypesAndContributionMap":{"functional-code":{"insertions":11,"deletions":8}}},{"hash":"b5b489e5e8c1ef3a092f2146b6023bb333deccf4","isMergeCommit":false,"messageTitle":"Update UG to include note and viewNote commands","messageBody":"","fileTypesAndContributionMap":{"docs":{"insertions":43,"deletions":13}}},{"hash":"36b9c759edf3ed553ea49b5600cf8cfef37b90a6","isMergeCommit":false,"messageTitle":"Remove note content field from note command and parser","messageBody":"","fileTypesAndContributionMap":{"functional-code":{"insertions":8,"deletions":24}}},{"hash":"deb5be1a3eaf8aa75397bd6414b7c8fed57e5382","isMergeCommit":false,"messageTitle":"Modify command result to accomodate note editing mode","messageBody":"","fileTypesAndContributionMap":{"functional-code":{"insertions":34,"deletions":2}}},{"hash":"6968dbc4469fdc489ff598bfd973fbc41dda4dfe","isMergeCommit":false,"messageTitle":"Implement note editing text box UI component","messageBody":"","fileTypesAndContributionMap":{"functional-code":{"insertions":65,"deletions":1}}}]},{"date":"2025-10-22T00:00:00","commitResults":[{"hash":"4266f79882f36197c711bafde2712ab192df4af9","isMergeCommit":true,"messageTitle":"Merge branch \u0027branch-mergeNote\u0027 of https://github.com/0rbita1/tp into branch-mergeNote","messageBody":"","fileTypesAndContributionMap":{}},{"hash":"481e8b2adb7e0f7641ce26f9f07f586056bb97ec","isMergeCommit":false,"messageTitle":"Resolve minor checkstyle issues","messageBody":"","fileTypesAndContributionMap":{"functional-code":{"insertions":1,"deletions":3},"docs":{"insertions":1,"deletions":1}}},{"hash":"3c0ecf319c5a0c1a605091defdfa41f479ab0243","isMergeCommit":false,"messageTitle":"Implement and debug note feature","messageBody":"","fileTypesAndContributionMap":{"functional-code":{"insertions":145,"deletions":8}}},{"hash":"805e68e8265e8f9f3d58ed17509435e921c3cf4e","isMergeCommit":false,"messageTitle":"Resolve checkstyle violations","messageBody":"","fileTypesAndContributionMap":{"functional-code":{"insertions":5,"deletions":2}}},{"hash":"170cb175f8156f5e1c0a758800ed84db6a48d8b5","isMergeCommit":false,"messageTitle":"Debug AddCommandTest and CommandResultTest for new note implementation","messageBody":"","fileTypesAndContributionMap":{"test-code":{"insertions":7,"deletions":1}}}]},{"date":"2025-10-23T00:00:00","commitResults":[{"hash":"8e8af3f9818abc339634275fca460a689b571f95","isMergeCommit":true,"messageTitle":"Merge pull request #60 from 0rbita1/branch-mergeNote","messageBody":"Merge note and viewNote command","fileTypesAndContributionMap":{}},{"hash":"edb54b4ee7987078f1af465da124acd895e29f57","isMergeCommit":true,"messageTitle":"Merge branch \u0027master\u0027 of https://github.com/AY2526S1-CS2103T-W08-4/tp","messageBody":"","fileTypesAndContributionMap":{}},{"hash":"216cc229957dae59cd1f7110f498ad2ab7a381ad","isMergeCommit":true,"messageTitle":"Merge remote-tracking branch \u0027upstream\u0027 Rectify upstream, remote and local repo desync mistake","messageBody":"","fileTypesAndContributionMap":{}},{"hash":"4b612a82567dfb784463545ba9c5d2db91ec0749","isMergeCommit":false,"messageTitle":"Modify user guide to reflect new features","messageBody":"","fileTypesAndContributionMap":{"docs":{"insertions":210,"deletions":144}}}]},{"date":"2025-10-24T00:00:00","commitResults":[{"hash":"b3ccd1fb9eddef8aaaca405d6246254d00c7e01c","isMergeCommit":false,"messageTitle":"Resolve desync issue","messageBody":"","fileTypesAndContributionMap":{"functional-code":{"insertions":14,"deletions":20}}},{"hash":"509ed80f8bcb21dbf357eff53a9a9d8a791f6acc","isMergeCommit":true,"messageTitle":"Merge branch \u0027master\u0027 into branch-UG-2","messageBody":"","fileTypesAndContributionMap":{}},{"hash":"1a56a9b5dbd4190a4a551aa04ef2c75f54c97984","isMergeCommit":false,"messageTitle":"Resolve checkstyle issues","messageBody":"","fileTypesAndContributionMap":{"functional-code":{"insertions":2,"deletions":2}}},{"hash":"fa5ab7949400b8eb4836ab1f193838539512d42f","isMergeCommit":true,"messageTitle":"Merge branch \u0027branch-UG-2\u0027 of https://github.com/0rbita1/tp into branch-UG-2","messageBody":"","fileTypesAndContributionMap":{}},{"hash":"230ae1007bc05c1520f9e646a62a568c5495ce47","isMergeCommit":false,"messageTitle":"Resolve desync issue","messageBody":"","fileTypesAndContributionMap":{"functional-code":{"insertions":2,"deletions":0},"docs":{"insertions":1,"deletions":0}}},{"hash":"4540b3d3eacf7a822c7149feca41ae0bce9ea262","isMergeCommit":true,"messageTitle":"Merge pull request #79 from 0rbita1/branch-UG-2","messageBody":"Update user guide for new \u0027Note\u0027 command implementation","fileTypesAndContributionMap":{}},{"hash":"47d518ef83e6d98d3b3c60b8daf601a0f4bb2019","isMergeCommit":false,"messageTitle":"Resolve UG formating issues","messageBody":"","fileTypesAndContributionMap":{"docs":{"insertions":5,"deletions":4}}},{"hash":"0a54be4c238ccadd2dc35ebc22298f0a69014f1e","isMergeCommit":true,"messageTitle":"Merge pull request #82 from 0rbita1/branch-UG-2","messageBody":"Resolve UG formating issues","fileTypesAndContributionMap":{}}]},{"date":"2025-10-25T00:00:00","commitResults":[{"hash":"14fbe4521a0ce9c77753331556f7a6deeed0afc1","isMergeCommit":false,"messageTitle":"Resolve UG formatting issues","messageBody":"","fileTypesAndContributionMap":{"docs":{"insertions":81,"deletions":20}}},{"hash":"70b4c8becab7abcada81caa0f27626e6d9dc5cd0","isMergeCommit":true,"messageTitle":"Merge pull request #84 from 0rbita1/branch-UG-2","messageBody":"Resolve UG formatting issues","fileTypesAndContributionMap":{}}]},{"date":"2025-10-26T00:00:00","commitResults":[{"hash":"f43313de50269630bba4d7a4e71076a90e35ee36","isMergeCommit":false,"messageTitle":"Add partial inclusion of note feature into UMLs","messageBody":"","fileTypesAndContributionMap":{"docs":{"insertions":0,"deletions":0}}},{"hash":"dedeb8df3582a74b639da79e27db99c607e91c06","isMergeCommit":false,"messageTitle":"Add partial inclusion of note feature into UMLs","messageBody":"","fileTypesAndContributionMap":{"functional-code":{"insertions":1,"deletions":0},"docs":{"insertions":62,"deletions":0}}},{"hash":"3b49e5888d95efada519708b0f3cf7c23a9b12ae","isMergeCommit":false,"messageTitle":"Resolve formatting issues","messageBody":"","fileTypesAndContributionMap":{"docs":{"insertions":61,"deletions":60}}}]},{"date":"2025-10-27T00:00:00","commitResults":[{"hash":"49fd0af5dea77835378ba4155a3540bb353a5fd2","isMergeCommit":false,"messageTitle":"Rearrange UI components and add header","messageBody":"","fileTypesAndContributionMap":{"functional-code":{"insertions":50,"deletions":19}}},{"hash":"001ada8da104895b50ae4c4d630c99f8285fe73d","isMergeCommit":false,"messageTitle":"Modify UI for note function","messageBody":"","fileTypesAndContributionMap":{"functional-code":{"insertions":17,"deletions":13}}}]},{"date":"2025-10-28T00:00:00","commitResults":[{"hash":"6c090a3a3c898f27b9a54c6c1bf77da33aa8f441","isMergeCommit":false,"messageTitle":"Edit font size and family for noteView","messageBody":"","fileTypesAndContributionMap":{"functional-code":{"insertions":2,"deletions":0}}},{"hash":"7e6700621b54086eada5cab7c9b5c2bb89c35e7d","isMergeCommit":false,"messageTitle":"Modify personList card and font","messageBody":"","fileTypesAndContributionMap":{"functional-code":{"insertions":75,"deletions":26}}},{"hash":"21627c9aaf51142fe6f01779d84219d9d28a6194","isMergeCommit":false,"messageTitle":"Edit background colour","messageBody":"","fileTypesAndContributionMap":{"functional-code":{"insertions":55,"deletions":56}}},{"hash":"88d5ba657a26eb04ac828b4914f725253221975e","isMergeCommit":false,"messageTitle":"Modify position of tag and add responsive header","messageBody":"","fileTypesAndContributionMap":{"functional-code":{"insertions":29,"deletions":42}}},{"hash":"18c0e07709ad924028bc2207b1120c5847fb80d4","isMergeCommit":false,"messageTitle":"Resolve checkstyle error","messageBody":"","fileTypesAndContributionMap":{"functional-code":{"insertions":2,"deletions":2}}},{"hash":"2d660700950a3240da34466f340a0a83b571dc48","isMergeCommit":false,"messageTitle":"Resolve checkstyle error","messageBody":"","fileTypesAndContributionMap":{"functional-code":{"insertions":1,"deletions":1}}},{"hash":"4c8f992e35e1549b9c1a63c68fbd6947cb775384","isMergeCommit":true,"messageTitle":"Merge pull request #94 from 0rbita1/branch-UI-3","messageBody":"Update UI","fileTypesAndContributionMap":{}}]},{"date":"2025-10-29T00:00:00","commitResults":[{"hash":"c087affc4d1af4f99b12dd84628fabdbbd5e4135","isMergeCommit":false,"messageTitle":"Update UG based on CA3 feedback","messageBody":"","fileTypesAndContributionMap":{"docs":{"insertions":85,"deletions":53}}},{"hash":"2f02ce3c45a4064efbc150500c66380e0fb7342e","isMergeCommit":true,"messageTitle":"Merge branch \u0027master\u0027 into branch-UML","messageBody":"","fileTypesAndContributionMap":{}},{"hash":"5694886cb53ab7f920aae9f5fa4f039f44a5acca","isMergeCommit":false,"messageTitle":"Add UML diagrams for note opening and note saving","messageBody":"","fileTypesAndContributionMap":{"docs":{"insertions":120,"deletions":0}}},{"hash":"5615a9a1bc98d302bb2d5f68cb68f7f00bcf207d","isMergeCommit":false,"messageTitle":"Resolve Windows-style line endings","messageBody":"","fileTypesAndContributionMap":{"docs":{"insertions":120,"deletions":120}}},{"hash":"4a305e1d43979b7bde4735d8d4dd7bedb969a718","isMergeCommit":true,"messageTitle":"Merge pull request #102 from 0rbita1/branch-UG-2","messageBody":"Update UG based on CA3 feedback","fileTypesAndContributionMap":{}}]},{"date":"2025-10-30T00:00:00","commitResults":[{"hash":"55c1516cdc691a8eb9456316ae07681bf2b346e8","isMergeCommit":false,"messageTitle":"Modify clock icon for reminder","messageBody":"","fileTypesAndContributionMap":{"functional-code":{"insertions":1,"deletions":1}}},{"hash":"f155d3307dc0a716e74f08d792167ebbe2f7bf55","isMergeCommit":false,"messageTitle":"Resolve uneven height between headers","messageBody":"","fileTypesAndContributionMap":{"functional-code":{"insertions":2,"deletions":2}}},{"hash":"614567bebb728584f55be45c9b41fd005bd5499d","isMergeCommit":false,"messageTitle":"Resolve resizing issue","messageBody":"","fileTypesAndContributionMap":{"functional-code":{"insertions":22,"deletions":8}}},{"hash":"3c746bb904280c1ca016612b7e7ef15fed14eb63","isMergeCommit":false,"messageTitle":"Resolve UI bugs","messageBody":"","fileTypesAndContributionMap":{"functional-code":{"insertions":202,"deletions":193}}},{"hash":"e91a361df3259d5a7628fc9c45ce096f412bae54","isMergeCommit":false,"messageTitle":"Resolve checkstyle errors","messageBody":"","fileTypesAndContributionMap":{"functional-code":{"insertions":1,"deletions":4}}},{"hash":"63f52788b48fe0a366ae060143e46e39f6e40366","isMergeCommit":true,"messageTitle":"Merge pull request #136 from 0rbita1/branch-UI-4","messageBody":"Bug Fixes - Resolve UI bugs","fileTypesAndContributionMap":{}},{"hash":"cc9afba4240c00a0b84f788694487658f4fc023b","isMergeCommit":false,"messageTitle":"Replace old UI images in UG","messageBody":"","fileTypesAndContributionMap":{"docs":{"insertions":26,"deletions":3}}},{"hash":"99f4727254249bf6b9d343d10c219b284fb0751f","isMergeCommit":true,"messageTitle":"Merge pull request #140 from 0rbita1/branch-UG-2","messageBody":"Replace old UI images in UG","fileTypesAndContributionMap":{}},{"hash":"107e1c6cbaa6cd5703b7f447a4f8845aa1f21c7a","isMergeCommit":true,"messageTitle":"Merge branch \u0027master\u0027 into branch-UML","messageBody":"","fileTypesAndContributionMap":{}},{"hash":"dbb2464b203cb2c4067c34e30f7813bca1b96f7e","isMergeCommit":true,"messageTitle":"Merge pull request #86 from 0rbita1/branch-UML","messageBody":"Add UML diagram for note feature","fileTypesAndContributionMap":{}},{"hash":"57eb84c775e6ec7e0d239d021ac4dd983caef1b7","isMergeCommit":true,"messageTitle":"Merge pull request #90 from crimsonchaos02/branch-FindSequenceUML","messageBody":"Add UML for Find feature","fileTypesAndContributionMap":{}}]}],"Duyy0406":[{"date":"2025-10-02T00:00:00","commitResults":[{"hash":"0b1c4a63b2a7c59feb8c3dbc4f3a670956efe03f","isMergeCommit":false,"messageTitle":"Add Duyy0406\u0027s AboutUs","messageBody":"","fileTypesAndContributionMap":{"docs":{"insertions":49,"deletions":3}}}]},{"date":"2025-10-12T00:00:00","commitResults":[{"hash":"7d25e09dd0ddb967a664895f4986a79a14e1d156","isMergeCommit":false,"messageTitle":"Update Phone validation","messageBody":"","fileTypesAndContributionMap":{"functional-code":{"insertions":5,"deletions":4},"test-code":{"insertions":2,"deletions":2}}},{"hash":"3975f43c27ff5b991499556c8b6915cae8ca1c4e","isMergeCommit":true,"messageTitle":"Merge pull request #36 from Duyy0406/update-phone-class","messageBody":"Enhance Phone validation to support international formats and whitespace","fileTypesAndContributionMap":{}}]},{"date":"2025-10-15T00:00:00","commitResults":[{"hash":"7e63c71afee5773256ef342b4ddd1a23f7768c9f","isMergeCommit":false,"messageTitle":"Fix phone validation","messageBody":"","fileTypesAndContributionMap":{"functional-code":{"insertions":3,"deletions":3}}},{"hash":"1c9c4cbb32cc8b314b4c153adf82d4fb2f9e2d88","isMergeCommit":true,"messageTitle":"Merge pull request #46 from Duyy0406/update-phone-validation","messageBody":"Fix Phone validation to allow spaces","fileTypesAndContributionMap":{}}]},{"date":"2025-10-16T00:00:00","commitResults":[{"hash":"823f59029cada1c7b6a4b4c01e0afaebe4ed220c","isMergeCommit":false,"messageTitle":"Update optional fields","messageBody":"","fileTypesAndContributionMap":{"functional-code":{"insertions":54,"deletions":10},"test-code":{"insertions":28,"deletions":15}}},{"hash":"7a7651a2ea6d1ac63039fad1cf4fe7576b8f3c81","isMergeCommit":true,"messageTitle":"Merge pull request #49 from Duyy0406/update-optional-fields","messageBody":"Update optional fields","fileTypesAndContributionMap":{}}]},{"date":"2025-10-23T00:00:00","commitResults":[{"hash":"b0808eeda376b99e670cfc2713452b9b43db7630","isMergeCommit":false,"messageTitle":"fix name validation","messageBody":"","fileTypesAndContributionMap":{"functional-code":{"insertions":2,"deletions":2}}},{"hash":"5a447451c04d16ee415344585aad04295e6e0a78","isMergeCommit":false,"messageTitle":"Update user guide for Add command","messageBody":"","fileTypesAndContributionMap":{"docs":{"insertions":14,"deletions":5}}},{"hash":"02f942b09368cf515be9e27d15d28eeddbcc5ca3","isMergeCommit":true,"messageTitle":"Merge branch \u0027master\u0027 into branch-update-user-guide","messageBody":"","fileTypesAndContributionMap":{}},{"hash":"ef854b0853885f502aa76c2d20e7c320c767addd","isMergeCommit":false,"messageTitle":"Fix name validation tests","messageBody":"","fileTypesAndContributionMap":{"test-code":{"insertions":6,"deletions":6}}},{"hash":"279cb5ac23650119bd4092f1e38068c3420bcb8f","isMergeCommit":false,"messageTitle":"Fix name tests","messageBody":"","fileTypesAndContributionMap":{"functional-code":{"insertions":2,"deletions":1}}},{"hash":"cb7ff13753b685aff62681ced27ebc79a740f77f","isMergeCommit":false,"messageTitle":"Fix checkstyle","messageBody":"","fileTypesAndContributionMap":{"functional-code":{"insertions":2,"deletions":1}}},{"hash":"44528456237a808b69e01af7c429f5d2191193dd","isMergeCommit":true,"messageTitle":"Merge branch \u0027master\u0027 into branch-fix-name-validation","messageBody":"","fileTypesAndContributionMap":{}},{"hash":"e7ef240232bb118956759e2cf61a22e6d18c8589","isMergeCommit":true,"messageTitle":"Merge pull request #70 from Duyy0406/branch-update-user-guide","messageBody":"Update user guide for Add command","fileTypesAndContributionMap":{}},{"hash":"23e602f2888257e54278311d4490267649839f55","isMergeCommit":true,"messageTitle":"Merge pull request #69 from Duyy0406/branch-fix-name-validation","messageBody":"Fix name validation","fileTypesAndContributionMap":{}},{"hash":"ea08d86495ae0d1631fdafb77dcf34f8e983d151","isMergeCommit":false,"messageTitle":"Fix checkstyle","messageBody":"","fileTypesAndContributionMap":{"functional-code":{"insertions":14,"deletions":8}}},{"hash":"d265c042eec9bee29c4edd4f27f028fbfb405bf2","isMergeCommit":true,"messageTitle":"Merge pull request #77 from Duyy0406/branch-fix-name-validation","messageBody":"Fix checkstyle","fileTypesAndContributionMap":{}}]},{"date":"2025-10-28T00:00:00","commitResults":[{"hash":"3881d9bb6378d6ce06fe667c0f5c0cbc8d4d6720","isMergeCommit":false,"messageTitle":"Add basic reminder feature","messageBody":"","fileTypesAndContributionMap":{"functional-code":{"insertions":1244,"deletions":8},"docs":{"insertions":48,"deletions":0},"test-code":{"insertions":44,"deletions":0}}},{"hash":"8e021d2f173e683777437864f6d5ffd262a0313c","isMergeCommit":false,"messageTitle":"Fix checkstyle","messageBody":"","fileTypesAndContributionMap":{"functional-code":{"insertions":1,"deletions":1}}},{"hash":"276fc4144b8bcdf49f616f16471a1ec1eac3740c","isMergeCommit":false,"messageTitle":"Update docs/UserGuide.md","messageBody":"Co-authored-by: Copilot \u003c175728472+Copilot@users.noreply.github.com\u003e","fileTypesAndContributionMap":{"docs":{"insertions":2,"deletions":2}}},{"hash":"877fee407a20650445edb6a013985f6178b7e811","isMergeCommit":false,"messageTitle":"Update src/main/java/seedu/address/model/reminder/UniqueReminderList.java","messageBody":"Co-authored-by: Copilot \u003c175728472+Copilot@users.noreply.github.com\u003e","fileTypesAndContributionMap":{"functional-code":{"insertions":1,"deletions":1}}},{"hash":"3260cbb7c35fd6f5955a9952c277232230bcc44c","isMergeCommit":false,"messageTitle":"Update src/main/java/seedu/address/model/reminder/Date.java","messageBody":"Co-authored-by: Copilot \u003c175728472+Copilot@users.noreply.github.com\u003e","fileTypesAndContributionMap":{"functional-code":{"insertions":1,"deletions":1}}},{"hash":"403e82ca9648b5abe4f3ff88a6dc5791982a0a67","isMergeCommit":false,"messageTitle":"Update src/main/java/seedu/address/model/reminder/Date.java","messageBody":"Co-authored-by: Copilot \u003c175728472+Copilot@users.noreply.github.com\u003e","fileTypesAndContributionMap":{"functional-code":{"insertions":0,"deletions":2}}},{"hash":"bd67a8ab7ce0a3b40dda1d9c8ac6992e16fff3d1","isMergeCommit":false,"messageTitle":"Add reminder mark command","messageBody":"","fileTypesAndContributionMap":{"functional-code":{"insertions":120,"deletions":68}}},{"hash":"9cf3896c92d0b081202c6faa14b14591d6a63b45","isMergeCommit":false,"messageTitle":"Fix message of reminder add command","messageBody":"","fileTypesAndContributionMap":{"functional-code":{"insertions":2,"deletions":1}}},{"hash":"492b844876104d0b542b932c4b3a2b316e8914f1","isMergeCommit":false,"messageTitle":"Add sorting feature for reminders","messageBody":"","fileTypesAndContributionMap":{"functional-code":{"insertions":28,"deletions":1}}},{"hash":"c89e12469fcc7c16c5a4feea2c331fe9ee8b7a1d","isMergeCommit":true,"messageTitle":"Merge pull request #89 from Duyy0406/branch-add-reminder","messageBody":"Add basic reminder feature","fileTypesAndContributionMap":{}}]},{"date":"2025-10-29T00:00:00","commitResults":[{"hash":"e5635642ac0257de5ad259da223750a697a0bc36","isMergeCommit":false,"messageTitle":"Link person to added reminders","messageBody":"","fileTypesAndContributionMap":{"functional-code":{"insertions":114,"deletions":7}}},{"hash":"7a5ff1015f9099f65abcb0d35c872728cce72717","isMergeCommit":true,"messageTitle":"Merge pull request #98 from Duyy0406/branch-link-reminders","messageBody":"Link person to added reminders","fileTypesAndContributionMap":{}},{"hash":"b2607cf9f03b1cd3169aa5e976ab3dfb5a18ebf2","isMergeCommit":false,"messageTitle":"Fix tests for reminder storage","messageBody":"","fileTypesAndContributionMap":{"functional-code":{"insertions":106,"deletions":6},"test-code":{"insertions":158,"deletions":0}}},{"hash":"f09c95b4231a363bc8f15ff7362553cbd962acdd","isMergeCommit":false,"messageTitle":"update ui for reminders","messageBody":"","fileTypesAndContributionMap":{"functional-code":{"insertions":92,"deletions":24}}},{"hash":"bcfc0f175facbf87213891707d2f90034392355b","isMergeCommit":false,"messageTitle":"Fix mark command","messageBody":"","fileTypesAndContributionMap":{"functional-code":{"insertions":2,"deletions":1}}},{"hash":"dcd37b4f71e1ae26e1ca339f9203c5b6655c8812","isMergeCommit":true,"messageTitle":"Merge pull request #105 from Duyy0406/update-reminder-storage","messageBody":"Fix tests for reminder storage","fileTypesAndContributionMap":{}},{"hash":"3db666ed2a07cea89e109fe6f6ec9f8c5c7487de","isMergeCommit":true,"messageTitle":"Merge pull request #107 from Duyy0406/branch-update-ui-for-reminderes","messageBody":"Update UI for reminders","fileTypesAndContributionMap":{}},{"hash":"c27b9b8ed5ebb954a7a55321e94602642cd29fa2","isMergeCommit":true,"messageTitle":"Merge pull request #108 from Duyy0406/branch-fix-mark-command","messageBody":"Fix mark command","fileTypesAndContributionMap":{}},{"hash":"2388810760f7683d00b58bca8bf8e98a9422566c","isMergeCommit":false,"messageTitle":"update uml diagrams with reminders","messageBody":"","fileTypesAndContributionMap":{"docs":{"insertions":33,"deletions":4}}},{"hash":"3085a3bf472290ef61fa9fbb06f798432320e636","isMergeCommit":false,"messageTitle":"Fix checkstyle","messageBody":"","fileTypesAndContributionMap":{"docs":{"insertions":1,"deletions":1}}},{"hash":"d1f6995261d7101039fe75458bc4fd3b31962778","isMergeCommit":false,"messageTitle":"Update user guide","messageBody":"","fileTypesAndContributionMap":{"docs":{"insertions":38,"deletions":8}}},{"hash":"3de5a3e839e7fd649c6faa256b93200a17f8e4d2","isMergeCommit":true,"messageTitle":"Merge pull request #112 from Duyy0406/branch-update-user-guide-1.5","messageBody":"Update user guide for Mark Command","fileTypesAndContributionMap":{}}]},{"date":"2025-10-30T00:00:00","commitResults":[{"hash":"f960e6cc646b388518689a00fda0d8888a400cc0","isMergeCommit":true,"messageTitle":"Merge pull request #110 from Duyy0406/branch-update-uml-for-reminders","messageBody":"Update UML diagrams with reminders","fileTypesAndContributionMap":{}}]}],"tieutrongphuc":[{"date":"2025-10-02T00:00:00","commitResults":[{"hash":"71edd277200c660818332bd1949637e332cc9f0c","isMergeCommit":false,"messageTitle":"Update AboutUs for tieutrongphuc","messageBody":"","fileTypesAndContributionMap":{"docs":{"insertions":51,"deletions":5}}},{"hash":"3cb71fcddc958383b59e74ea46c04e5572f1eee9","isMergeCommit":true,"messageTitle":"Merge pull request #16 from Duyy0406/add-aboutus-Duyy0406","messageBody":"Add Duyy0406\u0027s AboutUs","fileTypesAndContributionMap":{}}]},{"date":"2025-10-05T00:00:00","commitResults":[{"hash":"bc74592eb976a1106b6a61bd3d9b38f92aca91f1","isMergeCommit":true,"messageTitle":"Merge pull request #19 from tieutrongphuc/branch-AboutUs","messageBody":"Update AboutUs for tieutrongphuc","fileTypesAndContributionMap":{}}]},{"date":"2025-10-09T00:00:00","commitResults":[{"hash":"10b55cbc1571060c98cd02e899cca1f1bbfd4152","isMergeCommit":false,"messageTitle":"Add tag command to add tags to existing persons","messageBody":"- Implement TagCommand to add one or more tags to a person by index\n- Support multiple tags in a single command (e.g., tag 1 /t friend /t cs2103\n","fileTypesAndContributionMap":{"functional-code":{"insertions":107,"deletions":0}}},{"hash":"1b09990e54fcbef32c20e84791d90e9e314216ed","isMergeCommit":false,"messageTitle":"Update javadoc","messageBody":"","fileTypesAndContributionMap":{"functional-code":{"insertions":14,"deletions":9}}},{"hash":"0c6d2245dbb5dd8925aec62aaebbd98243fbd267","isMergeCommit":false,"messageTitle":"Fix indentation","messageBody":"","fileTypesAndContributionMap":{"functional-code":{"insertions":4,"deletions":2}}}]},{"date":"2025-10-12T00:00:00","commitResults":[{"hash":"77261460bc470ce7e3b6044f8933004c8954adf4","isMergeCommit":false,"messageTitle":"Change variable name from tag to tags Fix MESSAGE_USAGE typo","messageBody":"","fileTypesAndContributionMap":{"functional-code":{"insertions":7,"deletions":7}}},{"hash":"47cf31180bae668ac09b2c0c99679d16893c9654","isMergeCommit":true,"messageTitle":"Merge pull request #34 from tieutrongphuc/branch-add-tag","messageBody":"Implement add tag cumulatively feature","fileTypesAndContributionMap":{}}]},{"date":"2025-10-16T00:00:00","commitResults":[{"hash":"8191691e5a20f2186886fa004df3d6494b345c00","isMergeCommit":false,"messageTitle":"Add test for TestCommand and TestCommandParser","messageBody":"Add equals() and toString() for TagCommand\n","fileTypesAndContributionMap":{"functional-code":{"insertions":26,"deletions":1},"test-code":{"insertions":282,"deletions":0}}},{"hash":"fc2e1b99b70c0cea56d1beddd2c3a2e3540a04fc","isMergeCommit":false,"messageTitle":"Update user guide for Tag feature","messageBody":"","fileTypesAndContributionMap":{"docs":{"insertions":19,"deletions":0}}},{"hash":"737384834da3d36fa963b19254a86a13f14ded24","isMergeCommit":false,"messageTitle":"Add new line at TagCommand EOF","messageBody":"","fileTypesAndContributionMap":{"functional-code":{"insertions":1,"deletions":1}}},{"hash":"b346f30adb8d98b4ab84bbefcc8ae818b950fea0","isMergeCommit":false,"messageTitle":"Fix trailing space in UserGuide.md","messageBody":"","fileTypesAndContributionMap":{"docs":{"insertions":1,"deletions":1}}},{"hash":"a5bc332065fb914819bbfb5a9d02cd2fdd9bbdf5","isMergeCommit":false,"messageTitle":"Add whitespace at EOF UserGuide.md","messageBody":"","fileTypesAndContributionMap":{"docs":{"insertions":1,"deletions":1}}},{"hash":"901e53198a485257e35a3940b51a6c89ac7c22c9","isMergeCommit":false,"messageTitle":"Fix indentation in TagCommandParserTest","messageBody":"","fileTypesAndContributionMap":{"test-code":{"insertions":0,"deletions":1}}},{"hash":"73c8d3585d63b279c4e5ba8c3541882dd1f2d201","isMergeCommit":false,"messageTitle":"Delete wrong test in TagCommandParserTest","messageBody":"","fileTypesAndContributionMap":{"test-code":{"insertions":0,"deletions":3}}},{"hash":"55f7fae992abbb719a52ee84e9a188845c6a020d","isMergeCommit":true,"messageTitle":"Merge branch \u0027master\u0027 into branch-TagTest","messageBody":"","fileTypesAndContributionMap":{}},{"hash":"08c36e440acd398b568e798e19c66f10f79de5d5","isMergeCommit":true,"messageTitle":"Merge pull request #51 from tieutrongphuc/branch-TagTest","messageBody":"Add test for Tag feature and update user guide","fileTypesAndContributionMap":{}}]},{"date":"2025-10-23T00:00:00","commitResults":[{"hash":"b98ec703a80ccc670f33a65568c08b64200eb576","isMergeCommit":false,"messageTitle":"Add suggestion and autocomplete for tag","messageBody":"","fileTypesAndContributionMap":{"functional-code":{"insertions":177,"deletions":5}}},{"hash":"e1e98fbaf2724e2073b5d2035d4f3a521a0f6d32","isMergeCommit":false,"messageTitle":"Delete unused import","messageBody":"","fileTypesAndContributionMap":{"functional-code":{"insertions":0,"deletions":1}}},{"hash":"9783626f1048461bb6eae8650e0a565ac37bd127","isMergeCommit":false,"messageTitle":"Add delete tag feature","messageBody":"","fileTypesAndContributionMap":{"functional-code":{"insertions":161,"deletions":0}}},{"hash":"a0b61eb0042a9758582f1048bc24122b97b77ebe","isMergeCommit":false,"messageTitle":"Update ModelClassDiagram.puml","messageBody":"","fileTypesAndContributionMap":{"docs":{"insertions":4,"deletions":4}}},{"hash":"db1aaeb28b6e80fa4b70cfe34f77ae6b71523975","isMergeCommit":false,"messageTitle":"Fix a too long line","messageBody":"","fileTypesAndContributionMap":{"functional-code":{"insertions":2,"deletions":1}}},{"hash":"6a8ad52f48cdbe7c337eb60e51e08831a3126059","isMergeCommit":true,"messageTitle":"Merge branch \u0027master\u0027 into updateDG","messageBody":"","fileTypesAndContributionMap":{}},{"hash":"aad04bf7fcc72fd132b5a85c23fa35ecdb9809c0","isMergeCommit":true,"messageTitle":"Merge pull request #71 from tieutrongphuc/DeleteTag","messageBody":"Add delete tag feature","fileTypesAndContributionMap":{}},{"hash":"e9d1114d158681c144f59f6c55017c7d06d7493c","isMergeCommit":true,"messageTitle":"Merge pull request #68 from tieutrongphuc/SuggestTag","messageBody":"Add suggestion and autocomplete for tag","fileTypesAndContributionMap":{}},{"hash":"0a367f5313ab49a619a336e08bcdf550cef13aec","isMergeCommit":true,"messageTitle":"Merge pull request #74 from tieutrongphuc/updateDG","messageBody":"Update ModelClassDiagram.puml","fileTypesAndContributionMap":{}}]},{"date":"2025-10-29T00:00:00","commitResults":[{"hash":"31aca4c055bcf4a463085b911f92c441397f5c77","isMergeCommit":false,"messageTitle":"Add test for DeleteTagCommand","messageBody":"","fileTypesAndContributionMap":{"test-code":{"insertions":221,"deletions":0}}},{"hash":"f72f80d2d71c96f8c48600c9df13a77898391393","isMergeCommit":false,"messageTitle":"Add test for DeleteTagCommandParser","messageBody":"","fileTypesAndContributionMap":{"test-code":{"insertions":95,"deletions":0}}},{"hash":"3d9745a68e04c96ced00656193a4d688d463522f","isMergeCommit":false,"messageTitle":"Fix checkstyle error","messageBody":"","fileTypesAndContributionMap":{"test-code":{"insertions":5,"deletions":5}}}]},{"date":"2025-10-30T00:00:00","commitResults":[{"hash":"f0053e620f877107a49099dae51be015daa042f6","isMergeCommit":false,"messageTitle":"Add more test for DeleteTagCommandParser","messageBody":"Refactor DeleteTagCommand\n","fileTypesAndContributionMap":{"test-code":{"insertions":13,"deletions":9}}},{"hash":"95efbbc68d6031496b384cb3182f8d86094c27d5","isMergeCommit":true,"messageTitle":"Merge pull request #100 from tieutrongphuc/branch-deleteTagTest","messageBody":"Branch delete tag test","fileTypesAndContributionMap":{}},{"hash":"ed3475c4a716f1de48974d313c5f111ac5480663","isMergeCommit":false,"messageTitle":"Change application name to AcademeConnect","messageBody":"Fix email icon\n","fileTypesAndContributionMap":{"functional-code":{"insertions":2,"deletions":2}}},{"hash":"c4268307b2315109af8a8d3158daddf71900cd5d","isMergeCommit":true,"messageTitle":"Merge pull request #133 from tieutrongphuc/branch-minorb","messageBody":"Change application name to AcademeConnect","fileTypesAndContributionMap":{}},{"hash":"33d7931f0ebe65ce2f3919906ec37aeaa1641b5c","isMergeCommit":false,"messageTitle":"Update UserGuide","messageBody":"","fileTypesAndContributionMap":{"docs":{"insertions":28,"deletions":2}}},{"hash":"4d74f10cd8980dba2fe165ea8b1150413327888d","isMergeCommit":false,"messageTitle":"Add tag delete feature in UG.","messageBody":"Update DG for autocomplete tag\n","fileTypesAndContributionMap":{"docs":{"insertions":50,"deletions":2}}},{"hash":"934c29df92a97e72f515c7964ffca9f733302006","isMergeCommit":false,"messageTitle":"Fix typo","messageBody":"","fileTypesAndContributionMap":{"docs":{"insertions":1,"deletions":1}}},{"hash":"f16a8006d366983a9bf185699c35f982860975df","isMergeCommit":false,"messageTitle":"Fix typo","messageBody":"","fileTypesAndContributionMap":{"docs":{"insertions":1,"deletions":1}}},{"hash":"833bc6f746429d3ce9b11605017df391438914eb","isMergeCommit":true,"messageTitle":"Merge pull request #143 from tieutrongphuc/branch-updUI","messageBody":"Update UG for Delete Tag feature and autocomplete in DG","fileTypesAndContributionMap":{}}]}],"Aryann-Sharma":[{"date":"2025-10-02T00:00:00","commitResults":[{"hash":"68c7083cbcc215517072c7d0aaa5ef372ff86ff9","isMergeCommit":false,"messageTitle":"Update AboutUs for Aryann-Sharma","messageBody":"","fileTypesAndContributionMap":{"docs":{"insertions":5,"deletions":5}}},{"hash":"d0208f054fe457b930182fd1ad69d13ab8d586e2","isMergeCommit":true,"messageTitle":"Merge pull request #21 from Aryann-Sharma/branch-Aryan-Photo","messageBody":"Add Aryann-Sharma photo","fileTypesAndContributionMap":{}},{"hash":"7dd2c0e47a7f0290bb100eab46dd06d2827fc46e","isMergeCommit":true,"messageTitle":"Merge pull request #23 from Aryann-Sharma/branch-AboutUs","messageBody":"Add Aryann-Sharma About Us","fileTypesAndContributionMap":{}}]},{"date":"2025-10-16T00:00:00","commitResults":[{"hash":"c72d2eb6ffc8232e516ae70c1389a1cbd11a4ce0","isMergeCommit":false,"messageTitle":"Add deleteNote() method in Person.java","messageBody":"","fileTypesAndContributionMap":{"functional-code":{"insertions":59,"deletions":1}}},{"hash":"c7cbcfd9b2755032d9ab5abcd77fc02c7ca132a5","isMergeCommit":false,"messageTitle":"Add DeleteNoteCommand.java for delete note logic","messageBody":"","fileTypesAndContributionMap":{"functional-code":{"insertions":5,"deletions":2}}},{"hash":"acc4f1a4d57c80ba703adba45613ab3c755cc31d","isMergeCommit":false,"messageTitle":"Add DeleteNoteCommandParser.java for delete note parsing logic","messageBody":"","fileTypesAndContributionMap":{"functional-code":{"insertions":26,"deletions":1}}},{"hash":"2fa4d92fc6a0e5434898c94d369fd6d5d74691a8","isMergeCommit":false,"messageTitle":"Add delete note command word in AddressBookParser.java","messageBody":"","fileTypesAndContributionMap":{"functional-code":{"insertions":4,"deletions":10}}},{"hash":"e79c6413f367ef78232dc03bb0844b1921b2d008","isMergeCommit":true,"messageTitle":"Merge branch \u0027master\u0027 into branch-DeleteNote","messageBody":"","fileTypesAndContributionMap":{}},{"hash":"3e7ad0d495fca55f61e6315e43963d5f28cea8df","isMergeCommit":false,"messageTitle":"Remove trailing whitespace line 89 in AddressBookParser","messageBody":"","fileTypesAndContributionMap":{"functional-code":{"insertions":0,"deletions":1}}},{"hash":"de4bc94c0d3be3858bd80e139d4552024f2d272d","isMergeCommit":false,"messageTitle":"Fix Checkstyle errors","messageBody":"","fileTypesAndContributionMap":{"functional-code":{"insertions":2,"deletions":2}}},{"hash":"bf68f6bc7e91f6feabe373e18d0c49ed2b47e2f2","isMergeCommit":false,"messageTitle":"Fix Checkstyle errors","messageBody":"","fileTypesAndContributionMap":{"functional-code":{"insertions":5,"deletions":1}}},{"hash":"9e68f1dd286b1daf6b85afda37f660c631afa81c","isMergeCommit":false,"messageTitle":"Fix Checkstyle errors","messageBody":"","fileTypesAndContributionMap":{"functional-code":{"insertions":3,"deletions":2}}},{"hash":"8bc8a71ea4ba8d722e6c17ec23fb7c43218b39e9","isMergeCommit":false,"messageTitle":"Fix Checkstyle error","messageBody":"","fileTypesAndContributionMap":{"functional-code":{"insertions":1,"deletions":1}}},{"hash":"429cb756ed9a3059bf96c8e5596e331e6eeb512f","isMergeCommit":true,"messageTitle":"Merge pull request #53 from Aryann-Sharma/branch-DeleteNote","messageBody":"Branch delete note","fileTypesAndContributionMap":{}}]},{"date":"2025-10-23T00:00:00","commitResults":[{"hash":"d5b53f0bd2f49f7f78d4359bb194ce29e2671186","isMergeCommit":false,"messageTitle":"Add functionality to handle multiple indexes","messageBody":"","fileTypesAndContributionMap":{"functional-code":{"insertions":25,"deletions":14}}},{"hash":"31498c6ff8a19279e046047402bb5918b71a749c","isMergeCommit":false,"messageTitle":"Add parser logic for deleting multiple persons","messageBody":"","fileTypesAndContributionMap":{"functional-code":{"insertions":28,"deletions":2}}},{"hash":"9749d4488653989de8fc8ca3a7db679a0388d0e5","isMergeCommit":false,"messageTitle":"Fix Checkstyle errors","messageBody":"","fileTypesAndContributionMap":{"functional-code":{"insertions":6,"deletions":5}}},{"hash":"1a088b5d9a45e55e446b08e5d485381a90a551c2","isMergeCommit":false,"messageTitle":"Fix test cases because delete note now expects list","messageBody":"","fileTypesAndContributionMap":{"test-code":{"insertions":13,"deletions":10}}},{"hash":"548c5ebac95d07afd0ab73d13c9a3c2b1645b6e7","isMergeCommit":false,"messageTitle":"Fix a parameter type error","messageBody":"","fileTypesAndContributionMap":{"test-code":{"insertions":1,"deletions":1}}},{"hash":"491d78e90940275dd3630684b85e077db2a592b6","isMergeCommit":false,"messageTitle":"Fix Checkstyle error","messageBody":"","fileTypesAndContributionMap":{"test-code":{"insertions":1,"deletions":0}}},{"hash":"39293e2083a242d0101e376f8979bedd0f9cdb31","isMergeCommit":false,"messageTitle":"Fix Checkstyle error","messageBody":"","fileTypesAndContributionMap":{"test-code":{"insertions":4,"deletions":3}}},{"hash":"9d01d26888806cf643a52c0ccac7771c0d57ed74","isMergeCommit":false,"messageTitle":"Fix Checkstyle error","messageBody":"","fileTypesAndContributionMap":{"test-code":{"insertions":1,"deletions":1}}},{"hash":"053f8ee5c5a078e7b17e05d5e2730850821bcb07","isMergeCommit":false,"messageTitle":"Fix Checkstyle error","messageBody":"","fileTypesAndContributionMap":{"test-code":{"insertions":0,"deletions":1}}},{"hash":"bbf298ef485c3ff97ae04686178c0065b61afbec","isMergeCommit":false,"messageTitle":"Fix Checkstyle error","messageBody":"","fileTypesAndContributionMap":{"test-code":{"insertions":5,"deletions":4}}},{"hash":"005dd9759aaa5ce6a1bfc87ee848aaed4f020d2c","isMergeCommit":false,"messageTitle":"Fix test error","messageBody":"","fileTypesAndContributionMap":{"test-code":{"insertions":4,"deletions":1}}},{"hash":"a5325f4de558a23b46069dc186ebb1b08bcea301","isMergeCommit":true,"messageTitle":"Merge pull request #78 from Aryann-Sharma/branch-DeleteMultiple","messageBody":"Branch delete multiple","fileTypesAndContributionMap":{}}]}]},"authorFileTypeContributionMap":{"crimsonchaos02":{"docs":364,"functional-code":308,"test-code":50,"other":4},"0rbita1":{"docs":466,"functional-code":752,"test-code":20},"Duyy0406":{"docs":152,"functional-code":1650,"test-code":235},"tieutrongphuc":{"docs":141,"functional-code":468,"test-code":596},"Aryann-Sharma":{"docs":5,"functional-code":145,"test-code":18}},"authorContributionVariance":{"crimsonchaos02":6223.234,"0rbita1":21645.346,"Duyy0406":64705.0,"tieutrongphuc":8056.09,"Aryann-Sharma":742.6508},"authorDisplayNameMap":{"crimsonchaos02":"CS2103T-W08-4 LOW ..YRUS","0rbita1":"CS2103T-W08-4 TAN ..IANG","Duyy0406":"CS2103T-W08-4 TRAN.. DUY","tieutrongphuc":"CS2103T-W08-4 TIEU..PHUC","Aryann-Sharma":"CS2103T-W08-4 SHAR..NDRA"}}
