{"authorDailyContributionsMap":{"gaozilin2005":[{"date":"2025-09-19T00:00:00","commitResults":[{"hash":"f082f42d3f01ee33fab07188e89c898d3782e545","isMergeCommit":false,"messageTitle":"Update AboutUs.md","messageBody":"","fileTypesAndContributionMap":{"docs":{"insertions":5,"deletions":5}}}]},{"date":"2025-09-23T00:00:00","commitResults":[{"hash":"f55b7ece9579f699f08e95de57b586766457022c","isMergeCommit":true,"messageTitle":"Merge pull request #10 from nghnaomi/add-photo","messageBody":"Add Naomi\u0027s photo","fileTypesAndContributionMap":{}},{"hash":"98a9011e466d6faeaf333292ee33ddca4a657d91","isMergeCommit":true,"messageTitle":"Merge pull request #12 from Chellu19/Add-Chellappan-Photo","messageBody":"Add Chellappan Photo","fileTypesAndContributionMap":{}},{"hash":"e76cf32463ef55ffc8279def845ca71f1ed7b124","isMergeCommit":true,"messageTitle":"Merge pull request #13 from AY2526S1-CS2103T-F14b-4/revert-10-add-photo","messageBody":"Revert \"Add Naomi\u0027s photo\"","fileTypesAndContributionMap":{}}]},{"date":"2025-10-01T00:00:00","commitResults":[{"hash":"958ba5d5151dc5596ddc628947bbb4c42241eef6","isMergeCommit":false,"messageTitle":"Update AboutUs.md","messageBody":"","fileTypesAndContributionMap":{"docs":{"insertions":2,"deletions":2}}},{"hash":"f0752070d009a48698f636f4c3bdf9dd48cef801","isMergeCommit":true,"messageTitle":"Merge pull request #22 from Chellu19/Update-About-Us","messageBody":"Update About Us page","fileTypesAndContributionMap":{}},{"hash":"93d01776d0c0501e99e033668bbf2eae44c024c8","isMergeCommit":true,"messageTitle":"Merge pull request #25 from tkaixinn/about-us-branch","messageBody":"Update AboutUs.md","fileTypesAndContributionMap":{}},{"hash":"cf7439c227135d967e650afdd0353d86f673de9b","isMergeCommit":false,"messageTitle":"Update README","messageBody":"","fileTypesAndContributionMap":{"docs":{"insertions":6,"deletions":11}}}]},{"date":"2025-10-02T00:00:00","commitResults":[{"hash":"cc55ab132f89732ac8a1c5c3759f6d94aa896a41","isMergeCommit":false,"messageTitle":"Update DeveloperGuide.md","messageBody":"","fileTypesAndContributionMap":{"docs":{"insertions":77,"deletions":23}}},{"hash":"09e53de03ee6efac1b2c44907ec8b2543f50b294","isMergeCommit":true,"messageTitle":"Merge pull request #27 from nghnaomi/about-us","messageBody":"Update AboutUs.md Naomi","fileTypesAndContributionMap":{}},{"hash":"1e2512db517338c309475a576192f15216f88b8f","isMergeCommit":true,"messageTitle":"Merge pull request #28 from tkaixinn/about-us-branch","messageBody":"Update AboutUs","fileTypesAndContributionMap":{}},{"hash":"5969e199556be112627c66dccc1950f39906f72a","isMergeCommit":true,"messageTitle":"Merge pull request #29 from keezhenxian/update-about-us","messageBody":"Updated Zhen Xian\u0027s AboutUs","fileTypesAndContributionMap":{}},{"hash":"797feaeba530a7a031e32691751b349e4c7450c5","isMergeCommit":true,"messageTitle":"Merge pull request #30 from nghnaomi/new-ui-image","messageBody":"Replace UI image","fileTypesAndContributionMap":{}},{"hash":"f2471c8a4d6a60381c862952571a30ba29174363","isMergeCommit":true,"messageTitle":"Merge pull request #31 from Chellu19/Update-Site-Wide-Settings","messageBody":"Update Sitewide Settings","fileTypesAndContributionMap":{}}]},{"date":"2025-10-03T00:00:00","commitResults":[{"hash":"ae1aa737114f1c732b26ab1eace0b438599060f6","isMergeCommit":false,"messageTitle":"Update product scope in DeveloperGuide.md","messageBody":"","fileTypesAndContributionMap":{"docs":{"insertions":9,"deletions":5}}}]},{"date":"2025-10-04T00:00:00","commitResults":[{"hash":"69e445143c952ec825a8fae73c8453956f84257c","isMergeCommit":true,"messageTitle":"Merge pull request #40 from gaozilin2005/DeveloperGuide","messageBody":"Update product scope in DeveloperGuide.md","fileTypesAndContributionMap":{}},{"hash":"0fed57aa1a1c25f0c745c5b96f84932e6dbe311c","isMergeCommit":false,"messageTitle":"Add support for sorting","messageBody":"","fileTypesAndContributionMap":{"functional-code":{"insertions":7,"deletions":0}}},{"hash":"fa888e70649a5d3857cc530cfca4528bfc75209b","isMergeCommit":false,"messageTitle":"Sort automatically after every command","messageBody":"","fileTypesAndContributionMap":{"functional-code":{"insertions":4,"deletions":0}}}]},{"date":"2025-10-08T00:00:00","commitResults":[{"hash":"a2f51f5fab51955d0a8147836aa5fe44a4107f8a","isMergeCommit":true,"messageTitle":"Merge pull request #44 from nghnaomi/change-prefixes","messageBody":"Change prefixes","fileTypesAndContributionMap":{}}]},{"date":"2025-10-10T00:00:00","commitResults":[{"hash":"83e86137ccfdcd525e82ee34a8cda7d9cfe6e0a8","isMergeCommit":true,"messageTitle":"Merge pull request #50 from nghnaomi/change-prefixes","messageBody":"Change tag prefix","fileTypesAndContributionMap":{}},{"hash":"8f20fa039cd0927d4ed156789fabf3345dd84633","isMergeCommit":true,"messageTitle":"Merge pull request #54 from tkaixinn/addTagBranch","messageBody":"Add tag branch","fileTypesAndContributionMap":{}}]},{"date":"2025-10-12T00:00:00","commitResults":[{"hash":"6d8e78a9cb9a0b6638f1e54bfaad61a466f3384d","isMergeCommit":true,"messageTitle":"Merge pull request #58 from Chellu19/Add-Country-Code-Support","messageBody":"Add country code parser for phone number","fileTypesAndContributionMap":{}}]},{"date":"2025-10-14T00:00:00","commitResults":[{"hash":"a6a47d200d84bbbdd3e2922c50d9fb217aaa671e","isMergeCommit":false,"messageTitle":"Add findtag command","messageBody":"","fileTypesAndContributionMap":{"functional-code":{"insertions":146,"deletions":0}}},{"hash":"2c31aa4dde5acf58d810fedf339b3f3b04ce044c","isMergeCommit":false,"messageTitle":"Change CodeCov version","messageBody":"","fileTypesAndContributionMap":{"other":{"insertions":1,"deletions":1}}},{"hash":"98b614dff6234d0e73c530e346bc08b58f32c034","isMergeCommit":true,"messageTitle":"Merge pull request #70 from gaozilin2005/CodeCov","messageBody":"Change CodeCov version","fileTypesAndContributionMap":{}},{"hash":"9c8c120482d81777bae4f8b3372a8aadf2d2f617","isMergeCommit":false,"messageTitle":"Update UG","messageBody":"","fileTypesAndContributionMap":{"docs":{"insertions":11,"deletions":1}}}]},{"date":"2025-10-16T00:00:00","commitResults":[{"hash":"4668bbffce7a7d7d6fee30366f64409b5cfa90ea","isMergeCommit":false,"messageTitle":"Update UG and help window","messageBody":"","fileTypesAndContributionMap":{"functional-code":{"insertions":2,"deletions":1},"docs":{"insertions":3,"deletions":3}}},{"hash":"5e2d085dc9631a44515e3c7af223eb2eabbc8099","isMergeCommit":false,"messageTitle":"Change version number","messageBody":"","fileTypesAndContributionMap":{"functional-code":{"insertions":1,"deletions":1}}},{"hash":"25bdfe083beae22b5b77d7957311233b8013f791","isMergeCommit":false,"messageTitle":"Update help window","messageBody":"","fileTypesAndContributionMap":{"functional-code":{"insertions":3,"deletions":0}}},{"hash":"69af8ba38941f6e4806fcb497d46ff7662d0315f","isMergeCommit":true,"messageTitle":"Merge pull request #80 from Chellu19/Constructor-Refinement","messageBody":"Refine Constructors to auto parse country code","fileTypesAndContributionMap":{}}]},{"date":"2025-10-17T00:00:00","commitResults":[{"hash":"371f77b1d07a36d82f11bff5954818c1dea66bf8","isMergeCommit":true,"messageTitle":"Merge pull request #81 from Chellu19/Codecov-CI-Integration","messageBody":"Codecov CI","fileTypesAndContributionMap":{}},{"hash":"45b47c99019e1dc43a1f0066fa14a15fb2e626ec","isMergeCommit":true,"messageTitle":"Merge pull request #91 from nghnaomi/remove-blank-line","messageBody":"Remove blank line from empty culture note","fileTypesAndContributionMap":{}}]},{"date":"2025-10-20T00:00:00","commitResults":[{"hash":"baa514ceb6b8662b8d9b24368619275f824946bd","isMergeCommit":false,"messageTitle":"Add findcountry feature","messageBody":"","fileTypesAndContributionMap":{"functional-code":{"insertions":139,"deletions":3}}},{"hash":"778026b386a4f699f07ca7a4457e28b5a1867ec5","isMergeCommit":false,"messageTitle":"Fix EOF error","messageBody":"","fileTypesAndContributionMap":{"functional-code":{"insertions":1,"deletions":1}}},{"hash":"3656ce3125b33e9368b44ab376ae39fc5856c4ca","isMergeCommit":false,"messageTitle":"Write tests","messageBody":"","fileTypesAndContributionMap":{"test-code":{"insertions":261,"deletions":1}}},{"hash":"72c7e031aff8d9f92d5be1bd72306caf382808d1","isMergeCommit":false,"messageTitle":"Fix EOF","messageBody":"","fileTypesAndContributionMap":{"test-code":{"insertions":1,"deletions":3}}},{"hash":"8b06fc45631ad4483ecd3d017f011fe1834f8aa1","isMergeCommit":false,"messageTitle":"Fix checkstyle","messageBody":"","fileTypesAndContributionMap":{"functional-code":{"insertions":57,"deletions":66},"test-code":{"insertions":15,"deletions":15}}},{"hash":"7609737ecfcf401c92743cce36543816be79f938","isMergeCommit":false,"messageTitle":"Fix checkstyle","messageBody":"","fileTypesAndContributionMap":{"functional-code":{"insertions":2,"deletions":3}}},{"hash":"7fcab863c7e024dc736d973c4bf7d1152313ab5a","isMergeCommit":false,"messageTitle":"Add preferred channel text","messageBody":"","fileTypesAndContributionMap":{"functional-code":{"insertions":1,"deletions":1}}},{"hash":"0015b90ad2971a45921a590b37e8ca863643a697","isMergeCommit":true,"messageTitle":"Merge pull request #111 from nghnaomi/validate-country","messageBody":"Update help menu","fileTypesAndContributionMap":{}},{"hash":"88cbf306484b31e96a1bc56f76e197f6118ece9e","isMergeCommit":false,"messageTitle":"Update Help window","messageBody":"","fileTypesAndContributionMap":{"functional-code":{"insertions":1,"deletions":0},"docs":{"insertions":13,"deletions":2}}},{"hash":"fe0ee366ed04f57e916788c7566ed108b1f4ba91","isMergeCommit":false,"messageTitle":"Enable assertions","messageBody":"","fileTypesAndContributionMap":{"other":{"insertions":4,"deletions":0}}}]},{"date":"2025-10-21T00:00:00","commitResults":[{"hash":"39a5ca34bb66bcff4f893f7fedd8e03c5147cc11","isMergeCommit":true,"messageTitle":"Merge pull request #115 from Chellu19/Timezone-Entry","messageBody":"TimeZone Entry","fileTypesAndContributionMap":{}}]},{"date":"2025-10-22T00:00:00","commitResults":[{"hash":"0084d6ab2a48e6c6fdf338ecab64d5111419258f","isMergeCommit":false,"messageTitle":"Update UG","messageBody":"","fileTypesAndContributionMap":{"docs":{"insertions":23,"deletions":8}}},{"hash":"c494e43a8e08e4cc8de2144fc2da1be1b156b6be","isMergeCommit":true,"messageTitle":"Merge branch \u0027master\u0027 into UG","messageBody":"","fileTypesAndContributionMap":{}}]},{"date":"2025-10-23T00:00:00","commitResults":[{"hash":"7402746db09ce2740cfe6837831be5daf0afb7bb","isMergeCommit":true,"messageTitle":"Merge pull request #123 from Chellu19/UML-ModelClassDiagram-edits","messageBody":"Addition of new classes to uml diagram","fileTypesAndContributionMap":{}},{"hash":"1a978f3ca1621d59b08c5767da6ec711c9299020","isMergeCommit":true,"messageTitle":"Merge pull request #122 from Chellu19/GMT-Offset-Tests","messageBody":"Test case for Offset","fileTypesAndContributionMap":{}},{"hash":"bd895fab6bff4e8c1138904a5bdf0642c141bc48","isMergeCommit":true,"messageTitle":"Merge pull request #121 from Chellu19/Offset-Output","messageBody":"Fix display of GMT offset","fileTypesAndContributionMap":{}},{"hash":"dcf11233aa32c05588cfda8170ec36fb82311e34","isMergeCommit":false,"messageTitle":"Update UG","messageBody":"","fileTypesAndContributionMap":{"docs":{"insertions":7,"deletions":4}}},{"hash":"3ed856b38201dabcb13a237b40540e70c4b8d6ce","isMergeCommit":true,"messageTitle":"Merge pull request #126 from gaozilin2005/Culture","messageBody":"Update UG","fileTypesAndContributionMap":{}},{"hash":"ce0478a84bf39c38c99e7f692b565528993671ca","isMergeCommit":false,"messageTitle":"Rename all culture to note","messageBody":"","fileTypesAndContributionMap":{"functional-code":{"insertions":56,"deletions":56},"other":{"insertions":7,"deletions":7},"docs":{"insertions":2,"deletions":2},"test-code":{"insertions":69,"deletions":69}}},{"hash":"0fdda8a87ea70d975030ab6f35fe0590157e8a15","isMergeCommit":true,"messageTitle":"Merge branch \u0027AY2526S1-CS2103T-F14b-4:master\u0027 into Culture","messageBody":"","fileTypesAndContributionMap":{}},{"hash":"3a9c119603689af8abcbf05e2166cd83b5c96972","isMergeCommit":false,"messageTitle":"Update ModelClassDiagram.puml","messageBody":"","fileTypesAndContributionMap":{"docs":{"insertions":5,"deletions":1}}},{"hash":"149d06a3c234e557069ad798d65792daddeb70ab","isMergeCommit":true,"messageTitle":"Merge pull request #128 from tkaixinn/umlEditBranch","messageBody":"Add note instead of remark","fileTypesAndContributionMap":{}}]},{"date":"2025-10-24T00:00:00","commitResults":[{"hash":"e1b0e8af2730d3b33590c3d3575a9c2bd2cad29a","isMergeCommit":false,"messageTitle":"Update UG","messageBody":"","fileTypesAndContributionMap":{"docs":{"insertions":24,"deletions":25}}},{"hash":"609bb4a017e1f371340f21a030a79eb5973be643","isMergeCommit":false,"messageTitle":"Update website","messageBody":"","fileTypesAndContributionMap":{"other":{"insertions":1,"deletions":1},"docs":{"insertions":4,"deletions":4}}},{"hash":"8fb794afd8d96c73d9b9eb9255fe2b3b97c4eb2a","isMergeCommit":true,"messageTitle":"Merge pull request #135 from nghnaomi/update-site","messageBody":"Update site","fileTypesAndContributionMap":{}},{"hash":"5bc4750d513fbb0b8b11384b99b7f0d083652dd2","isMergeCommit":false,"messageTitle":"Add MetOn field","messageBody":"","fileTypesAndContributionMap":{"functional-code":{"insertions":105,"deletions":11},"test-code":{"insertions":15,"deletions":10}}},{"hash":"1247e815cd74459293d6c48e76ad050ea79abacc","isMergeCommit":false,"messageTitle":"Fix CI issues","messageBody":"","fileTypesAndContributionMap":{"test-code":{"insertions":7,"deletions":2}}},{"hash":"cdb88e305906d990f7435478c9237b72b364fe1d","isMergeCommit":false,"messageTitle":"Fix failing tests","messageBody":"","fileTypesAndContributionMap":{"functional-code":{"insertions":3,"deletions":4},"test-code":{"insertions":13,"deletions":3}}},{"hash":"91f1887e58544c8161db4c5545fd7b1a3511bcf4","isMergeCommit":false,"messageTitle":"Write tests","messageBody":"","fileTypesAndContributionMap":{"test-code":{"insertions":191,"deletions":0}}},{"hash":"0ec7047e8a2e60e72136baaf54a06ba343c26a83","isMergeCommit":false,"messageTitle":"Fix checkstyle","messageBody":"","fileTypesAndContributionMap":{"test-code":{"insertions":1,"deletions":1}}},{"hash":"b41ba8726ae54be70253099939ebe85f1aa6ae14","isMergeCommit":true,"messageTitle":"Merge branch \u0027master\u0027 into archive-feature","messageBody":"","fileTypesAndContributionMap":{}},{"hash":"8e851c6dd9c2a0e672a12794ec56ab3f883edafd","isMergeCommit":false,"messageTitle":"Update AddNoteCommand.java","messageBody":"","fileTypesAndContributionMap":{"functional-code":{"insertions":1,"deletions":1}}},{"hash":"0481b4e4154cb9e126ab5503036b9f61e6acb3b1","isMergeCommit":false,"messageTitle":"Update JsonAdaptedPerson.java","messageBody":"","fileTypesAndContributionMap":{"functional-code":{"insertions":1,"deletions":1}}},{"hash":"77578f30438fe054502aacf286bdfef6d66b62d3","isMergeCommit":false,"messageTitle":"Update ArchiveCommand.java","messageBody":"","fileTypesAndContributionMap":{"functional-code":{"insertions":1,"deletions":0}}},{"hash":"cd025d895bd2a748776d91cb1f425d8e6d5386cf","isMergeCommit":false,"messageTitle":"Update UnarchiveCommand.java","messageBody":"","fileTypesAndContributionMap":{"functional-code":{"insertions":1,"deletions":0}}},{"hash":"0d9973462173e96a6c0444311985b60e051f8672","isMergeCommit":true,"messageTitle":"Merge pull request #138 from nghnaomi/archive-feature","messageBody":"Archive feature","fileTypesAndContributionMap":{}}]},{"date":"2025-10-25T00:00:00","commitResults":[{"hash":"69461189b2fa5eb663c32da46ff2e77bdcf577b3","isMergeCommit":false,"messageTitle":"Fix archive list initialisation","messageBody":"","fileTypesAndContributionMap":{"functional-code":{"insertions":4,"deletions":0},"docs":{"insertions":28,"deletions":0}}},{"hash":"bd16e6f2928a923b9d287b7eb28b52d191183936","isMergeCommit":false,"messageTitle":"Sort contacts by country","messageBody":"","fileTypesAndContributionMap":{"functional-code":{"insertions":163,"deletions":33},"docs":{"insertions":14,"deletions":2},"test-code":{"insertions":25,"deletions":0}}},{"hash":"1696d2eadfd47d9088a6d5a5627c3f115676c705","isMergeCommit":false,"messageTitle":"Fix CI","messageBody":"","fileTypesAndContributionMap":{"functional-code":{"insertions":0,"deletions":6}}},{"hash":"b87918aca1a47180814381d2dcc98d71529f6259","isMergeCommit":false,"messageTitle":"Fix CI","messageBody":"","fileTypesAndContributionMap":{"test-code":{"insertions":0,"deletions":5}}},{"hash":"be2f480a6316b7be0d6abc8a79190d6b0dc5fcad","isMergeCommit":false,"messageTitle":"Sort contacts by date added","messageBody":"","fileTypesAndContributionMap":{"functional-code":{"insertions":95,"deletions":5},"docs":{"insertions":17,"deletions":0},"test-code":{"insertions":5,"deletions":0}}},{"hash":"082d2b6da60899a149d2f375eeaf9401ad6e7037","isMergeCommit":false,"messageTitle":"Fix CI","messageBody":"","fileTypesAndContributionMap":{"functional-code":{"insertions":1,"deletions":1}}}]},{"date":"2025-10-26T00:00:00","commitResults":[{"hash":"19c3037e29d8963b4d6da69fb8e5c2ed7cb9ecf8","isMergeCommit":true,"messageTitle":"Merge branch \u0027master\u0027 into langBranch","messageBody":"","fileTypesAndContributionMap":{}},{"hash":"d741f4415ab901b2c0669dbaecd04d641b78fc3a","isMergeCommit":false,"messageTitle":"Update Person.java","messageBody":"","fileTypesAndContributionMap":{"functional-code":{"insertions":1,"deletions":1}}},{"hash":"948ea21b7434fe8007d046977a54e97d3fa90612","isMergeCommit":false,"messageTitle":"Update AddNoteCommand.java","messageBody":"","fileTypesAndContributionMap":{"functional-code":{"insertions":1,"deletions":1}}},{"hash":"7c43c8ed0893585f50c809aef457e106e1203ac8","isMergeCommit":false,"messageTitle":"Update SampleDataUtil.java","messageBody":"","fileTypesAndContributionMap":{"functional-code":{"insertions":1,"deletions":1}}},{"hash":"c9bc7f35acf2b8cfeeb771ffe2b2c21a52fff309","isMergeCommit":true,"messageTitle":"Merge pull request #157 from Chellu19/TabsHelpwindow","messageBody":"HelpWindow with Tabs","fileTypesAndContributionMap":{}},{"hash":"07586fe5e39c822a37c9c8a4031aedff16734e94","isMergeCommit":true,"messageTitle":"Merge pull request #151 from tkaixinn/langBranch","messageBody":"Lang branch","fileTypesAndContributionMap":{}},{"hash":"500e611f66b2d9ee62624fe8a727ebd00940b363","isMergeCommit":false,"messageTitle":"Fix bugs","messageBody":"","fileTypesAndContributionMap":{"functional-code":{"insertions":27,"deletions":13},"test-code":{"insertions":22,"deletions":12}}},{"hash":"5ad5bd782a38e1b1185eb7d3bd569cbc3811abe9","isMergeCommit":false,"messageTitle":"Fix bug when no lang provided","messageBody":"","fileTypesAndContributionMap":{"functional-code":{"insertions":7,"deletions":3}}},{"hash":"a6308194d92cc451c18df80cb4ff945b13810ec4","isMergeCommit":true,"messageTitle":"Merge pull request #159 from tkaixinn/refineLanguage","messageBody":"Add edit and more lang","fileTypesAndContributionMap":{}},{"hash":"9e63aff2301f3d8b66f45139f0ef239505d719ec","isMergeCommit":false,"messageTitle":"Fix bug and add tests","messageBody":"","fileTypesAndContributionMap":{"functional-code":{"insertions":15,"deletions":10},"test-code":{"insertions":148,"deletions":7}}},{"hash":"212702c4b3442aeacf8c231a4d126b2942b9036a","isMergeCommit":false,"messageTitle":"Update UserGuide.md","messageBody":"","fileTypesAndContributionMap":{"docs":{"insertions":1,"deletions":1}}},{"hash":"d364c4e66b6fd1a17ecb0a692e6d97c22d35b672","isMergeCommit":true,"messageTitle":"Merge pull request #162 from tkaixinn/langTests","messageBody":"Lang tests","fileTypesAndContributionMap":{}},{"hash":"3d7d960e65d38f996af9a7bca261a74e7b819142","isMergeCommit":true,"messageTitle":"Merge pull request #161 from tkaixinn/newUGLangBranch","messageBody":"Update lang in UG","fileTypesAndContributionMap":{}}]},{"date":"2025-10-28T00:00:00","commitResults":[{"hash":"428a3ce91f4170dbb9abd8b3b16553e071ed5d15","isMergeCommit":true,"messageTitle":"Merge pull request #164 from nghnaomi/archive-feature","messageBody":"Update user guide for archive feature","fileTypesAndContributionMap":{}},{"hash":"f20521ba5bad44a5927bacfaa22ee2bc40a9096e","isMergeCommit":false,"messageTitle":"Alpha bug tests","messageBody":"","fileTypesAndContributionMap":{"test-code":{"insertions":352,"deletions":1}}},{"hash":"4ebac0209926a713d8a515194842c58c778755b3","isMergeCommit":true,"messageTitle":"Merge pull request #167 from Chellu19/Alpha-bugs-Phone-Tests","messageBody":"Alpha Bug check and tests implementation","fileTypesAndContributionMap":{}},{"hash":"6dd276458b045a5e598f54c488493b2414eca30f","isMergeCommit":false,"messageTitle":"write channel and language tests","messageBody":"","fileTypesAndContributionMap":{"test-code":{"insertions":103,"deletions":0}}},{"hash":"1cbc67bc6eec743e5a8c4142a7e609aa1c8b0139","isMergeCommit":true,"messageTitle":"Merge pull request #172 from Chellu19/Offset-Tests","messageBody":"Offsets limitation updates to GMT-12:00 to GMT+14:00","fileTypesAndContributionMap":{}},{"hash":"20a37127d517e37793550f4c84dcd14eed249976","isMergeCommit":true,"messageTitle":"Merge pull request #174 from Chellu19/UG-Updates","messageBody":"DG\u0026UG Updates","fileTypesAndContributionMap":{}},{"hash":"b8ed13cfab71cac48ffebc7f49b2e3b801e422aa","isMergeCommit":true,"messageTitle":"Merge pull request #178 from Chellu19/PhoneDigitsLength","messageBody":"Phone Digits Length updation","fileTypesAndContributionMap":{}},{"hash":"406dfb70604e070fb63f5b4795dd20faefdde4e1","isMergeCommit":true,"messageTitle":"Merge pull request #173 from Chellu19/LanguagesDisplayHelpWindow","messageBody":"Languages display help window","fileTypesAndContributionMap":{}},{"hash":"22229c20258015ac299095a028bbe17b912f17aa","isMergeCommit":true,"messageTitle":"Merge pull request #216 from nghnaomi/person-card-fixes","messageBody":"Help window and other issue fixes","fileTypesAndContributionMap":{}}]}],"keezhenxian":[{"date":"2025-10-01T00:00:00","commitResults":[{"hash":"2069b1d1e617196a416855fe8693730ef0bc3d58","isMergeCommit":false,"messageTitle":"Updated Zhen Xian\u0027s AboutUs","messageBody":"","fileTypesAndContributionMap":{"docs":{"insertions":2,"deletions":2}}}]},{"date":"2025-10-04T00:00:00","commitResults":[{"hash":"8ef2a3015e3847d455c1dbb1cc842383b4f07f76","isMergeCommit":true,"messageTitle":"Merge pull request #42 from gaozilin2005/Sort","messageBody":"Add support for sorting","fileTypesAndContributionMap":{}}]},{"date":"2025-10-12T00:00:00","commitResults":[{"hash":"3f58c805db883407bccc78968280a1bb763e8257","isMergeCommit":false,"messageTitle":"AddCultureCommand: add support for culture notes addition","messageBody":"","fileTypesAndContributionMap":{"functional-code":{"insertions":225,"deletions":12},"test-code":{"insertions":252,"deletions":14}}},{"hash":"599291a5669672af9977c2e530b51c552aefa2e4","isMergeCommit":false,"messageTitle":"AddCultureCommand: add EOF new line for CultureTest","messageBody":"","fileTypesAndContributionMap":{"test-code":{"insertions":1,"deletions":1}}},{"hash":"f3debe47e5a767625a3f88fbf7b5cf8f1d48e9fe","isMergeCommit":false,"messageTitle":"AddCultureCommand: adjusted checkstyle","messageBody":"","fileTypesAndContributionMap":{"test-code":{"insertions":4,"deletions":4}}},{"hash":"ee4245281846cb664a8d975663011a31d4f0a619","isMergeCommit":false,"messageTitle":"CorrectingStyle: Shifted import order","messageBody":"","fileTypesAndContributionMap":{"test-code":{"insertions":3,"deletions":2}}},{"hash":"62e99954ea5fd2be5923b7376a4538cffc46adb1","isMergeCommit":false,"messageTitle":"CorrectingStyle: Shifted import order","messageBody":"","fileTypesAndContributionMap":{"test-code":{"insertions":1,"deletions":2}}},{"hash":"66876149012e81f0ba202de14e358df6754abb19","isMergeCommit":false,"messageTitle":"Correcting error: Made CultureCommand optional","messageBody":"","fileTypesAndContributionMap":{"functional-code":{"insertions":1,"deletions":1}}},{"hash":"3203e5e31472e9b8070e03761c4f9a343eab0fd8","isMergeCommit":false,"messageTitle":"Correcting error: cleaned gradlew","messageBody":"","fileTypesAndContributionMap":{"functional-code":{"insertions":1,"deletions":1}}},{"hash":"9e89ea2653dda6a486f69478fde451bb8b549dfc","isMergeCommit":false,"messageTitle":"ChangedCommand: Command now supports names","messageBody":"","fileTypesAndContributionMap":{"functional-code":{"insertions":146,"deletions":136},"test-code":{"insertions":182,"deletions":190}}},{"hash":"47c35bcd77545d1ef52c99fe82250821e7cf3b75","isMergeCommit":false,"messageTitle":"Debugging: All import sequence issues corrected","messageBody":"","fileTypesAndContributionMap":{"functional-code":{"insertions":3,"deletions":2},"test-code":{"insertions":3,"deletions":3}}}]},{"date":"2025-10-13T00:00:00","commitResults":[{"hash":"6ce07fe0dc2efccf42e1c438f2fbd44d2a123b8a","isMergeCommit":false,"messageTitle":"debugging: reduced failed testcase to 10","messageBody":"","fileTypesAndContributionMap":{"functional-code":{"insertions":16,"deletions":13},"test-code":{"insertions":1,"deletions":1}}},{"hash":"e465f42b353c1b91449bf70668c15c51aa48ca84","isMergeCommit":false,"messageTitle":"Debugging: resolved all errors","messageBody":"","fileTypesAndContributionMap":{"functional-code":{"insertions":16,"deletions":14},"test-code":{"insertions":16,"deletions":12}}},{"hash":"6502b94744d9017854d10589a7e05cde9df3e62d","isMergeCommit":true,"messageTitle":"Merge branch \u0027master\u0027 into culture","messageBody":"","fileTypesAndContributionMap":{}},{"hash":"958f27d3e7997ea03f8a4186623ae9c42734b89f","isMergeCommit":false,"messageTitle":"Merge: Resolved conflict with AddCountry","messageBody":"","fileTypesAndContributionMap":{"functional-code":{"insertions":10,"deletions":10},"test-code":{"insertions":11,"deletions":11}}}]},{"date":"2025-10-16T00:00:00","commitResults":[{"hash":"d5d258b5e990792440695f3d7f151a57f9736f5d","isMergeCommit":true,"messageTitle":"Merge pull request #74 from gaozilin2005/UG","messageBody":"Update UG and help window","fileTypesAndContributionMap":{}},{"hash":"54a68939baa937c53317165e4958a1b6f3591efb","isMergeCommit":true,"messageTitle":"Merge pull request #76 from gaozilin2005/UG","messageBody":"Change version number","fileTypesAndContributionMap":{}}]},{"date":"2025-10-21T00:00:00","commitResults":[{"hash":"dfcf940c69a83c7a9433ceb7be4fa88d3516ac61","isMergeCommit":false,"messageTitle":"Only 1 default contacts","messageBody":"","fileTypesAndContributionMap":{"functional-code":{"insertions":4,"deletions":25}}},{"hash":"433b8ecc7e3e5572f77baa3c9975397e22aa7da7","isMergeCommit":true,"messageTitle":"Merge branch \u0027master\u0027 into change_default_user_count","messageBody":"","fileTypesAndContributionMap":{}},{"hash":"c501971728edd308195c9fa9359c6387b930e64b","isMergeCommit":false,"messageTitle":"Debugged default data","messageBody":"","fileTypesAndContributionMap":{"functional-code":{"insertions":2,"deletions":1}}},{"hash":"ab453e9cc5a2ffd22584f6fd716e04e5479cf1ab","isMergeCommit":false,"messageTitle":"Debugged default data","messageBody":"","fileTypesAndContributionMap":{"functional-code":{"insertions":1,"deletions":1}}},{"hash":"0deb84c74494e2a937f52a84f22e6a2797f30eeb","isMergeCommit":true,"messageTitle":"Merge pull request #118 from nghnaomi/parser-change","messageBody":"Parser change","fileTypesAndContributionMap":{}}]},{"date":"2025-10-22T00:00:00","commitResults":[{"hash":"abd972ee774b2c2e5ac2671439917db559ae06e3","isMergeCommit":false,"messageTitle":"Changed all remark to culture","messageBody":"","fileTypesAndContributionMap":{"test-code":{"insertions":4,"deletions":4}}},{"hash":"46c65128a8efb31b2bd649a5227fe5e8f73587a0","isMergeCommit":false,"messageTitle":"Deleted dead remark code","messageBody":"","fileTypesAndContributionMap":{"functional-code":{"insertions":0,"deletions":1}}},{"hash":"d7ed21f7c877be93dbe52afd705d0abd45b34819","isMergeCommit":true,"messageTitle":"Merge pull request #125 from gaozilin2005/UG","messageBody":"Update UG","fileTypesAndContributionMap":{}}]},{"date":"2025-10-23T00:00:00","commitResults":[{"hash":"fee558633ae227033145b8b0c8b666404586ae25","isMergeCommit":false,"messageTitle":"updated ParserClass.puml file","messageBody":"","fileTypesAndContributionMap":{"docs":{"insertions":4,"deletions":4}}},{"hash":"6a19afe549bed776f81440638cf9ac67be3534b5","isMergeCommit":false,"messageTitle":"corrected all checkstyle errors","messageBody":"","fileTypesAndContributionMap":{"functional-code":{"insertions":7,"deletions":7},"test-code":{"insertions":7,"deletions":9}}}]},{"date":"2025-10-24T00:00:00","commitResults":[{"hash":"f63c04752fb9dd8f6fd2371f78adad4fbf936426","isMergeCommit":true,"messageTitle":"Merge pull request #133 from gaozilin2005/user","messageBody":"Update UG","fileTypesAndContributionMap":{}}]},{"date":"2025-10-28T00:00:00","commitResults":[{"hash":"6eaa47c6209d4ad516304e41b632b6faa4bb07ca","isMergeCommit":false,"messageTitle":"successfully implemented event","messageBody":"","fileTypesAndContributionMap":{"functional-code":{"insertions":255,"deletions":14},"test-code":{"insertions":283,"deletions":14}}},{"hash":"fbd507b071683962cd453bcd870e11d7918972f3","isMergeCommit":false,"messageTitle":"updated user guide","messageBody":"","fileTypesAndContributionMap":{"functional-code":{"insertions":31,"deletions":9},"docs":{"insertions":12,"deletions":2},"test-code":{"insertions":52,"deletions":44}}},{"hash":"bc2b1bae99479e5557206bea7100e1c604c84773","isMergeCommit":true,"messageTitle":"Merge branch \u0027master\u0027 into event_command","messageBody":"","fileTypesAndContributionMap":{}},{"hash":"5cbebcf3cd3efb52df4f0208e5eb08981edc43ab","isMergeCommit":true,"messageTitle":"Merge pull request #214 from nghnaomi/person-card-fixes","messageBody":"Fix minor issues from alpha tests","fileTypesAndContributionMap":{}},{"hash":"c849205e832e3e347416ec321c12cbec41fcf9b0","isMergeCommit":true,"messageTitle":"Merge branch \u0027master\u0027 into event_command","messageBody":"","fileTypesAndContributionMap":{}}]}],"Chellu19":[{"date":"2025-09-22T00:00:00","commitResults":[{"hash":"dfdadd7a13e73c1d961ffc00dc4988220ac4c8ef","isMergeCommit":false,"messageTitle":"Add remark command","messageBody":"","fileTypesAndContributionMap":{"functional-code":{"insertions":208,"deletions":11},"test-code":{"insertions":231,"deletions":12}}}]},{"date":"2025-09-23T00:00:00","commitResults":[{"hash":"f33c8a3fb634bbcabbfdf20a942782b3f75eb412","isMergeCommit":false,"messageTitle":"Revert \"Add remark command\"","messageBody":"This reverts commit dfdadd7a13e73c1d961ffc00dc4988220ac4c8ef.\n","fileTypesAndContributionMap":{"functional-code":{"insertions":11,"deletions":208},"test-code":{"insertions":12,"deletions":231}}},{"hash":"853801bffd65385b86e63c964f7b6ea6c2900dbd","isMergeCommit":false,"messageTitle":"Revert \"Add Naomi\u0027s photo\"","messageBody":"","fileTypesAndContributionMap":{"functional-code":{"insertions":5,"deletions":68},"other":{"insertions":0,"deletions":1},"test-code":{"insertions":15,"deletions":40}}}]},{"date":"2025-10-01T00:00:00","commitResults":[{"hash":"f9a847bd97b04d6cb25285fff39837bdd135ed7b","isMergeCommit":false,"messageTitle":"Update About Us page","messageBody":"","fileTypesAndContributionMap":{"docs":{"insertions":3,"deletions":3}}},{"hash":"e2ad3631453b2e85856935da151b363056f8f9a1","isMergeCommit":true,"messageTitle":"Merge pull request #20 from gaozilin2005/AboutUs","messageBody":"Update AboutUs.md","fileTypesAndContributionMap":{}},{"hash":"d3069b5df8142f83baebd17a48322538c8e2c5af","isMergeCommit":false,"messageTitle":"Update Sitewide Settings","messageBody":"","fileTypesAndContributionMap":{"other":{"insertions":1,"deletions":1}}}]},{"date":"2025-10-08T00:00:00","commitResults":[{"hash":"9fb947308ea840e80d97443847c4766405d06998","isMergeCommit":false,"messageTitle":"Updated Help Window","messageBody":"","fileTypesAndContributionMap":{"functional-code":{"insertions":111,"deletions":19}}},{"hash":"f27030808026f7de0c87ad0071c4c5695b302d45","isMergeCommit":false,"messageTitle":"Remove unused Person import from HelpWindow","messageBody":"","fileTypesAndContributionMap":{"functional-code":{"insertions":1,"deletions":1}}}]},{"date":"2025-10-12T00:00:00","commitResults":[{"hash":"80024bf0d39a7b186408fac85efedd3190bab6fa","isMergeCommit":false,"messageTitle":"Add country code parser for phone number","messageBody":"","fileTypesAndContributionMap":{"functional-code":{"insertions":75,"deletions":4},"other":{"insertions":2,"deletions":0},"test-code":{"insertions":13,"deletions":0}}},{"hash":"5a5b037ba6450e912bcc35dbb0176fc9b0f48717","isMergeCommit":false,"messageTitle":"Fix Import ordering issues","messageBody":"","fileTypesAndContributionMap":{"functional-code":{"insertions":5,"deletions":6}}},{"hash":"0d7aa766b4cf5d804ce6618a5641121b6dd8d1b5","isMergeCommit":false,"messageTitle":"Fix + character ordering","messageBody":"","fileTypesAndContributionMap":{"functional-code":{"insertions":2,"deletions":2}}},{"hash":"7e50a89cfac2883729397d4521bad5b496ef1630","isMergeCommit":false,"messageTitle":"Fix tests to work with current phone regex","messageBody":"","fileTypesAndContributionMap":{"test-code":{"insertions":5,"deletions":4}}}]},{"date":"2025-10-13T00:00:00","commitResults":[{"hash":"77a4bedc4221b4ae796a2a091d536fec0d103390","isMergeCommit":true,"messageTitle":"Merge pull request #56 from nghnaomi/add-country","messageBody":"Add optional country field","fileTypesAndContributionMap":{}},{"hash":"4c69c2a49cba3dccfd6535e6a0ee7794f388fa6d","isMergeCommit":false,"messageTitle":"Update HelpWindow to new format of CLI Input","messageBody":"","fileTypesAndContributionMap":{"functional-code":{"insertions":30,"deletions":5}}}]},{"date":"2025-10-16T00:00:00","commitResults":[{"hash":"3bf5021e6cae2f4738d8e2790cb5a9a6c8195021","isMergeCommit":true,"messageTitle":"Merge pull request #77 from gaozilin2005/UG","messageBody":"Update help window","tags":["v1.3"],"fileTypesAndContributionMap":{}},{"hash":"1b5ae4bef1221011a36c986474567e168a9fe46c","isMergeCommit":false,"messageTitle":"Refine Constructors to auto parse country code","messageBody":"","fileTypesAndContributionMap":{"functional-code":{"insertions":24,"deletions":0}}}]},{"date":"2025-10-17T00:00:00","commitResults":[{"hash":"4ed53eeb5bc80abc77794c52731660e40e2474c4","isMergeCommit":false,"messageTitle":"Codecov CI","messageBody":"","fileTypesAndContributionMap":{"other":{"insertions":14,"deletions":5}}},{"hash":"d67b5c0457c6f832a73625e42222531a0fe61086","isMergeCommit":false,"messageTitle":"Codecov Fix","messageBody":"","fileTypesAndContributionMap":{"other":{"insertions":0,"deletions":5}}},{"hash":"f3ee7337e4a9f1c2baea236785c81cc0159eba3f","isMergeCommit":false,"messageTitle":"Newline addition","messageBody":"","fileTypesAndContributionMap":{"other":{"insertions":1,"deletions":1}}},{"hash":"a07f2a57996baaf76fdc2baa953e333f43564003","isMergeCommit":false,"messageTitle":"Add Codecov token","messageBody":"","fileTypesAndContributionMap":{"other":{"insertions":1,"deletions":0}}},{"hash":"3e6a2341af7052c607be038501c64445353a5c0d","isMergeCommit":false,"messageTitle":"Codecov fixes","messageBody":"","fileTypesAndContributionMap":{"other":{"insertions":0,"deletions":1}}},{"hash":"44db96d19edb25a935b2f7e15462c066e5912b8c","isMergeCommit":false,"messageTitle":"Tokenless Upload","messageBody":"","fileTypesAndContributionMap":{"other":{"insertions":0,"deletions":1}}},{"hash":"282992cefab4d65bbb73f226f8a048d77f47c8ea","isMergeCommit":false,"messageTitle":"Fix Codecov upload for forks and tokenless uploads","messageBody":"","fileTypesAndContributionMap":{"other":{"insertions":5,"deletions":1}}},{"hash":"6f3954c95bb0ccbbb1fd17d9d6d0e4de6c8ad637","isMergeCommit":false,"messageTitle":"fix gradle.yml","messageBody":"","fileTypesAndContributionMap":{"other":{"insertions":5,"deletions":2}}}]},{"date":"2025-10-19T00:00:00","commitResults":[{"hash":"22b601ea07aa730cce4089711380f8de14126381","isMergeCommit":true,"messageTitle":"Merge pull request #97 from nghnaomi/validate-country","messageBody":"Add country validation","fileTypesAndContributionMap":{}}]},{"date":"2025-10-21T00:00:00","commitResults":[{"hash":"09488b6dbed42ab922bff0578ab35c4c42d2b430","isMergeCommit":false,"messageTitle":"TimeZone Entry","messageBody":"","fileTypesAndContributionMap":{"functional-code":{"insertions":395,"deletions":75},"test-code":{"insertions":80,"deletions":41}}},{"hash":"2ebd2c84842b2ab1feb19cd6e6517151baa89322","isMergeCommit":false,"messageTitle":"Newline Addition","messageBody":"","fileTypesAndContributionMap":{"functional-code":{"insertions":1,"deletions":1}}},{"hash":"676df9de084051d737db3b9ceb05878561531ead","isMergeCommit":true,"messageTitle":"Merge pull request #116 from keezhenxian/change_default_user_count","messageBody":"Only 1 default contacts","fileTypesAndContributionMap":{}}]},{"date":"2025-10-22T00:00:00","commitResults":[{"hash":"3c091e185d1d2f0d0dd763688fd83a88886fa977","isMergeCommit":true,"messageTitle":"Merge pull request #119 from keezhenxian/javadoc_checks","messageBody":"Changed all remark to culture","fileTypesAndContributionMap":{}},{"hash":"a97e897b903bc869050491da30a0494ca822f959","isMergeCommit":true,"messageTitle":"Merge pull request #120 from keezhenxian/remove_dead_code","messageBody":"Remove dead code","fileTypesAndContributionMap":{}},{"hash":"224ffc66156e82adc3292c7ce7e408b6aa7c4ba8","isMergeCommit":false,"messageTitle":"Fix display of GMT offset","messageBody":"","fileTypesAndContributionMap":{"functional-code":{"insertions":1,"deletions":1}}},{"hash":"6560d55318ac036bb27df4bab21d9e493172d83f","isMergeCommit":false,"messageTitle":"Test case for Offset","messageBody":"","fileTypesAndContributionMap":{"test-code":{"insertions":8,"deletions":0}}},{"hash":"3063bc429d8dbbc369c0cb89acdbdc3b6f8b2c91","isMergeCommit":false,"messageTitle":"Addition of new classes to uml diagram","messageBody":"","fileTypesAndContributionMap":{"docs":{"insertions":6,"deletions":0}}}]},{"date":"2025-10-23T00:00:00","commitResults":[{"hash":"c973a21af53dc19d11fe0786be00f05c064e09ae","isMergeCommit":true,"messageTitle":"Merge pull request #127 from gaozilin2005/Culture","messageBody":"Rename all culture to note","fileTypesAndContributionMap":{}}]},{"date":"2025-10-26T00:00:00","commitResults":[{"hash":"f6725bf20df74b4700432dc020b0424519229338","isMergeCommit":false,"messageTitle":"HelpWindow with Tabs","messageBody":"","fileTypesAndContributionMap":{"functional-code":{"insertions":253,"deletions":36}}}]},{"date":"2025-10-28T00:00:00","commitResults":[{"hash":"9a48e47b7678c9d0c59a1dcc300df54b3fc21a9b","isMergeCommit":false,"messageTitle":"Alpha Bug check and tests implementation","messageBody":"","fileTypesAndContributionMap":{"functional-code":{"insertions":24,"deletions":2},"test-code":{"insertions":38,"deletions":0}}},{"hash":"731c230fcbef342914e7a3a2ae62dcf5528b41cb","isMergeCommit":false,"messageTitle":"Offsets limitation updates to GMT-12:00to GMT+14:00","messageBody":"","fileTypesAndContributionMap":{"functional-code":{"insertions":34,"deletions":2},"test-code":{"insertions":53,"deletions":2}}},{"hash":"4f7d7a38cdead9b396820898a5e040f2e08909aa","isMergeCommit":false,"messageTitle":"HelpWindow Language Display Fix","messageBody":"","fileTypesAndContributionMap":{"functional-code":{"insertions":6,"deletions":14}}},{"hash":"76175fa62c3cb9ed7a2b0edb5fc2c640819363a9","isMergeCommit":false,"messageTitle":"HelpWindow Language Display Fix","messageBody":"","fileTypesAndContributionMap":{"functional-code":{"insertions":2,"deletions":0}}},{"hash":"69d4791c2a30116628aa024771e983e63a219dbe","isMergeCommit":false,"messageTitle":"DG\u0026UG Updates","messageBody":"","fileTypesAndContributionMap":{"docs":{"insertions":88,"deletions":4}}},{"hash":"f16d545e2b108e6094b71f70f960bd6a5051b1b3","isMergeCommit":false,"messageTitle":"Phone Digits Length updation","messageBody":"","fileTypesAndContributionMap":{"functional-code":{"insertions":1,"deletions":1},"test-code":{"insertions":28,"deletions":0}}},{"hash":"062e53e18eb747fe4e0f2530016a129158dba5cd","isMergeCommit":true,"messageTitle":"Merge pull request #169 from gaozilin2005/phonetest","messageBody":"Alpha bug tests","fileTypesAndContributionMap":{}}]}],"tkaixinn":[{"date":"2025-10-01T00:00:00","commitResults":[{"hash":"a2ad15fc49329a2b81aff279800dc3df47c735ea","isMergeCommit":false,"messageTitle":"Update AboutUs.md","messageBody":"","fileTypesAndContributionMap":{"docs":{"insertions":1,"deletions":0}}},{"hash":"bfbab0ae700605f576aa4e7a14eba38170bf0b80","isMergeCommit":false,"messageTitle":"Update AboutUs","messageBody":"","fileTypesAndContributionMap":{"docs":{"insertions":1,"deletions":2}}}]},{"date":"2025-10-09T00:00:00","commitResults":[{"hash":"e284512ca4a2e5d3838ffb0bd37350d3c83795b5","isMergeCommit":true,"messageTitle":"Merge pull request #47 from Chellu19/Add-Command-Table-in-Help","messageBody":"Updated Help Window","fileTypesAndContributionMap":{}}]},{"date":"2025-10-10T00:00:00","commitResults":[{"hash":"8182de04dee2dc76e55be7c16b93989693d84d84","isMergeCommit":false,"messageTitle":"Add split tags","messageBody":"","fileTypesAndContributionMap":{"functional-code":{"insertions":9,"deletions":3}}},{"hash":"4b7c0b8247af29e0166fb96756bdb4dcfa23713f","isMergeCommit":false,"messageTitle":"Add tag feature","messageBody":"","fileTypesAndContributionMap":{"functional-code":{"insertions":5,"deletions":2}}},{"hash":"583a3d942ae094644a4126f73f5855cd5272b3bb","isMergeCommit":false,"messageTitle":"Add tag feature","messageBody":"","fileTypesAndContributionMap":{"functional-code":{"insertions":1,"deletions":8}}},{"hash":"9150ae02713deac17b84946d25d684cc71e54efb","isMergeCommit":false,"messageTitle":"Update ParserUtil.java","messageBody":"","fileTypesAndContributionMap":{"functional-code":{"insertions":2,"deletions":1}}},{"hash":"3301e760322621d482f53664de50c29717a18388","isMergeCommit":false,"messageTitle":"Update ParserUtil.java","messageBody":"","fileTypesAndContributionMap":{"functional-code":{"insertions":1,"deletions":1}}}]},{"date":"2025-10-13T00:00:00","commitResults":[{"hash":"c920de01d5eba9229e1f23f233f3f4410c5ce580","isMergeCommit":true,"messageTitle":"Merge pull request #64 from nghnaomi/update-commands","messageBody":"Update user guide to support new prefixes/commands","fileTypesAndContributionMap":{}}]},{"date":"2025-10-14T00:00:00","commitResults":[{"hash":"a171ebc7c783721f65c7fdc84d97b4c42ba3d875","isMergeCommit":false,"messageTitle":"Add contact branch","messageBody":"","fileTypesAndContributionMap":{"functional-code":{"insertions":133,"deletions":8}}},{"hash":"4863f458a8f83ff1a43f1badd388e0968c8ff502","isMergeCommit":false,"messageTitle":"Update PersonListPanel.fxml","messageBody":"","fileTypesAndContributionMap":{"functional-code":{"insertions":2,"deletions":1}}},{"hash":"e8a54a1458152a4e2f4098d67a06d3dfa92ea41e","isMergeCommit":false,"messageTitle":"Update Person.java","messageBody":"","fileTypesAndContributionMap":{"functional-code":{"insertions":3,"deletions":3}}},{"hash":"ca08e768a9373953ec6664f437bccfd8a461a727","isMergeCommit":false,"messageTitle":"Update Person.java","messageBody":"","fileTypesAndContributionMap":{"functional-code":{"insertions":3,"deletions":2}}},{"hash":"e31f3e6531042d656f8fd234068c5c8eb806f203","isMergeCommit":false,"messageTitle":"Update Person.java","messageBody":"","fileTypesAndContributionMap":{"functional-code":{"insertions":1,"deletions":1}}},{"hash":"46c0a8c57df39e526bb837772fb6a8a856bed075","isMergeCommit":false,"messageTitle":"Update Person.java","messageBody":"","fileTypesAndContributionMap":{"functional-code":{"insertions":10,"deletions":12}}},{"hash":"d4635bb281aae8284cf6a2ecd055a7111398e0b4","isMergeCommit":false,"messageTitle":"Update Person.java","messageBody":"","fileTypesAndContributionMap":{"functional-code":{"insertions":11,"deletions":10}}},{"hash":"9a858be2cba74d5af0f652c1f7725d3e93669440","isMergeCommit":false,"messageTitle":"Update PersonTest.java","messageBody":"","fileTypesAndContributionMap":{"test-code":{"insertions":2,"deletions":1}}},{"hash":"6d8f75cecf60a76864ffbdebb65d6bbe5dbd11d3","isMergeCommit":false,"messageTitle":"Update EditPersonDescriptorTest.java","messageBody":"","fileTypesAndContributionMap":{"test-code":{"insertions":2,"deletions":1}}},{"hash":"97c4030d1219b2b746a6184ddd89c2432ae246c4","isMergeCommit":true,"messageTitle":"Merge pull request #68 from gaozilin2005/FindTag","messageBody":"Add findtag command","fileTypesAndContributionMap":{}},{"hash":"5f5b9f199a68a6f3a61b656dd9ce87788364663d","isMergeCommit":true,"messageTitle":"Merge pull request #72 from gaozilin2005/UG","messageBody":"Update UG","fileTypesAndContributionMap":{}}]},{"date":"2025-10-17T00:00:00","commitResults":[{"hash":"32a9be37cc37630e660de33ad8f40cd6f49dbbbe","isMergeCommit":false,"messageTitle":"Refine default channel","messageBody":"","fileTypesAndContributionMap":{"functional-code":{"insertions":1,"deletions":2}}}]},{"date":"2025-10-19T00:00:00","commitResults":[{"hash":"ba1722269a7fda33523b7bbdd4fb923a8a58b2df","isMergeCommit":true,"messageTitle":"Merge pull request #95 from nghnaomi/fix-constructors","messageBody":"Remove additional constructors for country","fileTypesAndContributionMap":{}},{"hash":"aef2d37d8255d698f5e320813437a0029a835e48","isMergeCommit":false,"messageTitle":"Update test and UG","messageBody":"","fileTypesAndContributionMap":{"docs":{"insertions":1,"deletions":0},"test-code":{"insertions":68,"deletions":0}}},{"hash":"7a384a5c76d3647b061f25292d0b41d6781954a5","isMergeCommit":false,"messageTitle":"Update tests","messageBody":"","fileTypesAndContributionMap":{"docs":{"insertions":0,"deletions":1}}},{"hash":"7573ec21add275603dc36b599ebe639b4625cf8a","isMergeCommit":false,"messageTitle":"Update UG","messageBody":"","fileTypesAndContributionMap":{"docs":{"insertions":5,"deletions":0}}}]},{"date":"2025-10-20T00:00:00","commitResults":[{"hash":"2251224e3f5cce1e670992e0d749695779940428","isMergeCommit":false,"messageTitle":"Add colour and bold","messageBody":"","fileTypesAndContributionMap":{"functional-code":{"insertions":37,"deletions":2},"docs":{"insertions":5,"deletions":1}}},{"hash":"37d029932e3889050267121d6265a4f274059c14","isMergeCommit":false,"messageTitle":"Update DarkTheme.css","messageBody":"","fileTypesAndContributionMap":{"functional-code":{"insertions":1,"deletions":1}}}]},{"date":"2025-10-23T00:00:00","commitResults":[{"hash":"b131fdb2e4e583e2d77e295be1019d37244ae17b","isMergeCommit":false,"messageTitle":"Add note instead of remark","messageBody":"","fileTypesAndContributionMap":{"docs":{"insertions":3,"deletions":3}}},{"hash":"5666b27a1147c9445f936c8878e9710f5e5fdbf8","isMergeCommit":true,"messageTitle":"Merge pull request #130 from gaozilin2005/UMLDiagram","messageBody":"Update ModelClassDiagram.puml","fileTypesAndContributionMap":{}},{"hash":"64cff354e23a4d394913897060a301f5d8084a4f","isMergeCommit":true,"messageTitle":"Merge pull request #132 from nghnaomi/uml-update","messageBody":"Add new fields to UML model","tags":["v1.4"],"fileTypesAndContributionMap":{}}]},{"date":"2025-10-24T00:00:00","commitResults":[{"hash":"be5fa328bf5892ec38c00220477306a2095bd2e9","isMergeCommit":true,"messageTitle":"Merge pull request #134 from gaozilin2005/user","messageBody":"Update website","fileTypesAndContributionMap":{}},{"hash":"2ca7cf998f71a497f1ee5e381319193e0641fb11","isMergeCommit":false,"messageTitle":"add language","messageBody":"","fileTypesAndContributionMap":{"functional-code":{"insertions":173,"deletions":11}}},{"hash":"9f75117242f37394f9cd383603ef38a6f070f04c","isMergeCommit":false,"messageTitle":"add greeting","messageBody":"","fileTypesAndContributionMap":{"functional-code":{"insertions":28,"deletions":1}}}]},{"date":"2025-10-25T00:00:00","commitResults":[{"hash":"15661f1c279a21246774f5b36a625cc51674c0a8","isMergeCommit":true,"messageTitle":"Merge pull request #149 from gaozilin2005/sortcountry","messageBody":"Sort contacts by country","fileTypesAndContributionMap":{}},{"hash":"34d99113a9a3088b0feb21bd0915271f717c2c31","isMergeCommit":false,"messageTitle":"Add more test cases","messageBody":"","fileTypesAndContributionMap":{"test-code":{"insertions":533,"deletions":24}}},{"hash":"18a040d4af4651f8912b57739b316252daf12b07","isMergeCommit":true,"messageTitle":"Merge pull request #154 from nghnaomi/archive-feature","messageBody":"Add tests for archive feature commands","fileTypesAndContributionMap":{}}]},{"date":"2025-10-26T00:00:00","commitResults":[{"hash":"cc6c113bcbea7ad8542ab891dd699ee220a1cde2","isMergeCommit":true,"messageTitle":"Merge pull request #158 from gaozilin2005/langBranch","messageBody":"Fix bugs","fileTypesAndContributionMap":{}},{"hash":"c7e688624410780222ab88ae136b55f5d878e36d","isMergeCommit":false,"messageTitle":"Add edit and more lang","messageBody":"","fileTypesAndContributionMap":{"functional-code":{"insertions":21,"deletions":2}}},{"hash":"ab7c819fd0956f165ef3c55ea6c07fecd003a155","isMergeCommit":true,"messageTitle":"Merge pull request #160 from gaozilin2005/lang","messageBody":"Fix bug when no lang provided","fileTypesAndContributionMap":{}},{"hash":"c4d3fb78fd411d101abb22048e469d15c0791804","isMergeCommit":false,"messageTitle":"Update lang in UG","messageBody":"","fileTypesAndContributionMap":{"docs":{"insertions":6,"deletions":5}}},{"hash":"9b39b79ccf90e9bca859034638c72eb4b878b6f9","isMergeCommit":false,"messageTitle":"Add test for lang","messageBody":"","fileTypesAndContributionMap":{"test-code":{"insertions":155,"deletions":0}}},{"hash":"c7ba0fcce245033d6a2ece784f596dc5d4aec5da","isMergeCommit":true,"messageTitle":"Merge pull request #163 from gaozilin2005/metonbug","messageBody":"Fix bug and add tests","fileTypesAndContributionMap":{}}]},{"date":"2025-10-28T00:00:00","commitResults":[{"hash":"cad3097b99d9b9318581a67ca41c50fc9794a6b6","isMergeCommit":false,"messageTitle":"fix editable channel","messageBody":"","fileTypesAndContributionMap":{"functional-code":{"insertions":15,"deletions":2}}},{"hash":"b9738a89695319820680e1ce1897b6e677385996","isMergeCommit":false,"messageTitle":"fix bugs","messageBody":"","fileTypesAndContributionMap":{"functional-code":{"insertions":1,"deletions":1}}}]},{"date":"2025-10-29T00:00:00","commitResults":[{"hash":"7565906806c008b3c08cf1dbe49d5aa54979bdb2","isMergeCommit":true,"messageTitle":"Merge pull request #220 from nghnaomi/ug-alpha","messageBody":"Update UG and fix event bug","fileTypesAndContributionMap":{}},{"hash":"6fe3d9c966982d8defab0bd710da02bb7ff8b69c","isMergeCommit":false,"messageTitle":"Add validation for language","messageBody":"","fileTypesAndContributionMap":{"functional-code":{"insertions":53,"deletions":2}}},{"hash":"5e95dc39b4b633b896d0179f1fdccdb8cad357d3","isMergeCommit":false,"messageTitle":"Add UG","messageBody":"","fileTypesAndContributionMap":{"docs":{"insertions":1,"deletions":1}}},{"hash":"aac1f8dd4c52ac1b1ec89d1dd6baf76009b9cb74","isMergeCommit":false,"messageTitle":"Fix bugs","messageBody":"","fileTypesAndContributionMap":{"test-code":{"insertions":9,"deletions":53}}}]}],"nghnaomi":[{"date":"2025-09-23T00:00:00","commitResults":[{"hash":"49c04f9b23985e17ea3380b646ebc9f070bb7aad","isMergeCommit":false,"messageTitle":"Add Naomi\u0027s photo","messageBody":"","fileTypesAndContributionMap":{"functional-code":{"insertions":68,"deletions":5},"other":{"insertions":1,"deletions":0},"test-code":{"insertions":40,"deletions":15}}},{"hash":"52492fe7b68389b0a854328123ce148ff52445aa","isMergeCommit":false,"messageTitle":"Revert \"Add Naomi\u0027s photo\"","messageBody":"This reverts commit 49c04f9b23985e17ea3380b646ebc9f070bb7aad.\n","fileTypesAndContributionMap":{"functional-code":{"insertions":5,"deletions":68},"other":{"insertions":0,"deletions":1},"test-code":{"insertions":15,"deletions":40}}}]},{"date":"2025-10-01T00:00:00","commitResults":[{"hash":"44fdbadecd2529ad34933368508b99beb446fa4b","isMergeCommit":false,"messageTitle":"Update AboutUs.md","messageBody":"","fileTypesAndContributionMap":{"other":{"insertions":580,"deletions":0},"docs":{"insertions":5,"deletions":4}}},{"hash":"5d543addcffc670394496d758ffdc4a2329bb54b","isMergeCommit":false,"messageTitle":"Revert \"Update AboutUs.md\"","messageBody":"This reverts commit 44fdbadecd2529ad34933368508b99beb446fa4b.\n","fileTypesAndContributionMap":{"other":{"insertions":0,"deletions":580},"docs":{"insertions":4,"deletions":5}}},{"hash":"78e1b0f69e0bad60a76477023286bc06053d6807","isMergeCommit":false,"messageTitle":"Update AboutUs.md","messageBody":"","fileTypesAndContributionMap":{"docs":{"insertions":3,"deletions":3}}}]},{"date":"2025-10-02T00:00:00","commitResults":[{"hash":"9da068d1205372b793480ea22aca7d1e0c8375a5","isMergeCommit":true,"messageTitle":"Merge pull request #32 from gaozilin2005/ReadMe","messageBody":"Update README","fileTypesAndContributionMap":{}},{"hash":"f5b4b291a0689c3be42cb29f2d0d6419c242af56","isMergeCommit":true,"messageTitle":"Merge pull request #38 from gaozilin2005/DeveloperGuide","messageBody":"Update DeveloperGuide.md","fileTypesAndContributionMap":{}}]},{"date":"2025-10-03T00:00:00","commitResults":[{"hash":"58b63d01f2738b303d9dd589d8b79fba3cf1ae9f","isMergeCommit":false,"messageTitle":"Change prefixes for command fields","messageBody":"","fileTypesAndContributionMap":{"functional-code":{"insertions":5,"deletions":5},"other":{"insertions":580,"deletions":0}}},{"hash":"2f55783bfaf9933757f9b1c08694f49e4996f359","isMergeCommit":false,"messageTitle":"Revert \"Change prefixes for command fields\"","messageBody":"This reverts commit 58b63d01f2738b303d9dd589d8b79fba3cf1ae9f.\n","fileTypesAndContributionMap":{"functional-code":{"insertions":5,"deletions":5},"other":{"insertions":0,"deletions":580}}},{"hash":"43b247596aa67723cbf7d643272df0d844162c63","isMergeCommit":false,"messageTitle":"Change prefixes for command fields","messageBody":"","fileTypesAndContributionMap":{"functional-code":{"insertions":5,"deletions":5},"other":{"insertions":580,"deletions":0}}},{"hash":"15643806fed71dde0793243bbca7fafb4f382b83","isMergeCommit":false,"messageTitle":"Revert \"Change prefixes for command fields\"","messageBody":"This reverts commit 43b247596aa67723cbf7d643272df0d844162c63.\n","fileTypesAndContributionMap":{"functional-code":{"insertions":5,"deletions":5},"other":{"insertions":0,"deletions":580}}},{"hash":"733d014c20575ee74577194e8166be86468f8c0a","isMergeCommit":false,"messageTitle":"Change prefix for command fields","messageBody":"","fileTypesAndContributionMap":{"functional-code":{"insertions":5,"deletions":5}}}]},{"date":"2025-10-10T00:00:00","commitResults":[{"hash":"e5adcae8ab1a142e3dfd58312881ed3ca6eb5af2","isMergeCommit":false,"messageTitle":"Change tag prefix","messageBody":"","fileTypesAndContributionMap":{"functional-code":{"insertions":1,"deletions":1}}}]},{"date":"2025-10-11T00:00:00","commitResults":[{"hash":"82940dbc333c5b335c52f23bd1d41760aa67d69a","isMergeCommit":false,"messageTitle":"Add optional country field","messageBody":"","fileTypesAndContributionMap":{"functional-code":{"insertions":206,"deletions":45}}},{"hash":"cf204fc65b9acf2c01c2cc1b5e5fa4d8e0a58494","isMergeCommit":false,"messageTitle":"Fix style","messageBody":"","fileTypesAndContributionMap":{"functional-code":{"insertions":1,"deletions":1}}},{"hash":"b42a56b5f97d6ee07efb061f17593c8167240438","isMergeCommit":false,"messageTitle":"Remove trailing white spaces","messageBody":"","fileTypesAndContributionMap":{"functional-code":{"insertions":3,"deletions":3},"test-code":{"insertions":9,"deletions":10}}},{"hash":"3e14243a211cac6240c1006d4eed5a9bee24532a","isMergeCommit":false,"messageTitle":"Fix import order","messageBody":"","fileTypesAndContributionMap":{"functional-code":{"insertions":5,"deletions":3}}},{"hash":"600b83bc3fd9213db4176aba58e6961c2bd25fa1","isMergeCommit":false,"messageTitle":"Remove trailing white space","messageBody":"","fileTypesAndContributionMap":{"functional-code":{"insertions":1,"deletions":1}}}]},{"date":"2025-10-12T00:00:00","commitResults":[{"hash":"c475f4f3f442a77bc9caf83faf52b223c22d6af0","isMergeCommit":false,"messageTitle":"Fix style","messageBody":"","fileTypesAndContributionMap":{"functional-code":{"insertions":33,"deletions":26}}},{"hash":"738c65750d78ce519f13f98e62a7363ce87a70bf","isMergeCommit":false,"messageTitle":"Fix import order","messageBody":"","fileTypesAndContributionMap":{"functional-code":{"insertions":50,"deletions":41}}},{"hash":"e79043c1547add31a8629daf1eebaafb303f7de0","isMergeCommit":false,"messageTitle":"Fix checkstyle","messageBody":"","fileTypesAndContributionMap":{"other":{"insertions":7,"deletions":0}}},{"hash":"1f4fa3b73d26e1e49e6b56d6d88de8608c75cb0d","isMergeCommit":false,"messageTitle":"Fix import order","messageBody":"","fileTypesAndContributionMap":{"functional-code":{"insertions":3,"deletions":0},"test-code":{"insertions":13,"deletions":11}}},{"hash":"bd810cffc49e05d5c81c038ee6671f34e0e96de0","isMergeCommit":false,"messageTitle":"Fix style","messageBody":"","fileTypesAndContributionMap":{"functional-code":{"insertions":0,"deletions":1},"test-code":{"insertions":1,"deletions":1}}},{"hash":"a28fe98523b7b493c536f887a7262c5136b31275","isMergeCommit":false,"messageTitle":"Fix import order in EditCommandParserTest","messageBody":"","fileTypesAndContributionMap":{"test-code":{"insertions":13,"deletions":13}}},{"hash":"679edc4c926dcb0f2bf93ec0bc30dc17edd18a04","isMergeCommit":false,"messageTitle":"Fix tests","messageBody":"","fileTypesAndContributionMap":{"functional-code":{"insertions":1,"deletions":1}}},{"hash":"80ccd3e1a3b1a3539a3b531bcf1dcf0449c179bc","isMergeCommit":false,"messageTitle":"Fix edit command for country","messageBody":"","fileTypesAndContributionMap":{"functional-code":{"insertions":2,"deletions":3},"test-code":{"insertions":40,"deletions":9}}},{"hash":"e9eb2282d2a0e55112a3ee09c908b0432372427b","isMergeCommit":false,"messageTitle":"Fix texts for added country field","messageBody":"","fileTypesAndContributionMap":{"functional-code":{"insertions":38,"deletions":22},"test-code":{"insertions":280,"deletions":228}}},{"hash":"fd56c5393cf333293e7a5ff96b72d04c5ef0f01a","isMergeCommit":false,"messageTitle":"Add line at EOF","messageBody":"","fileTypesAndContributionMap":{"test-code":{"insertions":5,"deletions":5}}},{"hash":"fb9821d3016fda1431441528e693966cd39495e8","isMergeCommit":false,"messageTitle":"Fix checkstyle indentations","messageBody":"","fileTypesAndContributionMap":{"functional-code":{"insertions":2,"deletions":1},"test-code":{"insertions":152,"deletions":154}}},{"hash":"d47fa777dc67d0468c3ff27664049cb08cd48322","isMergeCommit":false,"messageTitle":"Fix checkstyle indentation for CI checks","messageBody":"","fileTypesAndContributionMap":{"other":{"insertions":1,"deletions":0},"test-code":{"insertions":164,"deletions":170}}}]},{"date":"2025-10-13T00:00:00","commitResults":[{"hash":"b34f34644161ab8ab7ef3f6692db6021a131dfce","isMergeCommit":true,"messageTitle":"Merge pull request #62 from Chellu19/HelpWindow-Commands-Revised","messageBody":"Update HelpWindow to new format of CLI Input","fileTypesAndContributionMap":{}},{"hash":"47165c0de3846d6a7e968026c6731129df2db0a7","isMergeCommit":true,"messageTitle":"Merge pull request #60 from keezhenxian/culture","messageBody":"AddCultureCommand: add support for culture notes addition","fileTypesAndContributionMap":{}},{"hash":"74fa4d2f8bcf6bccf9982b00d97a09d404a059e8","isMergeCommit":false,"messageTitle":"Update user guide to support new prefixes/commands","messageBody":"","fileTypesAndContributionMap":{"docs":{"insertions":27,"deletions":14}}},{"hash":"e5773fc1a7d4eebcedc0dc538f42bc33433fd2ab","isMergeCommit":false,"messageTitle":"Add information about country code to tag conversion","messageBody":"","fileTypesAndContributionMap":{"docs":{"insertions":3,"deletions":4}}}]},{"date":"2025-10-14T00:00:00","commitResults":[{"hash":"cd6713e903fef30af4b2bfcc9876f0f776552e48","isMergeCommit":true,"messageTitle":"Merge pull request #66 from tkaixinn/finalContactBranch","messageBody":"Add contact branch","fileTypesAndContributionMap":{}}]},{"date":"2025-10-17T00:00:00","commitResults":[{"hash":"dbb1f21e580d1ae441ab5239e05356d5a8fe2762","isMergeCommit":false,"messageTitle":"Remove blank line from empty culture note","messageBody":"","fileTypesAndContributionMap":{"functional-code":{"insertions":16,"deletions":9},"test-code":{"insertions":2,"deletions":2}}}]},{"date":"2025-10-18T00:00:00","commitResults":[{"hash":"48bad5c8a2f3b51ab4c53974197022e9f864001c","isMergeCommit":true,"messageTitle":"Merge pull request #93 from tkaixinn/refineChannelBranch","messageBody":"Refine default channel","fileTypesAndContributionMap":{}}]},{"date":"2025-10-19T00:00:00","commitResults":[{"hash":"9ed32cf91e3f049a8e30936bf0086fe5bae194f7","isMergeCommit":false,"messageTitle":"Remove additional constructors for country","messageBody":"","fileTypesAndContributionMap":{"functional-code":{"insertions":67,"deletions":141}}},{"hash":"e3ca8e357c14420b4e730c602954f49adbbd050a","isMergeCommit":false,"messageTitle":"Add tests for country class","messageBody":"","fileTypesAndContributionMap":{"functional-code":{"insertions":38,"deletions":12},"test-code":{"insertions":58,"deletions":0}}},{"hash":"a906ea8f02db63cb4a4e90571c6da51d212724eb","isMergeCommit":false,"messageTitle":"Add tests for parser util country","messageBody":"","fileTypesAndContributionMap":{"test-code":{"insertions":23,"deletions":2}}},{"hash":"edc14a8a8010db8522d85d0a0f4cd3ceb25e88ed","isMergeCommit":false,"messageTitle":"Add country validation","messageBody":"","fileTypesAndContributionMap":{"functional-code":{"insertions":1,"deletions":2}}},{"hash":"719d25a525f4b1c8cef50961efde8f4bc7962b31","isMergeCommit":false,"messageTitle":"Add country list to help window","messageBody":"","fileTypesAndContributionMap":{"functional-code":{"insertions":55,"deletions":28}}},{"hash":"dd5cecfb92b481c62204189917c9365628a65e5e","isMergeCommit":false,"messageTitle":"Update user guide for country","messageBody":"","fileTypesAndContributionMap":{"docs":{"insertions":7,"deletions":5}}},{"hash":"ad05be1c5d1fd399dd852ff0a48239b6083e9b18","isMergeCommit":true,"messageTitle":"Merge pull request #101 from tkaixinn/updateUG","messageBody":"Update UG","fileTypesAndContributionMap":{}},{"hash":"cd5f4aac8dc85247275bf4aec65d42faba8bbe15","isMergeCommit":true,"messageTitle":"Merge pull request #99 from tkaixinn/updateTestsForChannel","messageBody":"Update tests for channel","fileTypesAndContributionMap":{}}]},{"date":"2025-10-20T00:00:00","commitResults":[{"hash":"05f1c42d0d1ffaa249d3b981f3393c5979df00e0","isMergeCommit":true,"messageTitle":"Merge pull request #105 from tkaixinn/finalUiBranch","messageBody":"Add colour and bold","fileTypesAndContributionMap":{}},{"hash":"687f4eed1be717e36f6c13dbd1f85bdc9fb0dc42","isMergeCommit":true,"messageTitle":"Merge pull request #103 from gaozilin2005/FindCountry","messageBody":"Add findcountry feature","fileTypesAndContributionMap":{}},{"hash":"f62558524c4ce9add8613b984a655cb1d9762017","isMergeCommit":false,"messageTitle":"Add country code to help table","messageBody":"","fileTypesAndContributionMap":{"functional-code":{"insertions":82,"deletions":21}}},{"hash":"8ca39c79d15c820b978fb8c4089a3c56a8361f25","isMergeCommit":false,"messageTitle":"Add findcountry to command table in help","messageBody":"","fileTypesAndContributionMap":{"functional-code":{"insertions":1,"deletions":0}}},{"hash":"3064d8556dd963628be3136f0b92fce095552cc3","isMergeCommit":true,"messageTitle":"Merge pull request #109 from gaozilin2005/PreferredChannel","messageBody":"Add preferred channel text","fileTypesAndContributionMap":{}},{"hash":"0851b63d0fd04445d378374e661e22262111d210","isMergeCommit":true,"messageTitle":"Merge pull request #108 from gaozilin2005/FindCountry","messageBody":"Write tests","fileTypesAndContributionMap":{}}]},{"date":"2025-10-21T00:00:00","commitResults":[{"hash":"5a675110eaa9b920866ecd57aec55a1f8eb19362","isMergeCommit":true,"messageTitle":"Merge pull request #112 from gaozilin2005/HelpWindow","messageBody":"Update Help window","fileTypesAndContributionMap":{}},{"hash":"ce9fb00bc3114269aab0bf18ef30756c9cb4e2bf","isMergeCommit":false,"messageTitle":"Change country name tag to country code tag","messageBody":"","fileTypesAndContributionMap":{"functional-code":{"insertions":11,"deletions":26}}},{"hash":"7f70d8d528abda3fffa12ea81faf5964ae2baded","isMergeCommit":false,"messageTitle":"Update user guide","messageBody":"","fileTypesAndContributionMap":{"docs":{"insertions":2,"deletions":2}}},{"hash":"31917e2f3f4c0f582098e2193570618b15cbd568","isMergeCommit":false,"messageTitle":"Remove unused import","messageBody":"","fileTypesAndContributionMap":{"functional-code":{"insertions":0,"deletions":2}}},{"hash":"128ed750069c3e8ff8e37a1a54e212ea949663cc","isMergeCommit":false,"messageTitle":"Fix tests","messageBody":"","fileTypesAndContributionMap":{"test-code":{"insertions":4,"deletions":5}}}]},{"date":"2025-10-23T00:00:00","commitResults":[{"hash":"edb243ee956a1e0c4a7e4205f2165c9d3987a0aa","isMergeCommit":true,"messageTitle":"Merge pull request #131 from keezhenxian/update_puml","messageBody":"updated ParserClass.puml file","fileTypesAndContributionMap":{}},{"hash":"fa90e8d7ff457751dcb3c968a9d69afb6a626122","isMergeCommit":false,"messageTitle":"Add new fields to UML model","messageBody":"","fileTypesAndContributionMap":{"docs":{"insertions":3,"deletions":0}}}]},{"date":"2025-10-24T00:00:00","commitResults":[{"hash":"54d8993927c26e6f52fb41545e2177caf6d650f8","isMergeCommit":false,"messageTitle":"Change window name and index.md","messageBody":"","fileTypesAndContributionMap":{"functional-code":{"insertions":1,"deletions":1},"docs":{"insertions":1,"deletions":1}}},{"hash":"f2e6f983364abd8f9930d047d13482f2030d65b0","isMergeCommit":false,"messageTitle":"Fix user guide","messageBody":"","fileTypesAndContributionMap":{"docs":{"insertions":20,"deletions":21}}},{"hash":"a26d11d39845652452a4ab94a4c1b5ca078451ac","isMergeCommit":false,"messageTitle":"Minor edits in user guide","messageBody":"","fileTypesAndContributionMap":{"functional-code":{"insertions":17,"deletions":17},"docs":{"insertions":2,"deletions":2}}},{"hash":"40dc00bbcb99242f360a66f7bc3ec2b87aa2283a","isMergeCommit":false,"messageTitle":"Update offset command requirement","messageBody":"","fileTypesAndContributionMap":{"docs":{"insertions":1,"deletions":1}}},{"hash":"90256b0f94096cf7940d8fecfa2681329a00b0ab","isMergeCommit":false,"messageTitle":"Edit country requirement","messageBody":"","fileTypesAndContributionMap":{"docs":{"insertions":3,"deletions":4}}},{"hash":"eea0e7e4c18df47aaf5c8a7e8844125a164b1182","isMergeCommit":false,"messageTitle":"Add archivelist","messageBody":"","fileTypesAndContributionMap":{"functional-code":{"insertions":213,"deletions":62},"test-code":{"insertions":2,"deletions":2}}},{"hash":"5cd63fd2038102083e17ee0685763903e2f64c8d","isMergeCommit":false,"messageTitle":"Add archive command","messageBody":"","fileTypesAndContributionMap":{"functional-code":{"insertions":24,"deletions":21}}},{"hash":"1fb7500ed70deb20e665beea133804ac9569d74c","isMergeCommit":false,"messageTitle":"Add unarchive command","messageBody":"","fileTypesAndContributionMap":{"functional-code":{"insertions":147,"deletions":27},"test-code":{"insertions":6,"deletions":1}}},{"hash":"e32dc67f84f042e012a077335823278a3966d574","isMergeCommit":false,"messageTitle":"Update storage","messageBody":"","fileTypesAndContributionMap":{"functional-code":{"insertions":36,"deletions":34},"test-code":{"insertions":13,"deletions":16}}},{"hash":"cbead2cbb90ff53da5108e262d866023d78e630a","isMergeCommit":false,"messageTitle":"Fix unarchive","messageBody":"","fileTypesAndContributionMap":{"functional-code":{"insertions":30,"deletions":18}}},{"hash":"d750999686b216f1efd7abbff2ffb6170edc5552","isMergeCommit":true,"messageTitle":"Merge pull request #136 from gaozilin2005/MetAt","messageBody":"Add MetOn field","fileTypesAndContributionMap":{}}]},{"date":"2025-10-25T00:00:00","commitResults":[{"hash":"63405535222ccac330b3ca8f0f5a5a756d5eacd1","isMergeCommit":false,"messageTitle":"Add archivelist test","messageBody":"","fileTypesAndContributionMap":{"functional-code":{"insertions":14,"deletions":11},"test-code":{"insertions":62,"deletions":1}}},{"hash":"65597089da0e3ef1a3098420e0914c0d0faf0ba1","isMergeCommit":false,"messageTitle":"Add archive command parser test","messageBody":"","fileTypesAndContributionMap":{"test-code":{"insertions":47,"deletions":209}}},{"hash":"7c73c12dec0424c79d1a3ab9dc612c09a44cb82b","isMergeCommit":false,"messageTitle":"Add archive command tests","messageBody":"","fileTypesAndContributionMap":{"functional-code":{"insertions":22,"deletions":4},"test-code":{"insertions":88,"deletions":0}}},{"hash":"c5fb94c968141ae5dab1090f1804bb706b58caaf","isMergeCommit":true,"messageTitle":"Merge pull request #152 from tkaixinn/moreTestCases","messageBody":"Add more test cases","fileTypesAndContributionMap":{}},{"hash":"c1ba86d4755c6e841fe0ae2ed9c1ef19a02662d1","isMergeCommit":false,"messageTitle":"Add more archive command tests","messageBody":"","fileTypesAndContributionMap":{"functional-code":{"insertions":9,"deletions":4},"test-code":{"insertions":58,"deletions":1}}},{"hash":"f10a8a9ec50972eaf732703104d8bb07faa01285","isMergeCommit":false,"messageTitle":"Add unarchive command tests","messageBody":"","fileTypesAndContributionMap":{"test-code":{"insertions":145,"deletions":5}}},{"hash":"582b4a66d8781569d23846210c1445a2acd29558","isMergeCommit":true,"messageTitle":"Merge branch \u0027master\u0027 of https://github.com/nghnaomi/tp into archive-feature","messageBody":"","fileTypesAndContributionMap":{}},{"hash":"311de6ac0ee22c86f41bbea47703fa471e2c16ff","isMergeCommit":false,"messageTitle":"Add line at EOF and unarchive command parser test","messageBody":"","fileTypesAndContributionMap":{"test-code":{"insertions":50,"deletions":3}}},{"hash":"a469415dc9c9326674851392d365c384cf7eca04","isMergeCommit":false,"messageTitle":"Fix trailing white space","messageBody":"","fileTypesAndContributionMap":{"functional-code":{"insertions":0,"deletions":1}}},{"hash":"fa65f5df92eb77b458b55d9b17877ba1eb4a3d38","isMergeCommit":false,"messageTitle":"Fix import order","messageBody":"","fileTypesAndContributionMap":{"functional-code":{"insertions":0,"deletions":1},"test-code":{"insertions":8,"deletions":11}}},{"hash":"f45aa77cf0c87999128597f02ad38cf3c1572847","isMergeCommit":false,"messageTitle":"Restore editcommandparsertest","messageBody":"","fileTypesAndContributionMap":{"test-code":{"insertions":209,"deletions":0}}},{"hash":"9838fe2c3daa9fcf1f2cbcd447f5b41428bd0a38","isMergeCommit":false,"messageTitle":"Add line at EOF","messageBody":"","fileTypesAndContributionMap":{"test-code":{"insertions":1,"deletions":1}}},{"hash":"3cb0861383e115c819334c8d69f7d4248b533336","isMergeCommit":false,"messageTitle":"Fix format errors in other tests","messageBody":"","fileTypesAndContributionMap":{"test-code":{"insertions":14,"deletions":5}}},{"hash":"0bf1f02650845b4c32cce338d2b47769a21c28ec","isMergeCommit":false,"messageTitle":"Fix checkstyle","messageBody":"","fileTypesAndContributionMap":{"functional-code":{"insertions":21,"deletions":23}}},{"hash":"dbd3de82cf8ed6f65fb147d965e3507b3f691d71","isMergeCommit":false,"messageTitle":"Fix tests","messageBody":"","fileTypesAndContributionMap":{"functional-code":{"insertions":0,"deletions":1},"test-code":{"insertions":22,"deletions":0}}},{"hash":"22f0004e08303d0608b47c9a3629f14150ca9704","isMergeCommit":true,"messageTitle":"Merge branch \u0027master\u0027 into archive","messageBody":"","fileTypesAndContributionMap":{}},{"hash":"07390700d302715263f8cb9456a5ad845c38fbb3","isMergeCommit":true,"messageTitle":"Merge pull request #148 from gaozilin2005/archive","messageBody":"Fix archive list initialisation","fileTypesAndContributionMap":{}},{"hash":"9ccb1c87d9eaae7dbce2ad846cf027363170aac3","isMergeCommit":false,"messageTitle":"Fix minor issue with addnote","messageBody":"","fileTypesAndContributionMap":{"functional-code":{"insertions":2,"deletions":1}}},{"hash":"76313a2debc9cfc66de14ea88cd5b9d64280cb43","isMergeCommit":false,"messageTitle":"Fix checkstyle","messageBody":"","fileTypesAndContributionMap":{"test-code":{"insertions":5,"deletions":6}}},{"hash":"88650fce5948b3497ee839f12db7239611b0e3ed","isMergeCommit":true,"messageTitle":"Merge branch \u0027master\u0027 of https://github.com/nghnaomi/tp into archive-feature","messageBody":"","fileTypesAndContributionMap":{}},{"hash":"700192265491de5c1233f2aa3b1dba5fc8d3db3a","isMergeCommit":false,"messageTitle":"Fix tests","messageBody":"","fileTypesAndContributionMap":{"functional-code":{"insertions":5,"deletions":4},"test-code":{"insertions":13,"deletions":5}}},{"hash":"6a9918980ac7de60ea7fec87896c5f3bfcd7b256","isMergeCommit":false,"messageTitle":"Add line at EOF","messageBody":"","fileTypesAndContributionMap":{"test-code":{"insertions":1,"deletions":1}}},{"hash":"7a8b1e493b274473aae5ae39058b7bddd28a9d2e","isMergeCommit":false,"messageTitle":"Fix unarchive tests","messageBody":"","fileTypesAndContributionMap":{"test-code":{"insertions":12,"deletions":10}}}]},{"date":"2025-10-26T00:00:00","commitResults":[{"hash":"4523c9ec77ef0bf975fecb3ea64cf9b259c23fff","isMergeCommit":false,"messageTitle":"Update user guide for archive feature","messageBody":"","fileTypesAndContributionMap":{"docs":{"insertions":15,"deletions":11}}}]},{"date":"2025-10-28T00:00:00","commitResults":[{"hash":"b45f19a2070d504bbd457d9cf7af4c03b5022015","isMergeCommit":true,"messageTitle":"Merge pull request #211 from tkaixinn/fix-bugs","messageBody":"Fix some bugs","fileTypesAndContributionMap":{}},{"hash":"bd7ae8e4a9116fcbfd40959974e7218243ae964c","isMergeCommit":false,"messageTitle":"Fix minor issues from alpha tests","messageBody":"","fileTypesAndContributionMap":{"functional-code":{"insertions":30,"deletions":11}}},{"hash":"d3a329bee51acbe246b26c962d61fa1a45f47604","isMergeCommit":false,"messageTitle":"Fix add command messages","messageBody":"","fileTypesAndContributionMap":{"functional-code":{"insertions":56,"deletions":37}}},{"hash":"031d42d1688614273d2d7e5707b4387f895acfc6","isMergeCommit":false,"messageTitle":"Add search bar for timezones in help menu","messageBody":"","fileTypesAndContributionMap":{"functional-code":{"insertions":24,"deletions":2}}},{"hash":"1de775c38a0abd4f51718c33f4c3bc918d0122eb","isMergeCommit":false,"messageTitle":"Fix issues with help window","messageBody":"","fileTypesAndContributionMap":{"functional-code":{"insertions":170,"deletions":143}}},{"hash":"ce7db790162155d3e476c0b00b6261a94159a869","isMergeCommit":true,"messageTitle":"Merge branch \u0027AY2526S1-CS2103T-F14b-4:master\u0027 into person-card-fixes","messageBody":"","fileTypesAndContributionMap":{}},{"hash":"966ab62a6d51eb700f949e2f25f6c9f7b5cd9d51","isMergeCommit":true,"messageTitle":"Merge branch \u0027master\u0027 of https://github.com/nghnaomi/tp into person-card-fixes","messageBody":"","fileTypesAndContributionMap":{}},{"hash":"746462463a4594646879fd793005f727336d286e","isMergeCommit":false,"messageTitle":"Add line at EOF","messageBody":"","fileTypesAndContributionMap":{"functional-code":{"insertions":1,"deletions":1}}},{"hash":"afb4e41b36a89edbdbda574a1a2499af3553de7e","isMergeCommit":true,"messageTitle":"Merge pull request #180 from keezhenxian/event_command","messageBody":"successfully implemented event","fileTypesAndContributionMap":{}},{"hash":"b9924748f6462c05804726cd74e68b2d63c1b4f3","isMergeCommit":false,"messageTitle":"Solve conflicts with event command","messageBody":"","fileTypesAndContributionMap":{"functional-code":{"insertions":327,"deletions":53},"docs":{"insertions":13,"deletions":3},"test-code":{"insertions":319,"deletions":42}}},{"hash":"0a20ba6ddb4105b004db6b8eaa3c0a82994b84b2","isMergeCommit":true,"messageTitle":"Merge branch \u0027master\u0027 into person-card-fixes","messageBody":"","fileTypesAndContributionMap":{}},{"hash":"a081d65d1720834a9e83a4158f06b4e5f83343cb","isMergeCommit":false,"messageTitle":"Fix checkstyle","messageBody":"","fileTypesAndContributionMap":{"functional-code":{"insertions":1,"deletions":2}}},{"hash":"ad0f480605c1f89362451dd3e0cfdf9cdbd21903","isMergeCommit":true,"messageTitle":"Merge branch \u0027person-card-fixes\u0027 of https://github.com/nghnaomi/tp into person-card-fixes","messageBody":"","fileTypesAndContributionMap":{}},{"hash":"984c69d5cc1cf546efb73f5f158d2d6e9314fd6a","isMergeCommit":false,"messageTitle":"Fix CI errors","messageBody":"","fileTypesAndContributionMap":{"functional-code":{"insertions":17,"deletions":14},"test-code":{"insertions":23,"deletions":25}}},{"hash":"abac1bd820cb0af00e5ad6d68b2eb7f2e46ab926","isMergeCommit":false,"messageTitle":"Update UG and fix event bug","messageBody":"","fileTypesAndContributionMap":{"functional-code":{"insertions":1,"deletions":1},"docs":{"insertions":95,"deletions":91}}},{"hash":"d8929e485d7639fdab20bbe1a47ce43920207b4c","isMergeCommit":false,"messageTitle":"Add point about case-insensitvity of channel","messageBody":"","fileTypesAndContributionMap":{"docs":{"insertions":1,"deletions":1}}},{"hash":"a6431d905772d8518cae036c45233ac7ab18c8f6","isMergeCommit":false,"messageTitle":"Fix missing field","messageBody":"","fileTypesAndContributionMap":{"docs":{"insertions":1,"deletions":2}}},{"hash":"a4dff4a8093af390c93528405ebd44878ad836f1","isMergeCommit":false,"messageTitle":"Fix prefixes and order","messageBody":"","fileTypesAndContributionMap":{"docs":{"insertions":3,"deletions":3}}}]},{"date":"2025-10-29T00:00:00","commitResults":[{"hash":"9ffe0a43f09e4defb2c0af7859a535cb75db9759","isMergeCommit":true,"messageTitle":"Merge pull request #222 from tkaixinn/add-validation","messageBody":"Add validation","fileTypesAndContributionMap":{}}]}]},"authorFileTypeContributionMap":{"gaozilin2005":{"docs":150,"functional-code":707,"test-code":1143,"other":6},"keezhenxian":{"docs":6,"functional-code":446,"test-code":480},"Chellu19":{"docs":93,"functional-code":767,"test-code":198,"other":31},"tkaixinn":{"docs":11,"functional-code":339,"test-code":697},"nghnaomi":{"docs":122,"functional-code":870,"test-code":698,"other":8}},"authorContributionVariance":{"gaozilin2005":22115.953,"keezhenxian":44848.496,"Chellu19":23329.455,"tkaixinn":9865.96,"nghnaomi":278299.75},"authorDisplayNameMap":{"gaozilin2005":"CS2103T-F14b-4 GAO ..ILIN","keezhenxian":"CS2103T-F14b-4 KEE ..XIAN","Chellu19":"CS2103T-F14b-4 CHEL..MIAH","tkaixinn":"CS2103T-F14b-4 TEO .. XIN","nghnaomi":"CS2103T-F14b-4 NAOM.. HUI"}}
