{"authorDailyContributionsMap":{"qiiiixuan":[{"date":"2025-09-19T00:00:00","commitResults":[{"hash":"927c32ae614de54bb806a9c1e144c8dc3b352928","isMergeCommit":false,"messageTitle":"Add codecov badge","messageBody":"","fileTypesAndContributionMap":{"docs":{"insertions":1,"deletions":0}}}]},{"date":"2025-10-01T00:00:00","commitResults":[{"hash":"80e3acd58949cd47e5560b8ec8d2049fe66c39cf","isMergeCommit":false,"messageTitle":"Update aboutus","messageBody":"","fileTypesAndContributionMap":{"docs":{"insertions":7,"deletions":6}}},{"hash":"1e357f6429c1aac37754446cce6d12a583b6cc3c","isMergeCommit":true,"messageTitle":"Merge pull request #19 from dominicddl/update-about-us-page","messageBody":"Add personal details in AboutUs.md","fileTypesAndContributionMap":{}},{"hash":"ad302744356aa8a34881f9ad36faa669eddfb861","isMergeCommit":false,"messageTitle":"Update github actions badge in readme","messageBody":"","fileTypesAndContributionMap":{"docs":{"insertions":1,"deletions":1}}},{"hash":"acf861201df2b4f9a648b8df6b904cd7c2de2e17","isMergeCommit":true,"messageTitle":"Merge branch \u0027master\u0027 into 32-update-readme","messageBody":"","fileTypesAndContributionMap":{}},{"hash":"45f4a84743fbb79bb90bab498311d90ba277c634","isMergeCommit":true,"messageTitle":"Merge pull request #33 from allanrobert0203/32-update-readme","messageBody":"Update acknowledgements in README","fileTypesAndContributionMap":{}},{"hash":"8a15e29f5f745f51df8c802682882cb56d0ab45f","isMergeCommit":false,"messageTitle":"Update developer guide user stories","messageBody":"","fileTypesAndContributionMap":{"docs":{"insertions":10,"deletions":8}}},{"hash":"97f88a07620d053fbb50bdcb6f8bff7128963b3e","isMergeCommit":true,"messageTitle":"Merge pull request #46 from dominicddl/update-dg-use-cases","messageBody":"Update DG use cases ","fileTypesAndContributionMap":{}},{"hash":"01c891876cb99a2c730b238fc3ed2025fafc8faf","isMergeCommit":true,"messageTitle":"Merge pull request #47 from julius-gwee/40-update-dg-glossary","messageBody":"Add glossary to the DeveloperGuide","fileTypesAndContributionMap":{}},{"hash":"60e5157870c4cf70b345395752145f6922a15091","isMergeCommit":false,"messageTitle":"Rename qixuan photo","messageBody":"","fileTypesAndContributionMap":{"docs":{"insertions":1,"deletions":1}}}]},{"date":"2025-10-08T00:00:00","commitResults":[{"hash":"b1f611565d65815695ba6933e68a92457304266f","isMergeCommit":false,"messageTitle":"Add sort command","messageBody":"","fileTypesAndContributionMap":{"functional-code":{"insertions":20,"deletions":0}}}]},{"date":"2025-10-09T00:00:00","commitResults":[{"hash":"3a8436a3b99bc6884723d43c23a3aeb7182d1f2b","isMergeCommit":true,"messageTitle":"Merge pull request #63 from dominicddl/restructure-header-component","messageBody":"Restructure header component","fileTypesAndContributionMap":{}}]},{"date":"2025-10-11T00:00:00","commitResults":[{"hash":"a2e7fa5afcab3e65b1f88920c588719eb756ba95","isMergeCommit":false,"messageTitle":"Update sort command","messageBody":"","fileTypesAndContributionMap":{"functional-code":{"insertions":45,"deletions":3}}},{"hash":"ebc9c0387e66b463bb6236629aab5fe3e28c46e3","isMergeCommit":true,"messageTitle":"Update branch to match master","messageBody":"","fileTypesAndContributionMap":{}},{"hash":"bc2101c4694d3c2606f94e6811f3b2187ed1afa2","isMergeCommit":false,"messageTitle":"Debug bugs from merge","messageBody":"","fileTypesAndContributionMap":{"functional-code":{"insertions":5,"deletions":5},"test-code":{"insertions":11,"deletions":0}}},{"hash":"8e5c2630619c930a0b1b1a363def94c3c70ee630","isMergeCommit":false,"messageTitle":"Update sort command to fit checkstyle","messageBody":"","fileTypesAndContributionMap":{"functional-code":{"insertions":4,"deletions":4}}}]},{"date":"2025-10-15T00:00:00","commitResults":[{"hash":"644fc2aff10708b3991b312d6635799b7a384c21","isMergeCommit":true,"messageTitle":"Merge pull request #78 from dominicddl/restructure-header-component-v2","messageBody":"Restructure header component v2","fileTypesAndContributionMap":{}},{"hash":"106b77d67704e015612e24a30399cda9113b4842","isMergeCommit":false,"messageTitle":"Add unit tests for sort command","messageBody":"","fileTypesAndContributionMap":{"functional-code":{"insertions":3,"deletions":0},"test-code":{"insertions":24,"deletions":0}}},{"hash":"9706f1e7ad0b57713c6c04fb72feab42ddaaaca0","isMergeCommit":true,"messageTitle":"Merge branch \u0027master\u0027 into 64-AddTesting-SortCommand","messageBody":"","fileTypesAndContributionMap":{}},{"hash":"9cd64b27c1435977b6a1c04708d0d20d30fb9020","isMergeCommit":false,"messageTitle":"Update method naming for sort command unit test","messageBody":"","fileTypesAndContributionMap":{"test-code":{"insertions":2,"deletions":2}}},{"hash":"0391208ab7205ec30ce7bba551f8d9e2f0f1aa29","isMergeCommit":true,"messageTitle":"Merge pull request #82 from dominicddl/refactor-list-ui","messageBody":"Refactor list UI","fileTypesAndContributionMap":{}}]},{"date":"2025-10-19T00:00:00","commitResults":[{"hash":"aa77412f80bc6251e31abbc3fae4840c18e20b87","isMergeCommit":false,"messageTitle":"Refactor addressbookparser to findrparser","messageBody":"","fileTypesAndContributionMap":{"functional-code":{"insertions":4,"deletions":4},"other":{"insertions":2,"deletions":2},"test-code":{"insertions":1,"deletions":1}}},{"hash":"33dbd2ef882b5f0e64d3bc86aef13dcf4e443f29","isMergeCommit":false,"messageTitle":"Link sort command to parser","messageBody":"","fileTypesAndContributionMap":{"functional-code":{"insertions":92,"deletions":0},"test-code":{"insertions":84,"deletions":0}}}]},{"date":"2025-10-22T00:00:00","commitResults":[{"hash":"30077fca897ecab9c0c72d44e840253b52401e7d","isMergeCommit":true,"messageTitle":"Merge pull request #108 from dominicddl/complete-kanban-board","messageBody":"Complete kanban board","fileTypesAndContributionMap":{}},{"hash":"72b10e9ce9de5339bf1bf4ffb8488305774e6af0","isMergeCommit":false,"messageTitle":"Add field DateAdded to Person","messageBody":"","fileTypesAndContributionMap":{"functional-code":{"insertions":104,"deletions":25},"test-code":{"insertions":33,"deletions":11}}},{"hash":"6de355d936ce91714f9b05d29aca261fb792b303","isMergeCommit":false,"messageTitle":"Add field Rating to Person","messageBody":"","fileTypesAndContributionMap":{"functional-code":{"insertions":1,"deletions":0}}},{"hash":"86d120acec13c9589459c3cab2f424c2c35640c5","isMergeCommit":false,"messageTitle":"Update methods in person and jsonadaptedperson","messageBody":"","fileTypesAndContributionMap":{"functional-code":{"insertions":25,"deletions":4}}},{"hash":"32bdc4fbe153ab51c37117cc52fe4e7491543c6a","isMergeCommit":true,"messageTitle":"Merge branch \u0027master\u0027 into 106-add-date-field","messageBody":"# Conflicts:\n#\tsrc/main/java/seedu/address/model/person/Person.java\n#\tsrc/main/java/seedu/address/storage/JsonAdaptedPerson.java\n#\tsrc/test/java/seedu/address/storage/JsonAdaptedPersonTest.java\n#\tsrc/test/java/seedu/address/testutil/PersonBuilder.java\n","fileTypesAndContributionMap":{}}]},{"date":"2025-10-23T00:00:00","commitResults":[{"hash":"19c92132d72a39be1158b0683914834b6098de51","isMergeCommit":true,"messageTitle":"Merge pull request #113 from isyraqyusof/110-create-rate-class","messageBody":"Add rating class","fileTypesAndContributionMap":{}},{"hash":"63b531f3856494d1adf6db86ce9f692be098c98b","isMergeCommit":true,"messageTitle":"Merge branch \u0027master\u0027 into 114-add-rating-field","messageBody":"","fileTypesAndContributionMap":{}},{"hash":"2cf4df1c98299fd25e6ab5293152a1810516a70b","isMergeCommit":false,"messageTitle":"Debug errors relating to new rating field in persons","messageBody":"","fileTypesAndContributionMap":{"functional-code":{"insertions":4,"deletions":3},"test-code":{"insertions":19,"deletions":18}}},{"hash":"2312e9d9c6bd56ff3a38ac65300649b58da4d125","isMergeCommit":false,"messageTitle":"Debug errors in PersonBuilder","messageBody":"","fileTypesAndContributionMap":{"test-code":{"insertions":13,"deletions":1}}},{"hash":"b20de530c12dd4d7573fcc5fc082c9e2c53383b6","isMergeCommit":false,"messageTitle":"Update person constructor for new field dateAdded","messageBody":"","fileTypesAndContributionMap":{"functional-code":{"insertions":38,"deletions":33},"test-code":{"insertions":27,"deletions":29}}},{"hash":"8ff1b3f4b9e0c5e214e6cc45d0e7a4b239aa65b4","isMergeCommit":true,"messageTitle":"Merge branch \u0027master\u0027 into 106-add-date-field","messageBody":"# Conflicts:\n#\tsrc/main/java/seedu/address/logic/commands/MoveCommand.java\n#\tsrc/main/java/seedu/address/model/person/Person.java\n#\tsrc/main/java/seedu/address/storage/JsonAdaptedPerson.java\n#\tsrc/test/java/seedu/address/storage/JsonAdaptedPersonTest.java\n#\tsrc/test/java/seedu/address/testutil/PersonBuilder.java\n","fileTypesAndContributionMap":{}},{"hash":"0b701d73395cb35aa736758c4e6a66920cc1986b","isMergeCommit":false,"messageTitle":"Resolve merge conflict","messageBody":"","fileTypesAndContributionMap":{"functional-code":{"insertions":14,"deletions":7},"test-code":{"insertions":1,"deletions":9}}},{"hash":"cc4ac9bd31ea87af1d1302f1e5891c71cd60158a","isMergeCommit":false,"messageTitle":"Implement testing for DateAdded class","messageBody":"","fileTypesAndContributionMap":{"functional-code":{"insertions":4,"deletions":23},"test-code":{"insertions":38,"deletions":0}}},{"hash":"a51baec0469cab481555b3d998305e5d2fa2f7b0","isMergeCommit":false,"messageTitle":"Update UML for person class","messageBody":"","fileTypesAndContributionMap":{"docs":{"insertions":3,"deletions":0}}},{"hash":"9c5cb0b991c46eab968c7a23ed372c26c1ed08c0","isMergeCommit":true,"messageTitle":"Merge pull request #127 from julius-gwee/126-update-uml-and-ug","messageBody":"Update UML diagram","fileTypesAndContributionMap":{}},{"hash":"2a1dc6fb0707eef468fabb9bee9d3d09d95ff629","isMergeCommit":true,"messageTitle":"Merge pull request #116 from allanrobert0203/111-search-history-navigation","messageBody":"Add search history navigation","fileTypesAndContributionMap":{}},{"hash":"be7fe665be5b8498bb2845d4e77ef15fc84c1dc0","isMergeCommit":true,"messageTitle":"Merge pull request #136 from allanrobert0203/135-update-user-guide","messageBody":"Update user guide","fileTypesAndContributionMap":{}},{"hash":"d567dc0dd1b37cd059bfb87312519a626396723f","isMergeCommit":true,"messageTitle":"Merge pull request #130 from dominicddl/update-ug","messageBody":"Add move command to UserGuide documentation","fileTypesAndContributionMap":{}},{"hash":"7be97a156caf7baeac292fcb3cae2aa927180f51","isMergeCommit":true,"messageTitle":"Merge pull request #131 from dominicddl/update-model-class-diagram","messageBody":"Update ModelClassDiagram","fileTypesAndContributionMap":{}}]},{"date":"2025-10-28T00:00:00","commitResults":[{"hash":"87d27c9271796b967089c1504f2b8cc9e990a3cf","isMergeCommit":false,"messageTitle":"Link sort command to ui","messageBody":"","fileTypesAndContributionMap":{"functional-code":{"insertions":22,"deletions":37},"test-code":{"insertions":30,"deletions":40}}},{"hash":"cda17c9335651525c685e98cb50585b02681cd01","isMergeCommit":false,"messageTitle":"Resolve checkstyle error","messageBody":"","fileTypesAndContributionMap":{"functional-code":{"insertions":1,"deletions":1}}},{"hash":"c5935d1f6494867ec9d73b3ca40e4f128905d9fb","isMergeCommit":true,"messageTitle":"Merge pull request #162 from isyraqyusof/117-update-rating-class","messageBody":"Update rating to enum class","fileTypesAndContributionMap":{}},{"hash":"3549ac1183315f6c719e51769ba2c474e0742021","isMergeCommit":true,"messageTitle":"Merge pull request #178 from dominicddl/update-delete-command","messageBody":"Update-delete-command","fileTypesAndContributionMap":{}}]},{"date":"2025-10-29T00:00:00","commitResults":[{"hash":"547b4ed79791a56a9f054542a0ffe0191b04b464","isMergeCommit":true,"messageTitle":"Merge pull request #179 from dominicddl/update-dg-move-use-case","messageBody":"Update DG for the move command","fileTypesAndContributionMap":{}},{"hash":"25febfed72e916cf2abfe832781ca9c702b645d4","isMergeCommit":true,"messageTitle":"Merge pull request #180 from julius-gwee/168-fix-tag-colours","messageBody":"Update UI to reflect Tag colour","fileTypesAndContributionMap":{}},{"hash":"2e44d8d94b2cceb6a7c202a40f719fcf892b7c02","isMergeCommit":false,"messageTitle":"Update UG with all features","messageBody":"","fileTypesAndContributionMap":{"docs":{"insertions":153,"deletions":27}}}]}],"isyraqyusof":[{"date":"2025-10-01T00:00:00","commitResults":[{"hash":"8d0905cda7b3e39e09ca5748d238b94898cb26f5","isMergeCommit":false,"messageTitle":"update about us page with isyraq info","messageBody":"","fileTypesAndContributionMap":{"docs":{"insertions":6,"deletions":6}}},{"hash":"7103cbe08dbb433d4e88a83cae89902c563414ed","isMergeCommit":true,"messageTitle":"Merge pull request #25 from qiiiixuan/24-update-aboutus","messageBody":"Update personal particulars in AboutUs","fileTypesAndContributionMap":{}},{"hash":"c9d7c17c9695e83fe039a3ef312ef1991ddaaa75","isMergeCommit":true,"messageTitle":"Merge pull request #26 from allanrobert0203/22-update-about-us-page","messageBody":"Update About Us page","fileTypesAndContributionMap":{}},{"hash":"7ff648b375da1665d29bdb95a15151b961b2f6cd","isMergeCommit":false,"messageTitle":"Update remaining parts of README","messageBody":"","fileTypesAndContributionMap":{"docs":{"insertions":9,"deletions":7}}},{"hash":"967251c34ebaaf29431aeaa208d24e8297c2a2e2","isMergeCommit":true,"messageTitle":"Merge pull request #36 from dominicddl/add-initial-ui-mockup","messageBody":"Add initial UI mockup","fileTypesAndContributionMap":{}},{"hash":"4cf36be4ca259e99f9877d652ce2e380f77fdb4b","isMergeCommit":false,"messageTitle":"Update target user and value proposition","messageBody":"","fileTypesAndContributionMap":{"docs":{"insertions":4,"deletions":1}}},{"hash":"a830c731c884e79c161c25588cd10ed0ae1815e2","isMergeCommit":true,"messageTitle":"Merge pull request #43 from allanrobert0203/42-add-non-functional-requirements","messageBody":"Add Non-Functional Requirements","fileTypesAndContributionMap":{}},{"hash":"8e53d6eeabe3aaf00dfdb55118dbcb402b7d0e0d","isMergeCommit":true,"messageTitle":"Merge pull request #49 from julius-gwee/48-fix-julius-photo-name","messageBody":"Fix Julius\u0027 photo name","fileTypesAndContributionMap":{}}]},{"date":"2025-10-09T00:00:00","commitResults":[{"hash":"c7d0bf6e6d3e4c896a6a45da138784de4aca23be","isMergeCommit":false,"messageTitle":"Update add command output","messageBody":"","fileTypesAndContributionMap":{"functional-code":{"insertions":4,"deletions":4},"docs":{"insertions":3,"deletions":3}}},{"hash":"3da69a9e160ee4a7029d2bda849ac8d5e5f3a9a6","isMergeCommit":false,"messageTitle":"Update delete command output and naming","messageBody":"","fileTypesAndContributionMap":{"functional-code":{"insertions":34,"deletions":34},"docs":{"insertions":9,"deletions":9},"test-code":{"insertions":110,"deletions":110}}},{"hash":"09b63a72aba87305f915047a851d9564a6883aec","isMergeCommit":false,"messageTitle":"Update add command naming","messageBody":"","fileTypesAndContributionMap":{"functional-code":{"insertions":17,"deletions":17},"test-code":{"insertions":54,"deletions":54}}},{"hash":"ffaaa94303102c436d60496b121952b815b6d444","isMergeCommit":false,"messageTitle":"Add test for getCandidateList function","messageBody":"","fileTypesAndContributionMap":{"functional-code":{"insertions":3,"deletions":3},"test-code":{"insertions":5,"deletions":0}}},{"hash":"5791ccfabb7c08527f8f3b374ff5868aa3a1f0c4","isMergeCommit":true,"messageTitle":"Merge pull request #74 from allanrobert0203/52-auto-save","messageBody":"Change names and add tests","fileTypesAndContributionMap":{}}]},{"date":"2025-10-16T00:00:00","commitResults":[{"hash":"b57e42ec1b0e0963c6004eed4db69b2cb0c31fd4","isMergeCommit":false,"messageTitle":"Update add command naming","messageBody":"","fileTypesAndContributionMap":{"functional-code":{"insertions":6,"deletions":6},"test-code":{"insertions":33,"deletions":33}}},{"hash":"41a38f995f969ea525c9999e48584e803ded895c","isMergeCommit":false,"messageTitle":"Update user guide to match candidate list and show mvp ui","messageBody":"","fileTypesAndContributionMap":{"docs":{"insertions":33,"deletions":33}}},{"hash":"654f15e59b1e645c92cde85ddaccbdf7588c3561","isMergeCommit":false,"messageTitle":"Fix checkstyle issue","messageBody":"","fileTypesAndContributionMap":{"test-code":{"insertions":2,"deletions":1}}},{"hash":"0063fe5b3b117ee3818f0751e45b708001ca553a","isMergeCommit":true,"messageTitle":"Merge pull request #90 from allanrobert0203/89-find-command-naming","messageBody":"Change find command names and messages","fileTypesAndContributionMap":{}},{"hash":"557750a79777cd32510e558608df380d62c3aadc","isMergeCommit":true,"messageTitle":"Merge pull request #92 from dominicddl/fix-failing-ubuntu-ci","messageBody":"Delete files related to Kanban Board Testing","fileTypesAndContributionMap":{}},{"hash":"8bf535204918e20961d6db7e23dab87ace835cf1","isMergeCommit":false,"messageTitle":"Update gui naming","messageBody":"","fileTypesAndContributionMap":{"functional-code":{"insertions":4,"deletions":4},"docs":{"insertions":2,"deletions":2}}},{"hash":"ef87cfa375eb8f639d322f0f249eb2259ea269fd","isMergeCommit":false,"messageTitle":"Revert some changes to fix codecov","messageBody":"","fileTypesAndContributionMap":{"functional-code":{"insertions":3,"deletions":3}}}]},{"date":"2025-10-19T00:00:00","commitResults":[{"hash":"311a06c93a4fb9652b53b5bef90cfe12e8658483","isMergeCommit":true,"messageTitle":"Merge pull request #98 from allanrobert0203/97-delete-command-naming","messageBody":"Update names in DeleteCommand file","fileTypesAndContributionMap":{}},{"hash":"5a101bd1f5a16e5c946bcf859836d29660f807f2","isMergeCommit":true,"messageTitle":"Merge pull request #99 from qiiiixuan/57-link-sort-to-parser","messageBody":"Link sort command to parser","fileTypesAndContributionMap":{}}]},{"date":"2025-10-22T00:00:00","commitResults":[{"hash":"55cea2880e0e4117d88b54b2b017aa6c6dfefd22","isMergeCommit":true,"messageTitle":"Merge pull request #102 from julius-gwee/100-add-new-TagList-commands","messageBody":"Add new TagList Commands","fileTypesAndContributionMap":{}},{"hash":"e3438033c058f7dbb592080519bb21e2fd1a7cd8","isMergeCommit":true,"messageTitle":"Merge pull request #103 from julius-gwee/101-update-userguide-for-tag","messageBody":"Update UserGuide for Tag Features","fileTypesAndContributionMap":{}},{"hash":"5290dd7af58369b869210bf7d0b4acd6dcf1b101","isMergeCommit":false,"messageTitle":"Add rating class","messageBody":"","fileTypesAndContributionMap":{"functional-code":{"insertions":97,"deletions":6}}},{"hash":"9a165197bbcd73965ec69aa41960b50bd79b14e0","isMergeCommit":false,"messageTitle":"Add rating tests","messageBody":"","fileTypesAndContributionMap":{"functional-code":{"insertions":1,"deletions":3},"test-code":{"insertions":60,"deletions":0}}}]},{"date":"2025-10-23T00:00:00","commitResults":[{"hash":"2bbd72a44ab454e311d464bb2d02250790c67ff7","isMergeCommit":true,"messageTitle":"Merge pull request #115 from qiiiixuan/114-add-rating-field","messageBody":"Add field Rating to Person","fileTypesAndContributionMap":{}},{"hash":"a8b7a04d323964e746d4324119d0e76732ac69ff","isMergeCommit":false,"messageTitle":"Add rate command class","messageBody":"","fileTypesAndContributionMap":{"functional-code":{"insertions":70,"deletions":0},"test-code":{"insertions":63,"deletions":0}}},{"hash":"7c548c4c095b7135ac0f9a13693dda3cb8e6f62a","isMergeCommit":false,"messageTitle":"Enable assertion in build.gradle","messageBody":"","fileTypesAndContributionMap":{"other":{"insertions":4,"deletions":0}}},{"hash":"b5fd8a8813032e5c526b1fd5b0c554f9af67e00b","isMergeCommit":true,"messageTitle":"Merge pull request #112 from qiiiixuan/106-add-date-field","messageBody":"Add field DateAdded to Person","fileTypesAndContributionMap":{}},{"hash":"439202af3184deec1679655640002bde1b4deb55","isMergeCommit":false,"messageTitle":"Add rate command parser","messageBody":"","fileTypesAndContributionMap":{"functional-code":{"insertions":37,"deletions":1},"test-code":{"insertions":47,"deletions":1}}},{"hash":"5c20192a815ce5d38ac62242220fd1c76940461c","isMergeCommit":false,"messageTitle":"Fix checkstyle issue","messageBody":"","fileTypesAndContributionMap":{"functional-code":{"insertions":0,"deletions":1}}},{"hash":"4746be7d27798ced706e184e2564fddf3a752e9a","isMergeCommit":false,"messageTitle":"Update ModelClassDiagram to add new fields","messageBody":"","fileTypesAndContributionMap":{"docs":{"insertions":11,"deletions":0}}},{"hash":"2afa45df1f275be45e3ec82db1e7f7ebaebaf2df","isMergeCommit":false,"messageTitle":"Add rating to UI","messageBody":"","fileTypesAndContributionMap":{"functional-code":{"insertions":50,"deletions":8},"test-code":{"insertions":21,"deletions":17}}},{"hash":"ef70a85c4d26cebe7018907ef33373482fe927cc","isMergeCommit":false,"messageTitle":"Update tests","messageBody":"","fileTypesAndContributionMap":{"test-code":{"insertions":17,"deletions":5}}},{"hash":"33becb1e109810630784129bb881fb34f8001219","isMergeCommit":false,"messageTitle":"Fix checkstyle","messageBody":"","fileTypesAndContributionMap":{"test-code":{"insertions":0,"deletions":2}}},{"hash":"397e27bcd9648aebe6535508f8219ccf6563b04c","isMergeCommit":false,"messageTitle":"Add test","messageBody":"","fileTypesAndContributionMap":{"test-code":{"insertions":1,"deletions":0}}},{"hash":"c06104cbef296aebc7388808eb23c0175e9cc7fb","isMergeCommit":false,"messageTitle":"Fix failing test case","messageBody":"","fileTypesAndContributionMap":{"test-code":{"insertions":2,"deletions":1}}},{"hash":"f4ad64bb99c1fbdb1ad54aa54a1df4196140e60e","isMergeCommit":false,"messageTitle":"Fix codecov","messageBody":"","fileTypesAndContributionMap":{"test-code":{"insertions":24,"deletions":24}}},{"hash":"5c53d284177e8e641aec3a64322482ba13024b2a","isMergeCommit":false,"messageTitle":"Update version number","messageBody":"","fileTypesAndContributionMap":{"functional-code":{"insertions":1,"deletions":1}}},{"hash":"545c36a6c090a802665d05c79988bc13d28bac05","isMergeCommit":false,"messageTitle":"Fix whitespace","messageBody":"","fileTypesAndContributionMap":{"docs":{"insertions":1,"deletions":1}}},{"hash":"25eefce7d78d7c46838fd48c719a8ec9820f026f","isMergeCommit":true,"messageTitle":"Merge pull request #141 from allanrobert0203/140-update-uml","messageBody":"Update UML","fileTypesAndContributionMap":{}}]},{"date":"2025-10-28T00:00:00","commitResults":[{"hash":"5c1d80e0cece2fa40eca30a230c4314c0e272e09","isMergeCommit":false,"messageTitle":"Add rate to user guide","messageBody":"","fileTypesAndContributionMap":{"docs":{"insertions":6,"deletions":0}}},{"hash":"95357cc5bafc2c72a857d675eba31c830b41d383","isMergeCommit":true,"messageTitle":"Merge pull request #154 from qiiiixuan/142-link-sort-to-ui","messageBody":"Link sort command to ui","fileTypesAndContributionMap":{}},{"hash":"a297680447a11752bbc0219e4fa23040b5a8ebc7","isMergeCommit":false,"messageTitle":"Update rating to enum class","messageBody":"","fileTypesAndContributionMap":{"functional-code":{"insertions":62,"deletions":66},"test-code":{"insertions":24,"deletions":43}}},{"hash":"78dea271d804dc184e20f47acc57d49b6be585c9","isMergeCommit":true,"messageTitle":"Merge branch \u0027master\u0027 into 117-update-rating-class","messageBody":"","fileTypesAndContributionMap":{}},{"hash":"8c1039984a9874ac81c4317996c3dde1957ccdff","isMergeCommit":false,"messageTitle":"Add tests for codecov","messageBody":"","fileTypesAndContributionMap":{"test-code":{"insertions":33,"deletions":1}}},{"hash":"00a72f688b9798d93a1df7a77902b260b5671e4c","isMergeCommit":false,"messageTitle":"Update rate command to require stage","messageBody":"","fileTypesAndContributionMap":{"functional-code":{"insertions":60,"deletions":14},"docs":{"insertions":18,"deletions":0},"test-code":{"insertions":35,"deletions":18}}},{"hash":"8822254cc631aebcab02d86853da05124736976c","isMergeCommit":false,"messageTitle":"Add tests for codecov","messageBody":"","fileTypesAndContributionMap":{"test-code":{"insertions":48,"deletions":4}}},{"hash":"ae7e64a292af29c36214284a3d8196642b7d72e1","isMergeCommit":false,"messageTitle":"Fix checkstyle errors","messageBody":"","fileTypesAndContributionMap":{"test-code":{"insertions":7,"deletions":4}}},{"hash":"d59115ab6d2fab34a94472250035c818c9aab264","isMergeCommit":true,"messageTitle":"Merge branch \u0027master\u0027 into 163-update-rate-command","messageBody":"","fileTypesAndContributionMap":{}}]},{"date":"2025-10-29T00:00:00","commitResults":[{"hash":"5083d83de019c66f4eac1a055fbb393baaa305d3","isMergeCommit":true,"messageTitle":"Merge pull request #182 from allanrobert0203/181-update-jar-file-name","messageBody":"Rename jar file","fileTypesAndContributionMap":{}},{"hash":"91d99eaf4245db3278c4525512eaf8d23527fc13","isMergeCommit":false,"messageTitle":"Update jar file name","messageBody":"","fileTypesAndContributionMap":{"other":{"insertions":1,"deletions":1}}},{"hash":"1f9e305215de76f40df7b0e03d9fc361bd17410e","isMergeCommit":true,"messageTitle":"Merge pull request #186 from julius-gwee/147-change-url-to-new-user-guide","messageBody":"Update help pop-up window","fileTypesAndContributionMap":{}},{"hash":"f580bc0dda90966cd20c7c498b2304c9f7dc51b1","isMergeCommit":false,"messageTitle":"remove short form input to rate command","messageBody":"","fileTypesAndContributionMap":{"functional-code":{"insertions":6,"deletions":11},"test-code":{"insertions":10,"deletions":17}}},{"hash":"c89c7a5cca3829bcd9e8aa1ab131b6d6f7278721","isMergeCommit":false,"messageTitle":"Update all instances of addressbook to findr in developer guide","messageBody":"","fileTypesAndContributionMap":{"docs":{"insertions":34,"deletions":34}}}]}],"julius-gwee":[{"date":"2025-10-01T00:00:00","commitResults":[{"hash":"37f8a9020155409bf4c62437ae14b5ab9ec6633d","isMergeCommit":true,"messageTitle":"Merge pull request #10 from dominicddl/add-dominic-photo","messageBody":"Add-Dominic-Photo","fileTypesAndContributionMap":{}},{"hash":"4d10818d8accae1856941eec0b370442148ac5ba","isMergeCommit":false,"messageTitle":"Add Julius\u0027 information to AboutUs page","messageBody":"","fileTypesAndContributionMap":{"docs":{"insertions":6,"deletions":6}}},{"hash":"c6f8e269dd1f7b39e42003a7aac59ee7aa3771ff","isMergeCommit":true,"messageTitle":"Merge pull request #21 from qiiiixuan/20-add-qixuan-photo","messageBody":"Add Qixuan\u0027s photo","fileTypesAndContributionMap":{}},{"hash":"498bc3ac8d9d19fcd8b80cacfc4109f6f739fcc1","isMergeCommit":false,"messageTitle":"Task B: Update project website title","messageBody":"","fileTypesAndContributionMap":{"other":{"insertions":1,"deletions":1}}},{"hash":"78e8c78ed08b5718d7eb80cb7e1acd4ed1284be5","isMergeCommit":true,"messageTitle":"Merge pull request #34 from qiiiixuan/29-update-actions-badge-link","messageBody":"Update github actions badge in readme","fileTypesAndContributionMap":{}},{"hash":"dd83434c89c99e8d56d120eebb0a4ae96263cf13","isMergeCommit":false,"messageTitle":"Add glossary to the DeveloperGuide","messageBody":"","fileTypesAndContributionMap":{"docs":{"insertions":8,"deletions":1}}},{"hash":"a7b19321016c5bf437093d3d111e3206e7e20254","isMergeCommit":false,"messageTitle":"Update AboutUs to reflect correct file name","messageBody":"","fileTypesAndContributionMap":{"docs":{"insertions":1,"deletions":1}}},{"hash":"68658d295d4fe43ac479f7cbdcda0e20cd1f2c6c","isMergeCommit":true,"messageTitle":"Merge pull request #51 from qiiiixuan/50-rename-qixuan-photo","messageBody":"Rename qixuan photo","fileTypesAndContributionMap":{}}]},{"date":"2025-10-09T00:00:00","commitResults":[{"hash":"c39d53139e15d22afae37b70f5612e2b8d040954","isMergeCommit":false,"messageTitle":"Introduce richer Tag domain object","messageBody":"Let\u0027s\n* Add colour, category and description fields\n* Update equals and hashCode\n* Adjust validation utilities\n","fileTypesAndContributionMap":{"functional-code":{"insertions":67,"deletions":2}}},{"hash":"7f32b9a918f4921e6c0895373e55ed2804b1fec5","isMergeCommit":false,"messageTitle":"Extend JSON Adapter for tags","messageBody":"Let\u0027s\n* Make adapter carry category, colour and description metadata\n* Validate each field\n","fileTypesAndContributionMap":{"functional-code":{"insertions":56,"deletions":5}}},{"hash":"5528ccecec1e55780965d8c40649d60105f8c205","isMergeCommit":false,"messageTitle":"Ammend to pass CI check","messageBody":"","fileTypesAndContributionMap":{"functional-code":{"insertions":1,"deletions":1},"docs":{"insertions":6,"deletions":6}}},{"hash":"ee458ac2bdfa7f2ddcf742886837769631f26e4c","isMergeCommit":false,"messageTitle":"Add central UniqueTagList and other features","messageBody":"","fileTypesAndContributionMap":{"functional-code":{"insertions":318,"deletions":26}}},{"hash":"68009201d155f42795c84636ffdadbc2b7894595","isMergeCommit":true,"messageTitle":"Merge branch \u0027master\u0027 into 56-enhance-tag-styling-and-model","messageBody":"","fileTypesAndContributionMap":{}},{"hash":"7f4d2f7e9a864de34ae4aeb489883790393e9c15","isMergeCommit":true,"messageTitle":"Merge branch \u0027julius-gwee-56-enhance-tag-styling-and-model\u0027 Merge to fix merge conflicts","messageBody":"","fileTypesAndContributionMap":{}},{"hash":"0c3bfea4711ccd7c8878d85c199fd46eda7a38d4","isMergeCommit":false,"messageTitle":"Revert \"Merge branch \u0027julius-gwee-56-enhance-tag-styling-and-model\u0027\"","messageBody":"This reverts commit 7f4d2f7e9a864de34ae4aeb489883790393e9c15, reversing\nchanges made to 68658d295d4fe43ac479f7cbdcda0e20cd1f2c6c.\n","fileTypesAndContributionMap":{"functional-code":{"insertions":90,"deletions":578},"docs":{"insertions":18,"deletions":18},"test-code":{"insertions":160,"deletions":165}}}]},{"date":"2025-10-10T00:00:00","commitResults":[{"hash":"021c266019836581ec03499458d8c44263578b3d","isMergeCommit":false,"messageTitle":"Revert \"Merge branch \u0027master\u0027 into 56-enhance-tag-styling-and-model\"","messageBody":"This reverts commit 68009201d155f42795c84636ffdadbc2b7894595, reversing\nchanges made to ee458ac2bdfa7f2ddcf742886837769631f26e4c.\n","fileTypesAndContributionMap":{"functional-code":{"insertions":60,"deletions":140},"docs":{"insertions":12,"deletions":12},"test-code":{"insertions":160,"deletions":165}}},{"hash":"2a9b3c48d9bbd676f464e44825492be7c5bf2f96","isMergeCommit":true,"messageTitle":"Merge branch \u0027master\u0027 of https://github.com/julius-gwee/tp","messageBody":"# Conflicts:\n#\tsrc/main/java/seedu/address/logic/Logic.java\n#\tsrc/main/java/seedu/address/logic/LogicManager.java\n#\tsrc/main/java/seedu/address/model/Model.java\n#\tsrc/main/java/seedu/address/model/ModelManager.java\n#\tsrc/main/java/seedu/address/storage/JsonSerializableFindr.java\n#\tsrc/test/java/seedu/address/logic/commands/AddCommandTest.java\n#\tsrc/test/java/seedu/address/logic/commands/CommandTestUtil.java\n#\tsrc/test/java/seedu/address/logic/commands/EditCommandTest.java\n#\tsrc/test/java/seedu/address/model/AddressBookTest.java\n#\tsrc/test/java/seedu/address/model/ModelManagerTest.java\n","fileTypesAndContributionMap":{}},{"hash":"32438d94c29ba3bf59019f88fa8964dadb14d902","isMergeCommit":true,"messageTitle":"Merge branch \u0027master\u0027 into 56-enhance-tag-styling-and-model","messageBody":"# Conflicts:\n#\tsrc/main/java/seedu/address/logic/Logic.java\n#\tsrc/main/java/seedu/address/logic/LogicManager.java\n#\tsrc/main/java/seedu/address/model/Findr.java\n#\tsrc/main/java/seedu/address/model/Model.java\n#\tsrc/main/java/seedu/address/model/ModelManager.java\n#\tsrc/main/java/seedu/address/model/ReadOnlyAddressBook.java\n#\tsrc/main/java/seedu/address/storage/JsonSerializableAddressBook.java\n#\tsrc/test/java/seedu/address/logic/commands/AddCommandTest.java\n#\tsrc/test/java/seedu/address/logic/commands/CommandTestUtil.java\n#\tsrc/test/java/seedu/address/logic/commands/EditCommandTest.java\n#\tsrc/test/java/seedu/address/model/AddressBookTest.java\n#\tsrc/test/java/seedu/address/model/ModelManagerTest.java\n","fileTypesAndContributionMap":{}},{"hash":"baea2b92fceacf16addb8f8411447cb38805258a","isMergeCommit":false,"messageTitle":"Fix bugs while merging","messageBody":"","fileTypesAndContributionMap":{"functional-code":{"insertions":312,"deletions":23},"test-code":{"insertions":18,"deletions":18}}},{"hash":"c6937758d487df00528d388a160338886b43d6b8","isMergeCommit":false,"messageTitle":"Amend to pass CI checks","messageBody":"","fileTypesAndContributionMap":{"functional-code":{"insertions":8,"deletions":8},"test-code":{"insertions":61,"deletions":61}}},{"hash":"13db6a7a5fe12d86de4db57a2be110f717b0b0f5","isMergeCommit":false,"messageTitle":"Amend to pass CI Checks 2","messageBody":"","fileTypesAndContributionMap":{"functional-code":{"insertions":3,"deletions":3}}}]},{"date":"2025-10-15T00:00:00","commitResults":[{"hash":"8a6625b2202614842d5715c1abbe495d9fdc9679","isMergeCommit":false,"messageTitle":"Update test logic and JSON storage","messageBody":"","fileTypesAndContributionMap":{"functional-code":{"insertions":53,"deletions":10},"test-code":{"insertions":112,"deletions":2}}},{"hash":"1f462133bdeef3db7bac03b673f861cacedfcec7","isMergeCommit":false,"messageTitle":"Update tests to reflect findr","messageBody":"","fileTypesAndContributionMap":{"test-code":{"insertions":62,"deletions":62}}},{"hash":"8b73884f35acf39e84fe58c25ee2f52484eb0bdf","isMergeCommit":false,"messageTitle":"Fix checkstyle errors","messageBody":"","fileTypesAndContributionMap":{"docs":{"insertions":19,"deletions":19},"test-code":{"insertions":1,"deletions":1}}},{"hash":"de6cb2da2a0a74b54096ca94d752df129c6b0934","isMergeCommit":false,"messageTitle":"Update test data to reflect tests","messageBody":"","fileTypesAndContributionMap":{"test-code":{"insertions":3,"deletions":1}}},{"hash":"1a34ba9ed7d76fea42adcbd3b478cb52284bbfd1","isMergeCommit":false,"messageTitle":"Fix SampleDataUtilTest","messageBody":"","fileTypesAndContributionMap":{"test-code":{"insertions":22,"deletions":5}}},{"hash":"83d859a949db4f695f9646bc51b6352f47f73b76","isMergeCommit":false,"messageTitle":"Redo / Update all test cases","messageBody":"","fileTypesAndContributionMap":{"test-code":{"insertions":0,"deletions":1}}}]},{"date":"2025-10-22T00:00:00","commitResults":[{"hash":"fa38409589063e9727bf4ab71dff6a5984203066","isMergeCommit":false,"messageTitle":"Lay groundwork in model layer","messageBody":"","fileTypesAndContributionMap":{"functional-code":{"insertions":126,"deletions":3}}},{"hash":"9d7520cb465d656ae52d1865f770e8ae9ac64bd2","isMergeCommit":false,"messageTitle":"Update WIP for UserGuide","messageBody":"","fileTypesAndContributionMap":{"docs":{"insertions":1,"deletions":1}}},{"hash":"b8c34d6efe9d31b75ae6fe7a8858ad56a68a6b24","isMergeCommit":false,"messageTitle":"Enforce Tags during add and edit","messageBody":"","fileTypesAndContributionMap":{"functional-code":{"insertions":81,"deletions":6}}},{"hash":"a2ca670ebebd948447c1c267078cc599934c3cc1","isMergeCommit":false,"messageTitle":"Add standalone tag management commands","messageBody":"","fileTypesAndContributionMap":{"functional-code":{"insertions":503,"deletions":0},"test-code":{"insertions":69,"deletions":0}}},{"hash":"4881b50881ce76271bcb74e3160c4553dbb7cfb6","isMergeCommit":false,"messageTitle":"Add List command for tags","messageBody":"","fileTypesAndContributionMap":{"functional-code":{"insertions":58,"deletions":0}}},{"hash":"37b35fb426adf6c6fd68c5a9c8115d12dab83bec","isMergeCommit":false,"messageTitle":"Fix checkstyle errors","messageBody":"","fileTypesAndContributionMap":{"functional-code":{"insertions":6,"deletions":6}}},{"hash":"1fdacc129682bee949701b87ea103e62d4149c33","isMergeCommit":false,"messageTitle":"Fix checkstyle errors 2","messageBody":"","fileTypesAndContributionMap":{"functional-code":{"insertions":19,"deletions":8}}},{"hash":"7e3554e46a21c4d458ebea04866c06a2beabed69","isMergeCommit":false,"messageTitle":"Implement testing for all new code","messageBody":"","fileTypesAndContributionMap":{"test-code":{"insertions":905,"deletions":9}}},{"hash":"90d85349e7b87d68db98b6749db18f2fdd6e2d0f","isMergeCommit":true,"messageTitle":"Merge branch \u0027master\u0027 into move-command-feature","messageBody":"","fileTypesAndContributionMap":{}},{"hash":"eafdc5692e18ea164424ec75677fe5d5245d28e7","isMergeCommit":true,"messageTitle":"Merge pull request #109 from dominicddl/move-command-feature","messageBody":"Move-command-feature","fileTypesAndContributionMap":{}}]},{"date":"2025-10-23T00:00:00","commitResults":[{"hash":"ad6216dcd13cec90c4cded7fa50fb0dc26384db2","isMergeCommit":false,"messageTitle":"Update UML diagram","messageBody":"","fileTypesAndContributionMap":{"docs":{"insertions":10,"deletions":10}}},{"hash":"ca0173bbff1c3cb468969e6eff75d5f875ce7577","isMergeCommit":true,"messageTitle":"Merge pull request #129 from qiiiixuan/128-update-person-UML","messageBody":"Update UML for person class","fileTypesAndContributionMap":{}}]},{"date":"2025-10-28T00:00:00","commitResults":[{"hash":"1fe8ac1dc76cd567250b96b88075a0ed71f9a25c","isMergeCommit":true,"messageTitle":"Merge pull request #160 from isyraqyusof/143-add-rate-to-user-guide","messageBody":"Add rate to user guide","fileTypesAndContributionMap":{}}]},{"date":"2025-10-29T00:00:00","commitResults":[{"hash":"8dc4d8f28abbf91727b6010ddb1a65b71c692a92","isMergeCommit":false,"messageTitle":"Update UI to reflect Tag colour","messageBody":"","fileTypesAndContributionMap":{"functional-code":{"insertions":26,"deletions":6}}},{"hash":"b824c73bc0239e3f7845ef9007f39834b5d1db8b","isMergeCommit":false,"messageTitle":"Update help pop-up window","messageBody":"","fileTypesAndContributionMap":{"functional-code":{"insertions":1,"deletions":1}}},{"hash":"5db67740e3a9a5ef37710f59466e6906000f0677","isMergeCommit":true,"messageTitle":"Merge pull request #185 from isyraqyusof/183-update-jar-file","messageBody":"Update jar file name","fileTypesAndContributionMap":{}},{"hash":"293a9607286be54df92ce2998df9eba383167a17","isMergeCommit":false,"messageTitle":"Update cover page to findr","messageBody":"","fileTypesAndContributionMap":{"docs":{"insertions":4,"deletions":4}}},{"hash":"2cb8596fde768435a468d186974f94fc30bb5c17","isMergeCommit":true,"messageTitle":"Merge pull request #189 from allanrobert0203/184-remove-non-existent-files","messageBody":"Remove non-existent files","fileTypesAndContributionMap":{}},{"hash":"2758607331ce865b0d663c2ddf839f5602b663a0","isMergeCommit":false,"messageTitle":"Update error message for Tag not found","messageBody":"","fileTypesAndContributionMap":{"functional-code":{"insertions":3,"deletions":1}}},{"hash":"efefe08833902cfe4720abdf6ccdb6268c36bbdd","isMergeCommit":false,"messageTitle":"Update more error messages to use tag not found message","messageBody":"","fileTypesAndContributionMap":{"functional-code":{"insertions":2,"deletions":2}}},{"hash":"31b46809c70d12d02c84a3192160bb426611f722","isMergeCommit":false,"messageTitle":"Fix edit and tag commands to save rating, stage and date-added","messageBody":"","fileTypesAndContributionMap":{"functional-code":{"insertions":9,"deletions":6}}},{"hash":"8c2e93a6b56a706b6032a16e18d3bf2105e5a0a3","isMergeCommit":false,"messageTitle":"Update SampleDataUtil to show new features","messageBody":"","fileTypesAndContributionMap":{"functional-code":{"insertions":18,"deletions":6}}}]}],"dominicddl":[{"date":"2025-09-19T00:00:00","commitResults":[{"hash":"0a635318c8820eaa5c76fc1766aef11dc203a289","isMergeCommit":false,"messageTitle":"Update title in AboutUs.md from \u0027About Us\u0027 to \u0027About Findr\u0027","messageBody":"","fileTypesAndContributionMap":{"docs":{"insertions":1,"deletions":1}}},{"hash":"2cdc67598067e3929462593d39f190de355a96dd","isMergeCommit":true,"messageTitle":"Merge pull request #1 from dominicddl/test-pr","messageBody":"Rename \u0027About Us\u0027","fileTypesAndContributionMap":{}},{"hash":"b92da459d3b3c1dcd43780d14747c353f3803597","isMergeCommit":true,"messageTitle":"Merge pull request #2 from dominicddl/master","messageBody":"Rename \u0027About Us\u0027","fileTypesAndContributionMap":{}}]},{"date":"2025-10-01T00:00:00","commitResults":[{"hash":"a09ed5e3290bae976a25c1efb3f0ca3d56032b72","isMergeCommit":false,"messageTitle":"Add personal details in AboutUs.md","messageBody":"","fileTypesAndContributionMap":{"docs":{"insertions":5,"deletions":5}}},{"hash":"5db975eb5b34fa1835ddbb398eb2f677996ab10a","isMergeCommit":true,"messageTitle":"Merge pull request #16 from julius-gwee/13-julius-update-aboutus","messageBody":"Add Julius\u0027 information to AboutUs page","fileTypesAndContributionMap":{}},{"hash":"2f28ab4bed1f5e18a33084517f8080ac9cc13e17","isMergeCommit":true,"messageTitle":"Merge pull request #35 from julius-gwee/28-taskB-update-project-website","messageBody":"Task B: Update project website title","fileTypesAndContributionMap":{}},{"hash":"df897a77884c96d727f53b7c58bffa32c1f33bc2","isMergeCommit":false,"messageTitle":"Update system and actor for use cases","messageBody":"","fileTypesAndContributionMap":{"docs":{"insertions":1,"deletions":1}}},{"hash":"5db72118de2252137d7052b4f9a99995fd1d51cf","isMergeCommit":false,"messageTitle":"Add use case for viewing all candidates","messageBody":"","fileTypesAndContributionMap":{"docs":{"insertions":6,"deletions":18}}},{"hash":"7ea0bccf36e3a6d4d54887adf8e52fd5a69d22d4","isMergeCommit":false,"messageTitle":"Add use case for adding a candidate","messageBody":"","fileTypesAndContributionMap":{"docs":{"insertions":23,"deletions":0}}},{"hash":"1c019e82ced53e61cf4e7450dda1edc3c4733646","isMergeCommit":false,"messageTitle":"Add a use case for deleting a candidate","messageBody":"","fileTypesAndContributionMap":{"docs":{"insertions":19,"deletions":0}}},{"hash":"8ce03ffdd74cdc5fa4d4d07354567589d95faf68","isMergeCommit":false,"messageTitle":"Add use case for autosaving changes","messageBody":"","fileTypesAndContributionMap":{"docs":{"insertions":19,"deletions":0}}},{"hash":"05b4a2c89ace6961b0afa7ae6b51d0876a72ad45","isMergeCommit":true,"messageTitle":"Merge pull request #45 from qiiiixuan/39-update-developer-guide","messageBody":"Update developer guide user stories","fileTypesAndContributionMap":{}}]},{"date":"2025-10-08T00:00:00","commitResults":[{"hash":"ef5212103b89a809fa10176f8fffc463a77f538d","isMergeCommit":false,"messageTitle":"Update CommandBox UI","messageBody":"","fileTypesAndContributionMap":{"functional-code":{"insertions":17,"deletions":4}}},{"hash":"62dec8d5262561cc313a27638dbc527c766b8caa","isMergeCommit":false,"messageTitle":"Add findr logo to header component","messageBody":"","fileTypesAndContributionMap":{"functional-code":{"insertions":14,"deletions":4}}},{"hash":"b08e376dc52be1f3c0fefdd62c62c2ff79e0c46a","isMergeCommit":false,"messageTitle":"Enhance CommandBox UI with updated prompt text and styling","messageBody":"","fileTypesAndContributionMap":{"functional-code":{"insertions":15,"deletions":1}}},{"hash":"7018854508995600cfbbcea71a7e94d05acf2530","isMergeCommit":false,"messageTitle":"Refactor CommandBox layout to include a search icon and improve styling","messageBody":"","fileTypesAndContributionMap":{"functional-code":{"insertions":15,"deletions":1}}},{"hash":"83e4849afa1684c6f00a31dd305b848b6f83a97c","isMergeCommit":false,"messageTitle":"Enhance UI styling for command input and header components","messageBody":"","fileTypesAndContributionMap":{"functional-code":{"insertions":15,"deletions":4}}}]},{"date":"2025-10-09T00:00:00","commitResults":[{"hash":"9d2985575f6fc3b9b70de3014007a6e480fab04d","isMergeCommit":false,"messageTitle":"Fix whitespace CI error","messageBody":"","fileTypesAndContributionMap":{"functional-code":{"insertions":0,"deletions":2}}},{"hash":"6c6744d435b9846eb9b2287558d9f6d348af0932","isMergeCommit":true,"messageTitle":"Merge pull request #61 from qiiiixuan/branch-create-sort-command","messageBody":"Add sort command","fileTypesAndContributionMap":{}}]},{"date":"2025-10-10T00:00:00","commitResults":[{"hash":"0a61d3d0ea7cc7e573d94f59ace0e695f45bb54c","isMergeCommit":true,"messageTitle":"Merge pull request #75 from julius-gwee/56-enhance-tag-styling-and-model","messageBody":"Enhance Tag capabilities and UniqueTagList","fileTypesAndContributionMap":{}}]},{"date":"2025-10-15T00:00:00","commitResults":[{"hash":"ad07de258cca0777e9c25bf808f8d48f79fcf26c","isMergeCommit":false,"messageTitle":"Refactor CommandBox layout to include a search icon and improve styling","messageBody":"","fileTypesAndContributionMap":{"functional-code":{"insertions":10,"deletions":1}}},{"hash":"e75630a8cc432d0e23cc46c40d19fc36928664ad","isMergeCommit":false,"messageTitle":"Enhance MainWindow layout by adding a header with title and command input placeholder","messageBody":"","fileTypesAndContributionMap":{"functional-code":{"insertions":17,"deletions":4}}},{"hash":"09ed8cad812baf4fdc5e3f2fe81676aee69fb600","isMergeCommit":false,"messageTitle":"Improve styling for header components","messageBody":"","fileTypesAndContributionMap":{"functional-code":{"insertions":71,"deletions":9}}},{"hash":"bf804b169bac1a7b25286dc7a29e96ed315764d5","isMergeCommit":false,"messageTitle":"Adjusr insets for HBox margin","messageBody":"","fileTypesAndContributionMap":{"functional-code":{"insertions":1,"deletions":1}}},{"hash":"6c5d85c46d57c12773088e213e6ce41732fc245b","isMergeCommit":true,"messageTitle":"Merge pull request #77 from qiiiixuan/62-update-sort-command","messageBody":"Update sort command","fileTypesAndContributionMap":{}},{"hash":"4c273350c68db8fe671f47b05367166d26c85f84","isMergeCommit":false,"messageTitle":"Create KanbanColumn component for kanban board layout","messageBody":"","fileTypesAndContributionMap":{"functional-code":{"insertions":75,"deletions":0}}},{"hash":"f2fac0eec84e9b490bf300a1221617bfe19713e2","isMergeCommit":false,"messageTitle":"Remove address field from PersonCard component for MVP","messageBody":"","fileTypesAndContributionMap":{"functional-code":{"insertions":0,"deletions":4}}},{"hash":"208915fe9f5abb71231ead1dc397d1fc617e4249","isMergeCommit":false,"messageTitle":"Create KanbanBoard component","messageBody":"","fileTypesAndContributionMap":{"functional-code":{"insertions":59,"deletions":0}}},{"hash":"843830706a67d38467675c1cc4985bf6a4761d43","isMergeCommit":false,"messageTitle":"Replace PersonListPanel with KanbanBoard in MainWindow","messageBody":"","fileTypesAndContributionMap":{"functional-code":{"insertions":8,"deletions":9}}},{"hash":"bb5e3d3bc2715f4729fc1a10071c0620a9d38cbc","isMergeCommit":false,"messageTitle":"Add CSS styling for kanban board aesthetic","messageBody":"","fileTypesAndContributionMap":{"functional-code":{"insertions":66,"deletions":0}}},{"hash":"5e32d7e4c50a85ab07f12986b8ce460e90f5a666","isMergeCommit":false,"messageTitle":"Add unit tests for kanban board components","messageBody":"","fileTypesAndContributionMap":{"test-code":{"insertions":203,"deletions":0}}},{"hash":"5dfcdfc173a5a54c270085641a2aedcf484d7079","isMergeCommit":false,"messageTitle":"Fix failing checkstyle tests","messageBody":"","fileTypesAndContributionMap":{"functional-code":{"insertions":1,"deletions":1},"test-code":{"insertions":2,"deletions":2}}},{"hash":"e2b03380da77a5e35a9eda7e15e21bfeba1bd654","isMergeCommit":false,"messageTitle":"Remove whitespaces causing CI/CD failures","messageBody":"","fileTypesAndContributionMap":{"functional-code":{"insertions":2,"deletions":2}}},{"hash":"1c15ebff3419c9717b35848fe99eac1e2effb496","isMergeCommit":true,"messageTitle":"Merge pull request #81 from julius-gwee/79-debug-tag-tests","messageBody":"Debug tests realated to tags","fileTypesAndContributionMap":{}},{"hash":"656a6a998d7ed22258782e6f1f869bb059e70de6","isMergeCommit":true,"messageTitle":"Merge branch \u0027master\u0027 into refactor-list-ui","messageBody":"","fileTypesAndContributionMap":{}},{"hash":"d4c756492ed862a4b451bb5bff71d5f701352085","isMergeCommit":false,"messageTitle":"Add codecov configuration to handle UI component coverage","messageBody":"","fileTypesAndContributionMap":{"other":{"insertions":25,"deletions":0}}},{"hash":"72e07485fc7fd2dc34d0382f7222ffa9b9d6eba8","isMergeCommit":false,"messageTitle":"Fix trailing whitespace errors","messageBody":"","fileTypesAndContributionMap":{"other":{"insertions":1,"deletions":2}}},{"hash":"d18d63dbb57e17007db053d33126ada0a8f0be0c","isMergeCommit":false,"messageTitle":"Refactor test cases to ensure proper test coverage","messageBody":"","fileTypesAndContributionMap":{"other":{"insertions":10,"deletions":24},"test-code":{"insertions":140,"deletions":107}}},{"hash":"51555bb80fa83cf9599d1a038cd61cc3244264ba","isMergeCommit":false,"messageTitle":"Fix gradle file whitespace errors","messageBody":"","fileTypesAndContributionMap":{"other":{"insertions":2,"deletions":2}}},{"hash":"d1efb9d61c67d8ca09bf097b61185524f8cce229","isMergeCommit":false,"messageTitle":"Enhance JavaFX toolkit initialization in GuiTestUtil","messageBody":"","fileTypesAndContributionMap":{"test-code":{"insertions":7,"deletions":0}}},{"hash":"d82f2eb81c67ef3d0359d61123b5b48acb7c0d87","isMergeCommit":true,"messageTitle":"Merge pull request #83 from qiiiixuan/64-AddTesting-SortCommand","messageBody":"Add unit tests for sort command","fileTypesAndContributionMap":{}},{"hash":"a7c6cdf0161aee1e016f43003d5a907bcda2e6ab","isMergeCommit":false,"messageTitle":"Ensure build.gradle file remains untouched","messageBody":"","fileTypesAndContributionMap":{"other":{"insertions":0,"deletions":10}}},{"hash":"778f06dda6e6dbd2a681f1bb23922fe8cb1b97c7","isMergeCommit":false,"messageTitle":"Fix hanging test case issue","messageBody":"","fileTypesAndContributionMap":{"test-code":{"insertions":50,"deletions":5}}},{"hash":"92c64afe882bc8e28e66ab38329aa84aa4566749","isMergeCommit":false,"messageTitle":"Fix test coverage","messageBody":"","fileTypesAndContributionMap":{"test-code":{"insertions":145,"deletions":24}}},{"hash":"9c0a1610682c06eb8085515ef3be10a98f0fbb89","isMergeCommit":false,"messageTitle":"Add test constructors to KanbanBoard","messageBody":"","fileTypesAndContributionMap":{"functional-code":{"insertions":60,"deletions":2},"test-code":{"insertions":26,"deletions":163}}}]},{"date":"2025-10-16T00:00:00","commitResults":[{"hash":"c96b00b9693fd8b9779c4368c9811786a34d47ef","isMergeCommit":false,"messageTitle":"Delete files related to Kanban Board Testing","messageBody":"","fileTypesAndContributionMap":{"test-code":{"insertions":0,"deletions":272}}}]},{"date":"2025-10-22T00:00:00","commitResults":[{"hash":"5ef86f57d0b47124025c12df2d9386f5b0c913e9","isMergeCommit":false,"messageTitle":"Remove test constructors","messageBody":"","fileTypesAndContributionMap":{"functional-code":{"insertions":0,"deletions":28}}},{"hash":"581949cb833222728fef0a71459acf85203c354b","isMergeCommit":false,"messageTitle":"Implement full kanban board list","messageBody":"","fileTypesAndContributionMap":{"functional-code":{"insertions":34,"deletions":43}}},{"hash":"f38b76484eb602f2870b382ff46f83aee8292095","isMergeCommit":false,"messageTitle":"Add dynamic styling to kanban board","messageBody":"","fileTypesAndContributionMap":{"functional-code":{"insertions":7,"deletions":4}}},{"hash":"be15241e4b76e8b9600053bf7993d0bafd456d58","isMergeCommit":false,"messageTitle":"Create Stage Enum","messageBody":"","fileTypesAndContributionMap":{"functional-code":{"insertions":64,"deletions":0}}},{"hash":"38b5b2540a11f475bee5121bae01f56949c1a633","isMergeCommit":false,"messageTitle":"Update person model to include Stage field","messageBody":"","fileTypesAndContributionMap":{"functional-code":{"insertions":22,"deletions":3}}},{"hash":"f04853426c4c0582909b18ab452edb136d78b32c","isMergeCommit":false,"messageTitle":"Update JSON storage to include stage field","messageBody":"","fileTypesAndContributionMap":{"functional-code":{"insertions":18,"deletions":2}}},{"hash":"9c82ae8a9a7f7a27a672f658ce10213b4152b58e","isMergeCommit":false,"messageTitle":"Create MoveCommand class","messageBody":"","fileTypesAndContributionMap":{"functional-code":{"insertions":120,"deletions":0}}},{"hash":"af2159f0c99a6ba6211fd95cae6dc70d9c2e4f8e","isMergeCommit":false,"messageTitle":"Create MoveCommandParser","messageBody":"","fileTypesAndContributionMap":{"functional-code":{"insertions":63,"deletions":0}}},{"hash":"4f4663f9fe589e5394a73a993d396f11b2e5e8d7","isMergeCommit":false,"messageTitle":"Update FindrParser to include MoveCommand","messageBody":"","fileTypesAndContributionMap":{"functional-code":{"insertions":4,"deletions":0}}},{"hash":"9a0ad96865be3c1eac9cf6735a9d56091533de38","isMergeCommit":false,"messageTitle":"Update CLI syntax","messageBody":"","fileTypesAndContributionMap":{"functional-code":{"insertions":2,"deletions":0}}},{"hash":"f5e0c8c3951c74e7122c1aa942e5562a00a6193b","isMergeCommit":false,"messageTitle":"Add parseStage method for parsing and validation","messageBody":"","fileTypesAndContributionMap":{"functional-code":{"insertions":16,"deletions":0}}},{"hash":"7d8f4e4fbe152bafab14319ddd83886ec79f472d","isMergeCommit":false,"messageTitle":"Update KanbanBoard UI to filter candidates by stage","messageBody":"","fileTypesAndContributionMap":{"functional-code":{"insertions":16,"deletions":11}}},{"hash":"322c494f5414407b5b43d93eb77c6363763b60fb","isMergeCommit":false,"messageTitle":"Create tests for move feature","messageBody":"","fileTypesAndContributionMap":{"test-code":{"insertions":342,"deletions":0}}},{"hash":"5675484512785ecee9e1b420d889a28897b4c03e","isMergeCommit":false,"messageTitle":"Update support classes","messageBody":"","fileTypesAndContributionMap":{"test-code":{"insertions":13,"deletions":1}}},{"hash":"b61624591de65c2911248b21ac83e993cb247ffb","isMergeCommit":false,"messageTitle":"Update existing tests for Person model changes","messageBody":"","fileTypesAndContributionMap":{"test-code":{"insertions":16,"deletions":10}}},{"hash":"9bdf08d6a93abc4fd413c55ca0908b005f1b958a","isMergeCommit":false,"messageTitle":"Implement stage-relative indexing for move command","messageBody":"","fileTypesAndContributionMap":{"functional-code":{"insertions":23,"deletions":17}}},{"hash":"b87a3f02a924351e79674fabff1c750143bea659","isMergeCommit":false,"messageTitle":"Update MoveCommandTest","messageBody":"","fileTypesAndContributionMap":{"test-code":{"insertions":3,"deletions":7}}}]},{"date":"2025-10-23T00:00:00","commitResults":[{"hash":"33082719062967db319c97f6d960397b393d5b15","isMergeCommit":false,"messageTitle":"Update ModelClassDiagram","messageBody":"","fileTypesAndContributionMap":{"docs":{"insertions":3,"deletions":3}}},{"hash":"18491476cff1cd824769419cdd8945ee714ee4aa","isMergeCommit":false,"messageTitle":"Add move command to UserGuide documentation","messageBody":"","fileTypesAndContributionMap":{"docs":{"insertions":22,"deletions":0}}}]},{"date":"2025-10-28T00:00:00","commitResults":[{"hash":"feaf01d6c77728af1c876ccf87e37a7564f416a2","isMergeCommit":false,"messageTitle":"Update delete command functionality","messageBody":"","fileTypesAndContributionMap":{"functional-code":{"insertions":70,"deletions":10}}},{"hash":"5144ac4aeeb0ac9f39863e8749c8c73652f716fd","isMergeCommit":false,"messageTitle":"Update delete command tests","messageBody":"","fileTypesAndContributionMap":{"test-code":{"insertions":96,"deletions":1}}},{"hash":"7bb83f479919f76d4cdd62e4c041dbee9fddbb18","isMergeCommit":false,"messageTitle":"Update UG","messageBody":"","fileTypesAndContributionMap":{"docs":{"insertions":8,"deletions":4}}},{"hash":"a204b43e8ad9060fcbd99457662b25755d2ce0fd","isMergeCommit":false,"messageTitle":"Update DG for the move command","messageBody":"","fileTypesAndContributionMap":{"docs":{"insertions":46,"deletions":11}}}]},{"date":"2025-10-29T00:00:00","commitResults":[{"hash":"3cf05769f2c2184e5d9c06a9765b152fcc3be137","isMergeCommit":false,"messageTitle":"Update status bar footer","messageBody":"","fileTypesAndContributionMap":{"functional-code":{"insertions":1,"deletions":1},"test-code":{"insertions":1,"deletions":1}}},{"hash":"1765fb4fbb71fa1e9072e40b9afd9cc9b79e3f39","isMergeCommit":false,"messageTitle":"Change terminal output header","messageBody":"","fileTypesAndContributionMap":{"functional-code":{"insertions":8,"deletions":8}}},{"hash":"a726a3b4f65140241b0fd99150f8786b47484a01","isMergeCommit":false,"messageTitle":"Remove addressbook icons","messageBody":"","fileTypesAndContributionMap":{"functional-code":{"insertions":2,"deletions":15},"test-code":{"insertions":1,"deletions":1}}},{"hash":"f49c81fe8b69e20623fdafcf4736dc6f665607b7","isMergeCommit":false,"messageTitle":"Update clear message success","messageBody":"","fileTypesAndContributionMap":{"functional-code":{"insertions":1,"deletions":1}}},{"hash":"ebfd99891f2830d7db29f3462b00a0ffe6d928e2","isMergeCommit":false,"messageTitle":"Update clear command","messageBody":"","fileTypesAndContributionMap":{"functional-code":{"insertions":114,"deletions":5}}},{"hash":"e1d1d82065e967db5ace58811e0f7ded2d0e17cb","isMergeCommit":false,"messageTitle":"Update clear command tests","messageBody":"","fileTypesAndContributionMap":{"test-code":{"insertions":144,"deletions":6}}},{"hash":"79dc8e223fbac98b55b104e049d9dab53c04cbf5","isMergeCommit":false,"messageTitle":"Update edit command to indicate stage","messageBody":"","fileTypesAndContributionMap":{"functional-code":{"insertions":43,"deletions":10},"test-code":{"insertions":3,"deletions":2}}},{"hash":"8845aaaae1020bf17c1360f4ef01ba8b01ae5024","isMergeCommit":false,"messageTitle":"Update tests for edit","messageBody":"","fileTypesAndContributionMap":{"test-code":{"insertions":57,"deletions":43}}},{"hash":"2a5984967215b11e6aed0e872c58ea7d5fcf44ec","isMergeCommit":false,"messageTitle":"Update delete command to enforce from/","messageBody":"","fileTypesAndContributionMap":{"functional-code":{"insertions":26,"deletions":43},"test-code":{"insertions":1,"deletions":1}}},{"hash":"a06db3f959f45766532ac04e96cb317b7819a802","isMergeCommit":false,"messageTitle":"Update delete test cases","messageBody":"","fileTypesAndContributionMap":{"test-code":{"insertions":18,"deletions":27}}},{"hash":"285fd39c14957bb2ca910f57cc6ac47b3765eae8","isMergeCommit":true,"messageTitle":"Merge pull request #197 from allanrobert0203/191-add-error-message-for-search-navigation","messageBody":"Add error message for search navigation","fileTypesAndContributionMap":{}},{"hash":"55d77bcfa22f2488347374f8e4245f5d02ba54f0","isMergeCommit":true,"messageTitle":"Merge pull request #200 from qiiiixuan/153-add-sort-to-ug","messageBody":"Update UG with all features","fileTypesAndContributionMap":{}},{"hash":"05a30a35b6618188854bb3fb25b03881ee9ef668","isMergeCommit":true,"messageTitle":"Merge pull request #201 from julius-gwee/172-bugfix-silent-resetting","messageBody":"Bugfix silent resetting","fileTypesAndContributionMap":{}},{"hash":"e4f01dc618ecd97ce3c1c46f5599ec42d0d76c83","isMergeCommit":true,"messageTitle":"Merge pull request #198 from isyraqyusof/195-update-dg-to-findr","messageBody":"Update all instances of addressbook to findr in developer guide","fileTypesAndContributionMap":{}}]}],"allanrobert0203":[{"date":"2025-10-01T00:00:00","commitResults":[{"hash":"7e85ac183a37c619ac2f840fce8ac7557336e254","isMergeCommit":false,"messageTitle":"Update About Us page","messageBody":"","fileTypesAndContributionMap":{"docs":{"insertions":6,"deletions":6}}},{"hash":"7754f715ece0e7f22604d06fd8592474873121d1","isMergeCommit":true,"messageTitle":"Merge pull request #27 from isyraqyusof/23-update-about-us-page","messageBody":"Update about us page with isyraq info","fileTypesAndContributionMap":{}},{"hash":"76659d9709e04ea0dfd4c6213488f915802f5074","isMergeCommit":false,"messageTitle":"Update acknowledgements in README","messageBody":"","fileTypesAndContributionMap":{"docs":{"insertions":1,"deletions":1}}},{"hash":"dc5a68b6ebbb1e7314f7b4b28f7cbd503321df39","isMergeCommit":true,"messageTitle":"Merge pull request #37 from isyraqyusof/32-update-readme","messageBody":"Update remaining parts of README","fileTypesAndContributionMap":{}},{"hash":"606fe3b853593cda712af5f42c7597f36a6c03e1","isMergeCommit":false,"messageTitle":"Add Non-Functional Requirements","messageBody":"","fileTypesAndContributionMap":{"docs":{"insertions":3,"deletions":0}}},{"hash":"426099e96ebb3bf4aad98180a21da67e6d5bf635","isMergeCommit":true,"messageTitle":"Merge pull request #44 from isyraqyusof/41-update-dg","messageBody":"Update target user and value proposition","fileTypesAndContributionMap":{}}]},{"date":"2025-10-09T00:00:00","commitResults":[{"hash":"5794a3519e71350599145904b4944232f44da8dc","isMergeCommit":true,"messageTitle":"Merge pull request #65 from isyraqyusof/58-update-add-command","messageBody":"Update add command output","fileTypesAndContributionMap":{}},{"hash":"320cd7774b2a25a1c1ed24409ba5cc405d4df886","isMergeCommit":true,"messageTitle":"Merge pull request #68 from isyraqyusof/66-update-delete-command","messageBody":"Update delete command output and naming","fileTypesAndContributionMap":{}},{"hash":"7fc95d8a4d6f50761dc24fcc770e520e5db246d8","isMergeCommit":true,"messageTitle":"Merge pull request #71 from isyraqyusof/69-update-add-naming","messageBody":"Update add command naming","fileTypesAndContributionMap":{}},{"hash":"717b5b45afb245c46b42ac53d2d820cd01be7c37","isMergeCommit":false,"messageTitle":"Change names and add tests","messageBody":"","fileTypesAndContributionMap":{"functional-code":{"insertions":109,"deletions":108},"other":{"insertions":57,"deletions":57},"docs":{"insertions":1,"deletions":1},"test-code":{"insertions":338,"deletions":268}}},{"hash":"622735db78b5ce7d8f37411192b78ad6935b3034","isMergeCommit":false,"messageTitle":"Change checkstyle","messageBody":"","fileTypesAndContributionMap":{"test-code":{"insertions":4,"deletions":5}}},{"hash":"545cc9aaf7b5fb2c7d6a30328ac9b80d4e3aaeb7","isMergeCommit":false,"messageTitle":"Increase test coverage","messageBody":"","fileTypesAndContributionMap":{"functional-code":{"insertions":1,"deletions":1},"test-code":{"insertions":178,"deletions":12}}},{"hash":"5eac345e6fba33935b7450480873c0f45ebac288","isMergeCommit":false,"messageTitle":"Revert \"Increase test coverage\" Some tests were removed This reverts commit 545cc9aaf7b5fb2c7d6a30328ac9b80d4e3aaeb7.","messageBody":"","fileTypesAndContributionMap":{"functional-code":{"insertions":1,"deletions":1},"test-code":{"insertions":12,"deletions":178}}}]},{"date":"2025-10-16T00:00:00","commitResults":[{"hash":"ed84a97542f56e8df87ff80182dd8c7dd0a47ad6","isMergeCommit":true,"messageTitle":"Merge pull request #87 from isyraqyusof/85-update-add-command-naming","messageBody":"Update add command naming","fileTypesAndContributionMap":{}},{"hash":"16c59f66f7db38442a6c1336ee651491e1922240","isMergeCommit":true,"messageTitle":"Merge pull request #88 from isyraqyusof/86-update-user-guide","messageBody":"Update user guide to match candidate list and show mvp ui","fileTypesAndContributionMap":{}},{"hash":"0fe46b076bccd78ee5383f641c6d8d4948d739fe","isMergeCommit":false,"messageTitle":"Change find command names and messages","messageBody":"","fileTypesAndContributionMap":{"functional-code":{"insertions":5,"deletions":5}}},{"hash":"f8c06a1daaf7bbe886aa7471e787e665b9c72bfd","isMergeCommit":true,"messageTitle":"Merge pull request #94 from isyraqyusof/93-update-gui-naming","messageBody":"Update gui naming","tags":["v1.3"],"fileTypesAndContributionMap":{}}]},{"date":"2025-10-19T00:00:00","commitResults":[{"hash":"409622e25affcd5cb24f99db88b1b9d4cd55177f","isMergeCommit":true,"messageTitle":"Merge pull request #96 from qiiiixuan/95-refactor-addressbookparser","messageBody":"Refactor addressbookparser to findrparser","fileTypesAndContributionMap":{}},{"hash":"7ff88028eb10801de9a129e28016e6e49700a189","isMergeCommit":false,"messageTitle":"Update names in DeleteCommand file","messageBody":"","fileTypesAndContributionMap":{"functional-code":{"insertions":3,"deletions":3}}}]},{"date":"2025-10-22T00:00:00","commitResults":[{"hash":"3d70942a8fea943e7d3c772470befa752995f931","isMergeCommit":false,"messageTitle":"Add search history navigation","messageBody":"","fileTypesAndContributionMap":{"functional-code":{"insertions":291,"deletions":9},"test-code":{"insertions":15,"deletions":5}}}]},{"date":"2025-10-23T00:00:00","commitResults":[{"hash":"4f2f516165d71db7b02acb10e0e7aa7cfc337954","isMergeCommit":false,"messageTitle":"Add more tests to new and modified files","messageBody":"","fileTypesAndContributionMap":{"functional-code":{"insertions":4,"deletions":4},"test-code":{"insertions":221,"deletions":0}}},{"hash":"f038f633337e27cc3618e30f42cf447cb5ab7f80","isMergeCommit":true,"messageTitle":"Merge pull request #121 from isyraqyusof/118-add-rate-command","messageBody":"Add rate command class","fileTypesAndContributionMap":{}},{"hash":"2e2df0662f09eccb9da791c049683a5eb8a81cc8","isMergeCommit":true,"messageTitle":"Merge pull request #123 from isyraqyusof/122-enable-assertion","messageBody":"Enable assertion in build.gradle","fileTypesAndContributionMap":{}},{"hash":"6e0448d9eb39fa2513ad1fb988f0330370f60252","isMergeCommit":false,"messageTitle":"More test coverage","messageBody":"","fileTypesAndContributionMap":{"functional-code":{"insertions":22,"deletions":6},"other":{"insertions":2,"deletions":0},"test-code":{"insertions":701,"deletions":2}}},{"hash":"07eaf8d419a0f128ed5c5597ce38d47a2ddd87e4","isMergeCommit":false,"messageTitle":"Undo some tests","messageBody":"","fileTypesAndContributionMap":{"functional-code":{"insertions":6,"deletions":22},"other":{"insertions":0,"deletions":2},"test-code":{"insertions":2,"deletions":701}}},{"hash":"524f42a15d62cfdb9082c993671f78cf402c27b7","isMergeCommit":false,"messageTitle":"Enhance MainApp Tests","messageBody":"","fileTypesAndContributionMap":{"test-code":{"insertions":214,"deletions":6}}},{"hash":"aa9933bd3500d85777b0b127e95a988ba50ccd12","isMergeCommit":false,"messageTitle":"Add commandbox testing","messageBody":"","fileTypesAndContributionMap":{"functional-code":{"insertions":4,"deletions":0},"test-code":{"insertions":190,"deletions":0}}},{"hash":"2ad1c96a1b615a5ff3dfcb068cf93e83def1eedd","isMergeCommit":true,"messageTitle":"Merge pull request #125 from isyraqyusof/124-add-rate-command-parser","messageBody":"Add rate command parser","fileTypesAndContributionMap":{}},{"hash":"504c8880f8b9d5dcf52c0d96955fbb902f02dcaf","isMergeCommit":true,"messageTitle":"Merge pull request #133 from isyraqyusof/132-update-model-class-diagram","messageBody":"Update ModelClassDiagram to add new fields","fileTypesAndContributionMap":{}},{"hash":"5ca06e2cb63df5cdbc726466e9839256033caee6","isMergeCommit":false,"messageTitle":"Revert \"Add commandbox testing\"","messageBody":"This reverts commit aa9933bd3500d85777b0b127e95a988ba50ccd12.\n","fileTypesAndContributionMap":{"functional-code":{"insertions":0,"deletions":4},"test-code":{"insertions":0,"deletions":190}}},{"hash":"2c5e859a38b97fa0bbe57950ac5581dee4f0f217","isMergeCommit":false,"messageTitle":"Ignore UI coverage","messageBody":"","fileTypesAndContributionMap":{"other":{"insertions":6,"deletions":0}}},{"hash":"8c79d1ac35400cde2e38e7f57180681d817ec904","isMergeCommit":false,"messageTitle":"Add newline","messageBody":"","fileTypesAndContributionMap":{"other":{"insertions":1,"deletions":1}}},{"hash":"7c35d4c73d3b3f5c2cf96d47a02d9974fa9ac35d","isMergeCommit":false,"messageTitle":"Update file path","messageBody":"","fileTypesAndContributionMap":{"other":{"insertions":2,"deletions":5}}},{"hash":"dd496584e44cb44d7d644594d3dc3fe41e009eff","isMergeCommit":false,"messageTitle":"Add search history navigation to user guide","messageBody":"","fileTypesAndContributionMap":{"docs":{"insertions":7,"deletions":0}}},{"hash":"53e46a6f1625647b20acfc55fa7702baff439133","isMergeCommit":true,"messageTitle":"Merge pull request #137 from isyraqyusof/134-add-rating-to-ui","messageBody":"Add rating to UI","fileTypesAndContributionMap":{}},{"hash":"ecc6c716518fc8b351dc7629a0f8bd20819ce712","isMergeCommit":true,"messageTitle":"Merge pull request #139 from isyraqyusof/138-update-version-number","messageBody":"Update version number","tags":["v1.4"],"fileTypesAndContributionMap":{}},{"hash":"d1473fd2db5640cbcff98f396261c16441723ec2","isMergeCommit":false,"messageTitle":"Update UML","messageBody":"","fileTypesAndContributionMap":{"docs":{"insertions":3,"deletions":3}}}]},{"date":"2025-10-28T00:00:00","commitResults":[{"hash":"01219239920a5e967e9f7bb6345e08bfa6e92a1d","isMergeCommit":true,"messageTitle":"Merge pull request #165 from isyraqyusof/163-update-rate-command","messageBody":"Update rate command to require stage","fileTypesAndContributionMap":{}}]},{"date":"2025-10-29T00:00:00","commitResults":[{"hash":"87a17ab497db4125f8a4244ca358015444838eab","isMergeCommit":false,"messageTitle":"Rename jar file","messageBody":"","fileTypesAndContributionMap":{"docs":{"insertions":4,"deletions":4}}},{"hash":"d9417f586b3a20b9dad6b6164a3186c84e017839","isMergeCommit":false,"messageTitle":"Remove non-existent files","messageBody":"","fileTypesAndContributionMap":{"test-code":{"insertions":9,"deletions":9}}},{"hash":"b4e1acda1b24bc270b3ec49e6862c43a43bb5353","isMergeCommit":true,"messageTitle":"Merge pull request #192 from dominicddl/remove-address-book-ui","messageBody":"Remove address book UI","fileTypesAndContributionMap":{}},{"hash":"e7646696d28b0750c18fce63958515ca4200cd47","isMergeCommit":true,"messageTitle":"Merge pull request #188 from julius-gwee/166-change-cover-page-information","messageBody":"Update cover page to findr","fileTypesAndContributionMap":{}},{"hash":"eefd4601e305a3ffa0106f6465db41f0a72ac8f4","isMergeCommit":true,"messageTitle":"Merge pull request #190 from julius-gwee/145-update-add-tag-error-message","messageBody":"Update error message for Tag not found","fileTypesAndContributionMap":{}},{"hash":"e0c79b0c1f8be0772aae8b16456923ed6a00b676","isMergeCommit":true,"messageTitle":"Merge pull request #193 from isyraqyusof/187-remove-short-form-rate","messageBody":"Remove short form input to rate command","fileTypesAndContributionMap":{}},{"hash":"4659702ec70584040531bce50fc9abb6a39e77fd","isMergeCommit":true,"messageTitle":"Merge pull request #194 from dominicddl/fix-clear-command-bug","messageBody":"Fix clear command bug","fileTypesAndContributionMap":{}},{"hash":"627c5644ffcfbb6c468d709d69b232788c1c95dc","isMergeCommit":true,"messageTitle":"Merge pull request #196 from julius-gwee/145b-update-more-error-messages","messageBody":"Update more error messages to use tag not found message","fileTypesAndContributionMap":{}},{"hash":"e425d874d274c4a53f36272ce99fd32d0b6728f6","isMergeCommit":false,"messageTitle":"Add error message for search navigation","messageBody":"","fileTypesAndContributionMap":{"functional-code":{"insertions":28,"deletions":9}}},{"hash":"48f268e0269a6285065b30c0d8da92e8b9a9dae3","isMergeCommit":false,"messageTitle":"Fix checkstyle","messageBody":"","fileTypesAndContributionMap":{"functional-code":{"insertions":2,"deletions":1}}},{"hash":"c2306b2109a4b4fc6fd08d918c0b0494d23d2482","isMergeCommit":true,"messageTitle":"Merge pull request #199 from dominicddl/fix-index-based-commands","messageBody":"Fix index based commands","fileTypesAndContributionMap":{}}]}]},"authorFileTypeContributionMap":{"qiiiixuan":{"docs":166,"functional-code":260,"test-code":216},"isyraqyusof":{"docs":93,"functional-code":307,"test-code":343,"other":3},"julius-gwee":{"docs":28,"functional-code":1243,"test-code":1182,"other":1},"dominicddl":{"docs":115,"functional-code":852,"test-code":646},"allanrobert0203":{"docs":25,"functional-code":458,"test-code":764,"other":3}},"authorContributionVariance":{"qiiiixuan":4479.8433,"isyraqyusof":14110.877,"julius-gwee":152245.75,"dominicddl":68418.375,"allanrobert0203":168501.42},"authorDisplayNameMap":{"qiiiixuan":"CS2103T-F14a-2 ZHU ..XUAN","isyraqyusof":"CS2103T-F14a-2 MOHA..USOF","julius-gwee":"CS2103T-F14a-2 JULI.. HAN","dominicddl":"CS2103T-F14a-2 CABA.. LOR","allanrobert0203":"CS2103T-F14a-2 JOHN..BERT"}}
