{"authorDailyContributionsMap":{"camlin-tan":[{"date":"2025-10-01T00:00:00","commitResults":[{"hash":"bcd6a9e8262e0046187e4a71f8a469f635901d6e","isMergeCommit":true,"messageTitle":"Merge pull request #16 from w3njii/9-add-wenjie-photo","messageBody":"Add Wenjie\u0027s Photo","fileTypesAndContributionMap":{}},{"hash":"f8fff164aa31882fef77f46894d6ef978643c172","isMergeCommit":false,"messageTitle":"Update AboutUs.md","messageBody":"","fileTypesAndContributionMap":{"docs":{"insertions":52,"deletions":6}}},{"hash":"827ef4c987fb36bf3651592765d43cf76ae4ae73","isMergeCommit":false,"messageTitle":"Update camlin-tan.md","messageBody":"","fileTypesAndContributionMap":{"docs":{"insertions":3,"deletions":3}}},{"hash":"9260673dc2bcc62268913c54262034b2b0402e4a","isMergeCommit":true,"messageTitle":"Merge pull request #23 from SoyWater/17-update-about-us","messageBody":"Update Ivan\u0027s info in About Us page","fileTypesAndContributionMap":{}},{"hash":"2157f26d3e4aa4cc3eb31d3930cc2519d89f16ff","isMergeCommit":true,"messageTitle":"Merge branch \u0027master\u0027 into 20-update-aboutus","messageBody":"","fileTypesAndContributionMap":{}},{"hash":"a67f83f5b5fdd68c1fa031db3094d2f0e032de1c","isMergeCommit":true,"messageTitle":"Merge pull request #24 from camlin-tan/20-update-aboutus","messageBody":"Update Camlin\u0027s Details in AboutUs","fileTypesAndContributionMap":{}},{"hash":"64ca9ec37c42611cc9c2d2e074e89f6242316152","isMergeCommit":false,"messageTitle":"Update use cases","messageBody":"","fileTypesAndContributionMap":{"docs":{"insertions":74,"deletions":20}}},{"hash":"f08f1d50259705af27fa41fd1da97c0b5c25bed6","isMergeCommit":false,"messageTitle":"Update use case","messageBody":"","fileTypesAndContributionMap":{"docs":{"insertions":5,"deletions":5}}}]},{"date":"2025-10-08T00:00:00","commitResults":[{"hash":"04283e23d6e6c313d755a34656d5ab797a3164fd","isMergeCommit":false,"messageTitle":"Add support for blood type in CliSyntax","messageBody":"","fileTypesAndContributionMap":{"functional-code":{"insertions":13,"deletions":7}}},{"hash":"822fb5f1abc162a0f96466a78358a15b6b9f5b73","isMergeCommit":false,"messageTitle":"Add BloodType class","messageBody":"","fileTypesAndContributionMap":{"functional-code":{"insertions":67,"deletions":0}}},{"hash":"947ac88ba704de67a9c04ee025b249b663bf8b7b","isMergeCommit":false,"messageTitle":"Add support for blood type in Person class","messageBody":"","fileTypesAndContributionMap":{"functional-code":{"insertions":12,"deletions":4}}},{"hash":"ef02d9f33832d992ca6f65bfa308b58f9c94b39b","isMergeCommit":false,"messageTitle":"Add support for blood type in ParserUtil","messageBody":"","fileTypesAndContributionMap":{"functional-code":{"insertions":17,"deletions":1}}},{"hash":"33442f1b58c00fc6cade2de35965b9b73394da0b","isMergeCommit":false,"messageTitle":"Add support for blood type in AddCommand","messageBody":"","fileTypesAndContributionMap":{"functional-code":{"insertions":3,"deletions":0}}},{"hash":"df6d0f4fc2fae544fd2bf66dfe982b23bd7af212","isMergeCommit":false,"messageTitle":"Add support for blood type in AddCommandParser","messageBody":"","fileTypesAndContributionMap":{"functional-code":{"insertions":4,"deletions":1}}},{"hash":"f39939b6dd8702423ebbd23d7b8d10c21b75558c","isMergeCommit":false,"messageTitle":"Add support for blood type in JsonAdaptedPerson","messageBody":"","fileTypesAndContributionMap":{"functional-code":{"insertions":15,"deletions":3}}},{"hash":"a837f092c5902cd4a5caf511670d9775ec7f0a60","isMergeCommit":false,"messageTitle":"Add support for blood type in JsonAdaptedPersonTest","messageBody":"","fileTypesAndContributionMap":{"test-code":{"insertions":10,"deletions":9}}},{"hash":"0c646748a768b838d880ed9240aafbe6285228d9","isMergeCommit":false,"messageTitle":"Add support for blood type in PersonCard","messageBody":"","fileTypesAndContributionMap":{"functional-code":{"insertions":3,"deletions":0}}},{"hash":"42400fb2aeae6dae46e6ea0e37d6efe002561043","isMergeCommit":false,"messageTitle":"Add support for blood type in EditCommand","messageBody":"","fileTypesAndContributionMap":{"functional-code":{"insertions":20,"deletions":7}}},{"hash":"e98e8b709032e8b9090b20e7133830f733581264","isMergeCommit":false,"messageTitle":"Add support for blood type in PersonBuilder","messageBody":"","fileTypesAndContributionMap":{"test-code":{"insertions":14,"deletions":1}}},{"hash":"6b98eb66383471c2701733897be6aad9e07bb5ba","isMergeCommit":false,"messageTitle":"Update all test cases","messageBody":"","fileTypesAndContributionMap":{"functional-code":{"insertions":6,"deletions":4},"test-code":{"insertions":48,"deletions":28}}},{"hash":"af67dd8230f7c44e6cf4cd98acc53e7f5c9961f2","isMergeCommit":false,"messageTitle":"Update styles of classes","messageBody":"","fileTypesAndContributionMap":{"functional-code":{"insertions":6,"deletions":3},"test-code":{"insertions":38,"deletions":20}}},{"hash":"8ec5ae79836f092fbd931c1ba6e9dafc787ed77f","isMergeCommit":false,"messageTitle":"Update style of JsonAdaptedPerson","messageBody":"","fileTypesAndContributionMap":{"functional-code":{"insertions":2,"deletions":1}}}]},{"date":"2025-10-09T00:00:00","commitResults":[{"hash":"f369a7a1d44a4c0dd9b040b62e27228b6caf428c","isMergeCommit":true,"messageTitle":"Merge pull request #78 from w3njii/72-view-available-commands","messageBody":"Add and display placeholder file for help command","fileTypesAndContributionMap":{}},{"hash":"5ac5cbce3c606432f87f3b1bbf3e46e0d4a81091","isMergeCommit":true,"messageTitle":"Merge pull request #81 from w3njii/80-HelpWindow-missing-dependencies","messageBody":"Add missing dependencies to build.gradle","fileTypesAndContributionMap":{}},{"hash":"476526c4ebe2b87ff308532c792db575ac7fd3aa","isMergeCommit":true,"messageTitle":"Merge pull request #75 from SoyWater/51-add-DoB-to-model","messageBody":"Add date of birth class to models","fileTypesAndContributionMap":{}},{"hash":"fecd527b51ce6f489bafec21dc0528376008494d","isMergeCommit":true,"messageTitle":"Merge pull request #77 from SoyWater/56-DoB-parser-support","messageBody":"Add parser support for date of birth","fileTypesAndContributionMap":{}},{"hash":"c6697f5dedf1922c334e6c47f082dff834e4b785","isMergeCommit":true,"messageTitle":"Merge pull request #79 from SoyWater/53-add-dob-to-storage","messageBody":"Add storage and edit command support","fileTypesAndContributionMap":{}}]},{"date":"2025-10-12T00:00:00","commitResults":[{"hash":"f7e14c303946e5d806bf5b8819e7416cf03a7c4b","isMergeCommit":false,"messageTitle":"Add Gender class","messageBody":"","fileTypesAndContributionMap":{"functional-code":{"insertions":69,"deletions":2}}},{"hash":"3680071f1d1259ff117b7e084ac428c1a6ea3aa9","isMergeCommit":false,"messageTitle":"Add gender support for Person","messageBody":"","fileTypesAndContributionMap":{"functional-code":{"insertions":10,"deletions":4}}},{"hash":"4c32336157d70e4ec73308ddb528b542f986f0a9","isMergeCommit":false,"messageTitle":"Add gender support for ParserUtil","messageBody":"","fileTypesAndContributionMap":{"functional-code":{"insertions":17,"deletions":1}}},{"hash":"ad2a9ab08d073a42570a2ac5b549bd8384e2f90f","isMergeCommit":false,"messageTitle":"Add gender support to CliSyntax","messageBody":"","fileTypesAndContributionMap":{"functional-code":{"insertions":1,"deletions":0}}},{"hash":"4925bc7f63fd734ddbc5032a6d221b83a52d3929","isMergeCommit":false,"messageTitle":"Add gender support to Messages","messageBody":"","fileTypesAndContributionMap":{"functional-code":{"insertions":6,"deletions":4}}},{"hash":"d922297eb721f9f53285ffd31548120b68e794f5","isMergeCommit":false,"messageTitle":"Add gender support to JsonAdaptedPerson","messageBody":"","fileTypesAndContributionMap":{"functional-code":{"insertions":22,"deletions":7}}},{"hash":"b3fd456483e752368aeb97352ce4c46d7950438c","isMergeCommit":false,"messageTitle":"Add gender support to AddCommand","messageBody":"","fileTypesAndContributionMap":{"functional-code":{"insertions":2,"deletions":0}}},{"hash":"d05fe8c38e2cedcc212a53a9f97da6afebf5665a","isMergeCommit":false,"messageTitle":"Add gender support to AddCommandParser","messageBody":"","fileTypesAndContributionMap":{"functional-code":{"insertions":8,"deletions":3}}},{"hash":"23e7a2ad1b3c54c6e33ce4a0fa48080a71ffaabb","isMergeCommit":false,"messageTitle":"Add gender support to SampleDataUtil","messageBody":"","fileTypesAndContributionMap":{"functional-code":{"insertions":13,"deletions":6}}},{"hash":"ddd7db368a7910075585c7b205a259e7a9de50b3","isMergeCommit":false,"messageTitle":"Add gender support to EditCommand","messageBody":"","fileTypesAndContributionMap":{"functional-code":{"insertions":18,"deletions":2}}},{"hash":"47634a6e0651f34f02f8125324601e4dcebf9dcc","isMergeCommit":false,"messageTitle":"Update AddCommandParser for imports","messageBody":"","fileTypesAndContributionMap":{"functional-code":{"insertions":0,"deletions":2}}},{"hash":"bfad24d7e2a4d62626130e22d9ea8909c7342352","isMergeCommit":false,"messageTitle":"Add gender support to CommandTestUtil","messageBody":"","fileTypesAndContributionMap":{"test-code":{"insertions":14,"deletions":0}}},{"hash":"ccef8dbb425867c815afbd7f5368b8274d804de9","isMergeCommit":false,"messageTitle":"Add gender support to AddCommandParserTest","messageBody":"","fileTypesAndContributionMap":{"test-code":{"insertions":19,"deletions":7}}},{"hash":"366eb20693c3cb7b904300b5345b5acfac727435","isMergeCommit":false,"messageTitle":"Add gender support to PersonBuilder","messageBody":"","fileTypesAndContributionMap":{"test-code":{"insertions":14,"deletions":1}}},{"hash":"2bb60c8d00b8a9e39e011312f5afab9b3b49e905","isMergeCommit":false,"messageTitle":"Add gender support to TypicalPersons","messageBody":"","fileTypesAndContributionMap":{"test-code":{"insertions":20,"deletions":9}}},{"hash":"e7e895ef5a2d9dabeae3b3aab3b88ff96e3be8ce","isMergeCommit":false,"messageTitle":"Add gender support to JsonAdaptedPersonTest","messageBody":"","fileTypesAndContributionMap":{"test-code":{"insertions":14,"deletions":13}}},{"hash":"a1cc6dd2a6f5bb05ad4c1996e9643f47547fc807","isMergeCommit":false,"messageTitle":"Add gender support to AddCommandParserTest","messageBody":"","fileTypesAndContributionMap":{"functional-code":{"insertions":3,"deletions":2},"test-code":{"insertions":14,"deletions":7}}},{"hash":"c1e7423446e51d7da66db9af7dc72ed1cb0d81c4","isMergeCommit":false,"messageTitle":"Add gender support to PersonTest","messageBody":"","fileTypesAndContributionMap":{"test-code":{"insertions":2,"deletions":1}}},{"hash":"4cfa9bd7dbacf80bbd5f09bfadae179d20168448","isMergeCommit":false,"messageTitle":"Add gender support to EditPersonDescriptorTest","messageBody":"","fileTypesAndContributionMap":{"test-code":{"insertions":2,"deletions":1}}},{"hash":"c63a8b2667dc810ee2e3e72963593290bb831ecb","isMergeCommit":false,"messageTitle":"Add gender support to PersonUtil","messageBody":"","fileTypesAndContributionMap":{"test-code":{"insertions":4,"deletions":0}}},{"hash":"11d3fe624e5472e2d3b59f3fefe2cee1da6a7cb9","isMergeCommit":false,"messageTitle":"Add gender support to LogicManagerTest","messageBody":"","fileTypesAndContributionMap":{"test-code":{"insertions":2,"deletions":1}}},{"hash":"6ffa594b17c769a1ef013ee3b6285080e8690937","isMergeCommit":false,"messageTitle":"Update message usage in AddCommand","messageBody":"","fileTypesAndContributionMap":{"functional-code":{"insertions":1,"deletions":0}}},{"hash":"9bc0ecbdd240d0837223257f9137899fd9d4195a","isMergeCommit":false,"messageTitle":"Add support for gender in UI","messageBody":"","fileTypesAndContributionMap":{"functional-code":{"insertions":6,"deletions":2}}},{"hash":"bd7e111fc432dcd664647126bd76d0c69c820c34","isMergeCommit":false,"messageTitle":"Update the styles in all files","messageBody":"","fileTypesAndContributionMap":{"functional-code":{"insertions":7,"deletions":6},"test-code":{"insertions":1,"deletions":2}}}]},{"date":"2025-10-13T00:00:00","commitResults":[{"hash":"695dcd7ebc1d78b18a7a29cdb66b8fe1f26f0ef9","isMergeCommit":false,"messageTitle":"Update tests in JsonAdaptedPersonTest","messageBody":"","fileTypesAndContributionMap":{"test-code":{"insertions":22,"deletions":0}}},{"hash":"7cb1bac7b0619d8454c22a275cc4747007275512","isMergeCommit":false,"messageTitle":"Update tests in AddCommandParserTest","messageBody":"","fileTypesAndContributionMap":{"test-code":{"insertions":20,"deletions":0}}},{"hash":"b4dc1b5e6226a4d43386c3343e30e7b3b825c4ca","isMergeCommit":false,"messageTitle":"Update message constraint of BloodType","messageBody":"","fileTypesAndContributionMap":{"functional-code":{"insertions":1,"deletions":1}}},{"hash":"e57e01139add9a3177988bb0eaf32dd285c70c64","isMergeCommit":false,"messageTitle":"Update message constraint of Gender","messageBody":"","fileTypesAndContributionMap":{"functional-code":{"insertions":1,"deletions":1}}}]},{"date":"2025-10-15T00:00:00","commitResults":[{"hash":"9698085c9c4d018b6da476bcb2d805a688ed2c1d","isMergeCommit":true,"messageTitle":"Merge pull request #99 from SoyWater/98-add-dob-to-error-message","messageBody":"Add dob to add command error message","fileTypesAndContributionMap":{}},{"hash":"571fb42191b76295bd93ef84997ca166003fed20","isMergeCommit":true,"messageTitle":"Merge pull request #96 from w3njii/57-feature-identity-number","messageBody":"Add Identity Number feature","fileTypesAndContributionMap":{}},{"hash":"c73864b01ec2358b48119ebf5fb7de9c7776624a","isMergeCommit":true,"messageTitle":"Merge pull request #103 from SoyWater/101-update-user-guide","messageBody":"Update user guide","fileTypesAndContributionMap":{}},{"hash":"93d6a796ad52b7991cda873292ab476452142a42","isMergeCommit":true,"messageTitle":"Merge pull request #104 from w3njii/74-help-commands-full","messageBody":"Update help window available commands","fileTypesAndContributionMap":{}},{"hash":"f79b7654978ffe99b669abf843b48047af338a16","isMergeCommit":true,"messageTitle":"Merge pull request #108 from w3njii/107-update-version-number","messageBody":"Update version number to v1.3.0","fileTypesAndContributionMap":{}},{"hash":"f7aaeae934ff5cfc89fd48b3990f8107366efa26","isMergeCommit":true,"messageTitle":"Merge pull request #106 from w3njii/105-example-add-id","messageBody":"Add id to example command in AvailableCommands.md","fileTypesAndContributionMap":{}}]},{"date":"2025-10-16T00:00:00","commitResults":[{"hash":"7b1e15b9ede7000f3842b338b9327c7905738316","isMergeCommit":true,"messageTitle":"Merge pull request #110 from SoyWater/109-add-list-to-help","messageBody":"Add `list` and `find` command to `help`","tags":["v1.3"],"fileTypesAndContributionMap":{}}]},{"date":"2025-10-20T00:00:00","commitResults":[{"hash":"f0c47c891e262dc92f4fe6d9b8718a3d206d6334","isMergeCommit":false,"messageTitle":"Add MedicineRecord class","messageBody":"","fileTypesAndContributionMap":{"functional-code":{"insertions":4,"deletions":0}}},{"hash":"9c81dfb37d2345bcf8c456847b005f9a7de6d0f0","isMergeCommit":false,"messageTitle":"Update MedicineRecord class","messageBody":"","fileTypesAndContributionMap":{"functional-code":{"insertions":63,"deletions":0}}},{"hash":"24964115e0cafdc049ed107915aa8da207a69d41","isMergeCommit":false,"messageTitle":"Replace MedicineRecord with Medicine class","messageBody":"","fileTypesAndContributionMap":{"other":{"insertions":0,"deletions":0}}},{"hash":"4dd2fb21677f5770d1e88dea044ce62fd31a424b","isMergeCommit":false,"messageTitle":"Update medicine support for Person","messageBody":"","fileTypesAndContributionMap":{"functional-code":{"insertions":32,"deletions":19}}},{"hash":"30f8d4f3dfdcbeae922839252db9614390cc2b52","isMergeCommit":false,"messageTitle":"Update medicine support for CliSyntax","messageBody":"","fileTypesAndContributionMap":{"functional-code":{"insertions":1,"deletions":0}}},{"hash":"64d057f2e23f1bcbe85643719aa30ab8a98a01f6","isMergeCommit":false,"messageTitle":"Add JsonAdaptedMedicine class","messageBody":"","fileTypesAndContributionMap":{"functional-code":{"insertions":4,"deletions":0}}},{"hash":"f1d3d825997671195e5e1c29581e76929809d20b","isMergeCommit":false,"messageTitle":"Add medicine support to Messages","messageBody":"","fileTypesAndContributionMap":{"functional-code":{"insertions":2,"deletions":0}}},{"hash":"d7f289ed644c694b079ebba296fcbd5bf338a148","isMergeCommit":false,"messageTitle":"Add medicine support to AddCommand","messageBody":"","fileTypesAndContributionMap":{"functional-code":{"insertions":5,"deletions":1}}},{"hash":"498da07fbda09f426bde0a032f838dab0f9b7491","isMergeCommit":false,"messageTitle":"Add medicine support to EditCommand","messageBody":"","fileTypesAndContributionMap":{"functional-code":{"insertions":22,"deletions":1}}},{"hash":"a010b8ec5cb2fe1365fdb7ab30267fe213078f70","isMergeCommit":false,"messageTitle":"Add medicine support to AddCommandParser","messageBody":"","fileTypesAndContributionMap":{"functional-code":{"insertions":6,"deletions":2}}},{"hash":"00b25fa76432ae864464be13957910ff2f29e2d0","isMergeCommit":false,"messageTitle":"Add medicine support to ParserUtil","messageBody":"","fileTypesAndContributionMap":{"functional-code":{"insertions":28,"deletions":0}}},{"hash":"ebb57d1e99bb284dcc6b259be3377627c5794925","isMergeCommit":false,"messageTitle":"Update Medicine class","messageBody":"","fileTypesAndContributionMap":{"functional-code":{"insertions":11,"deletions":9}}},{"hash":"7935242fc912bbcfd8374ee8448c281d3ed2444a","isMergeCommit":false,"messageTitle":"Add medicine support to SampleDataUtil","messageBody":"","fileTypesAndContributionMap":{"functional-code":{"insertions":22,"deletions":6}}},{"hash":"ffd2d9b0706d14d170ad3aad190ba2ae48e0e39b","isMergeCommit":false,"messageTitle":"Add JsonAdaptedMedicine class","messageBody":"","fileTypesAndContributionMap":{"functional-code":{"insertions":45,"deletions":1}}},{"hash":"2d3f1733a47928c33a0744412d1dc85421e82690","isMergeCommit":false,"messageTitle":"Add medicine support to JsonAdaptedPerson","messageBody":"","fileTypesAndContributionMap":{"functional-code":{"insertions":17,"deletions":1}}},{"hash":"907a43230f31c6eef68cf1b9aa0e318804a0dcb4","isMergeCommit":false,"messageTitle":"Update testutil files for medicine support","messageBody":"","fileTypesAndContributionMap":{"test-code":{"insertions":25,"deletions":1}}},{"hash":"3baf6b864450a54c9fe6e6848c47e6964b7239d5","isMergeCommit":false,"messageTitle":"Add medicine support for JsonAdaptedPersonTest","messageBody":"","fileTypesAndContributionMap":{"test-code":{"insertions":23,"deletions":18}}},{"hash":"cd6b730655a726711d32e7caf8eb25a70e039b13","isMergeCommit":false,"messageTitle":"Add medicine support for PersonTest","messageBody":"","fileTypesAndContributionMap":{"test-code":{"insertions":2,"deletions":1}}},{"hash":"c1aa70366f23e3291913aedb3d0463ea64a664f3","isMergeCommit":false,"messageTitle":"Add medicine support for logic tests","messageBody":"","fileTypesAndContributionMap":{"test-code":{"insertions":14,"deletions":5}}},{"hash":"395b94b5b53f93a981f1676149b4cba9fbd948d6","isMergeCommit":false,"messageTitle":"Update JsonAdpatedPerson","messageBody":"","fileTypesAndContributionMap":{"test-code":{"insertions":23,"deletions":11}}},{"hash":"8c600a310e010b27bae44e8461e3609534aa94da","isMergeCommit":false,"messageTitle":"Update JsonAdpatedPerson again","messageBody":"","fileTypesAndContributionMap":{"functional-code":{"insertions":2,"deletions":2}}},{"hash":"5430cb58390fe65635e5dfb8866e48f57903e908","isMergeCommit":false,"messageTitle":"Add Allergy class","messageBody":"","fileTypesAndContributionMap":{"functional-code":{"insertions":62,"deletions":0}}},{"hash":"a89ad5f4e63f18ef3d14a82d3ba665cad7bb2b7f","isMergeCommit":false,"messageTitle":"Add allergy support for Person","messageBody":"","fileTypesAndContributionMap":{"functional-code":{"insertions":17,"deletions":3}}},{"hash":"aa6b0a9fda4f44bff5aae5a090f3e13d9b52d3ee","isMergeCommit":false,"messageTitle":"Add allergy support to Message","messageBody":"","fileTypesAndContributionMap":{"functional-code":{"insertions":2,"deletions":0}}},{"hash":"f9af3b645ccd6ac1a4c62ee4b5f9e3c32126dd8c","isMergeCommit":false,"messageTitle":"Add allergy support to logic classes","messageBody":"","fileTypesAndContributionMap":{"functional-code":{"insertions":60,"deletions":4}}},{"hash":"b68f56216f231a695edd0be0bd66fe4623cca5a3","isMergeCommit":false,"messageTitle":"Add allergy support to SampleDataUtil","messageBody":"","fileTypesAndContributionMap":{"functional-code":{"insertions":22,"deletions":6}}},{"hash":"8a04a8e1950e1ccc45d20aeac84a1c457ba8615d","isMergeCommit":false,"messageTitle":"Add allergy support to JsonAdaptedPerson","messageBody":"","fileTypesAndContributionMap":{"functional-code":{"insertions":64,"deletions":2}}},{"hash":"4a6c00a9c93a464a2658b4fb979046205d977167","isMergeCommit":false,"messageTitle":"Add allergy support to logic tests","messageBody":"","fileTypesAndContributionMap":{"test-code":{"insertions":33,"deletions":18}}},{"hash":"6dba8656f03807a3a1b73266887d250827d6dfaa","isMergeCommit":false,"messageTitle":"Add allergy support to PersonTest","messageBody":"","fileTypesAndContributionMap":{"test-code":{"insertions":2,"deletions":1}}},{"hash":"3b42444dff80f18085b157186dbc373c5d16bd9d","isMergeCommit":false,"messageTitle":"Add allergy support to JsonAdaptedPersonTest","messageBody":"","fileTypesAndContributionMap":{"test-code":{"insertions":21,"deletions":18}}},{"hash":"e3c47a208cd53c41e7606df2b86ef1fa12fdd9bf","isMergeCommit":false,"messageTitle":"Add allergy support to testutil files","messageBody":"","fileTypesAndContributionMap":{"test-code":{"insertions":49,"deletions":12}}},{"hash":"b97609d8f98d11d48cad160b87fbaeeb4dfb10e6","isMergeCommit":false,"messageTitle":"Update JsonAdaptedPerson","messageBody":"","fileTypesAndContributionMap":{"functional-code":{"insertions":3,"deletions":0}}}]},{"date":"2025-10-21T00:00:00","commitResults":[{"hash":"8aa3b2e615e0f79e607bd7778b09fc0214afe930","isMergeCommit":false,"messageTitle":"Update Medicine class","messageBody":"","fileTypesAndContributionMap":{"functional-code":{"insertions":2,"deletions":2}}},{"hash":"cb2861d9fe12634769c2b6b9c65944f2acf62eee","isMergeCommit":false,"messageTitle":"Update javadoc in Allergy class","messageBody":"","fileTypesAndContributionMap":{"functional-code":{"insertions":1,"deletions":1}}},{"hash":"c3f85d1ad4a8a881945a14f60df11edde9515724","isMergeCommit":false,"messageTitle":"Update ModelClassDiagram.puml","messageBody":"","fileTypesAndContributionMap":{"docs":{"insertions":8,"deletions":0}}},{"hash":"928755d4bf33767962e704a3c085f1cf555f8306","isMergeCommit":false,"messageTitle":"Update style of JsonAdapatedPersonTest","messageBody":"","fileTypesAndContributionMap":{"test-code":{"insertions":4,"deletions":2}}}]},{"date":"2025-10-22T00:00:00","commitResults":[{"hash":"08e529e88a5d60dedbfb3930d35ab93ffb9272f2","isMergeCommit":false,"messageTitle":"Enable assertions in build gradle","messageBody":"","fileTypesAndContributionMap":{"other":{"insertions":4,"deletions":0}}},{"hash":"60dc25cee194565885966a6da72f108afaee0e20","isMergeCommit":true,"messageTitle":"Merge branch \u0027master\u0027 into 134-add-medicine-feature","messageBody":"","fileTypesAndContributionMap":{}},{"hash":"524550b5627b5955f01bf59a29158dcedd057214","isMergeCommit":false,"messageTitle":"Fix merge conflict in JsonAdaptedPersonTest","messageBody":"","fileTypesAndContributionMap":{"test-code":{"insertions":1,"deletions":1}}},{"hash":"f063e8d607f8ede6968bd6b959c05c2d6d8a1060","isMergeCommit":true,"messageTitle":"Merge branch \u0027master\u0027 into 123-allergies-feature","messageBody":"","fileTypesAndContributionMap":{}},{"hash":"4c8d200ddee3a887cecd6c0e4df251306081d099","isMergeCommit":true,"messageTitle":"Merge pull request #147 from Soo42/144-implement-logic-for-past-diagnoses","messageBody":"Implement logic for past diagnoses","fileTypesAndContributionMap":{}},{"hash":"c852d1c8a05cbd8020cd08c642411628338d7e4f","isMergeCommit":true,"messageTitle":"Merge branch \u0027master\u0027 into 123-allergies-feature","messageBody":"","fileTypesAndContributionMap":{}},{"hash":"905d37e84c12e8bd25e632a79d6966f142231996","isMergeCommit":false,"messageTitle":"Fix bugs in AddCommandParserTest","messageBody":"","fileTypesAndContributionMap":{"test-code":{"insertions":5,"deletions":4}}},{"hash":"890b0222511cb607b368f2cf1fa3fe88cf666d85","isMergeCommit":false,"messageTitle":"Fix some bugs again in AddCommandParserTest","messageBody":"","fileTypesAndContributionMap":{"test-code":{"insertions":8,"deletions":5}}},{"hash":"f8220922ca82068c507887c4e91f8b0eba582ff9","isMergeCommit":true,"messageTitle":"Merge pull request #126 from w3njii/113-feature-emergency-contact","messageBody":"Add emergency contact feature (no UI)","fileTypesAndContributionMap":{}},{"hash":"e93d95474419f9b0db9095c4a3ccf08f07ddd1b2","isMergeCommit":true,"messageTitle":"Merge branch \u0027master\u0027 into 134-add-medicine-feature","messageBody":"","fileTypesAndContributionMap":{}}]}],"bananapielearnsjava":[{"date":"2025-10-01T00:00:00","commitResults":[{"hash":"8fa9911a99c5172d9763dac869ae60ff01f03bd8","isMergeCommit":false,"messageTitle":"update AboutUs Page","messageBody":"","fileTypesAndContributionMap":{"docs":{"insertions":5,"deletions":5}}},{"hash":"d364be824f6fc6c33eed2c6c6566d0f1d42d5f43","isMergeCommit":false,"messageTitle":"create own .md file","messageBody":"","fileTypesAndContributionMap":{"docs":{"insertions":46,"deletions":0}}},{"hash":"24745d98285a76f678f02377c1ee9533b07ef8a3","isMergeCommit":true,"messageTitle":"Merge branch \u0027master\u0027 into branch-update-aboutus","messageBody":"* master:\n  Add newline at EOF in AboutUs.md\n  Edit AboutUs.md\n  Update Ivan\u0027s info in About Us page\n\n# Conflicts:\n#\tdocs/AboutUs.md\n","fileTypesAndContributionMap":{}},{"hash":"eac9fcc897040d2300c0ba704cc56fd62a3ac97d","isMergeCommit":true,"messageTitle":"Merge branch \u0027master\u0027 into branch-update-aboutus","messageBody":"* master:\n  Update AboutUs.md\n\n# Conflicts:\n#\tdocs/AboutUs.md\n","fileTypesAndContributionMap":{}},{"hash":"cef63f4b1be4dda3891cf17de75066a0e7ccd265","isMergeCommit":false,"messageTitle":"add user stories","messageBody":"","fileTypesAndContributionMap":{"docs":{"insertions":32,"deletions":10}}},{"hash":"468afca175febb6abe7d284b9f59de6927e2a689","isMergeCommit":false,"messageTitle":"update user stories with correct priority","messageBody":"","fileTypesAndContributionMap":{"docs":{"insertions":32,"deletions":32}}}]},{"date":"2025-10-03T00:00:00","commitResults":[{"hash":"1e3b2900e9da1e5a8cace4e3397facddb652079c","isMergeCommit":false,"messageTitle":"Update photo naming","messageBody":"","fileTypesAndContributionMap":{"docs":{"insertions":1,"deletions":1}}},{"hash":"5f3cdfeddcf4765857bb26dc7f01825899a8b13b","isMergeCommit":true,"messageTitle":"Merge branch \u0027branch-update-aboutus\u0027","messageBody":"* branch-update-aboutus:\n  Update photo naming\n","fileTypesAndContributionMap":{}}]},{"date":"2025-10-09T00:00:00","commitResults":[{"hash":"f861bdcebcdb0f530a8fc9f99e21ba6deeb99d0d","isMergeCommit":true,"messageTitle":"Merge branch \u0027AY2526S1-CS2103T-F11-1:master\u0027 into master","messageBody":"","fileTypesAndContributionMap":{}},{"hash":"4a818b07baf78c64ac1d6be268a93680a9e068b0","isMergeCommit":true,"messageTitle":"Merge branch \u0027AY2526S1-CS2103T-F11-1:master\u0027 into master","messageBody":"","fileTypesAndContributionMap":{}},{"hash":"884a6a83dcf92da3ef2072a3d7c9bb380e936efa","isMergeCommit":false,"messageTitle":"Add support for alcoholic record in CliSyntax","messageBody":"","fileTypesAndContributionMap":{"functional-code":{"insertions":1,"deletions":0}}},{"hash":"78fe8f241b254ce0f11984f167d1eed2e0c59d68","isMergeCommit":false,"messageTitle":"Add AlcoholicRecord class","messageBody":"","fileTypesAndContributionMap":{"functional-code":{"insertions":68,"deletions":0}}},{"hash":"f7b2e3458e7cc09ddde8a34fd120f2bfb0df5888","isMergeCommit":false,"messageTitle":"Add support for alcoholic record in Person class","messageBody":"","fileTypesAndContributionMap":{"functional-code":{"insertions":10,"deletions":3}}},{"hash":"d3e2f405a63e9d47bf338cd921cf2a498bf2e1ea","isMergeCommit":false,"messageTitle":"Add support for alcoholic record in ParserUtil","messageBody":"","fileTypesAndContributionMap":{"functional-code":{"insertions":16,"deletions":0}}},{"hash":"85682a24b460bc02a8ea5456244c04892f870ffd","isMergeCommit":false,"messageTitle":"Add support for alcoholic record in AddCommand","messageBody":"","fileTypesAndContributionMap":{"functional-code":{"insertions":3,"deletions":0}}},{"hash":"5912d600b55a3bcbecd5490082d101d61bedb4d6","isMergeCommit":false,"messageTitle":"Add support for alcoholic record in AddCommandParser","messageBody":"","fileTypesAndContributionMap":{"functional-code":{"insertions":9,"deletions":4}}},{"hash":"1f43bebc6489d91c674a1a4f09b8a4f98f2b0564","isMergeCommit":false,"messageTitle":"Add support for alcoholic record in JsonAdaptedPerson","messageBody":"","fileTypesAndContributionMap":{"functional-code":{"insertions":18,"deletions":3}}},{"hash":"d0706f40161bd09d588099f23e17fee22162111c","isMergeCommit":false,"messageTitle":"Add support for alcoholic record in JsonAdaptedPersonTest","messageBody":"","fileTypesAndContributionMap":{"test-code":{"insertions":10,"deletions":9}}},{"hash":"f739a8265b8d1fa93a145f373379418ebf8f9e69","isMergeCommit":false,"messageTitle":"Add support for alcoholic record in PersonCard","messageBody":"","fileTypesAndContributionMap":{"functional-code":{"insertions":3,"deletions":1}}},{"hash":"dc40452939fd1228511d4a3602891259fd6c8c3b","isMergeCommit":false,"messageTitle":"Add support for alcoholic record in EditCommand and SampleDataUtil","messageBody":"","fileTypesAndContributionMap":{"functional-code":{"insertions":25,"deletions":7}}},{"hash":"74b12db103f2a9249002ba530571cd21e7d7bf95","isMergeCommit":false,"messageTitle":"Add support for alcoholic record in PersonBuilder","messageBody":"","fileTypesAndContributionMap":{"test-code":{"insertions":13,"deletions":2}}},{"hash":"c6f9f4e2fbfae70f006d4f64a22203f80e617ddf","isMergeCommit":false,"messageTitle":"Update alcoholic record test cases","messageBody":"","fileTypesAndContributionMap":{"functional-code":{"insertions":2,"deletions":1},"test-code":{"insertions":76,"deletions":34}}},{"hash":"d7acb92d873ead4efae165099642be8f48b40e4a","isMergeCommit":true,"messageTitle":"Merge branch \u0027AY2526S1-CS2103T-F11-1:master\u0027 into master","messageBody":"","fileTypesAndContributionMap":{}},{"hash":"0c42fcd1f62e7bcad70c879aaec039242fd0cd4e","isMergeCommit":true,"messageTitle":"Merge branch \u0027master\u0027 into 55-add-alcoholic-record","messageBody":"* master:\n  Fix checkstyle errors\n  Add tests for updated edit command\n  Add tests for updated storage\n  Update mock data with date of births\n  Add support for date of birth in edit command\n  Add support for date of birth in Storage\n\n# Conflicts:\n#\tsrc/main/java/seedu/address/logic/commands/EditCommand.java\n#\tsrc/main/java/seedu/address/storage/JsonAdaptedPerson.java\n#\tsrc/test/data/JsonSerializableAddressBookTest/duplicatePersonAddressBook.json\n#\tsrc/test/data/JsonSerializableAddressBookTest/typicalPersonsAddressBook.json\n#\tsrc/test/java/seedu/address/storage/JsonAdaptedPersonTest.java\n#\tsrc/test/java/seedu/address/testutil/TypicalPersons.java\n","fileTypesAndContributionMap":{}}]},{"date":"2025-10-10T00:00:00","commitResults":[{"hash":"3ff4c53ef66cd9b6542c8172237c234f041213f5","isMergeCommit":false,"messageTitle":"Update on resolve conflicts","messageBody":"","fileTypesAndContributionMap":{"test-code":{"insertions":27,"deletions":66}}},{"hash":"4d02e2578610247e5ad9b8b6bea757b3fadb092a","isMergeCommit":false,"messageTitle":"Update test cases","messageBody":"","fileTypesAndContributionMap":{"functional-code":{"insertions":2,"deletions":8},"test-code":{"insertions":12,"deletions":33}}}]},{"date":"2025-10-11T00:00:00","commitResults":[{"hash":"68c4897259c5e223c25d7bc507fe6640d7ebe4dd","isMergeCommit":false,"messageTitle":"Update test cases for alcoholic record","messageBody":"","fileTypesAndContributionMap":{"functional-code":{"insertions":8,"deletions":3},"test-code":{"insertions":35,"deletions":0}}},{"hash":"499962a38ffa678f1dfd0ecdc968d9a4c7ce48f9","isMergeCommit":false,"messageTitle":"Update test cases","messageBody":"","fileTypesAndContributionMap":{"functional-code":{"insertions":2,"deletions":2},"test-code":{"insertions":20,"deletions":12}}}]},{"date":"2025-10-20T00:00:00","commitResults":[{"hash":"bfca7d98586337d5b4e7772c519a0977637af037","isMergeCommit":false,"messageTitle":"Update string validation in Alcoholic Record class","messageBody":"","fileTypesAndContributionMap":{"functional-code":{"insertions":5,"deletions":12}}}]},{"date":"2025-10-21T00:00:00","commitResults":[{"hash":"ca073e9510cbe16cea2cb3106f1c502d4425dcf2","isMergeCommit":false,"messageTitle":"Update support for alcoholic record in AddCommand","messageBody":"","fileTypesAndContributionMap":{"functional-code":{"insertions":2,"deletions":2}}},{"hash":"8b6d21fcafe3f2ec78e1ccb2c7441f11b5cec756","isMergeCommit":false,"messageTitle":"Update support in JsonAdaptedPerson","messageBody":"","fileTypesAndContributionMap":{"functional-code":{"insertions":0,"deletions":3}}},{"hash":"ce76eebea99df882ff8f7ae6cda15b736466ab51","isMergeCommit":false,"messageTitle":"Update invalid alcoholic record in JsonAdaptedPersonTest","messageBody":"","fileTypesAndContributionMap":{"test-code":{"insertions":1,"deletions":1}}},{"hash":"be232d36c9e2090c422945e43a6255d47c8eceaa","isMergeCommit":false,"messageTitle":"Update in person card class and fxml","messageBody":"","fileTypesAndContributionMap":{"functional-code":{"insertions":2,"deletions":2}}},{"hash":"1e4c06f36b09a8a602bebda1167c834b6efdccf4","isMergeCommit":false,"messageTitle":"Update alcoholic record field in SampleDataUtil","messageBody":"","fileTypesAndContributionMap":{"functional-code":{"insertions":4,"deletions":4}}},{"hash":"ac5481dd5ff9e82165542c1785408da02b035bec","isMergeCommit":false,"messageTitle":"Update alcoholic record field in person builder","messageBody":"","fileTypesAndContributionMap":{"test-code":{"insertions":1,"deletions":1}}},{"hash":"395e49489d96925fe208a98157cbafb333f19110","isMergeCommit":false,"messageTitle":"Update test cases","messageBody":"","fileTypesAndContributionMap":{"functional-code":{"insertions":0,"deletions":1},"test-code":{"insertions":13,"deletions":12}}},{"hash":"b20f3014ac80e18fbd8940b8370c0dc09700f16d","isMergeCommit":false,"messageTitle":"Update test cases","messageBody":"","fileTypesAndContributionMap":{"functional-code":{"insertions":5,"deletions":1},"test-code":{"insertions":2,"deletions":1}}},{"hash":"9c366f4cac1af3409660e4662c04a22d9065cace","isMergeCommit":false,"messageTitle":"Add edge case for alcoholic record","messageBody":"","fileTypesAndContributionMap":{"test-code":{"insertions":12,"deletions":0}}},{"hash":"99c9ddca5c0d46b17a25928f5fb5ed654764ee4f","isMergeCommit":false,"messageTitle":"Solve coverage issue","messageBody":"","fileTypesAndContributionMap":{"functional-code":{"insertions":1,"deletions":1}}},{"hash":"a60ca0f478e35d4e6dac66fe72900dd0e54a8fed","isMergeCommit":false,"messageTitle":"Revert \"Solve coverage issue\"","messageBody":"This reverts commit 99c9ddca5c0d46b17a25928f5fb5ed654764ee4f.\n","fileTypesAndContributionMap":{"functional-code":{"insertions":1,"deletions":1}}},{"hash":"6a8bff1cd2c9db169509fdcfc5e136d301373657","isMergeCommit":false,"messageTitle":"Update string validation in SmokingRecord class","messageBody":"","fileTypesAndContributionMap":{"functional-code":{"insertions":9,"deletions":8}}},{"hash":"b95979a5a4aedb76612e706dc4d60b8cdb9b545f","isMergeCommit":false,"messageTitle":"Update smoking record field in AddCommand","messageBody":"","fileTypesAndContributionMap":{"functional-code":{"insertions":1,"deletions":1}}},{"hash":"ba88230485d7aca06ae10f0c4da5eb0baa1275b5","isMergeCommit":false,"messageTitle":"Update smoking record field in SampleDataUtil","messageBody":"","fileTypesAndContributionMap":{"functional-code":{"insertions":6,"deletions":6}}},{"hash":"1f9dabfcdca3714598335622d6c8b643435cd979","isMergeCommit":false,"messageTitle":"Update smoking record field in PersonCard","messageBody":"","fileTypesAndContributionMap":{"functional-code":{"insertions":1,"deletions":1}}},{"hash":"01fe1deda7ed62e84385846a7713a7ccd8923359","isMergeCommit":false,"messageTitle":"Update test cases for smoking record input validation","messageBody":"","fileTypesAndContributionMap":{"test-code":{"insertions":102,"deletions":61}}},{"hash":"bf10073a808e450115b4e9843c1eeeae62e0851d","isMergeCommit":false,"messageTitle":"Update informations in person card UI","messageBody":"","fileTypesAndContributionMap":{"functional-code":{"insertions":8,"deletions":19}}}]},{"date":"2025-10-22T00:00:00","commitResults":[{"hash":"7c4523d7cf47c5a7ad6b4a77459593939c07fc94","isMergeCommit":true,"messageTitle":"Merge branch \u0027master\u0027 into 140-update-smoking-record-input-validation","messageBody":"# Conflicts:\n#\tsrc/main/java/seedu/address/logic/commands/AddCommand.java\n#\tsrc/main/java/seedu/address/model/util/SampleDataUtil.java\n#\tsrc/main/java/seedu/address/ui/PersonCard.java\n#\tsrc/test/data/JsonSerializableAddressBookTest/duplicatePersonAddressBook.json\n#\tsrc/test/data/JsonSerializableAddressBookTest/typicalPersonsAddressBook.json\n#\tsrc/test/java/seedu/address/logic/LogicManagerTest.java\n#\tsrc/test/java/seedu/address/logic/commands/CommandTestUtil.java\n#\tsrc/test/java/seedu/address/logic/parser/AddCommandParserTest.java\n#\tsrc/test/java/seedu/address/storage/JsonAdaptedPersonTest.java\n#\tsrc/test/java/seedu/address/testutil/PersonBuilder.java\n#\tsrc/test/java/seedu/address/testutil/TypicalPersons.java\n","fileTypesAndContributionMap":{}},{"hash":"54ccb2a11d6bd3016c59ddf3de507468a894fd01","isMergeCommit":true,"messageTitle":"Merge pull request #136 from camlin-tan/134-add-medicine-feature","messageBody":"Add medicine feature","fileTypesAndContributionMap":{}},{"hash":"24203bdacff2478322ebb0af13fe9d0d27e620b3","isMergeCommit":true,"messageTitle":"Merge branch \u0027master\u0027 into 140-update-smoking-record-input-validation","messageBody":"# Conflicts:\n#\tsrc/main/java/seedu/address/model/util/SampleDataUtil.java\n#\tsrc/test/java/seedu/address/logic/LogicManagerTest.java\n#\tsrc/test/java/seedu/address/logic/parser/AddCommandParserTest.java\n#\tsrc/test/java/seedu/address/testutil/TypicalPersons.java\n","fileTypesAndContributionMap":{}},{"hash":"3e014b0c30fb1b38978bbfd2125e30215c4532a0","isMergeCommit":false,"messageTitle":"Update alcoholic and smoking record in ModelClassDiagram","messageBody":"","fileTypesAndContributionMap":{"docs":{"insertions":4,"deletions":0}}}]}],"Soo42":[{"date":"2025-10-01T00:00:00","commitResults":[{"hash":"2a8b12651f59bdd5e523c9b2fff6a896f4ad3050","isMergeCommit":true,"messageTitle":"Merge pull request #18","messageBody":"","fileTypesAndContributionMap":{}},{"hash":"c95c29958f019fbc463000cfd98b41066e401e20","isMergeCommit":false,"messageTitle":"Update AboutUs.md","messageBody":"","fileTypesAndContributionMap":{"docs":{"insertions":51,"deletions":44}}},{"hash":"65e196a9c887f2b81093252a251058d655b5c5b0","isMergeCommit":true,"messageTitle":"Merge PR#26 conflict","messageBody":"","fileTypesAndContributionMap":{}},{"hash":"65d6757176eed6ef0d93d83805d695953bc6e778","isMergeCommit":true,"messageTitle":"Merge pull request #25 from bananapielearnsjava/branch-update-aboutus","messageBody":"Update Si Yu\u0027s Details in AboutUs Page","fileTypesAndContributionMap":{}},{"hash":"7d258781882ac274fcdb5503cabea0683c598e19","isMergeCommit":false,"messageTitle":"Add non-functional requirements and glossary","messageBody":"","fileTypesAndContributionMap":{"docs":{"insertions":14,"deletions":0}}},{"hash":"9b8ff474009fd6bc6019a36ddc71a7737dffced1","isMergeCommit":false,"messageTitle":"Modify non-functional requirements","messageBody":"","fileTypesAndContributionMap":{"docs":{"insertions":1,"deletions":1}}},{"hash":"d7f4f4d311ab1328aa4b13484643e7c2acac3223","isMergeCommit":true,"messageTitle":"Merge pull request #43 from SoyWater","messageBody":"","fileTypesAndContributionMap":{}}]},{"date":"2025-10-09T00:00:00","commitResults":[{"hash":"3cd228f3b9906819c9b21049d40869d890ad6b58","isMergeCommit":false,"messageTitle":"Add SmokingRecord.java to person","messageBody":"","fileTypesAndContributionMap":{"functional-code":{"insertions":57,"deletions":0}}},{"hash":"31d297062e662788f71c426e855656ace1d9936a","isMergeCommit":false,"messageTitle":"Modify Person.java to include smoking record","messageBody":"","fileTypesAndContributionMap":{"functional-code":{"insertions":12,"deletions":4}}},{"hash":"45b8cbf0e696a013ba0b138bc9df34cfdfc55455","isMergeCommit":false,"messageTitle":"Add cli syntax for smoking record","messageBody":"","fileTypesAndContributionMap":{"functional-code":{"insertions":1,"deletions":1}}},{"hash":"be9063b409b873e7022bf9c0ae2075ae54a9ac38","isMergeCommit":false,"messageTitle":"Add support for smoking record in parser","messageBody":"","fileTypesAndContributionMap":{"functional-code":{"insertions":20,"deletions":1}}},{"hash":"a61381945b4337a17bb984712c8299c51bbc0aaa","isMergeCommit":false,"messageTitle":"Add support for smoking record in EditCommand","messageBody":"","fileTypesAndContributionMap":{"functional-code":{"insertions":3,"deletions":1}}},{"hash":"17a5f56f1b9826ff6dbb06c4f45051a0aaa2ee7a","isMergeCommit":false,"messageTitle":"Add support for smoking record in JsonAdaptedPerson","messageBody":"","fileTypesAndContributionMap":{"functional-code":{"insertions":15,"deletions":2}}},{"hash":"d47b625300b55011b72e97097e10bcbac8a873bb","isMergeCommit":false,"messageTitle":"Add support for smoking record in SampleDataUtil","messageBody":"","fileTypesAndContributionMap":{"functional-code":{"insertions":7,"deletions":6}}}]},{"date":"2025-10-12T00:00:00","commitResults":[{"hash":"93c1ff0263096b0c748cf3c38edf3b506dac9d5b","isMergeCommit":true,"messageTitle":"Merge upstream master","messageBody":"","fileTypesAndContributionMap":{}},{"hash":"bea2d46ed69aa75f32d98963fee4bdaf6b673fef","isMergeCommit":false,"messageTitle":"Fix src/main checkstyle issue","messageBody":"","fileTypesAndContributionMap":{"functional-code":{"insertions":11,"deletions":3},"test-code":{"insertions":32,"deletions":12}}}]},{"date":"2025-10-14T00:00:00","commitResults":[{"hash":"f2c2789abed7729af052ace25db5507cbd291cb0","isMergeCommit":true,"messageTitle":"Merge pull request #86 from SoyWater/58-add-dob-ui","messageBody":"","fileTypesAndContributionMap":{}}]},{"date":"2025-10-15T00:00:00","commitResults":[{"hash":"913ee29e51a076d2abd76f15f6e7dfcbdae3ce58","isMergeCommit":false,"messageTitle":"Update PersonBuilder.java to support smoking record","messageBody":"","fileTypesAndContributionMap":{"functional-code":{"insertions":12,"deletions":1},"test-code":{"insertions":29,"deletions":11}}},{"hash":"08afe11f4a0e6d7c54ca204afa810f8218a9e176","isMergeCommit":false,"messageTitle":"Update AddCommandParser.java and modify UI to display","messageBody":"","fileTypesAndContributionMap":{"functional-code":{"insertions":8,"deletions":3}}},{"hash":"13ae9cf6907089a5acaed6fed3b70827e4b1571b","isMergeCommit":false,"messageTitle":"Update EditCommand.java and parser to support smoking record","messageBody":"","fileTypesAndContributionMap":{"functional-code":{"insertions":13,"deletions":4}}},{"hash":"cbd3e9d18fc950718a6cb0a88cc3b6bcbe0f4dfa","isMergeCommit":false,"messageTitle":"Add SmokingRecordTest.java for unit testing","messageBody":"","fileTypesAndContributionMap":{"test-code":{"insertions":61,"deletions":0}}},{"hash":"db3347740badaa1981e46013166ba03c36501564","isMergeCommit":false,"messageTitle":"Update test utilities to support smoking record","messageBody":"","fileTypesAndContributionMap":{"test-code":{"insertions":10,"deletions":1}}},{"hash":"d2e1e91c1c3c7e288aa1b66746e6433b89993539","isMergeCommit":false,"messageTitle":"Add EOF in SmokingRecordTest.java","messageBody":"","fileTypesAndContributionMap":{"test-code":{"insertions":1,"deletions":1}}},{"hash":"eacbd3f453a5c31209a3b78cf258574b3fab5483","isMergeCommit":false,"messageTitle":"Add valid type of smoking record in CommandTestUtil.java","messageBody":"","fileTypesAndContributionMap":{"test-code":{"insertions":12,"deletions":4}}},{"hash":"211209acd29a27dd493b80ee24a1dfb79f41b871","isMergeCommit":false,"messageTitle":"Update storage related test","messageBody":"","fileTypesAndContributionMap":{"test-code":{"insertions":4,"deletions":3}}},{"hash":"a2660e986d07ef9cca692b77055d9caa476f50a6","isMergeCommit":false,"messageTitle":"Modify string representation of person to include smoking record","messageBody":"","fileTypesAndContributionMap":{"test-code":{"insertions":8,"deletions":2}}},{"hash":"264d4e3784626aa933d6f94b57acb95ed6bc62fd","isMergeCommit":false,"messageTitle":"Modify commands\u0027 test to support smoking record","messageBody":"","fileTypesAndContributionMap":{"functional-code":{"insertions":1,"deletions":0},"test-code":{"insertions":35,"deletions":21}}},{"hash":"380718750701437c0523e9cc5335a83ded534d2c","isMergeCommit":true,"messageTitle":"Merge upstream master into 59-add-smoking-record","messageBody":"","fileTypesAndContributionMap":{}},{"hash":"98dca3d83fdb2b7cdc2ffe811a469562065d51f5","isMergeCommit":false,"messageTitle":"Fix AddCommandParserTest.java checkstyle issue","messageBody":"","fileTypesAndContributionMap":{"test-code":{"insertions":0,"deletions":1}}},{"hash":"8e17c6ed12512b2f9852c53fea6de039c3dad577","isMergeCommit":false,"messageTitle":"Fix style for smoking record","messageBody":"","fileTypesAndContributionMap":{"functional-code":{"insertions":4,"deletions":2}}},{"hash":"06240ae8a0d3148b45bff23a070bbbdafd57e567","isMergeCommit":false,"messageTitle":"Modify EditCommandTest.java and set smoking record of descriptor","messageBody":"","fileTypesAndContributionMap":{"test-code":{"insertions":2,"deletions":1}}},{"hash":"7bc45628b55fce894b5740c461116902997debe1","isMergeCommit":true,"messageTitle":"Merge upstream master into 59-add-smoking-record","messageBody":"","fileTypesAndContributionMap":{}},{"hash":"fb1872e5b473a12d38a9b736561d6a8529ec8290","isMergeCommit":false,"messageTitle":"Modify AddCommand.java example","messageBody":"","fileTypesAndContributionMap":{"functional-code":{"insertions":1,"deletions":0}}}]},{"date":"2025-10-21T00:00:00","commitResults":[{"hash":"0cafe6516ea0cf11ad5785203769099156816005","isMergeCommit":false,"messageTitle":"Add PastDiagnoses.java to person","messageBody":"","fileTypesAndContributionMap":{"functional-code":{"insertions":60,"deletions":0}}},{"hash":"b24362d15d1eb02e6d7404dc45dd962b0f3a41e4","isMergeCommit":false,"messageTitle":"Add unit testing for PastDiagnoses.java","messageBody":"","fileTypesAndContributionMap":{"test-code":{"insertions":42,"deletions":0}}}]},{"date":"2025-10-22T00:00:00","commitResults":[{"hash":"16e22418df5ef2c973c1b635f5b4371ff300c30b","isMergeCommit":false,"messageTitle":"Add past diagnoses attribute to person","messageBody":"","fileTypesAndContributionMap":{"functional-code":{"insertions":89,"deletions":22},"test-code":{"insertions":59,"deletions":25}}},{"hash":"cbc59695a6961486afa17da2ddd5db2800d3d571","isMergeCommit":false,"messageTitle":"Add parser support for past diagnoses","messageBody":"","fileTypesAndContributionMap":{"functional-code":{"insertions":8,"deletions":3},"test-code":{"insertions":180,"deletions":101}}},{"hash":"e20f1f9f74e5a3fd40ba3ceb558a05f3788a83c5","isMergeCommit":false,"messageTitle":"Modify test for past diagnoses","messageBody":"","fileTypesAndContributionMap":{"test-code":{"insertions":64,"deletions":0}}},{"hash":"4ecf658ec28e0991f5cbe33a18b4711914f24313","isMergeCommit":true,"messageTitle":"Merge pull request #142 from camlin-tan/123","messageBody":"","fileTypesAndContributionMap":{}},{"hash":"470268adaeb5803e6c01a75017e8f75ea950051d","isMergeCommit":true,"messageTitle":"Merge pull request #154 from SoyWater/150","messageBody":"","fileTypesAndContributionMap":{}}]}],"SoyWater":[{"date":"2025-10-01T00:00:00","commitResults":[{"hash":"75f66f4502685f73b3e8f46c1a50392c4578dcdf","isMergeCommit":false,"messageTitle":"Update Ivan\u0027s info in About Us page","messageBody":"","fileTypesAndContributionMap":{"docs":{"insertions":51,"deletions":45}}},{"hash":"46a023a388b1fd0daafd7d46c2dd6022a081121a","isMergeCommit":true,"messageTitle":"Merge pull request #27 from w3njii/update-about-us","messageBody":"Update Wenjie\u0027s Details in AboutUs Page","fileTypesAndContributionMap":{}},{"hash":"04cb43bb2ce956c40c96508900ca53e7907b5ce0","isMergeCommit":true,"messageTitle":"Merge branch \u0027master\u0027 into 17-update-about-us","messageBody":"","fileTypesAndContributionMap":{}},{"hash":"3c8a3acbbddcfcbdde7f1317201fba15e4eed052","isMergeCommit":true,"messageTitle":"Merge pull request #26 from Soo42/branch-update-aboutus","messageBody":"Update AboutUs.md","fileTypesAndContributionMap":{}},{"hash":"738e0a0118a2af65c71738c10bf82e816bfc975d","isMergeCommit":true,"messageTitle":"Merge pull request #29 from w3njii/28-update-github-build-status","messageBody":"Update GitHub build status link","fileTypesAndContributionMap":{}},{"hash":"e3ee16256fb437ec249865d3fd81f6b52daddd38","isMergeCommit":true,"messageTitle":"Merge pull request #32 from w3njii/31-update-readme-contents","messageBody":"Update README to match project","fileTypesAndContributionMap":{}},{"hash":"2cbb14d92d31a6280c078ca1441edd09ea398b8f","isMergeCommit":false,"messageTitle":"Update target user profile for project","messageBody":"","fileTypesAndContributionMap":{"docs":{"insertions":13,"deletions":1}}},{"hash":"d118ce0567d3149839c0cc841285709f495dd305","isMergeCommit":false,"messageTitle":"Update value proposition for target user","messageBody":"","fileTypesAndContributionMap":{"docs":{"insertions":6,"deletions":2}}},{"hash":"6018758ed5a3ed7a776a710146f71988b718b441","isMergeCommit":true,"messageTitle":"Merge pull request #42 from Soo42/branch-update-developerGuide","messageBody":"Update non-functional requirements \u0026 glossary","fileTypesAndContributionMap":{}},{"hash":"01031ab5a3538778bc5c190527df4b7f9c148906","isMergeCommit":true,"messageTitle":"Merge pull request #45 from camlin-tan/37-update-usecases","messageBody":"Update use cases","fileTypesAndContributionMap":{}},{"hash":"dc296504f27b327d77d77cfc73fc825e221d35c2","isMergeCommit":true,"messageTitle":"Merge pull request #44 from bananapielearnsjava/branch-update-developer-guide","messageBody":"add user stories","fileTypesAndContributionMap":{}}]},{"date":"2025-10-08T00:00:00","commitResults":[{"hash":"7d1148ac5d4186f34b522f580ce84cde287925b1","isMergeCommit":false,"messageTitle":"Add date parser for use in DateOfBirth","messageBody":"","fileTypesAndContributionMap":{"functional-code":{"insertions":44,"deletions":0}}},{"hash":"16a5776ff0c48bbeb7cd94505e22edd4b7f9d84c","isMergeCommit":false,"messageTitle":"Add DateOfBirth class to be used in Person","messageBody":"","fileTypesAndContributionMap":{"functional-code":{"insertions":74,"deletions":0}}},{"hash":"16b07b009ce159dbc5e7c1ebf3e3eafdd2ed3231","isMergeCommit":false,"messageTitle":"Fix checkstlye errors","messageBody":"","fileTypesAndContributionMap":{"functional-code":{"insertions":72,"deletions":9}}},{"hash":"4c54f61120c0ce8c58986f3a87b4f0b3dc120e6c","isMergeCommit":false,"messageTitle":"Add test cases for date of birth","messageBody":"","fileTypesAndContributionMap":{"functional-code":{"insertions":3,"deletions":3},"test-code":{"insertions":108,"deletions":0}}},{"hash":"da749fef019b5784ebecf450de4f6041d7437f3a","isMergeCommit":false,"messageTitle":"Fix test cases","messageBody":"","fileTypesAndContributionMap":{"test-code":{"insertions":11,"deletions":10}}},{"hash":"2a6ea0b3f8659bcfa4f7793f3b2a57decc0334c5","isMergeCommit":false,"messageTitle":"Add date of birth field to person","messageBody":"","fileTypesAndContributionMap":{"functional-code":{"insertions":29,"deletions":24},"test-code":{"insertions":17,"deletions":7}}},{"hash":"84d4030e02a569506745cf877ce3d34d7ce7fd6d","isMergeCommit":false,"messageTitle":"Fix checkstyle import errors","messageBody":"","fileTypesAndContributionMap":{"functional-code":{"insertions":12,"deletions":2}}},{"hash":"1e977390103540ab5f8210129a65aae1b848fa3c","isMergeCommit":false,"messageTitle":"Add dob tag","messageBody":"","fileTypesAndContributionMap":{"functional-code":{"insertions":1,"deletions":0}}},{"hash":"dbd913481235e210b9012567736155a885d88f1d","isMergeCommit":false,"messageTitle":"Add parser for date of birth","messageBody":"","fileTypesAndContributionMap":{"functional-code":{"insertions":17,"deletions":0}}},{"hash":"e18e72e8589af0d917ec2e82512bf19dc38b1546","isMergeCommit":false,"messageTitle":"Add tag to AddCommandParser","messageBody":"","fileTypesAndContributionMap":{"functional-code":{"insertions":9,"deletions":5}}},{"hash":"c8b1aeea4a997cfd292626b20f228a4d3424f76f","isMergeCommit":false,"messageTitle":"Fix minor bug with wrong constant","messageBody":"","fileTypesAndContributionMap":{"functional-code":{"insertions":1,"deletions":1}}},{"hash":"4eeca110a9848a760a4272f3eb32a48f1fabda86","isMergeCommit":false,"messageTitle":"Add date of birth to printed message","messageBody":"","fileTypesAndContributionMap":{"functional-code":{"insertions":2,"deletions":0}}},{"hash":"490282ebff30a6968c64266339a74869e11286eb","isMergeCommit":false,"messageTitle":"Fix test checkstyle errors","messageBody":"","fileTypesAndContributionMap":{"test-code":{"insertions":6,"deletions":2}}},{"hash":"e9a134270923ea65e197c2795f8b9f5be6d9e521","isMergeCommit":true,"messageTitle":"Merge branch \u002751-add-DoB-to-model\u0027 into 56-DoB-parser-support","messageBody":"","fileTypesAndContributionMap":{}},{"hash":"a9a1413410641417ef271d452db3e8ff91595362","isMergeCommit":false,"messageTitle":"Fix checkstyle import errors","messageBody":"","fileTypesAndContributionMap":{"functional-code":{"insertions":12,"deletions":2},"test-code":{"insertions":6,"deletions":2}}},{"hash":"24877a7d7400c4e2dc4dced0c7c14cbf74a6335a","isMergeCommit":false,"messageTitle":"Fix test cases according to changes","messageBody":"","fileTypesAndContributionMap":{"functional-code":{"insertions":2,"deletions":1},"test-code":{"insertions":60,"deletions":20}}},{"hash":"5a419422a133fe6a141a7f60d393fa346f02c6af","isMergeCommit":false,"messageTitle":"Add support for date of birth in Storage","messageBody":"","fileTypesAndContributionMap":{"functional-code":{"insertions":14,"deletions":2}}},{"hash":"d2858b62fbca2ecfda857be33b6b4a06c907afeb","isMergeCommit":false,"messageTitle":"Add support for date of birth in edit command","messageBody":"","fileTypesAndContributionMap":{"functional-code":{"insertions":23,"deletions":10}}},{"hash":"266a006bf04b260634d08a8b1fa316afd5b116e3","isMergeCommit":false,"messageTitle":"Update mock data with date of births","messageBody":"","fileTypesAndContributionMap":{"test-code":{"insertions":8,"deletions":7}}},{"hash":"01707a5d14c3ee0d1ee490ffcd9f73191a7f9b31","isMergeCommit":false,"messageTitle":"Add tests for updated storage","messageBody":"","fileTypesAndContributionMap":{"test-code":{"insertions":31,"deletions":9}}},{"hash":"10220f9acc9d899bb9a0e92cc3300b4d2f8005a3","isMergeCommit":false,"messageTitle":"Add tests for updated edit command","messageBody":"","fileTypesAndContributionMap":{"test-code":{"insertions":5,"deletions":1}}},{"hash":"d5cd9d96abd789f740b66d384b67483df2ffa9ec","isMergeCommit":false,"messageTitle":"Fix checkstyle errors","messageBody":"","fileTypesAndContributionMap":{"functional-code":{"insertions":6,"deletions":1}}}]},{"date":"2025-10-09T00:00:00","commitResults":[{"hash":"7b3948c19add98463a2110dc5bd92e061c8d9835","isMergeCommit":true,"messageTitle":"Merge branch \u0027master\u0027 into 51-add-DoB-to-model","messageBody":"","fileTypesAndContributionMap":{}},{"hash":"4519ef4d6d99e09dfe02377c1d49eeb4ef121c27","isMergeCommit":false,"messageTitle":"Add bloodtype to test cases","messageBody":"","fileTypesAndContributionMap":{"functional-code":{"insertions":11,"deletions":8},"test-code":{"insertions":1,"deletions":1}}},{"hash":"8faa06ee9ed62defa324831f1c349985f1f5cc16","isMergeCommit":true,"messageTitle":"Merge branch \u0027master\u0027 into 56-DoB-parser-support","messageBody":"","fileTypesAndContributionMap":{}},{"hash":"e2a37c049c7a7cf086e967ad024f051b550b0b27","isMergeCommit":false,"messageTitle":"Add bloodtype to dob testcase","messageBody":"","fileTypesAndContributionMap":{"test-code":{"insertions":2,"deletions":1}}},{"hash":"657c3cdba1ef4668378304bc35ebb0abf87d19cd","isMergeCommit":true,"messageTitle":"Merge branch \u0027master\u0027 into 53-add-dob-to-storage","messageBody":"","fileTypesAndContributionMap":{}}]},{"date":"2025-10-11T00:00:00","commitResults":[{"hash":"6ea501c9a1abbb7bef5cf079df7b5f7e1d227c54","isMergeCommit":true,"messageTitle":"Merge pull request #82 from bananapielearnsjava/55-add-alcoholic-record","messageBody":"Add alcoholic record feature","fileTypesAndContributionMap":{}}]},{"date":"2025-10-13T00:00:00","commitResults":[{"hash":"07ea50ff31ac98ff0b7933f5e9024e26ff367099","isMergeCommit":true,"messageTitle":"Merge pull request #84 from camlin-tan/54-add-gender-feature","messageBody":"54 add gender feature","fileTypesAndContributionMap":{}},{"hash":"cb003755eb2ae8bcfc0c4f0985aad94284fb5b95","isMergeCommit":false,"messageTitle":"Update add and edit help message","messageBody":"","fileTypesAndContributionMap":{"functional-code":{"insertions":10,"deletions":0}}}]},{"date":"2025-10-14T00:00:00","commitResults":[{"hash":"2a630640953e50c756e2e7bd302dc3a330c7dc3f","isMergeCommit":false,"messageTitle":"Add date of birth and age support to ui","messageBody":"","fileTypesAndContributionMap":{"functional-code":{"insertions":23,"deletions":0}}},{"hash":"cb9c377f5b8b846739b89db549845d3ecf6cd204","isMergeCommit":false,"messageTitle":"Add tests for DateOfBirth::calculateAge","messageBody":"","fileTypesAndContributionMap":{"test-code":{"insertions":26,"deletions":0}}}]},{"date":"2025-10-15T00:00:00","commitResults":[{"hash":"99c0293eff49d09c0f847014d900796438acddc6","isMergeCommit":false,"messageTitle":"Add dob to add command error message","messageBody":"","fileTypesAndContributionMap":{"functional-code":{"insertions":1,"deletions":0}}},{"hash":"bbdc19dcd213729d1ad7780074551b1c06fae540","isMergeCommit":true,"messageTitle":"Merge pull request #91 from camlin-tan/87-fix-message-constraint","messageBody":"87 fix message constraint","fileTypesAndContributionMap":{}},{"hash":"fa245bdf5e8725a3320d1a2863778f9e4a4c89eb","isMergeCommit":false,"messageTitle":"Update user guide","messageBody":"","fileTypesAndContributionMap":{"docs":{"insertions":19,"deletions":16}}}]},{"date":"2025-10-16T00:00:00","commitResults":[{"hash":"9c2f5cfbd5f6ca5f1af7d9e5a6bf14872b0bcb4e","isMergeCommit":false,"messageTitle":"Add id to add example","messageBody":"","fileTypesAndContributionMap":{"docs":{"insertions":11,"deletions":11}}},{"hash":"99d879eb1b07f49500fbfb45b0680417dcdda76e","isMergeCommit":false,"messageTitle":"Modify smoking records to upper case","messageBody":"","fileTypesAndContributionMap":{"functional-code":{"insertions":2,"deletions":2}}},{"hash":"f1afb2c3cecde9a34725e8612cd8ee099db2ee62","isMergeCommit":false,"messageTitle":"Add list and find to help","messageBody":"","fileTypesAndContributionMap":{"functional-code":{"insertions":3,"deletions":0}}}]},{"date":"2025-10-19T00:00:00","commitResults":[{"hash":"0b743316de643bcf707c380926026684d1a971c0","isMergeCommit":false,"messageTitle":"Add future date restriction for date of birth","messageBody":"","fileTypesAndContributionMap":{"functional-code":{"insertions":45,"deletions":7},"test-code":{"insertions":10,"deletions":10}}},{"hash":"694c03ef3131c699fde23e0497662b65ec2713ef","isMergeCommit":false,"messageTitle":"Add tests for DateParserUtil","messageBody":"","fileTypesAndContributionMap":{"test-code":{"insertions":94,"deletions":2}}},{"hash":"5e77aa224fb4f53e220cbd8ba46ba0671b51cac2","isMergeCommit":false,"messageTitle":"Add test for DateOfBirth","messageBody":"","fileTypesAndContributionMap":{"test-code":{"insertions":24,"deletions":1}}},{"hash":"99388756d1d8a6536468e75de7fd859e2334a9cd","isMergeCommit":false,"messageTitle":"Add parseDateOfBirth test for ParserUtil","messageBody":"","fileTypesAndContributionMap":{"test-code":{"insertions":34,"deletions":1}}},{"hash":"d4007c191cf9dc3fcfbc46a7e2ead1c13984772d","isMergeCommit":false,"messageTitle":"Add tests for future date in JsonAdaptedPerson","messageBody":"","fileTypesAndContributionMap":{"test-code":{"insertions":15,"deletions":0}}}]},{"date":"2025-10-20T00:00:00","commitResults":[{"hash":"70b5b11471d219aa7b2c282cb95279c750e7169b","isMergeCommit":false,"messageTitle":"Add codecov badge to README","messageBody":"","fileTypesAndContributionMap":{"docs":{"insertions":1,"deletions":0}}}]},{"date":"2025-10-21T00:00:00","commitResults":[{"hash":"28964d1b7a59e7420b56f7e8d79920439689d425","isMergeCommit":false,"messageTitle":"Add date time parser utility class","messageBody":"","fileTypesAndContributionMap":{"functional-code":{"insertions":82,"deletions":0}}},{"hash":"e47f2ed04650257f6a5ecd7fb7c644604e1c114f","isMergeCommit":false,"messageTitle":"Add tests for DateTimeParserUtil","messageBody":"","fileTypesAndContributionMap":{"test-code":{"insertions":90,"deletions":0}}}]},{"date":"2025-10-22T00:00:00","commitResults":[{"hash":"0d6f7a5d9f6f7b26f77162b5bee141ddb3ee3bde","isMergeCommit":false,"messageTitle":"Add appointment class","messageBody":"","fileTypesAndContributionMap":{"functional-code":{"insertions":269,"deletions":0},"test-code":{"insertions":0,"deletions":0}}},{"hash":"f72781799f131448204ed4d8854c9b0be5bc5345","isMergeCommit":false,"messageTitle":"Add tests for appointment class","messageBody":"","fileTypesAndContributionMap":{"test-code":{"insertions":186,"deletions":4}}},{"hash":"5d2caa72e7c36b60967e1ea4c3cb9203fe83f1df","isMergeCommit":true,"messageTitle":"Merge pull request #137 from w3njii/131-cli-textbox-wrap","messageBody":"Edit CLI textbox to wrap for long commands","fileTypesAndContributionMap":{}},{"hash":"e5ea617de57abf23904372b2d5e44174653e8534","isMergeCommit":true,"messageTitle":"Merge pull request #153 from bananapielearnsjava/138-simplify-person-card-UI","messageBody":"Simplify person card UI","fileTypesAndContributionMap":{}},{"hash":"a8c2138021bc29a08b7d3186e986d1735979c48e","isMergeCommit":true,"messageTitle":"Merge pull request #146 from bananapielearnsjava/140-update-smoking-record-input-validation","messageBody":"Update smoking record input validation","fileTypesAndContributionMap":{}},{"hash":"d33eceb39fe118832ab56dafa29cc957c7a127bf","isMergeCommit":true,"messageTitle":"Merge pull request #158 from bananapielearnsjava/157-update-uml-for-alcoholic-and-smoking-record","messageBody":"Update UML for alcoholic and smoking record","fileTypesAndContributionMap":{}},{"hash":"cbd8a6edddba4a0bfa5de4919e01283036ee94f6","isMergeCommit":true,"messageTitle":"Merge pull request #135 from w3njii/127-emergency-contact-ui","messageBody":"Add UI for emergency contact","fileTypesAndContributionMap":{}}]}],"w3njii":[{"date":"2025-10-01T00:00:00","commitResults":[{"hash":"838ac59ede3a5ff66892d07bd8e4230b6e24e3ec","isMergeCommit":true,"messageTitle":"Merge pull request #15 from bananapielearnsjava/branch-add-photo","messageBody":"Add Si Yu\u0027s photo","fileTypesAndContributionMap":{}},{"hash":"0c5cb408579e9e35f4e3ce2499db7feb957f5f6e","isMergeCommit":false,"messageTitle":"Edit AboutUs.md","messageBody":"","fileTypesAndContributionMap":{"docs":{"insertions":8,"deletions":47}}},{"hash":"8044f0eae52dcfd8684fe947384e62817f6a8717","isMergeCommit":false,"messageTitle":"Add newline at EOF in AboutUs.md","messageBody":"","fileTypesAndContributionMap":{"docs":{"insertions":1,"deletions":1}}},{"hash":"94a138c3bd16d551f899ff2fb33dab4fbe29f827","isMergeCommit":false,"messageTitle":"Update GitHub build status link","messageBody":"","fileTypesAndContributionMap":{"docs":{"insertions":1,"deletions":2}}},{"hash":"6c4b538449c38863642aa253688b9661b0e5d9e4","isMergeCommit":false,"messageTitle":"Update README to match project","messageBody":"","fileTypesAndContributionMap":{"docs":{"insertions":8,"deletions":10}}}]},{"date":"2025-10-08T00:00:00","commitResults":[{"hash":"4b56ddd1b048dfc2ff0b3639095e634b9927b1bb","isMergeCommit":false,"messageTitle":"Add placeholder file for Available Commands","messageBody":"","fileTypesAndContributionMap":{"docs":{"insertions":18,"deletions":2}}},{"hash":"7d6c27c7063a05b2037c4f249518017088629403","isMergeCommit":false,"messageTitle":"Make UI display Available Commands for help command","messageBody":"","fileTypesAndContributionMap":{"functional-code":{"insertions":53,"deletions":90},"other":{"insertions":2,"deletions":0},"docs":{"insertions":0,"deletions":16}}}]},{"date":"2025-10-09T00:00:00","commitResults":[{"hash":"b74ed8fbc747c7b062aecf891f053c4ed21656ee","isMergeCommit":true,"messageTitle":"Merge pull request #76 from camlin-tan/52-add-bloodtype","messageBody":"Add blood type feature","fileTypesAndContributionMap":{}},{"hash":"486250cb2fdd2397503c38c26c76c4eade0a5170","isMergeCommit":false,"messageTitle":"Add missing dependencies","messageBody":"","fileTypesAndContributionMap":{"other":{"insertions":6,"deletions":0}}},{"hash":"68975c633c686aa543eef4eadde56ef71de08e6b","isMergeCommit":false,"messageTitle":"Update .gitignore","messageBody":"","fileTypesAndContributionMap":{"functional-code":{"insertions":16,"deletions":1}}}]},{"date":"2025-10-13T00:00:00","commitResults":[{"hash":"99b21010319720f5720e2dd32ace8f3db018e26c","isMergeCommit":false,"messageTitle":"Add IdentityNumber.java to person","messageBody":"","fileTypesAndContributionMap":{"functional-code":{"insertions":66,"deletions":0}}}]},{"date":"2025-10-14T00:00:00","commitResults":[{"hash":"aa837684a95db0f6c01598bbcaae86c5659fa281","isMergeCommit":false,"messageTitle":"Add identity number to Person.java","messageBody":"","fileTypesAndContributionMap":{"functional-code":{"insertions":34,"deletions":4}}},{"hash":"328537ed6f3b1521dded998f5b1947b58ef17aed","isMergeCommit":false,"messageTitle":"Change Person uniqueness identification to id","messageBody":"","fileTypesAndContributionMap":{"functional-code":{"insertions":2,"deletions":2}}},{"hash":"746600e3a28b9b2f9963cea4e2cb03eca78d0562","isMergeCommit":false,"messageTitle":"Edit Person tests to include identity number","messageBody":"","fileTypesAndContributionMap":{"test-code":{"insertions":41,"deletions":20}}},{"hash":"c11a694956cfe63eea908d9a245abc1e35dc3ab7","isMergeCommit":false,"messageTitle":"Modify IdentityNumber field name","messageBody":"","fileTypesAndContributionMap":{"functional-code":{"insertions":5,"deletions":5}}},{"hash":"4eb0e50fe44543832b1ef03dd58ec80ecfa9a174","isMergeCommit":false,"messageTitle":"Add identity number to JsonAdaptedPerson.java","messageBody":"","fileTypesAndContributionMap":{"functional-code":{"insertions":37,"deletions":0}}},{"hash":"c37cb01cc6b480eeeab1ed5e04399e2435217b6c","isMergeCommit":false,"messageTitle":"Add parser support for identity number","messageBody":"","fileTypesAndContributionMap":{"functional-code":{"insertions":32,"deletions":10}}},{"hash":"48358e463d24de287b3f17b85c3ea33658d1640b","isMergeCommit":false,"messageTitle":"Edit message for add and duplicate person","messageBody":"","fileTypesAndContributionMap":{"functional-code":{"insertions":3,"deletions":1}}},{"hash":"6b882f81079777d180116fb95921d8a37a430ced","isMergeCommit":false,"messageTitle":"Modify toModelType() method to include id","messageBody":"","fileTypesAndContributionMap":{"functional-code":{"insertions":2,"deletions":27}}},{"hash":"21bc478b7e8e30645731d85bc50d044c2fa903d6","isMergeCommit":false,"messageTitle":"Update files and testcases for JsonAdaptedPersonTest","messageBody":"","fileTypesAndContributionMap":{"functional-code":{"insertions":21,"deletions":7},"test-code":{"insertions":42,"deletions":30}}},{"hash":"be65c7b4b15c6291182ddee7bf013401079e6d60","isMergeCommit":false,"messageTitle":"Edit all test files for identity number","messageBody":"","fileTypesAndContributionMap":{"functional-code":{"insertions":31,"deletions":47},"test-code":{"insertions":104,"deletions":111}}},{"hash":"3642743180cb47bd2465f34135aa3d59381ffc13","isMergeCommit":false,"messageTitle":"Add identity number to PersonCard","messageBody":"","fileTypesAndContributionMap":{"functional-code":{"insertions":4,"deletions":0}}},{"hash":"24a7001bcdab95fc129dfbe9fa8b0baa17319dd6","isMergeCommit":true,"messageTitle":"Merge branch \u0027master\u0027 into 57-feature-identity-number","messageBody":"","fileTypesAndContributionMap":{}}]},{"date":"2025-10-15T00:00:00","commitResults":[{"hash":"13447861c2eda98fac5ccca8a35799343ae1052e","isMergeCommit":false,"messageTitle":"Add identity number to message usage","messageBody":"","fileTypesAndContributionMap":{"functional-code":{"insertions":5,"deletions":8}}},{"hash":"507cb0cbd55ee601f4f801d5990f5c7b004dd772","isMergeCommit":true,"messageTitle":"Merge pull request #97 from Soo42/59-add-smoking-record","messageBody":"Add smoking record","fileTypesAndContributionMap":{}},{"hash":"d2f43cb40b05b0ebce66e5fe17cfee6dce11100e","isMergeCommit":false,"messageTitle":"Update help window available commands","messageBody":"","fileTypesAndContributionMap":{"functional-code":{"insertions":112,"deletions":17}}},{"hash":"04ab60d92336067e07bfa1b2ac85ff32f454f339","isMergeCommit":false,"messageTitle":"Add id to example command in AvailableCommands.md","messageBody":"","fileTypesAndContributionMap":{"functional-code":{"insertions":2,"deletions":2}}},{"hash":"c8ce89d0b5cc4a22352d9455af5830e6311e82fb","isMergeCommit":false,"messageTitle":"Update version number to v1.3.0","messageBody":"","fileTypesAndContributionMap":{"functional-code":{"insertions":1,"deletions":1}}}]},{"date":"2025-10-19T00:00:00","commitResults":[{"hash":"cc8639e076d3447b34c10c78ea611f6bf3cf980d","isMergeCommit":true,"messageTitle":"Merge pull request #112 from SoyWater/111-restrict-dob","messageBody":"Restrict `DateOfBirth` to today or older date","fileTypesAndContributionMap":{}},{"hash":"620f1968221a00f3b773fba8a1e013c9c9d00543","isMergeCommit":false,"messageTitle":"Add EmergencyContact.java to person","messageBody":"","fileTypesAndContributionMap":{"functional-code":{"insertions":81,"deletions":0}}},{"hash":"7b2ee529b8871eb15d05a81de5fd58b4d808ae46","isMergeCommit":false,"messageTitle":"Add emergency contact to Person.java","messageBody":"","fileTypesAndContributionMap":{"functional-code":{"insertions":31,"deletions":1}}},{"hash":"378735cb95ead32e979df066e6f8d66e54f7a46d","isMergeCommit":false,"messageTitle":"Update VALIDATION_REGEX of Phone.java","messageBody":"","fileTypesAndContributionMap":{"functional-code":{"insertions":3,"deletions":2}}},{"hash":"cd2925a2278a4a4b436bc416bfeb102f9ac20117","isMergeCommit":false,"messageTitle":"Add emergency contact to person tests","messageBody":"","fileTypesAndContributionMap":{"test-code":{"insertions":41,"deletions":15}}},{"hash":"58fe49108f0222c8224250bf45100c4b3899ab82","isMergeCommit":false,"messageTitle":"Add parser support for emergency contact","messageBody":"","fileTypesAndContributionMap":{"functional-code":{"insertions":30,"deletions":6}}},{"hash":"3b85d550a8df69f68b6ba549d6b7cad4d462ceb9","isMergeCommit":false,"messageTitle":"Add emergency contact to JsonAdaptedPerson","messageBody":"","fileTypesAndContributionMap":{"functional-code":{"insertions":18,"deletions":3},"test-code":{"insertions":38,"deletions":35}}},{"hash":"de9a70dba7592a0143f5cb0849954afff64ef5f5","isMergeCommit":false,"messageTitle":"Tweak VALIDATION_REGEX of EmergencyContact.java","messageBody":"","fileTypesAndContributionMap":{"functional-code":{"insertions":1,"deletions":1}}},{"hash":"735f33887e709db9d2595d19afe4a1759fe59256","isMergeCommit":false,"messageTitle":"Add emergency contact to Messages and Sample Data","messageBody":"","fileTypesAndContributionMap":{"functional-code":{"insertions":12,"deletions":0}}},{"hash":"57a7cd982769f665b6d1c978a8613f6837fb3f79","isMergeCommit":false,"messageTitle":"Add edit command support for emergency contact","messageBody":"","fileTypesAndContributionMap":{"functional-code":{"insertions":29,"deletions":6}}},{"hash":"4b25898ae64161a5498316942b15b75d47ca30e5","isMergeCommit":false,"messageTitle":"Update test files for emergency contact feature","messageBody":"","fileTypesAndContributionMap":{"test-code":{"insertions":91,"deletions":29}}},{"hash":"0fc46a48cab4e20696a2ba5353f60469f50d91f0","isMergeCommit":false,"messageTitle":"Update Parser classes inconsistencies","messageBody":"","fileTypesAndContributionMap":{"functional-code":{"insertions":7,"deletions":7}}},{"hash":"66e7f919ad993b8f4d4c3a3d040b443b3b0e60bf","isMergeCommit":false,"messageTitle":"Remove stub Person constructor","messageBody":"","fileTypesAndContributionMap":{"functional-code":{"insertions":0,"deletions":22}}},{"hash":"870e09d556454610940c439651ad511e737d7d4f","isMergeCommit":false,"messageTitle":"Update test files for changes","messageBody":"","fileTypesAndContributionMap":{"test-code":{"insertions":14,"deletions":10}}}]},{"date":"2025-10-20T00:00:00","commitResults":[{"hash":"de8447dbdea2ba9ac09ed2a42c8c379fb6be6316","isMergeCommit":true,"messageTitle":"Merge pull request #133 from SoyWater/132-add-codecov-badge","messageBody":"Add codecov badge to README","fileTypesAndContributionMap":{}},{"hash":"b79bb7034596cf359354c5266b4e42470a5096f3","isMergeCommit":false,"messageTitle":"Add emergency contact to person card","messageBody":"","fileTypesAndContributionMap":{"functional-code":{"insertions":10,"deletions":1}}},{"hash":"57561e9b03d4596cc3ab345ab1d5cd809c57dac1","isMergeCommit":false,"messageTitle":"Add emergency contact to AvailableCommands.md","messageBody":"","fileTypesAndContributionMap":{"functional-code":{"insertions":9,"deletions":4}}},{"hash":"979532829812b59315fe45a28570ae18a7c75310","isMergeCommit":false,"messageTitle":"Change command TextField to TextArea","messageBody":"","fileTypesAndContributionMap":{"functional-code":{"insertions":20,"deletions":12}}},{"hash":"ebe2822e8d00e6470a6c9d7a3c7052b9d04c01d4","isMergeCommit":false,"messageTitle":"Stop TextArea from adding newline on enter","messageBody":"","fileTypesAndContributionMap":{"functional-code":{"insertions":28,"deletions":14}}}]},{"date":"2025-10-21T00:00:00","commitResults":[{"hash":"4a2e9947fcf5575eccac4ceca606d9b9a901277b","isMergeCommit":true,"messageTitle":"Merge pull request #141 from bananapielearnsjava","messageBody":"from bananapielearnsjava/139-update-alcoholic-record-input-validation\nUpdate alcoholic record input validation","fileTypesAndContributionMap":{}}]},{"date":"2025-10-22T00:00:00","commitResults":[{"hash":"f7b960af6e1a07f202340694af7c11ffb0a37349","isMergeCommit":true,"messageTitle":"Merge branch \u0027master\u0027 into 113-feature-emergency-contact","messageBody":"","fileTypesAndContributionMap":{}},{"hash":"5d17034488d87d9d6115d6c97efc015021532a15","isMergeCommit":true,"messageTitle":"Merge branch \u0027master\u0027 into 127-emergency-contact-ui","messageBody":"","fileTypesAndContributionMap":{}}]}]},"authorFileTypeContributionMap":{"camlin-tan":{"docs":122,"functional-code":764,"test-code":259,"other":4},"bananapielearnsjava":{"docs":86,"functional-code":145,"test-code":206},"Soo42":{"docs":65,"functional-code":257,"test-code":274},"SoyWater":{"docs":87,"functional-code":672,"test-code":634},"w3njii":{"docs":16,"functional-code":551,"test-code":253,"other":8}},"authorContributionVariance":{"camlin-tan":26229.164,"bananapielearnsjava":6273.8545,"Soo42":10859.013,"SoyWater":20506.516,"w3njii":19301.19},"authorDisplayNameMap":{"camlin-tan":"CS2103T-F11-1 TAN ..MLIN","bananapielearnsjava":"CS2103T-F11-1 LEW ..I YU","Soo42":"CS2103T-F11-1 SOO ..YANG","SoyWater":"CS2103T-F11-1 IVAN..YANG","w3njii":"CS2103T-F11-1 YEN ..NJIE"}}
