{"authorDailyContributionsMap":{"camlin-tan":[],"bananapielearnsjava":[],"Soo42":[],"SoyWater":[],"w3njii":[]},"authorFileTypeContributionMap":{"camlin-tan":{"docs":0,"functional-code":0,"test-code":0},"bananapielearnsjava":{"docs":0,"functional-code":0,"test-code":0},"Soo42":{"docs":0,"functional-code":0,"test-code":0},"SoyWater":{"docs":0,"functional-code":0,"test-code":0},"w3njii":{"docs":0,"functional-code":0,"test-code":0}},"authorContributionVariance":{"camlin-tan":0.0,"bananapielearnsjava":0.0,"Soo42":0.0,"SoyWater":0.0,"w3njii":0.0},"authorDisplayNameMap":{"camlin-tan":"CS2103T-F11-1 TAN ..MLIN","bananapielearnsjava":"CS2103T-F11-1 LEW ..I YU","Soo42":"CS2103T-F11-1 SOO ..YANG","SoyWater":"CS2103T-F11-1 IVAN..YANG","w3njii":"CS2103T-F11-1 YEN ..NJIE"}}
