{"authorDailyContributionsMap":{"ziheng119":[{"date":"2025-09-19T00:00:00","commitResults":[{"hash":"dfcdeca92520677fd273ed63440be0084c40a901","isMergeCommit":false,"messageTitle":"Check for Codecov coverage","messageBody":"","fileTypesAndContributionMap":{"docs":{"insertions":11,"deletions":9}}}]},{"date":"2025-10-02T00:00:00","commitResults":[{"hash":"be68fb88d21c0e4fef1c8b460eae9ec3fb55d080","isMergeCommit":false,"messageTitle":"Update README.md","messageBody":"","fileTypesAndContributionMap":{"docs":{"insertions":2,"deletions":0}}},{"hash":"e266aeea42cabe114b85af7e55c10e8f9bd0b995","isMergeCommit":true,"messageTitle":"Merge pull request #4 from ctrf03/v1.1-UpdateAboutUsPage","messageBody":"Update AboutUs Page, Clinton","fileTypesAndContributionMap":{}},{"hash":"8e24410e1a70af7d9cbeca8cfbb7cb9ae32c1320","isMergeCommit":true,"messageTitle":"Merge branch \u0027master\u0027 into about-us","messageBody":"","fileTypesAndContributionMap":{}},{"hash":"65ce1a5ed4aa18a52238781d6fbd74c37d867980","isMergeCommit":true,"messageTitle":"Merge branch \u0027master\u0027 into update-about-us","messageBody":"","fileTypesAndContributionMap":{}},{"hash":"133a5282020c16df8b352575dae9a0a59652b41f","isMergeCommit":true,"messageTitle":"Merge pull request #21 from bacenl/update-about-us","messageBody":"Update AboutUs.md to include Ethan","fileTypesAndContributionMap":{}},{"hash":"c5fc456f1cac83c55b184244e7195a58f3cffeac","isMergeCommit":true,"messageTitle":"Merge pull request #14 from lihloway/branch-add-photo","messageBody":"Add Cole Lin\u0027s photo","fileTypesAndContributionMap":{}},{"hash":"2f8d4410056492e11464807238eb8cfed15facdc","isMergeCommit":true,"messageTitle":"Merge branch \u0027master\u0027 into update-page","messageBody":"","fileTypesAndContributionMap":{}},{"hash":"722f2f80db03836e36caa21f8ec8f348fdbbf6a8","isMergeCommit":true,"messageTitle":"Merge pull request #16 from lihloway/update-page","messageBody":"Update AboutUs.md to include Cole Lin","fileTypesAndContributionMap":{}},{"hash":"2c4054ec90328fefb882a6897363d2852d1d3bde","isMergeCommit":true,"messageTitle":"Merge branch \u0027AY2526S1-CS2103T-F12-3:master\u0027 into v1.1-Update-README","messageBody":"","fileTypesAndContributionMap":{}},{"hash":"959ae50b416baccdfb469de174cbec4860e7790e","isMergeCommit":false,"messageTitle":"Update AboutUs.md","messageBody":"","fileTypesAndContributionMap":{"docs":{"insertions":7,"deletions":9}}},{"hash":"17eb144539d4d5b165d0fc5d7b1b3f5ffe14e53c","isMergeCommit":true,"messageTitle":"Merge pull request #26 from ctrf03/v1.1-DGNFR","messageBody":"Add NFRs to DG","fileTypesAndContributionMap":{}},{"hash":"cd2253c54c087963b45ba2a3cbbef2a0e1c904ce","isMergeCommit":true,"messageTitle":"Merge pull request #32 from ctrf03/v1.1-UpdateREADME","messageBody":"Update Github Actions build status link in  README","fileTypesAndContributionMap":{}},{"hash":"ef3075c9b4423e73b3507be36a0e3b217e195b91","isMergeCommit":false,"messageTitle":"Update DeveloperGuide.md","messageBody":"","fileTypesAndContributionMap":{"docs":{"insertions":57,"deletions":12}}},{"hash":"8937a4255b9cdcb00c4cf742d813a9455723f403","isMergeCommit":true,"messageTitle":"Merge branch \u0027master\u0027 into update-glossary","messageBody":"","fileTypesAndContributionMap":{}},{"hash":"5fe610d2cfa570669880372a325cd63e845bfe04","isMergeCommit":true,"messageTitle":"Merge pull request #33 from Cavannn/update-glossary","messageBody":"Update Glossary","fileTypesAndContributionMap":{}},{"hash":"865d59d2a562e726c8dee0bde9e50bbd26df35d1","isMergeCommit":true,"messageTitle":"Merge pull request #37 from lihloway/user-stories-DG","messageBody":"Add User Stories to DG","fileTypesAndContributionMap":{}},{"hash":"2c4769d883d7f5bb92b63ae2209babfea1c3740b","isMergeCommit":true,"messageTitle":"Merge pull request #42 from bacenl/fix-dg","messageBody":"Fix table of contents","fileTypesAndContributionMap":{}},{"hash":"72ac37915f1ea74eb6900a06d30c048442788f9a","isMergeCommit":true,"messageTitle":"Merge pull request #46 from ctrf03/v1.1-UpdateREADMEWithProject","messageBody":"Update README","fileTypesAndContributionMap":{}}]},{"date":"2025-10-09T00:00:00","commitResults":[{"hash":"8925520ad762642a573c5c1a6a35d6ae2d77e2e7","isMergeCommit":false,"messageTitle":"Delete person via email","messageBody":"","fileTypesAndContributionMap":{"functional-code":{"insertions":75,"deletions":11}}},{"hash":"34c2cd511c74f05ee355da05569283bbdbecee0d","isMergeCommit":false,"messageTitle":"Align logic with Delete by Index","messageBody":"","fileTypesAndContributionMap":{"functional-code":{"insertions":1,"deletions":1}}},{"hash":"edeb6ce4fbab2f0a38be097482e1362b3d5953a7","isMergeCommit":false,"messageTitle":"Add test cases for deletion via email","messageBody":"","fileTypesAndContributionMap":{"functional-code":{"insertions":1,"deletions":1},"test-code":{"insertions":90,"deletions":1}}},{"hash":"bc27b20fb6df68877d943782ee6081df10cafa3a","isMergeCommit":false,"messageTitle":"Make emails case-insensitive","messageBody":"","fileTypesAndContributionMap":{"functional-code":{"insertions":2,"deletions":2},"test-code":{"insertions":16,"deletions":0}}},{"hash":"97ec93a6599f3142164649795f532ba995c58150","isMergeCommit":false,"messageTitle":"Fix trailing whitespace","messageBody":"","fileTypesAndContributionMap":{"functional-code":{"insertions":3,"deletions":3}}},{"hash":"13cd92b0fc401dc7adaf6096b79f2239f6ce6799","isMergeCommit":false,"messageTitle":"Align logic with codebase","messageBody":"","fileTypesAndContributionMap":{"functional-code":{"insertions":24,"deletions":7},"test-code":{"insertions":4,"deletions":4}}},{"hash":"c95ac85af621c1b3bc04c5e584dadac5b0373193","isMergeCommit":false,"messageTitle":"Update DeleteCommand.java","messageBody":"","fileTypesAndContributionMap":{"functional-code":{"insertions":10,"deletions":10}}},{"hash":"a672ba565224edf6c7b5ba7892f40cf926ab1458","isMergeCommit":false,"messageTitle":"Update DeleteCommand.java","messageBody":"","fileTypesAndContributionMap":{"functional-code":{"insertions":13,"deletions":12}}}]},{"date":"2025-10-14T00:00:00","commitResults":[{"hash":"0a5807928afa2765bd0b481f4410c16b6863c632","isMergeCommit":true,"messageTitle":"Merge pull request #64 from ctrf03/v1.3-MvpDocumentation","messageBody":"Update UserGuide to reflect SWEatless","fileTypesAndContributionMap":{}},{"hash":"65f304d3802ac6e0802e21a6b9c357547993908c","isMergeCommit":false,"messageTitle":"Add test cases","messageBody":"","fileTypesAndContributionMap":{"test-code":{"insertions":26,"deletions":0}}},{"hash":"efcaa417be7cd787efbdda5ae829fb1c429917ee","isMergeCommit":false,"messageTitle":"Update DeleteCommandTest.java","messageBody":"","fileTypesAndContributionMap":{"test-code":{"insertions":2,"deletions":2}}}]},{"date":"2025-10-15T00:00:00","commitResults":[{"hash":"b5ac9825a2eb8ff93766131ef97320a7013a5f7f","isMergeCommit":true,"messageTitle":"Merge pull request #71 from bacenl/fix-dg-toc","messageBody":"Fix DG Table of Contents","fileTypesAndContributionMap":{}},{"hash":"7dfa03f610f876173b5747a1dfe233345701a4ff","isMergeCommit":false,"messageTitle":"Prevent student from having more than one team","messageBody":"","fileTypesAndContributionMap":{"functional-code":{"insertions":48,"deletions":4},"test-code":{"insertions":5,"deletions":0}}},{"hash":"c0fc293fb861a9d5bec844b9c9f6e5915f8088ca","isMergeCommit":false,"messageTitle":"Update CliSyntax.java","messageBody":"","fileTypesAndContributionMap":{"functional-code":{"insertions":1,"deletions":2}}},{"hash":"47b04a34f81c4a6a0622103523e52e8498a6499a","isMergeCommit":false,"messageTitle":"Update tests","messageBody":"","fileTypesAndContributionMap":{"functional-code":{"insertions":4,"deletions":4},"test-code":{"insertions":10,"deletions":10}}}]},{"date":"2025-10-16T00:00:00","commitResults":[{"hash":"d6e7a629cb63b5ec890382f21d4420801558d6fb","isMergeCommit":true,"messageTitle":"Merge pull request #78 from bacenl/team-ui","messageBody":"Team UI","fileTypesAndContributionMap":{}},{"hash":"f9c91b4285159b41faf5fd12c141400df1d89ee9","isMergeCommit":false,"messageTitle":"Update RemoveFromTeamCommand.java","messageBody":"","fileTypesAndContributionMap":{"functional-code":{"insertions":18,"deletions":1}}},{"hash":"7be708e3d5fa41a66a5c6b8035aec1e7a0379ce3","isMergeCommit":false,"messageTitle":"Fix trailing whitespace","messageBody":"","fileTypesAndContributionMap":{"functional-code":{"insertions":1,"deletions":1}}},{"hash":"5b83c5ffe5c8abec6fe5df72e2d984767d126dae","isMergeCommit":false,"messageTitle":"Standardise team naming","messageBody":"","fileTypesAndContributionMap":{"functional-code":{"insertions":3,"deletions":3}}}]}],"lihloway":[{"date":"2025-10-01T00:00:00","commitResults":[{"hash":"aff44fe3dd360f7e83bd14c62c196f187923f0a1","isMergeCommit":false,"messageTitle":"Update AboutUs.md to include Cole Lin","messageBody":"Fixes #15\n","fileTypesAndContributionMap":{"docs":{"insertions":4,"deletions":4}}}]},{"date":"2025-10-02T00:00:00","commitResults":[{"hash":"a36cf80be3b6ec4ba633a7d2ed3f150a77edf479","isMergeCommit":false,"messageTitle":"Add User Stories to DG","messageBody":"Fixes #35\n","fileTypesAndContributionMap":{"docs":{"insertions":29,"deletions":10}}},{"hash":"4011c0ea2ae469e159c3374bbf2d422f05e28ea7","isMergeCommit":false,"messageTitle":"Fix User Stories, remove Module Coordinator","messageBody":"","fileTypesAndContributionMap":{"docs":{"insertions":1,"deletions":1}}},{"hash":"b4146623273a34576a6989c83543122297e36fb2","isMergeCommit":false,"messageTitle":"Add UI.png, edit README.md","messageBody":"Fixes #22\n","fileTypesAndContributionMap":{"docs":{"insertions":8,"deletions":2}}},{"hash":"4f685e5532634dadd5f3a1100dec264a9e607159","isMergeCommit":false,"messageTitle":"Fixes README.md","messageBody":"","fileTypesAndContributionMap":{"docs":{"insertions":2,"deletions":2}}}]},{"date":"2025-10-09T00:00:00","commitResults":[{"hash":"d2636e1a44db63cd05b2b14b3fca36d0483e5bf8","isMergeCommit":false,"messageTitle":"Add dropdown css to DarkTheme.css","messageBody":"","fileTypesAndContributionMap":{"functional-code":{"insertions":20,"deletions":0}}},{"hash":"0bdcd03722e2953f8000cf148b3892e6ca2019d1","isMergeCommit":false,"messageTitle":"Cleanup .css files","messageBody":"","fileTypesAndContributionMap":{"functional-code":{"insertions":8,"deletions":6}}},{"hash":"8570aff638ee09f741f8dd265461198afecd3633","isMergeCommit":false,"messageTitle":"Fix whitespace","messageBody":"","fileTypesAndContributionMap":{"functional-code":{"insertions":7,"deletions":3}}},{"hash":"652bfb6f8d420264794feaf478a5b34ef2931a4f","isMergeCommit":false,"messageTitle":"Fix whitespace2","messageBody":"","fileTypesAndContributionMap":{"functional-code":{"insertions":1,"deletions":1}}},{"hash":"a5e05ea3191482410c4115d17d5d5c6a0aedb595","isMergeCommit":true,"messageTitle":"Merge pull request #58 from lihloway/branch-team-UI","messageBody":"Change .css to include team UI","fileTypesAndContributionMap":{}}]},{"date":"2025-10-14T00:00:00","commitResults":[{"hash":"2de85c008c570e3a5ef8679bc17af64120c9d4bf","isMergeCommit":false,"messageTitle":"Change duplicate person rule","messageBody":"","fileTypesAndContributionMap":{"functional-code":{"insertions":101,"deletions":6}}},{"hash":"7eae4857592346dc5899a7badb79aaaa6f48e569","isMergeCommit":false,"messageTitle":"Add function of saving team to json","messageBody":"","fileTypesAndContributionMap":{"functional-code":{"insertions":11,"deletions":3}}},{"hash":"7712eb8d363f545f607df97a9c482b76ea4af8b7","isMergeCommit":false,"messageTitle":"Fix teamcases to fit new implementation","messageBody":"","fileTypesAndContributionMap":{"test-code":{"insertions":6,"deletions":6}}},{"hash":"ed4c4ede5952eb34448a993d086b3e37bc8d56a7","isMergeCommit":false,"messageTitle":"Fix checkstyle","messageBody":"","fileTypesAndContributionMap":{"test-code":{"insertions":4,"deletions":2}}},{"hash":"6f29cf53eb5852d1f5b3d2fdf6db7b92aee2355d","isMergeCommit":false,"messageTitle":"Fix testcases for coverage","messageBody":"","fileTypesAndContributionMap":{"test-code":{"insertions":17,"deletions":0}}},{"hash":"5898129c7909ca3d34fdfd418b4138a7754856ea","isMergeCommit":false,"messageTitle":"Add JsonAdaptedTeamTest.java to test new class","messageBody":"","fileTypesAndContributionMap":{"functional-code":{"insertions":3,"deletions":1},"test-code":{"insertions":81,"deletions":0}}},{"hash":"efb5997d8cb65dd26683735dc560ae47e3c7b0fa","isMergeCommit":false,"messageTitle":"Fix small issues with eof","messageBody":"","fileTypesAndContributionMap":{"docs":{"insertions":1,"deletions":1},"test-code":{"insertions":1,"deletions":1}}},{"hash":"3037c37a5b48bd6d352dc50749626e7600df6cfd","isMergeCommit":false,"messageTitle":"Fix EVEN MORE test cases","messageBody":"","fileTypesAndContributionMap":{"functional-code":{"insertions":4,"deletions":2}}},{"hash":"18012c7fbadc3edc57d183040ba1241d0b33058e","isMergeCommit":true,"messageTitle":"Merge pull request #66 from ziheng119/v1.3-Add-Coverage","messageBody":"LGTM","fileTypesAndContributionMap":{}}]},{"date":"2025-10-16T00:00:00","commitResults":[{"hash":"235bcd964b0dfc3ad9503af84dfca18b3119685d","isMergeCommit":false,"messageTitle":"Add abstraction to Team.java with isSameTeam","messageBody":"","fileTypesAndContributionMap":{"functional-code":{"insertions":9,"deletions":3}}},{"hash":"b6f881ac115db5ca8720836a4eaa84f87249d006","isMergeCommit":false,"messageTitle":"Add javadoc","messageBody":"","fileTypesAndContributionMap":{"functional-code":{"insertions":4,"deletions":0}}},{"hash":"e3b062ed5e6b1ce10bb028f6b93ff0bf384cd60c","isMergeCommit":true,"messageTitle":"Merge pull request #77 from ctrf03/v1.3-CreateTeamBugFix","messageBody":"Wrap IllegalArguementException from Team to ParserException","fileTypesAndContributionMap":{}},{"hash":"c0332ca463d95c60ea3874b642f030ff2b6d64a1","isMergeCommit":true,"messageTitle":"Merge pull request #74 from ziheng119/v1.3-Prevent-Multiple-Teams","messageBody":"Prevent student from having more than one team","fileTypesAndContributionMap":{}},{"hash":"ba75bac9739cd920f30d97c52e1f0a8341b99ed4","isMergeCommit":true,"messageTitle":"Merge pull request #76 from ziheng119/v1.3-Standardise-Commands","messageBody":"Update CliSyntax.java","fileTypesAndContributionMap":{}}]},{"date":"2025-10-22T00:00:00","commitResults":[{"hash":"2ba7c539b022a91dbe268ef267a1c8c269ed9725","isMergeCommit":false,"messageTitle":"Fix person and team equality methods","messageBody":"","fileTypesAndContributionMap":{"functional-code":{"insertions":16,"deletions":2}}},{"hash":"4ae478947029338b46a2f2a1c0acd1583d980dab","isMergeCommit":false,"messageTitle":"Fix javadoc","messageBody":"","fileTypesAndContributionMap":{"functional-code":{"insertions":8,"deletions":1}}},{"hash":"6b95dbc1fea0ab88aa09fca386c532c63245698f","isMergeCommit":false,"messageTitle":"Fix trailing whitespace","messageBody":"","fileTypesAndContributionMap":{"functional-code":{"insertions":7,"deletions":7}}},{"hash":"64dfdc413aff60a37d3cc391c4c04f85bfd70055","isMergeCommit":false,"messageTitle":"Fix addressbook","messageBody":"","fileTypesAndContributionMap":{"functional-code":{"insertions":1,"deletions":1},"test-code":{"insertions":0,"deletions":1}}},{"hash":"0e16c82bcc033a6f585e5db29eeff4ad4f3d1ab8","isMergeCommit":false,"messageTitle":"Fix testcase by using hash for better performance","messageBody":"","fileTypesAndContributionMap":{"functional-code":{"insertions":3,"deletions":3}}},{"hash":"4d75135a4b53c6cab9ef2af69d0c1767cdf95cb0","isMergeCommit":false,"messageTitle":"Debug testcase 1","messageBody":"","fileTypesAndContributionMap":{"functional-code":{"insertions":1,"deletions":1},"test-code":{"insertions":2,"deletions":1}}},{"hash":"7e5762dd136ad67873d17ab090816f7bcf68892a","isMergeCommit":false,"messageTitle":"Debug testcase 2","messageBody":"","fileTypesAndContributionMap":{"functional-code":{"insertions":2,"deletions":2},"test-code":{"insertions":1,"deletions":1}}},{"hash":"a170b3bc675016b7cbef9f5c29258eedf3da695a","isMergeCommit":false,"messageTitle":"Debug testcase 3","messageBody":"","fileTypesAndContributionMap":{"functional-code":{"insertions":1,"deletions":1}}},{"hash":"81b244a4383b2709c4d22cc96a8113f85e17eada","isMergeCommit":false,"messageTitle":"Debug testcase 4","messageBody":"","fileTypesAndContributionMap":{"test-code":{"insertions":1,"deletions":2}}},{"hash":"7dab5f6cb24a7f225ee76485f0192a7fef31c1eb","isMergeCommit":false,"messageTitle":"Debug testcase 5","messageBody":"","fileTypesAndContributionMap":{"test-code":{"insertions":4,"deletions":8}}},{"hash":"0acbca011f0f07b5105d3c444a36905e29c9246e","isMergeCommit":false,"messageTitle":"Change references to isSameTeam to isSameTeamName","messageBody":"","fileTypesAndContributionMap":{"functional-code":{"insertions":4,"deletions":4}}}]}],"Cavannn":[{"date":"2025-10-01T00:00:00","commitResults":[{"hash":"1048fe593d48d29394f891dc2a44f630c91d2f3c","isMergeCommit":false,"messageTitle":"Update AboutUs page","messageBody":"","fileTypesAndContributionMap":{"docs":{"insertions":5,"deletions":5}}}]},{"date":"2025-10-02T00:00:00","commitResults":[{"hash":"cbf29419f9ae41c623d73f9f74d465f9a85265c6","isMergeCommit":false,"messageTitle":"Update Glossary","messageBody":"","fileTypesAndContributionMap":{"docs":{"insertions":28,"deletions":0}}}]},{"date":"2025-10-09T00:00:00","commitResults":[{"hash":"94a1cdc93573c881dd26638698ad851218cbc6e4","isMergeCommit":false,"messageTitle":"Add Add_To_Team and Remove_From_Team Commands","messageBody":"","fileTypesAndContributionMap":{"functional-code":{"insertions":681,"deletions":2},"test-code":{"insertions":50,"deletions":1}}},{"hash":"a4f28e8e43a7228ecece86a27abb16688343cdb2","isMergeCommit":false,"messageTitle":"Add and Update Test Cases","messageBody":"","fileTypesAndContributionMap":{"functional-code":{"insertions":31,"deletions":2},"test-code":{"insertions":878,"deletions":0}}},{"hash":"f5a7688ad203aafcf3eae24873eed7afb0eb943c","isMergeCommit":true,"messageTitle":"Merge upstream/master into addstudenttoteam","messageBody":"","fileTypesAndContributionMap":{}},{"hash":"33b438a017ca2f03f6adcd689a634d9aedacacb0","isMergeCommit":false,"messageTitle":"Update AddressBookParser","messageBody":"","fileTypesAndContributionMap":{"functional-code":{"insertions":1,"deletions":0}}},{"hash":"c1e187e9d9b8055ebf9ff7c690ae55040a1dc17d","isMergeCommit":true,"messageTitle":"Merge branch \u0027master\u0027 of https://github.com/AY2526S1-CS2103T-F12-3/tp into addstudenttoteam","messageBody":"","fileTypesAndContributionMap":{}},{"hash":"0cdf65995efdb0d496d1e778372b12dd2cc7c669","isMergeCommit":false,"messageTitle":"Update style checks","messageBody":"","fileTypesAndContributionMap":{"test-code":{"insertions":0,"deletions":116}}}]},{"date":"2025-10-16T00:00:00","commitResults":[{"hash":"1a9588c2552d293ca9ee06d3b5ebcba06210e7f2","isMergeCommit":false,"messageTitle":"Update index as unique identifier for add/remove from team commands","messageBody":"","fileTypesAndContributionMap":{"functional-code":{"insertions":56,"deletions":67}}},{"hash":"475aa5c5408feaa78dde0657c86519a11bdfefd5","isMergeCommit":false,"messageTitle":"Update team command prefix for consistency","messageBody":"","fileTypesAndContributionMap":{"functional-code":{"insertions":5,"deletions":5}}},{"hash":"68656b4b4012ebd79f9263b95d3820ddd1c97dd1","isMergeCommit":false,"messageTitle":"Update test cases","messageBody":"","fileTypesAndContributionMap":{"functional-code":{"insertions":8,"deletions":2},"test-code":{"insertions":122,"deletions":80}}},{"hash":"e13a3ae9084d993532b1630d9bf441c2fa523186","isMergeCommit":false,"messageTitle":"Fix checkstyle errors","messageBody":"","fileTypesAndContributionMap":{"test-code":{"insertions":8,"deletions":6}}},{"hash":"fa2a82fd0ea3d40bcd9f54d8f9f37e5341a82335","isMergeCommit":true,"messageTitle":"Merge branch \u0027master\u0027 into index_unique_identifier","messageBody":"","fileTypesAndContributionMap":{}},{"hash":"8df666d456b23e83ae6922df4caa170182a9b643","isMergeCommit":true,"messageTitle":"Merge pull request #87 from ctrf03/v1.3-MvpRelease","messageBody":"Update version number for MVP release","tags":["v1.3"],"fileTypesAndContributionMap":{}}]}],"bacenl":[{"date":"2025-10-01T00:00:00","commitResults":[{"hash":"6026e2342e89d0dafabeec31faba489634210a13","isMergeCommit":false,"messageTitle":"Update AboutUs.md to include name","messageBody":"","fileTypesAndContributionMap":{"docs":{"insertions":4,"deletions":5}}}]},{"date":"2025-10-02T00:00:00","commitResults":[{"hash":"f6b660052d5e40cc4fc6b0397cba6c850d7bffb4","isMergeCommit":true,"messageTitle":"Merge pull request #29 from ziheng119/v1.1-Update-README","messageBody":"Update About Us page, Zi Heng","fileTypesAndContributionMap":{}},{"hash":"3d4697e01cd0ed779a7f9382a286cb0d3cbc527b","isMergeCommit":false,"messageTitle":"Update AB3 to SWEatless in NavBar","messageBody":"","fileTypesAndContributionMap":{"other":{"insertions":2,"deletions":2}}},{"hash":"05bb2a500cce7961ff2d6f30a2bfc9dce43adbbe","isMergeCommit":true,"messageTitle":"Merge pull request #38 from bacenl/update-navbar","messageBody":"Update site-wide settings","fileTypesAndContributionMap":{}},{"hash":"491cd6519e1e9a3c1b04aa6c4f957e5aeb316206","isMergeCommit":true,"messageTitle":"Merge pull request #41 from lihloway/UI-acknowledgements","messageBody":"Add UI.png, edit README.md","fileTypesAndContributionMap":{}},{"hash":"fa522668e6e9822f4057976b1872cc0b783d1f3b","isMergeCommit":false,"messageTitle":"Fix table of contents","messageBody":"","fileTypesAndContributionMap":{"docs":{"insertions":1,"deletions":3}}}]},{"date":"2025-10-08T00:00:00","commitResults":[{"hash":"ac05112c051e863a747b9f55724b9d9b924cd211","isMergeCommit":false,"messageTitle":"Add team and relevant classes and add size() to UniquePersonList","messageBody":"","fileTypesAndContributionMap":{"functional-code":{"insertions":225,"deletions":0}}},{"hash":"e9f43d8d0d25036d0e7d9cc359f3282d6c35065f","isMergeCommit":false,"messageTitle":"Add CreateTeamCommand and CreateTeamCommandParser","messageBody":"","fileTypesAndContributionMap":{"functional-code":{"insertions":92,"deletions":0}}},{"hash":"fe8d9d4205ca17be889152030ce5ae8a3394c3de","isMergeCommit":false,"messageTitle":"Fix Checkstyle","messageBody":"","fileTypesAndContributionMap":{"functional-code":{"insertions":0,"deletions":2}}},{"hash":"1ab027332bca63088ac1f648cedf4a4287afc628","isMergeCommit":false,"messageTitle":"Add team creation in execute()","messageBody":"","fileTypesAndContributionMap":{"functional-code":{"insertions":1,"deletions":1}}}]},{"date":"2025-10-09T00:00:00","commitResults":[{"hash":"13a258baad8fe099e178ee43b54cce03a5d424a5","isMergeCommit":true,"messageTitle":"Merge pull request #55 from ctrf03/v1.1-AddStudentCommand","messageBody":"V1.2 add student command","fileTypesAndContributionMap":{}},{"hash":"f1a8130469fcf5ceab17c3d779093d857346b515","isMergeCommit":true,"messageTitle":"Merge pull request #57 from ziheng119/v1.2-DeleteByEmail","messageBody":"V1.2 delete by email","fileTypesAndContributionMap":{}},{"hash":"ee7371a0dd6621264532511c219a20ceb41b0ca0","isMergeCommit":true,"messageTitle":"Merge pull request #60 from Cavannn/addstudenttoteam","messageBody":"Add Add_To_Team and Remove_From_Team Commands","fileTypesAndContributionMap":{}}]},{"date":"2025-10-15T00:00:00","commitResults":[{"hash":"9e07e01dcf44076619b9eda15941e75ebae2addf","isMergeCommit":false,"messageTitle":"Fix DG Table of Contents","messageBody":"","fileTypesAndContributionMap":{"docs":{"insertions":2,"deletions":1}}},{"hash":"711805e3005bfa113fecd417e385c055542a88dc","isMergeCommit":true,"messageTitle":"Merge pull request #68 from lihloway/branch-save-team","messageBody":"Add save team data to .json file","fileTypesAndContributionMap":{}},{"hash":"95c6307574d20e99b30768b399cf539a6f211758","isMergeCommit":false,"messageTitle":"Delete ReadOnlyTeam.java","messageBody":"","fileTypesAndContributionMap":{"functional-code":{"insertions":5,"deletions":24}}},{"hash":"991a297a0ed1e3e5f0f6ebeb3d15c7cb1fecffd4","isMergeCommit":false,"messageTitle":"Update `PersonCard` with temp text","messageBody":"","fileTypesAndContributionMap":{"functional-code":{"insertions":9,"deletions":2}}},{"hash":"63d9e6183b62b4ba9a33f5ae8501056dae1c9307","isMergeCommit":false,"messageTitle":"Add `team` field to `Person` and updated relevant json handling","messageBody":"","fileTypesAndContributionMap":{"functional-code":{"insertions":111,"deletions":34}}},{"hash":"0cacab346a8bec76ad13118be2189080cbffec11","isMergeCommit":false,"messageTitle":"Fix circular dependence issue in deserialization","messageBody":"","fileTypesAndContributionMap":{"functional-code":{"insertions":38,"deletions":17}}}]},{"date":"2025-10-16T00:00:00","commitResults":[{"hash":"f3a0ca1e27079acd5e7c30406391ce739f16051c","isMergeCommit":false,"messageTitle":"Update Tests","messageBody":"","fileTypesAndContributionMap":{"functional-code":{"insertions":22,"deletions":2},"test-code":{"insertions":101,"deletions":52}}},{"hash":"260de3f77225675354e7944391161762181b616e","isMergeCommit":false,"messageTitle":"Fix Checkstyle","messageBody":"","fileTypesAndContributionMap":{"test-code":{"insertions":0,"deletions":1}}},{"hash":"eed7eb7928c7c46ddbfd4f7353999b4e15604287","isMergeCommit":true,"messageTitle":"Merge pull request #82 from lihloway/branch-team-abstraction","messageBody":"Add abstraction to Team.java with isSameTeam","fileTypesAndContributionMap":{}},{"hash":"f4339436ec00900fa18c173d7b8db659670ad7dd","isMergeCommit":false,"messageTitle":"Set Team `equals` to not check internalList","messageBody":"","fileTypesAndContributionMap":{"functional-code":{"insertions":1,"deletions":2}}},{"hash":"9374f75a392278a40766f3cdafdee0cd7504a437","isMergeCommit":true,"messageTitle":"Merge pull request #80 from Cavannn/index_unique_identifier","messageBody":"Update index as unique identifier for add/remove team commands","fileTypesAndContributionMap":{}},{"hash":"9da1af107deaf108f60ee83162a59f26c87e47ae","isMergeCommit":true,"messageTitle":"Merge branch \u0027master\u0027 of https://github.com/AY2526S1-CS2103T-F12-3/tp into team-ui","messageBody":"","fileTypesAndContributionMap":{}},{"hash":"8726ba02686a61444f347b179f62adea238f38c9","isMergeCommit":false,"messageTitle":"Resolve merge conflict","messageBody":"","fileTypesAndContributionMap":{"functional-code":{"insertions":27,"deletions":24}}},{"hash":"0528247f8e76af231d9207756ff73a874f8ee974","isMergeCommit":false,"messageTitle":"Update `team/` flag to `t/`","messageBody":"","fileTypesAndContributionMap":{"functional-code":{"insertions":2,"deletions":2}}}]},{"date":"2025-10-22T00:00:00","commitResults":[{"hash":"f595cc8632f3b08ba6b7aa591f2d4333e03c78c5","isMergeCommit":true,"messageTitle":"Merge pull request #88 from lihloway/branch-person-equality","messageBody":"Fix person and team equality methods","fileTypesAndContributionMap":{}}]}],"ctrf03":[{"date":"2025-09-30T00:00:00","commitResults":[{"hash":"963f449b2ed4e0472edc292b186d5f53b52d1a06","isMergeCommit":false,"messageTitle":"Update AboutUs.md","messageBody":"","fileTypesAndContributionMap":{"docs":{"insertions":12,"deletions":12}}}]},{"date":"2025-10-02T00:00:00","commitResults":[{"hash":"af43b15591848775fcfed8d8742eabc3e6cf9553","isMergeCommit":false,"messageTitle":"Add NFRs to DeveloperGuide.md","messageBody":"","fileTypesAndContributionMap":{"docs":{"insertions":94,"deletions":75}}},{"hash":"b75b90272f61b622eb9efa23385aa6e46b1da4b8","isMergeCommit":true,"messageTitle":"Merge pull request #10 from Cavannn/add-photo","messageBody":"Add Cavan\u0027s photo","fileTypesAndContributionMap":{}},{"hash":"16ce79af9166e26f5df9155ff57035973187edc8","isMergeCommit":true,"messageTitle":"Merge pull request #20 from bacenl/add-photo","messageBody":"Add Ethan\u0027s Photo","fileTypesAndContributionMap":{}},{"hash":"d65db03c373114183fbdffe3f570a971803351d0","isMergeCommit":true,"messageTitle":"Merge pull request #12 from Cavannn/about-us","messageBody":"Update AboutUs page, Cavan","fileTypesAndContributionMap":{}},{"hash":"96c5054c4234f7e7a24df71efad2441f9c664d62","isMergeCommit":true,"messageTitle":"Merge pull request #27 from ziheng119/v1.1-Update-README","messageBody":"Add acknowledgements to README","fileTypesAndContributionMap":{}},{"hash":"35f4ba1832d3e82dafc41f4cc63c83037a5e2a24","isMergeCommit":false,"messageTitle":"Update Github actions status badge link","messageBody":"","fileTypesAndContributionMap":{"docs":{"insertions":1,"deletions":1}}},{"hash":"1b29ac2bff57052ff6ec0a9c3f19b21c25f4d236","isMergeCommit":true,"messageTitle":"Merge pull request #36 from ziheng119/v1.1-Update-DG","messageBody":"Add Use Cases.md","fileTypesAndContributionMap":{}},{"hash":"7b0b15d97250950711eca6549cd3348de13fc881","isMergeCommit":false,"messageTitle":"Update README.md","messageBody":"","fileTypesAndContributionMap":{"docs":{"insertions":24,"deletions":12}}},{"hash":"70847993c06ea41e7ccb673530642d5c8c1eef81","isMergeCommit":false,"messageTitle":"Update TOC in DevelpoerGuide.md","messageBody":"","fileTypesAndContributionMap":{"docs":{"insertions":37,"deletions":37}}},{"hash":"fe21d3e8c84eed3daf69b3981a75d8d53d084245","isMergeCommit":false,"messageTitle":"Fix typo in README","messageBody":"","fileTypesAndContributionMap":{"docs":{"insertions":1,"deletions":1}}}]},{"date":"2025-10-08T00:00:00","commitResults":[{"hash":"4adaffd9e7ce3c47bd13027a696b3f74d58b6de5","isMergeCommit":true,"messageTitle":"Merge pull request #52 from bacenl/create-team-command","messageBody":"Add Create Team Command","fileTypesAndContributionMap":{}}]},{"date":"2025-10-09T00:00:00","commitResults":[{"hash":"388cc96e7366fd2325434d4afec9bc23e3accb30","isMergeCommit":false,"messageTitle":"Add Github.java","messageBody":"","fileTypesAndContributionMap":{"functional-code":{"insertions":54,"deletions":0}}},{"hash":"a3ac0a0a329a034fbe1dcbcc35649394c6e6b78c","isMergeCommit":false,"messageTitle":"Add \"g/\" prefix to CLISyntax.java","messageBody":"","fileTypesAndContributionMap":{"functional-code":{"insertions":1,"deletions":1}}},{"hash":"8f7db9ca6ee0c655647e9885a3b6b339719830ae","isMergeCommit":false,"messageTitle":"Change AddCommand.java to AddStudentCommand.java","messageBody":"","fileTypesAndContributionMap":{"other":{"insertions":11,"deletions":20}}},{"hash":"dc874a1aeb6a8391f5f4b09d3b94a7f645baac17","isMergeCommit":false,"messageTitle":"Change AddCommandParser.java to AddStudentCommand.java","messageBody":"","fileTypesAndContributionMap":{"functional-code":{"insertions":67,"deletions":61}}},{"hash":"0659bda0b7f740c568feffa8a4e7cb58e04dcd3a","isMergeCommit":false,"messageTitle":"Update Person.java to remove tags and address and add github username","messageBody":"","fileTypesAndContributionMap":{"functional-code":{"insertions":21,"deletions":32}}},{"hash":"c63a5ec1a48e13546f7e6ad8111b140811e1372c","isMergeCommit":false,"messageTitle":"Remove tags from AddStudentCommandParser.java","messageBody":"","fileTypesAndContributionMap":{"functional-code":{"insertions":2,"deletions":3}}},{"hash":"3c11351c4fc39fdb90f7131c6ba542a15ff09c2c","isMergeCommit":false,"messageTitle":"Update AddStudentCommand.java constructor","messageBody":"","fileTypesAndContributionMap":{"functional-code":{"insertions":1,"deletions":1}}},{"hash":"fc310f47ed6842b2bcd7eaaa79f4db5059fbe44d","isMergeCommit":false,"messageTitle":"Update JsonAdaptedPerson.java to include github and exclude tags and address","messageBody":"","fileTypesAndContributionMap":{"functional-code":{"insertions":19,"deletions":27}}},{"hash":"229b8814cc36f323375b6620a19586166cf6de20","isMergeCommit":false,"messageTitle":"Update PersonCard.java with new attributes","messageBody":"","fileTypesAndContributionMap":{"functional-code":{"insertions":7,"deletions":11}}},{"hash":"b8f3d33bd50d337a5c49b1b51df161ed391cc74b","isMergeCommit":false,"messageTitle":"Update PersonListCard.fxml with new attributes","messageBody":"","fileTypesAndContributionMap":{"functional-code":{"insertions":1,"deletions":2}}},{"hash":"ffdb8118ef697e3cfc57d7eca66b5cc561ad1c65","isMergeCommit":false,"messageTitle":"Fix remaining bugs containing address and tags","messageBody":"","fileTypesAndContributionMap":{"functional-code":{"insertions":75,"deletions":141}}},{"hash":"4fa603e94be1a99f5b9c8784fcb26cde84f37c65","isMergeCommit":false,"messageTitle":"Fix unsaved changed in EditCommand.java","messageBody":"","fileTypesAndContributionMap":{"functional-code":{"insertions":33,"deletions":64},"other":{"insertions":579,"deletions":0}}},{"hash":"c779ef0b060361d10562f4b52c308e6bc5d13b59","isMergeCommit":false,"messageTitle":"Save unsaved changes","messageBody":"","fileTypesAndContributionMap":{"functional-code":{"insertions":4,"deletions":3}}},{"hash":"a9575c45f139876b13174ceb10171a7d8e023d71","isMergeCommit":false,"messageTitle":"Revert \"Save unsaved changes\"","messageBody":"This reverts commit c779ef0b060361d10562f4b52c308e6bc5d13b59.\n","fileTypesAndContributionMap":{"functional-code":{"insertions":3,"deletions":4}}},{"hash":"0d3ed7a47daf950c31b456033cfd7ea4b26666cb","isMergeCommit":false,"messageTitle":"Revert \"Fix unsaved changed in EditCommand.java\"","messageBody":"This reverts commit 4fa603e94be1a99f5b9c8784fcb26cde84f37c65.\n","fileTypesAndContributionMap":{"functional-code":{"insertions":64,"deletions":33},"other":{"insertions":0,"deletions":579}}},{"hash":"2334830a992f20c694967a409fe3a556e3ce7c48","isMergeCommit":false,"messageTitle":"Update EditCommand.java with new Person attributes","messageBody":"","fileTypesAndContributionMap":{"functional-code":{"insertions":33,"deletions":65}}},{"hash":"71e66289b1f650faac8d299a4b22cbe8b44ba274","isMergeCommit":false,"messageTitle":"Fix remaining attribute bugs","messageBody":"","fileTypesAndContributionMap":{"functional-code":{"insertions":27,"deletions":57}}},{"hash":"ecaa28eb0fbce620d139013221dd644273f503d0","isMergeCommit":false,"messageTitle":"Fix trailing whitespaces","messageBody":"","fileTypesAndContributionMap":{"functional-code":{"insertions":3,"deletions":3}}},{"hash":"6a680eeab2a19b30a370a17d2ca43810fcddda29","isMergeCommit":false,"messageTitle":"Checkstyle update","messageBody":"","fileTypesAndContributionMap":{"functional-code":{"insertions":45,"deletions":49}}},{"hash":"9a2ac3303219ca032c5c337d8ddd29cf41c1386d","isMergeCommit":false,"messageTitle":"Update AddStudentCommandParser.java","messageBody":"","fileTypesAndContributionMap":{"functional-code":{"insertions":10,"deletions":4}}},{"hash":"d4154d5c22a914fdc102b9306fed08e2f7b56acd","isMergeCommit":false,"messageTitle":"Add new line to usage messages of AddStudentCommand and EditCommand","messageBody":"","fileTypesAndContributionMap":{"functional-code":{"insertions":43,"deletions":42}}},{"hash":"399334935ab67b129773fbf506d3372401e2475e","isMergeCommit":false,"messageTitle":"Update Style on SampleDataUtil.java","messageBody":"","fileTypesAndContributionMap":{"functional-code":{"insertions":23,"deletions":24}}},{"hash":"70c07f6d4be3973930c42ed220d0881d22bda90f","isMergeCommit":false,"messageTitle":"Update test files based on new Person attributes","messageBody":"","fileTypesAndContributionMap":{"test-code":{"insertions":242,"deletions":567}}},{"hash":"728b1829e64ba1acb60cea149ee809aa3cdf7ab1","isMergeCommit":false,"messageTitle":"Fix bugs in test cases","messageBody":"","fileTypesAndContributionMap":{"test-code":{"insertions":2,"deletions":13}}},{"hash":"b749089a4bf791c6f98d4e045574065bd40040fc","isMergeCommit":false,"messageTitle":"Update test data files with new Person attributes","messageBody":"","fileTypesAndContributionMap":{"test-code":{"insertions":0,"deletions":3}}},{"hash":"9f816c2220fd8c4d9c35ff984ca50d1b703c9629","isMergeCommit":false,"messageTitle":"Fix bug on JsonSerializableAddressBook test case","messageBody":"","fileTypesAndContributionMap":{"test-code":{"insertions":7,"deletions":7}}},{"hash":"15a57fd61e4c495e70222a1c47dbef71609b41ac","isMergeCommit":false,"messageTitle":"Fix bug on JsonSerializableAddressBook test case","messageBody":"","fileTypesAndContributionMap":{"test-code":{"insertions":2,"deletions":2}}},{"hash":"ca54a4828f8022b397f4f0220aa883ba26413940","isMergeCommit":false,"messageTitle":"Fix bug on JsonSerializableAddressBook test case","messageBody":"","fileTypesAndContributionMap":{"test-code":{"insertions":1,"deletions":1}}},{"hash":"d99c7f37959f10d598907c8ae139170032a7f5e3","isMergeCommit":false,"messageTitle":"Fix bug on JsonSerializableAddressBook test case","messageBody":"","fileTypesAndContributionMap":{"test-code":{"insertions":1,"deletions":1}}}]},{"date":"2025-10-11T00:00:00","commitResults":[{"hash":"b2e219c4f8ba6e10a7bc8e27f6dd1d6aed162589","isMergeCommit":false,"messageTitle":"Update UserGuide to reflect SWEatless","messageBody":"","fileTypesAndContributionMap":{"functional-code":{"insertions":1,"deletions":1},"docs":{"insertions":33,"deletions":46}}}]},{"date":"2025-10-15T00:00:00","commitResults":[{"hash":"9307137592627e732916a444fd96bf0361cb01f5","isMergeCommit":false,"messageTitle":"Wrap IllegalArguementException from teamName to ParserException","messageBody":"","fileTypesAndContributionMap":{"functional-code":{"insertions":18,"deletions":1}}},{"hash":"87634b34b1e5c3bcd392ba896a6ba0a8ed07c86a","isMergeCommit":false,"messageTitle":"Test coverage for ParserUtil and CreateTeamCommandParserTest","messageBody":"","fileTypesAndContributionMap":{"test-code":{"insertions":54,"deletions":1}}},{"hash":"2f0b512fab3926c80cde1c5c9dceb920f09d14ba","isMergeCommit":false,"messageTitle":"Import statement in lexicographical order","messageBody":"","fileTypesAndContributionMap":{"test-code":{"insertions":2,"deletions":1}}}]},{"date":"2025-10-16T00:00:00","commitResults":[{"hash":"94b51ba861d5481db86628e1339f417fc8f5a6e5","isMergeCommit":true,"messageTitle":"Merge pull request #86 from ziheng119/v1.3-Update-Remove-From-Team","messageBody":"Update RemoveFromTeamCommand.java","fileTypesAndContributionMap":{}},{"hash":"7aeb3b7034e48372ec254f9b139193f50a6c0c59","isMergeCommit":false,"messageTitle":"Update version number for MVP release","messageBody":"","fileTypesAndContributionMap":{"functional-code":{"insertions":1,"deletions":1}}}]}]},"authorFileTypeContributionMap":{"ziheng119":{"docs":61,"functional-code":159,"test-code":134},"lihloway":{"docs":34,"functional-code":157,"test-code":86},"Cavannn":{"docs":22,"functional-code":695,"test-code":961},"bacenl":{"docs":5,"functional-code":447,"test-code":85,"other":2},"ctrf03":{"docs":151,"functional-code":276,"test-code":264}},"authorContributionVariance":{"ziheng119":2745.618,"lihloway":2046.4775,"Cavannn":91097.43,"bacenl":5832.322,"ctrf03":292466.25},"authorDisplayNameMap":{"ziheng119":"CS2103T-F12-3 GAN ..HENG","lihloway":"CS2103T-F12-3 TAY .. LIN","Cavannn":"CS2103T-F12-3 CAVA.. XUN","bacenl":"CS2103T-F12-3 YAP ..THAN","ctrf03":"CS2103T-F12-3 TAY ..NTON"}}
