{"authorDailyContributionsMap":{"gabrieltang515":[{"date":"2025-09-29T00:00:00","commitResults":[{"hash":"cdb6bf50b1ca9797a20f6a8b319757f050ced7b1","isMergeCommit":false,"messageTitle":"Edit AboutUs.md","messageBody":"","fileTypesAndContributionMap":{"docs":{"insertions":4,"deletions":4}}},{"hash":"e5d108d06f81f8f1528862a52e5e99f4d424e34a","isMergeCommit":true,"messageTitle":"Merge pull request #36 from Juink4i/master","messageBody":"docs: Update name in AboutUs page for Juinn Kai","fileTypesAndContributionMap":{}}]},{"date":"2025-10-01T00:00:00","commitResults":[{"hash":"5cd4ac7975cb67a79362b2ab4592e3dcc1d284e2","isMergeCommit":false,"messageTitle":"Edit AboutUs photo","messageBody":"","fileTypesAndContributionMap":{"docs":{"insertions":1,"deletions":1}}},{"hash":"7d84000018af6aca7adb0652d86c884fc06b6e1d","isMergeCommit":false,"messageTitle":"Edit DeveloperGuide.md","messageBody":"","fileTypesAndContributionMap":{"docs":{"insertions":17,"deletions":14}}}]},{"date":"2025-10-02T00:00:00","commitResults":[{"hash":"d428fc6aec8f1d82cd29b564aa68e4a4a90e3306","isMergeCommit":false,"messageTitle":"Update DeveloperGuide.md","messageBody":"","fileTypesAndContributionMap":{"docs":{"insertions":82,"deletions":0}}},{"hash":"51fb820cbfdbe78658c27e06ba39d2b9db3f5047","isMergeCommit":true,"messageTitle":"Merge pull request #55 from ChekaLowQiJun/edit-developer-guide","messageBody":"docs: Improve DeveloperGuide.md","fileTypesAndContributionMap":{}},{"hash":"d0031a1ec2e4b1da94fbc895fe6b0e83cb1ac7a6","isMergeCommit":true,"messageTitle":"Merge branch \u0027master\u0027 into update-Developer-Guide","messageBody":"","fileTypesAndContributionMap":{}},{"hash":"7710f5e05ae7f32db4087717f7024398b9b17396","isMergeCommit":true,"messageTitle":"Merge pull request #57 from gabrieltang515/update-Developer-Guide","messageBody":"Update developer guide for Gabriel\u0027s features","fileTypesAndContributionMap":{}}]},{"date":"2025-10-09T00:00:00","commitResults":[{"hash":"688ea48a2785e6c6e4abbd35dec075827c903d15","isMergeCommit":false,"messageTitle":"Add position commands","messageBody":"","fileTypesAndContributionMap":{"functional-code":{"insertions":628,"deletions":8},"test-code":{"insertions":244,"deletions":10}}},{"hash":"e822d598294a30343aeb621641e5baeb9a4d28f9","isMergeCommit":false,"messageTitle":"Update position code to meet checkstyle","messageBody":"","fileTypesAndContributionMap":{"functional-code":{"insertions":110,"deletions":32}}},{"hash":"7d4590a059c863f494cf9f0058f6a2a70be9aacb","isMergeCommit":false,"messageTitle":"Add javadocs for AddressBook method","messageBody":"","fileTypesAndContributionMap":{"functional-code":{"insertions":10,"deletions":2}}},{"hash":"34c696d9f5c062dc2f4fb73b2b4bf775577f339c","isMergeCommit":true,"messageTitle":"Merge pull request #83 from Juink4i/feature-add-captain","messageBody":"feat: add captain commands","fileTypesAndContributionMap":{}},{"hash":"b690c0eb711e54625e33789355e5a5ae9521d178","isMergeCommit":false,"messageTitle":"Update for checkstyle","messageBody":"","fileTypesAndContributionMap":{"functional-code":{"insertions":0,"deletions":1},"test-code":{"insertions":4,"deletions":2}}},{"hash":"6cd619c3643b16e6fe1b3f7651438e0485c26d6e","isMergeCommit":true,"messageTitle":"Merge branch \u0027master\u0027 into add-position-commands","messageBody":"","fileTypesAndContributionMap":{}},{"hash":"1df30483345305999f39a3c9d42bd75a3c7994c8","isMergeCommit":false,"messageTitle":"Resolve whitespace issue","messageBody":"","fileTypesAndContributionMap":{"functional-code":{"insertions":0,"deletions":1},"docs":{"insertions":4,"deletions":4},"test-code":{"insertions":1,"deletions":2}}},{"hash":"450df56fc7d0a5973bf1c374e397b53438936d64","isMergeCommit":true,"messageTitle":"Merge branch \u0027add-position-commands\u0027 of https://github.com/gabrieltang515/tp into add-position-commands Merge commit","messageBody":"","fileTypesAndContributionMap":{}},{"hash":"dca2736e991c0786454da5e264b68f74dd669ec8","isMergeCommit":false,"messageTitle":"Resolve more whitespace issue","messageBody":"","fileTypesAndContributionMap":{"functional-code":{"insertions":1,"deletions":1},"docs":{"insertions":3,"deletions":3}}},{"hash":"ca1e416c8d73b168b76f19dc2b958fcae1815975","isMergeCommit":false,"messageTitle":"Add minor fixes","messageBody":"","fileTypesAndContributionMap":{"functional-code":{"insertions":2,"deletions":0}}},{"hash":"72747ab62df7631ef363457816cc3f1840e514cb","isMergeCommit":false,"messageTitle":"Change isCaptain to boolean","messageBody":"","fileTypesAndContributionMap":{"functional-code":{"insertions":1,"deletions":1}}},{"hash":"8ceb40e65fcddf102811ac338a07b3c7efa20dc3","isMergeCommit":false,"messageTitle":"Make change in Person.java","messageBody":"","fileTypesAndContributionMap":{"functional-code":{"insertions":0,"deletions":15}}},{"hash":"a1e8e3a5d6a73d7d94cf61e54a7827f45a32bd99","isMergeCommit":false,"messageTitle":"Edit PersonBuilder.java","messageBody":"","fileTypesAndContributionMap":{"test-code":{"insertions":3,"deletions":1}}},{"hash":"65c13ac337548dc29c91206b864cfce13e6f1b45","isMergeCommit":false,"messageTitle":"Import position in PersonBuilder.java","messageBody":"","fileTypesAndContributionMap":{"test-code":{"insertions":1,"deletions":0}}},{"hash":"f45fec377d1f836aa6d27be49974cb05198aaf3a","isMergeCommit":true,"messageTitle":"Merge pull request #84 from gabrieltang515/add-position-commands","messageBody":"feat: Add position commands","fileTypesAndContributionMap":{}}]},{"date":"2025-10-10T00:00:00","commitResults":[{"hash":"d85fd6f2e3d45bdfdfb645955ecd4c1d050b74c7","isMergeCommit":false,"messageTitle":"Update PersonBuilder.java to pass tests","messageBody":"","fileTypesAndContributionMap":{"test-code":{"insertions":16,"deletions":1}}},{"hash":"83a41c59fdb19cf30ae4949d536fb9a60730bcf0","isMergeCommit":false,"messageTitle":"Update for checkstyle","messageBody":"","fileTypesAndContributionMap":{"test-code":{"insertions":44,"deletions":34}}}]},{"date":"2025-10-15T00:00:00","commitResults":[{"hash":"06ae5d9bfaba9a496491733fe4c624d32b6b8fda","isMergeCommit":false,"messageTitle":"Add more testing for position","messageBody":"","fileTypesAndContributionMap":{"other":{"insertions":683,"deletions":0},"test-code":{"insertions":722,"deletions":2}}},{"hash":"6907c4252ba3fb79e4fdad3f8fe5338c0c7e6ca3","isMergeCommit":false,"messageTitle":"Remove binary files and update .gitignore","messageBody":"","fileTypesAndContributionMap":{"other":{"insertions":0,"deletions":683}}}]},{"date":"2025-10-16T00:00:00","commitResults":[{"hash":"4d02a74482f40847b55ea781f5995f6255da2634","isMergeCommit":false,"messageTitle":"Fix position tests - add null validation and equals() methods to command classes","messageBody":"","fileTypesAndContributionMap":{"functional-code":{"insertions":50,"deletions":0},"test-code":{"insertions":15,"deletions":22}}},{"hash":"09610a596418a5f4d09c2c5f2df46542f3f26b49","isMergeCommit":false,"messageTitle":"Fix checkstyle violations in position tests - remove trailing whitespace and fix abbreviations","messageBody":"","fileTypesAndContributionMap":{"test-code":{"insertions":31,"deletions":31}}},{"hash":"fa6c4f817271463000c031074e05b5fe1a9cf404","isMergeCommit":false,"messageTitle":"Update UG for position features","messageBody":"","fileTypesAndContributionMap":{"docs":{"insertions":64,"deletions":0}}},{"hash":"0ba41ceb76b3fb775394ede7f638c231190b58f4","isMergeCommit":false,"messageTitle":"Improve test files to use constants","messageBody":"","fileTypesAndContributionMap":{"functional-code":{"insertions":20,"deletions":17},"test-code":{"insertions":144,"deletions":109}}},{"hash":"6acb34d1f69de09ef6b8ea630c86764d5b4e2472","isMergeCommit":false,"messageTitle":"Fix delete position bug","messageBody":"","fileTypesAndContributionMap":{"functional-code":{"insertions":27,"deletions":3},"other":{"insertions":731,"deletions":0},"test-code":{"insertions":21,"deletions":0}}},{"hash":"fcb10028a01085dc7d98ecf321601f07f789eed3","isMergeCommit":false,"messageTitle":"Delete bin files","messageBody":"","fileTypesAndContributionMap":{"other":{"insertions":0,"deletions":731}}},{"hash":"e85ca593906df167aa4bd02f6b9d1128a923faf3","isMergeCommit":false,"messageTitle":"Remove suppresswarning","messageBody":"","fileTypesAndContributionMap":{"test-code":{"insertions":0,"deletions":1}}},{"hash":"f0304a9705101e722820d0fa5b9f0d59b045f413","isMergeCommit":false,"messageTitle":"Remove UG related changes","messageBody":"","fileTypesAndContributionMap":{"docs":{"insertions":0,"deletions":64}}},{"hash":"4beb26c919e5ef97439fe985aaec52951dbb3cab","isMergeCommit":true,"messageTitle":"Merge pull request #130 from gabrieltang515/add-position-testing","messageBody":"Enhance position testing","fileTypesAndContributionMap":{}},{"hash":"a7541aee2fed3f778b0d2139e007ac90108a1b3f","isMergeCommit":true,"messageTitle":"Merge branch \u0027master\u0027 into fix-deleteposition-bug","messageBody":"","fileTypesAndContributionMap":{}},{"hash":"3875e220830c4e18d37d34e88dbe3f3471d297b0","isMergeCommit":false,"messageTitle":"Change /p to /pl","messageBody":"","fileTypesAndContributionMap":{"other":{"insertions":731,"deletions":0},"docs":{"insertions":5,"deletions":5}}},{"hash":"d856986fa03e74866807782a5422a3ef65c44f65","isMergeCommit":false,"messageTitle":"Add bin/ to .gitignore and remove bin files from tracking","messageBody":"","fileTypesAndContributionMap":{"other":{"insertions":0,"deletions":731}}},{"hash":"d347be12962dd3e2bd449c0a763528970c16a17e","isMergeCommit":true,"messageTitle":"Merge branch \u0027master\u0027 into update-UG","messageBody":"","fileTypesAndContributionMap":{}},{"hash":"33ca60b3c3d9955e46e0ba789d705e6372967516","isMergeCommit":true,"messageTitle":"Merge pull request #131 from gabrieltang515/update-UG","messageBody":"Update UG for position features","fileTypesAndContributionMap":{}},{"hash":"1576449871793dce058b3ef5c13de47be21287b3","isMergeCommit":false,"messageTitle":"Fix GUI","messageBody":"","fileTypesAndContributionMap":{"functional-code":{"insertions":4,"deletions":15},"other":{"insertions":722,"deletions":0}}},{"hash":"36da1b631d758b4e3e07a3b9925d6a8152904a5d","isMergeCommit":false,"messageTitle":"Remove bin files","messageBody":"","fileTypesAndContributionMap":{"other":{"insertions":0,"deletions":722}}},{"hash":"e90f56080fd7cff31d4ffedea6dd8e10db07b810","isMergeCommit":true,"messageTitle":"Merge branch \u0027master\u0027 into fix-GUI","messageBody":"","fileTypesAndContributionMap":{}},{"hash":"9805577b1a838b2f3511b24373c2876a4c76bf75","isMergeCommit":false,"messageTitle":"Exclude GUI from codecov","messageBody":"","fileTypesAndContributionMap":{"functional-code":{"insertions":1,"deletions":0}}},{"hash":"60e1a4a4211979a1c0be5d49495b3a8c8812a96d","isMergeCommit":true,"messageTitle":"Merge branch \u0027fix-GUI\u0027 of https://github.com/gabrieltang515/tp into fix-GUI","messageBody":"Merge commit\n","fileTypesAndContributionMap":{}},{"hash":"490b38b075079b41e52ea45c66ec1bd767da7e9a","isMergeCommit":false,"messageTitle":"Add import","messageBody":"","fileTypesAndContributionMap":{"functional-code":{"insertions":1,"deletions":0}}},{"hash":"1c0b41c03993b2a36f71be31165fc3be09ee0abf","isMergeCommit":false,"messageTitle":"Exclude GUI from codecov again","messageBody":"","fileTypesAndContributionMap":{"functional-code":{"insertions":2,"deletions":2}}},{"hash":"837418be03693572945a1c39a11003b1886dbe34","isMergeCommit":false,"messageTitle":"Fix import order","messageBody":"","fileTypesAndContributionMap":{"functional-code":{"insertions":1,"deletions":1}}},{"hash":"696c261af0b053a1ffe181f71de5c22b702ae075","isMergeCommit":false,"messageTitle":"Bug fix","messageBody":"","fileTypesAndContributionMap":{"functional-code":{"insertions":6,"deletions":1}}},{"hash":"166c9d6769de1a4ac88d67c7eba593e8f03f05a2","isMergeCommit":true,"messageTitle":"Merge pull request #142 from gabrieltang515/fix-GUI-captain-bug","messageBody":"Bug fix","fileTypesAndContributionMap":{}},{"hash":"6a07b36a2dfc8b067cb12ffe77b5531e9dfb512d","isMergeCommit":true,"messageTitle":"Merge branch \u0027master\u0027 into fix-GUI","messageBody":"","fileTypesAndContributionMap":{}},{"hash":"faa30eb8df369c16ef4f8e83cad8de930d10c6de","isMergeCommit":true,"messageTitle":"Merge pull request #135 from gabrieltang515/fix-deleteposition-bug","messageBody":"Fix deleteposition bug","fileTypesAndContributionMap":{}},{"hash":"254ed28f7a82cb4025a271563144e5c91e189994","isMergeCommit":true,"messageTitle":"Merge pull request #139 from gabrieltang515/fix-GUI","messageBody":"Fix GUI","fileTypesAndContributionMap":{}},{"hash":"5e45a6fae4bf7d655343d306b1e1f26743a3484b","isMergeCommit":false,"messageTitle":"Bug fix for captain","messageBody":"","fileTypesAndContributionMap":{"functional-code":{"insertions":34,"deletions":9}}}]}],"ChekaLowQiJun":[{"date":"2025-09-29T00:00:00","commitResults":[{"hash":"697fe1a21ff9792bdd32f05d43e5efe56268fa93","isMergeCommit":false,"messageTitle":"Edit AboutUs.md","messageBody":"","fileTypesAndContributionMap":{"docs":{"insertions":3,"deletions":3}}},{"hash":"eb52d7e1ad147539fe11cb74cd27deda43941328","isMergeCommit":true,"messageTitle":"Merge pull request #33 from ChekaLowQiJun/About-Us-Page","messageBody":"docs: Update AboutUs page for Cheka","fileTypesAndContributionMap":{}},{"hash":"9ca7f7f353114dc39794c69b9746208086b52c08","isMergeCommit":false,"messageTitle":"Change name in AboutUs.md","messageBody":"","fileTypesAndContributionMap":{"docs":{"insertions":1,"deletions":1}}},{"hash":"d891662e9b59e233b9e05da25f3c83515ed96cc2","isMergeCommit":true,"messageTitle":"Merge pull request #35 from ChekaLowQiJun/About-Us-Page","messageBody":"docs: Change name in AboutUs.md for Cheka","fileTypesAndContributionMap":{}}]},{"date":"2025-09-30T00:00:00","commitResults":[{"hash":"4ae8bd34bd785c20894c97ae1c9888ff5440d530","isMergeCommit":false,"messageTitle":"Edit README.md","messageBody":"","fileTypesAndContributionMap":{"docs":{"insertions":2,"deletions":2}}},{"hash":"17b244a9da9ecb89c46b4f45a5ce2c71077528d2","isMergeCommit":true,"messageTitle":"Merge pull request #43 from ChekaLowQiJun/add-ui-photo","messageBody":"docs: Update ui photo","fileTypesAndContributionMap":{}}]},{"date":"2025-10-01T00:00:00","commitResults":[{"hash":"fde5a9661d401a73166af2693e28fb02710a1898","isMergeCommit":true,"messageTitle":"Merge pull request #47 from ChekaLowQiJun/update-readme","messageBody":"docs: Update README.md","fileTypesAndContributionMap":{}},{"hash":"f808332bfb8d5bb81aaad338694ae45803c7c01d","isMergeCommit":false,"messageTitle":"Edit DeveloperGuide.md","messageBody":"","fileTypesAndContributionMap":{"docs":{"insertions":149,"deletions":1}}},{"hash":"705ccea77c0319129e22ad41f507aa60c11fe1ba","isMergeCommit":false,"messageTitle":"Edit DeveloperGuide.md","messageBody":"","fileTypesAndContributionMap":{"docs":{"insertions":15,"deletions":16}}},{"hash":"be8a96e51d3588ee3167fadb64bbff967c337da3","isMergeCommit":true,"messageTitle":"Merge pull request #50 from ChekaLowQiJun/edit-developer-guide","messageBody":"docs: Update Developer Guide for Cheka\u0027s features ","fileTypesAndContributionMap":{}}]},{"date":"2025-10-02T00:00:00","commitResults":[{"hash":"11e4f2e1de02159ba5e081d7edec73ee9ec37214","isMergeCommit":false,"messageTitle":"Customise README.md","messageBody":"","fileTypesAndContributionMap":{"docs":{"insertions":2,"deletions":6}}},{"hash":"70cdfa8630a08aca8fec263f44c17dc79f24519b","isMergeCommit":false,"messageTitle":"Improve DeveloperGuide.md","messageBody":"","fileTypesAndContributionMap":{"docs":{"insertions":4,"deletions":4}}},{"hash":"fc9f42d4396898d533743a1e0736009e661d158b","isMergeCommit":false,"messageTitle":"Add list teams feature and gui","messageBody":"","fileTypesAndContributionMap":{"functional-code":{"insertions":268,"deletions":5}}},{"hash":"6616046e3c53a5895103b4168c8a37698268583d","isMergeCommit":false,"messageTitle":"Fix formatting errors","messageBody":"","fileTypesAndContributionMap":{"functional-code":{"insertions":2,"deletions":3},"docs":{"insertions":11,"deletions":11}}},{"hash":"65bbe2c0b0f380a7ef616e20a0938fe2a377626d","isMergeCommit":true,"messageTitle":"Merge branch \u0027master\u0027 into add-list-teams","messageBody":"","fileTypesAndContributionMap":{}},{"hash":"bd5872e7d9d794e97119a60f4e61caba66456b1e","isMergeCommit":false,"messageTitle":"Add tests for list teams command","messageBody":"","fileTypesAndContributionMap":{"functional-code":{"insertions":9,"deletions":11},"test-code":{"insertions":48,"deletions":0}}},{"hash":"db0e10f6b3d97f6dd1b806fbe5221f1a8de6e2cb","isMergeCommit":true,"messageTitle":"Merge branch \u0027master\u0027 into add-list-teams","messageBody":"","fileTypesAndContributionMap":{}}]},{"date":"2025-10-03T00:00:00","commitResults":[{"hash":"29dae15b5fd1cc6d44737f1bae84a21bb062395d","isMergeCommit":false,"messageTitle":"Improve code coverage","messageBody":"","fileTypesAndContributionMap":{"test-code":{"insertions":121,"deletions":0}}},{"hash":"d348ad0006e87ede5e3a146cda1949b4118f2c7f","isMergeCommit":false,"messageTitle":"Fix formatting","messageBody":"","fileTypesAndContributionMap":{"functional-code":{"insertions":7,"deletions":7}}},{"hash":"5996b84dcee5b78ecb84e39c0d7fc78a4377a2f7","isMergeCommit":true,"messageTitle":"Merge pull request #58 from ChekaLowQiJun/add-list-teams","messageBody":"feat: List teams command","fileTypesAndContributionMap":{}},{"hash":"3262fde31e7a420845f99ef6a90303125c3f9495","isMergeCommit":false,"messageTitle":"Add gui for player\u0027s team","messageBody":"","fileTypesAndContributionMap":{"functional-code":{"insertions":22,"deletions":1}}}]},{"date":"2025-10-05T00:00:00","commitResults":[{"hash":"83683dbb736f087b0f815c33310110cacba83a3e","isMergeCommit":true,"messageTitle":"Merge pull request #72 from ChekaLowQiJun/add-gui-for-team","messageBody":"feat: Add gui for player\u0027s team","fileTypesAndContributionMap":{}}]},{"date":"2025-10-11T00:00:00","commitResults":[{"hash":"2240cc3433956b45945af241e66bb9128e8bba64","isMergeCommit":false,"messageTitle":"Add filter command","messageBody":"","fileTypesAndContributionMap":{"functional-code":{"insertions":160,"deletions":0}}},{"hash":"76d7f40f5f84563ad676a9545c59ead9ed838b78","isMergeCommit":false,"messageTitle":"Add tests for filter command","messageBody":"","fileTypesAndContributionMap":{"functional-code":{"insertions":3,"deletions":3},"test-code":{"insertions":143,"deletions":0}}},{"hash":"55fdd755e9de5add88e29e1f12646a05a1562ead","isMergeCommit":true,"messageTitle":"Merge branch \u0027master\u0027 into add-filter-team-command","messageBody":"","fileTypesAndContributionMap":{}},{"hash":"e74bdca03ba70d835e1169a8d938ce1790d6ac09","isMergeCommit":false,"messageTitle":"Improve code coverage for team filter","messageBody":"","fileTypesAndContributionMap":{"test-code":{"insertions":23,"deletions":0}}},{"hash":"8e5b7fd3e8a70664e3eb7b0cf5008f5354e31f40","isMergeCommit":false,"messageTitle":"Further improve code coverage for filter team command","messageBody":"","fileTypesAndContributionMap":{"test-code":{"insertions":6,"deletions":0}}},{"hash":"b533764a5207589b2cdac03e516d35b156cbab25","isMergeCommit":false,"messageTitle":"Fix bug in displaying results","messageBody":"","fileTypesAndContributionMap":{"functional-code":{"insertions":4,"deletions":2}}},{"hash":"ed20db028511e60d18d6f0ee1227beb43fafb5a3","isMergeCommit":false,"messageTitle":"Add view label to GUI","messageBody":"","fileTypesAndContributionMap":{"functional-code":{"insertions":21,"deletions":0}}},{"hash":"1f5703b4eedc53dc44a7a75a2bf098adfa58e64f","isMergeCommit":false,"messageTitle":"Fix formatting issues","messageBody":"","fileTypesAndContributionMap":{"functional-code":{"insertions":1,"deletions":1}}},{"hash":"6d3288f9d9a23e65e09a1a87531c408eb525c355","isMergeCommit":false,"messageTitle":"Fix formatting errors","messageBody":"","fileTypesAndContributionMap":{"functional-code":{"insertions":6,"deletions":8},"test-code":{"insertions":2,"deletions":2}}},{"hash":"f3934bf00e6f8a73f316fdb144b2d2df59dfe05b","isMergeCommit":true,"messageTitle":"Merge pull request #95 from ChekaLowQiJun/add-filter-team-command","messageBody":"feat: Add filter command to filter players by team","fileTypesAndContributionMap":{}},{"hash":"8d0f4bd6431da377e3ebd550c8b3e318b202f459","isMergeCommit":false,"messageTitle":"Fix formatting errors","messageBody":"","fileTypesAndContributionMap":{"functional-code":{"insertions":1,"deletions":2}}},{"hash":"d2dfa86986ec5708f1854ec84062cd6d5ecaeb7a","isMergeCommit":true,"messageTitle":"Merge pull request #98 from ChekaLowQiJun/improve-gui-for-teams-and-players","messageBody":"feat: Improve GUI for players and teams view","fileTypesAndContributionMap":{}}]},{"date":"2025-10-12T00:00:00","commitResults":[{"hash":"2ea5d0873927f5d5c5010ab3f7afea2b02509a7f","isMergeCommit":false,"messageTitle":"Add support for injury filtering","messageBody":"","fileTypesAndContributionMap":{"functional-code":{"insertions":144,"deletions":34},"test-code":{"insertions":25,"deletions":10}}},{"hash":"0d2f1df838b3d56ae5dc124016adb3a07ff003f2","isMergeCommit":false,"messageTitle":"Add more tests to FilterCommandTest","messageBody":"","fileTypesAndContributionMap":{"test-code":{"insertions":149,"deletions":0}}},{"hash":"6bdb4197f82662a1aa87a35b76f3904edc73bae4","isMergeCommit":false,"messageTitle":"Improve code coverage","messageBody":"","fileTypesAndContributionMap":{"test-code":{"insertions":101,"deletions":3}}},{"hash":"83077f844b3566664a865deb860ef2525404c024","isMergeCommit":false,"messageTitle":"Add coverage for some partial misses","messageBody":"","fileTypesAndContributionMap":{"test-code":{"insertions":11,"deletions":0}}},{"hash":"0f2e82ea34b9e0fa009068257e895abbf710928e","isMergeCommit":false,"messageTitle":"Fix formatting errors","messageBody":"","fileTypesAndContributionMap":{"functional-code":{"insertions":4,"deletions":4},"test-code":{"insertions":27,"deletions":51}}},{"hash":"b729221b084d404c550398f7d6922107d57d3e2d","isMergeCommit":false,"messageTitle":"Fix small phrasing errors in comments","messageBody":"","fileTypesAndContributionMap":{"functional-code":{"insertions":1,"deletions":1},"test-code":{"insertions":1,"deletions":1}}},{"hash":"867c8295238a8f743347b2c384d2803ee11fe6c5","isMergeCommit":true,"messageTitle":"Merge pull request #101 from ChekaLowQiJun/add-filter-injury-command","messageBody":"feat: Improve filter command to filter players by injury","fileTypesAndContributionMap":{}},{"hash":"3eab62e37a487c90c9fa9f877108a55bda5cee8e","isMergeCommit":false,"messageTitle":"Add support for position filter","messageBody":"","fileTypesAndContributionMap":{"functional-code":{"insertions":122,"deletions":12},"test-code":{"insertions":42,"deletions":22}}},{"hash":"b6a50ea581dda2cbd4af0f4cab67f6fe0af31f6e","isMergeCommit":false,"messageTitle":"Add test cases","messageBody":"","fileTypesAndContributionMap":{"test-code":{"insertions":74,"deletions":1}}}]},{"date":"2025-10-13T00:00:00","commitResults":[{"hash":"072d28989837ebe5ca8c6027cb1eb550f92d5620","isMergeCommit":false,"messageTitle":"Add javadoc description","messageBody":"","fileTypesAndContributionMap":{"functional-code":{"insertions":1,"deletions":1}}},{"hash":"e744a60b27a78a280d2c483705c2ad3f1541e3b8","isMergeCommit":true,"messageTitle":"Merge pull request #104 from ChekaLowQiJun/add-filter-position-command","messageBody":"feat: Add filter command to filter players by position","fileTypesAndContributionMap":{}}]},{"date":"2025-10-14T00:00:00","commitResults":[{"hash":"bcb63e4fcc1a5bbdd5e34f1d590e7296b71300fe","isMergeCommit":false,"messageTitle":"Fix bug in filter","messageBody":"","fileTypesAndContributionMap":{"functional-code":{"insertions":6,"deletions":1}}},{"hash":"9853f6b609321f48ae28a87e40195989eb8a54c1","isMergeCommit":true,"messageTitle":"Merge pull request #106 from ChekaLowQiJun/fix-bug-in-filter","messageBody":"fix: Fix bug in filter","fileTypesAndContributionMap":{}},{"hash":"bb64bf0aad65715b366605174b254c8a71fe41f0","isMergeCommit":false,"messageTitle":"Add testcase for listteams command","messageBody":"","fileTypesAndContributionMap":{"functional-code":{"insertions":9,"deletions":1},"test-code":{"insertions":12,"deletions":0}}},{"hash":"43c840e3aa7c93ad50f9db39b4411b18c9bc7f52","isMergeCommit":false,"messageTitle":"Update UserGuide.md","messageBody":"","fileTypesAndContributionMap":{"docs":{"insertions":55,"deletions":27}}},{"hash":"af11161657968b214168fad11120105f97d6db95","isMergeCommit":true,"messageTitle":"Merge branch \u0027master\u0027 into update-ug-for-new-features","messageBody":"","fileTypesAndContributionMap":{}},{"hash":"025e6e821599d463c89d041ece5d72db90edd29c","isMergeCommit":false,"messageTitle":"Fix typo errors","messageBody":"","fileTypesAndContributionMap":{"docs":{"insertions":3,"deletions":4}}},{"hash":"a670a3863b048ddd40abb599c36c7dcb4c55f972","isMergeCommit":true,"messageTitle":"Merge pull request #114 from ChekaLowQiJun/update-ug-for-new-features","messageBody":"docs: Update User Guide to cover filter and listteams","fileTypesAndContributionMap":{}},{"hash":"139c31e30332f28f69a6fa079416a89a9263a811","isMergeCommit":false,"messageTitle":"Add testcases","messageBody":"","fileTypesAndContributionMap":{"functional-code":{"insertions":21,"deletions":1},"test-code":{"insertions":304,"deletions":105}}}]},{"date":"2025-10-15T00:00:00","commitResults":[{"hash":"3a62c4cac85f20f91a5ba699f8f233f19c558da7","isMergeCommit":true,"messageTitle":"Merge pull request #116 from ChekaLowQiJun/add-testscases","messageBody":"feat: Add testscases for features","fileTypesAndContributionMap":{}},{"hash":"f7b76802584b5b0785a6556ef78bdb2d6dbef216","isMergeCommit":false,"messageTitle":"Add listposition feature","messageBody":"","fileTypesAndContributionMap":{"functional-code":{"insertions":234,"deletions":13},"other":{"insertions":8,"deletions":8},"test-code":{"insertions":50,"deletions":6}}}]},{"date":"2025-10-16T00:00:00","commitResults":[{"hash":"e8e5cdf31dcc761eaeade618279fcd39a74d7f92","isMergeCommit":false,"messageTitle":"Update UG","messageBody":"","fileTypesAndContributionMap":{"docs":{"insertions":10,"deletions":3}}},{"hash":"d479b8e22a80538202a7884ed0af93d477f99665","isMergeCommit":true,"messageTitle":"Merge pull request #129 from ChekaLowQiJun/add-listpositions-feature","messageBody":"feat: Add listposition feature","fileTypesAndContributionMap":{}},{"hash":"67932785a9dbe2a2fddbea7fb1aaca58351faa67","isMergeCommit":false,"messageTitle":"Add listinjured feature","messageBody":"","fileTypesAndContributionMap":{"functional-code":{"insertions":60,"deletions":4},"docs":{"insertions":7,"deletions":0},"test-code":{"insertions":67,"deletions":4}}},{"hash":"7a5c8f81a9d6cdc7df282739f7784390892fc9f4","isMergeCommit":false,"messageTitle":"Fix typos in documentation","messageBody":"","fileTypesAndContributionMap":{"functional-code":{"insertions":5,"deletions":1}}},{"hash":"a53985f5621ad68bc24cff53b604c671ee92276b","isMergeCommit":true,"messageTitle":"Merge pull request #133 from ChekaLowQiJun/add-listinjured-feature","messageBody":"feat: Add listinjured feature","fileTypesAndContributionMap":{}}]}],"Juink4i":[{"date":"2025-09-29T00:00:00","commitResults":[{"hash":"d5f427714363634bff04f8d5533898e29de1ef6d","isMergeCommit":true,"messageTitle":"Merge pull request #24 from Juink4i/master","messageBody":"docs: Add Juinn Kai\u0027s photo","fileTypesAndContributionMap":{}},{"hash":"62a2b88806022ab8604080eab82a1a4cffc9dc9e","isMergeCommit":false,"messageTitle":"update about us juinn kai","messageBody":"","fileTypesAndContributionMap":{"docs":{"insertions":3,"deletions":3}}},{"hash":"2fab830ceb2b0d5ee7f030c10557345deabe4076","isMergeCommit":true,"messageTitle":"Merge pull request #2 from Juink4i/about-us-page","messageBody":"update about us for juinn kai","fileTypesAndContributionMap":{}},{"hash":"49e81104306d989d0f6e072b843e861bed74d823","isMergeCommit":false,"messageTitle":"update about us juinn kai","messageBody":"","fileTypesAndContributionMap":{"docs":{"insertions":1,"deletions":1}}},{"hash":"cb9aa61427ea9c1c2365be666d5dc1c0b265d084","isMergeCommit":true,"messageTitle":"Merge pull request #3 from Juink4i/about-us-page","messageBody":"update about us juinn kai","fileTypesAndContributionMap":{}},{"hash":"b277e2338a581bb6334a07114b62dc7704f86ff7","isMergeCommit":true,"messageTitle":"Merge branch \u0027master\u0027 of https://github.com/Juink4i/tp hello","messageBody":"","fileTypesAndContributionMap":{}}]},{"date":"2025-09-30T00:00:00","commitResults":[{"hash":"71b92abae6421f02087c193879ccc21e434fa784","isMergeCommit":false,"messageTitle":"update Juinn Kai photo","messageBody":"","fileTypesAndContributionMap":{"docs":{"insertions":2,"deletions":2}}},{"hash":"0a6d2417c681157e35bfc02362de0714e9552ae0","isMergeCommit":true,"messageTitle":"Merge pull request #4 from Juink4i/add-juinnkai-photo","messageBody":"update Juinn Kai photo","fileTypesAndContributionMap":{}},{"hash":"5ad7c7597f71add214573f238c06b379e95a3588","isMergeCommit":true,"messageTitle":"Merge pull request #37 from Juink4i/add-juinnkai-photo","messageBody":"docs: update juinnkai photo","fileTypesAndContributionMap":{}},{"hash":"e7a1e1455ca53ddd7b294269a2346ba9d48147c6","isMergeCommit":true,"messageTitle":"Merge branch \u0027master\u0027 of https://github.com/Juink4i/tp yes","messageBody":"","fileTypesAndContributionMap":{}}]},{"date":"2025-10-02T00:00:00","commitResults":[{"hash":"b589658d87675be821a247651b4b20840d4d10e9","isMergeCommit":false,"messageTitle":"add command","messageBody":"","fileTypesAndContributionMap":{"docs":{"insertions":1,"deletions":1}}},{"hash":"bfe87ab4354ba3d52acd9dc9fb799e66553a0486","isMergeCommit":true,"messageTitle":"Merge branch \u0027master\u0027 of https://github.com/AY2526S1-CS2103T-T13-3/tp","messageBody":"","fileTypesAndContributionMap":{}},{"hash":"58b47161dc27bb1b29a5ead1b53ce2463c329ad4","isMergeCommit":true,"messageTitle":"Merge pull request #5 from Juink4i/tutorial-adding-command","messageBody":"add command","fileTypesAndContributionMap":{}},{"hash":"42a4d7485774d1742bd8e7a19f9a0cdeff7931af","isMergeCommit":true,"messageTitle":"Merge branch \u0027master\u0027 of https://github.com/AY2526S1-CS2103T-T13-3/tp","messageBody":"","fileTypesAndContributionMap":{}},{"hash":"fb9aa5975db0b7f686315e7625bd48d10f227812","isMergeCommit":false,"messageTitle":"add juinn kai use cases","messageBody":"","fileTypesAndContributionMap":{"docs":{"insertions":55,"deletions":51}}},{"hash":"f4f9616f2fbcd196d9fa42ef99758fc95cade11f","isMergeCommit":false,"messageTitle":"update juinn kai use cases","messageBody":"","fileTypesAndContributionMap":{"docs":{"insertions":71,"deletions":0}}},{"hash":"68344d32c0c26eff7afb78261f4d6c01dba72697","isMergeCommit":true,"messageTitle":"Merge branch \u0027master\u0027 of https://github.com/AY2526S1-CS2103T-T13-3/tp","messageBody":"","fileTypesAndContributionMap":{}},{"hash":"db387d51a4722ce636f2853e9583656572d47c26","isMergeCommit":true,"messageTitle":"Merge branch \u0027master\u0027 of https://github.com/Juink4i/tp","messageBody":"","fileTypesAndContributionMap":{}},{"hash":"1883ba8f5f1fef63fefabfcd2f71ef4bdcc8ac28","isMergeCommit":true,"messageTitle":"Merge branch \u0027master\u0027 into update-developer-guide-for-juinnkai-feature","messageBody":"","fileTypesAndContributionMap":{}},{"hash":"0c6a41596714c6afc56b8bfc1ee48b0543ee30ad","isMergeCommit":false,"messageTitle":"add MSS and user stories","messageBody":"","fileTypesAndContributionMap":{"docs":{"insertions":68,"deletions":0}}},{"hash":"df6db853bc7d3853bf3c26514b5d101779db2602","isMergeCommit":false,"messageTitle":"remove white space","messageBody":"","fileTypesAndContributionMap":{"docs":{"insertions":1,"deletions":1}}},{"hash":"1fe55428280ae4b3f74232da20df5d1e81631bcf","isMergeCommit":false,"messageTitle":"remove white spaces","messageBody":"","fileTypesAndContributionMap":{"docs":{"insertions":4,"deletions":4}}},{"hash":"3ced90156a5ef11baa8756b57d942a63a2e89233","isMergeCommit":true,"messageTitle":"Merge pull request #64 from Juink4i/update-developer-guide-for-juinnkai-feature","messageBody":"Update developer guide for juinnkai feature","fileTypesAndContributionMap":{}}]},{"date":"2025-10-03T00:00:00","commitResults":[{"hash":"64d69cca6516248d22931d254041ca04db4c139c","isMergeCommit":false,"messageTitle":"update DG UC17 use case","messageBody":"","fileTypesAndContributionMap":{"docs":{"insertions":10,"deletions":0}}},{"hash":"f6c360667a4e3062e21d0e0485ef9c37dc1272bd","isMergeCommit":false,"messageTitle":"update DC UC17 indentation","messageBody":"","fileTypesAndContributionMap":{"docs":{"insertions":4,"deletions":5}}}]},{"date":"2025-10-07T00:00:00","commitResults":[{"hash":"aea5a4913dc8baf8520f3b56f777d986f1f1558f","isMergeCommit":false,"messageTitle":"update UC17 typo","messageBody":"","fileTypesAndContributionMap":{"functional-code":{"insertions":25,"deletions":2},"docs":{"insertions":1,"deletions":1}}},{"hash":"918a10a4b145b0b400065150ba26cc0a19dca3bc","isMergeCommit":false,"messageTitle":"adjust file","messageBody":"","fileTypesAndContributionMap":{"functional-code":{"insertions":2,"deletions":25}}},{"hash":"799723fabeccfffc34db9617e72a3b8d95d349c3","isMergeCommit":true,"messageTitle":"Merge pull request #70 from Juink4i/update-developer-guide-for-juinnkai-feature","messageBody":"docs: add extension in developer guide in UC17","fileTypesAndContributionMap":{}}]},{"date":"2025-10-08T00:00:00","commitResults":[{"hash":"ba7447dccb084e105adce1dafcf5c394ffac3e78","isMergeCommit":false,"messageTitle":"add captain related commands","messageBody":"","fileTypesAndContributionMap":{"functional-code":{"insertions":244,"deletions":3}}},{"hash":"c9237cb8d1389c2104bcf3c7c119ba4b389e87e9","isMergeCommit":false,"messageTitle":"update exception handling for StripCaptain and MakeCaptain","messageBody":"","fileTypesAndContributionMap":{"functional-code":{"insertions":26,"deletions":1}}},{"hash":"8fdcd97b98610bdf1a7757ae85cd4349464a1b52","isMergeCommit":false,"messageTitle":"update javadoc and minor issues","messageBody":"","fileTypesAndContributionMap":{"functional-code":{"insertions":30,"deletions":10},"other":{"insertions":8,"deletions":1}}}]},{"date":"2025-10-09T00:00:00","commitResults":[{"hash":"567d9bfbe55d78a90ce7340c233b746dd296cf0a","isMergeCommit":false,"messageTitle":"udpate test cases","messageBody":"","fileTypesAndContributionMap":{"test-code":{"insertions":17,"deletions":1}}},{"hash":"dde8af37214148fb4b482affcc3314790fbc3335","isMergeCommit":false,"messageTitle":"fix toString at PersonTest.java","messageBody":"","fileTypesAndContributionMap":{"test-code":{"insertions":1,"deletions":1}}},{"hash":"d89203c6e5adb2481062449281c1fee4f746b7ad","isMergeCommit":false,"messageTitle":"fix spacing","messageBody":"","fileTypesAndContributionMap":{"test-code":{"insertions":1,"deletions":1}}},{"hash":"5e23dca51e2d25d5ded17f056b1a82797e6a0492","isMergeCommit":false,"messageTitle":"update testcases and add javadoc for methods","messageBody":"","fileTypesAndContributionMap":{"functional-code":{"insertions":74,"deletions":10},"test-code":{"insertions":377,"deletions":4}}},{"hash":"53a9f2ac96fadb8e53277e0118ab23b600ac595b","isMergeCommit":false,"messageTitle":"fixed spacing issues","messageBody":"","fileTypesAndContributionMap":{"functional-code":{"insertions":2,"deletions":2}}},{"hash":"823653cde991665eb2040be2402525700083fab2","isMergeCommit":false,"messageTitle":"shift javadoc position","messageBody":"","fileTypesAndContributionMap":{"functional-code":{"insertions":2,"deletions":4}}},{"hash":"7e0e27e7bcadb6dd2877db07bf498836be48484b","isMergeCommit":false,"messageTitle":"fix javadoc location","messageBody":"","fileTypesAndContributionMap":{"functional-code":{"insertions":1,"deletions":1}}},{"hash":"18f04f55aaace39a19c799029c4ead1189bb19c4","isMergeCommit":false,"messageTitle":"minor fixes to style","messageBody":"","fileTypesAndContributionMap":{"test-code":{"insertions":6,"deletions":6}}},{"hash":"1c7d06bb8265d1d076bd4d1e021148a1ab0385f5","isMergeCommit":false,"messageTitle":"fixes to error handling","messageBody":"","fileTypesAndContributionMap":{"functional-code":{"insertions":15,"deletions":11},"test-code":{"insertions":5,"deletions":3}}},{"hash":"f3e4111f993092646fe3a0ef2bbb4a5a6539592f","isMergeCommit":false,"messageTitle":"remove whitespace","messageBody":"","fileTypesAndContributionMap":{"functional-code":{"insertions":0,"deletions":2}}},{"hash":"db587de3e86e289eafbffad790fd5b7fcccf3773","isMergeCommit":false,"messageTitle":"remove unused import","messageBody":"","fileTypesAndContributionMap":{"functional-code":{"insertions":0,"deletions":2}}},{"hash":"7028c4d76b4f40f9de25752d97f4ebdd9047b46c","isMergeCommit":false,"messageTitle":"fix naming and imports","messageBody":"","fileTypesAndContributionMap":{"functional-code":{"insertions":9,"deletions":9},"test-code":{"insertions":6,"deletions":3}}},{"hash":"44e88b95c1548a834c482d950bc41c8eb5acf997","isMergeCommit":false,"messageTitle":"improve error message in StripCaptainCommand","messageBody":"","fileTypesAndContributionMap":{"functional-code":{"insertions":1,"deletions":1}}},{"hash":"c601b38b9814c9631b84ee78a1eff94de9a5bf9d","isMergeCommit":false,"messageTitle":"fix line is longer than 120 characters in AddressBookParserTest.java:134","messageBody":"","fileTypesAndContributionMap":{"test-code":{"insertions":2,"deletions":1}}}]},{"date":"2025-10-10T00:00:00","commitResults":[{"hash":"93d75b93fbf1c0a57f6f06c23454c1dca37152a9","isMergeCommit":false,"messageTitle":"import filter command in AddressBookParserTest","messageBody":"","fileTypesAndContributionMap":{"test-code":{"insertions":1,"deletions":2}}},{"hash":"d47e3f4f848c5de6c9878c3079d6418a8929680f","isMergeCommit":true,"messageTitle":"Merge branch \u0027master\u0027 into feature-add-captain","messageBody":"","fileTypesAndContributionMap":{}},{"hash":"f5af639a067c9d79a8e0a2f35b14a4432f4659e7","isMergeCommit":false,"messageTitle":"Update Person.java","messageBody":"","fileTypesAndContributionMap":{"functional-code":{"insertions":2,"deletions":2}}},{"hash":"70b8b5ca8d68a58d0c9f022b7061221e3e5f02d1","isMergeCommit":false,"messageTitle":"Update Person.java","messageBody":"","fileTypesAndContributionMap":{"functional-code":{"insertions":1,"deletions":1}}},{"hash":"02c31ef90de32275227c8fea5b43dc9f10921502","isMergeCommit":false,"messageTitle":"Update Person.java","messageBody":"","fileTypesAndContributionMap":{"functional-code":{"insertions":2,"deletions":1}}},{"hash":"4f067e0ed79775e51ced9ca4aada5a9bc6fe67ce","isMergeCommit":false,"messageTitle":"Update Person.java","messageBody":"","fileTypesAndContributionMap":{"functional-code":{"insertions":2,"deletions":1}}},{"hash":"c6bea69a6b08f48eace4dbd7c2645334b0013263","isMergeCommit":false,"messageTitle":"Update Person.java","messageBody":"","fileTypesAndContributionMap":{"functional-code":{"insertions":1,"deletions":1}}},{"hash":"b056b0da18978d073346ea945833d8f99b953ba2","isMergeCommit":false,"messageTitle":"update StripCaptainCommandTest","messageBody":"","fileTypesAndContributionMap":{"test-code":{"insertions":1,"deletions":1}}}]},{"date":"2025-10-15T00:00:00","commitResults":[{"hash":"b71d09bd133cca3aa24abeabbe9933a2d49f416c","isMergeCommit":true,"messageTitle":"resolve conflicts","messageBody":"","fileTypesAndContributionMap":{}},{"hash":"53a49563be809cf881b7f98f3a95e37400fc38e9","isMergeCommit":false,"messageTitle":"update import order","messageBody":"","fileTypesAndContributionMap":{"test-code":{"insertions":1,"deletions":1}}},{"hash":"a09b6f25d1528397e12b379a20f8e97678b80cd3","isMergeCommit":true,"messageTitle":"Merge pull request #92 from Juink4i/feature-add-captain","messageBody":"fix: change naming and import for feature add captain","fileTypesAndContributionMap":{}}]},{"date":"2025-10-16T00:00:00","commitResults":[{"hash":"6af27b1f1fc2df2661dbb57e8b8d62c132234949","isMergeCommit":false,"messageTitle":"update UG","messageBody":"","fileTypesAndContributionMap":{"docs":{"insertions":81,"deletions":0}}},{"hash":"862ee357e9b8da52ae157f8499fecfb858c69421","isMergeCommit":false,"messageTitle":"update UG with Captain commands","messageBody":"","fileTypesAndContributionMap":{"docs":{"insertions":10,"deletions":51}}},{"hash":"8224a973603bdf9db6916b4e5a7df66d6525ee47","isMergeCommit":true,"messageTitle":"Merge branch \u0027master\u0027 into update-UG","messageBody":"","fileTypesAndContributionMap":{}},{"hash":"cd56dbf894f28afb1c0556c60172fa0a75b20b32","isMergeCommit":true,"messageTitle":"Merge pull request #138 from Juink4i/update-UG","messageBody":"Update User Guide to cover make captain, strip captain and filter captains","fileTypesAndContributionMap":{}},{"hash":"9d087d0f635b242ccbb1035c82fa0d40bb1af0e4","isMergeCommit":false,"messageTitle":"update captain GUI","messageBody":"","fileTypesAndContributionMap":{"functional-code":{"insertions":25,"deletions":4}}},{"hash":"df8a92dce79540ede4b59d0a020b6e6db7a417b2","isMergeCommit":true,"messageTitle":"Merge branch \u0027master\u0027 into captain-GUI","messageBody":"","fileTypesAndContributionMap":{}},{"hash":"820fb8dd9a612ebcb94f82310077901606ce183b","isMergeCommit":false,"messageTitle":"fix command","messageBody":"","fileTypesAndContributionMap":{"test-code":{"insertions":3,"deletions":2}}},{"hash":"9c839afdb462593260f90f332b4705faff004f88","isMergeCommit":true,"messageTitle":"Merge branch \u0027captain-GUI\u0027 of https://github.com/Juink4i/tp into captain-GUI","messageBody":"hi\n","fileTypesAndContributionMap":{}},{"hash":"e7d82c49e1e52e91ae8c9c963fae804d0ddcc80b","isMergeCommit":true,"messageTitle":"Merge pull request #140 from Juink4i/captain-GUI","messageBody":"Update captain GUI","fileTypesAndContributionMap":{}}]}],"yuanz03":[{"date":"2025-09-29T00:00:00","commitResults":[{"hash":"62674cff7f90e6f3ca3d777499837cfdc582c4f3","isMergeCommit":false,"messageTitle":"docs: Update AboutUs page for Yuan Tian","messageBody":"","fileTypesAndContributionMap":{"docs":{"insertions":4,"deletions":4}}},{"hash":"71a8a9bd8ec2f03b096bde0661378aa77ef54360","isMergeCommit":true,"messageTitle":"Merge pull request #32 from yuanz03/About-Us-Page","messageBody":"docs: Update AboutUs page for Yuan Tian","fileTypesAndContributionMap":{}}]},{"date":"2025-09-30T00:00:00","commitResults":[{"hash":"5c6bb132b122edfb68dd27cfbba6be85b5cb7203","isMergeCommit":false,"messageTitle":"docs: Update product overview and NFRs in DG","messageBody":"","fileTypesAndContributionMap":{"docs":{"insertions":16,"deletions":7}}},{"hash":"4dd59faee9c77105e6d84c54d362441fc69d6b5c","isMergeCommit":true,"messageTitle":"Merge branch master with latest changes","messageBody":"","fileTypesAndContributionMap":{}},{"hash":"3a1f7784f2626563e1b79adf5c07a2d50d628f1d","isMergeCommit":false,"messageTitle":"docs: Add injury status-related user stories to DG","messageBody":"","fileTypesAndContributionMap":{"docs":{"insertions":12,"deletions":8}}},{"hash":"8267b3096e51f9956c4db00198184db8d3d0e48f","isMergeCommit":false,"messageTitle":"docs: Add injury status-related use case to DG","messageBody":"","fileTypesAndContributionMap":{"docs":{"insertions":57,"deletions":12}}},{"hash":"3a1e621506f3fffa486026814db185225f184de0","isMergeCommit":false,"messageTitle":"docs: polish NFRs","messageBody":"","fileTypesAndContributionMap":{"docs":{"insertions":3,"deletions":4}}},{"hash":"4b6c6dff774696c6d58718eed0206e0fdf7717a1","isMergeCommit":true,"messageTitle":"Merge pull request #39 from yuanz03/Developer-Guide","messageBody":"docs: Update Developer Guide for Yuan Tian","fileTypesAndContributionMap":{}}]},{"date":"2025-10-03T00:00:00","commitResults":[{"hash":"459824d69e63961510dff6eff06650372d94581b","isMergeCommit":false,"messageTitle":"feat: add injury status class","messageBody":"","fileTypesAndContributionMap":{"functional-code":{"insertions":66,"deletions":1}}},{"hash":"b1c4e0c9729079fe6313d6275c75e265e0270490","isMergeCommit":false,"messageTitle":"refactor: move InjuryStatus class to own package","messageBody":"","fileTypesAndContributionMap":{"other":{"insertions":25,"deletions":23}}},{"hash":"f4b0f0e943e9f31536f1920cd0117a20e74f10ee","isMergeCommit":false,"messageTitle":"refactor: rename InjuryStatus class to Injury","messageBody":"","fileTypesAndContributionMap":{"functional-code":{"insertions":86,"deletions":67}}},{"hash":"846fc8a81cf49f0f2d6b0a2019d0e72181fa490c","isMergeCommit":false,"messageTitle":"feat: add unique list of injuries","messageBody":"","fileTypesAndContributionMap":{"functional-code":{"insertions":147,"deletions":0}}},{"hash":"fd3e5ccd69b94fdeed8317e9efc62b510fc6fec4","isMergeCommit":false,"messageTitle":"feat: introduce injury-related exceptions","messageBody":"","fileTypesAndContributionMap":{"functional-code":{"insertions":17,"deletions":0}}}]},{"date":"2025-10-08T00:00:00","commitResults":[{"hash":"6e34ffb81aabee2093df410d008e6ed016892f70","isMergeCommit":false,"messageTitle":"chore: remove unnecessary files","messageBody":"","fileTypesAndContributionMap":{"functional-code":{"insertions":0,"deletions":164}}},{"hash":"e6b5c5f73694349a610d1890cfbe3b33de039bee","isMergeCommit":false,"messageTitle":"refactor: move Injury back to model person package","messageBody":"","fileTypesAndContributionMap":{"functional-code":{"insertions":64,"deletions":86}}},{"hash":"cca2f0bf5c6e44f9f6259ce87c337b38328a9d35","isMergeCommit":true,"messageTitle":"Merge branch master with latest changes","messageBody":"","fileTypesAndContributionMap":{}},{"hash":"926baf8c923dda1ccfc77bd045850174f5a0df37","isMergeCommit":true,"messageTitle":"Merge pull request #79 from yuanz03/feature/add-injury-status-model","messageBody":"","fileTypesAndContributionMap":{}},{"hash":"8828f52215ff454cf5b90b7094570138002ba742","isMergeCommit":false,"messageTitle":"feat: add Injury field to Person model","messageBody":"","fileTypesAndContributionMap":{"functional-code":{"insertions":29,"deletions":4}}},{"hash":"3089122ff6b690280b15e7bde01a7856fdf825ae","isMergeCommit":false,"messageTitle":"feat: add storage support for Injury field","messageBody":"","fileTypesAndContributionMap":{"functional-code":{"insertions":18,"deletions":4}}},{"hash":"82068e6dd2b939f842d890665ce3591775991e13","isMergeCommit":false,"messageTitle":"feat: add Injury field to sample data","messageBody":"","fileTypesAndContributionMap":{"functional-code":{"insertions":19,"deletions":5}}}]},{"date":"2025-10-09T00:00:00","commitResults":[{"hash":"05de8060485fc71d370420208d1f2c2490980632","isMergeCommit":false,"messageTitle":"feat: add AssignInjuryCommand to assign injuries","messageBody":"","fileTypesAndContributionMap":{"functional-code":{"insertions":103,"deletions":1}}},{"hash":"969c249dadd1ed8645b0550306db66edfaa1d21e","isMergeCommit":false,"messageTitle":"feat: implement AssignInjuryCommandParser","messageBody":"","fileTypesAndContributionMap":{"functional-code":{"insertions":51,"deletions":0}}},{"hash":"bd613f586fc485dff24d0ab23313d2c58edbf284","isMergeCommit":false,"messageTitle":"feat: add AssignInjuryCommand to AddressBookParser","messageBody":"","fileTypesAndContributionMap":{"functional-code":{"insertions":4,"deletions":0}}},{"hash":"dc04da6a0f6340810224a8c2fd05b016aef42b22","isMergeCommit":false,"messageTitle":"feat: improve AssignInjury success message in UI","messageBody":"","fileTypesAndContributionMap":{"functional-code":{"insertions":2,"deletions":2}}},{"hash":"6182ba31ca581398180b0fd4cdf1ab2073c69670","isMergeCommit":false,"messageTitle":"test: update some unit tests to include Injury","messageBody":"","fileTypesAndContributionMap":{"test-code":{"insertions":46,"deletions":21}}},{"hash":"4380460e51e781b7037f0ceb10dde1bfe7f768ab","isMergeCommit":false,"messageTitle":"test: update more unit tests to include Injury","messageBody":"","fileTypesAndContributionMap":{"test-code":{"insertions":92,"deletions":28}}},{"hash":"57619c39802ecf08ae0743355510b5d76f5125e5","isMergeCommit":false,"messageTitle":"test: add more injury unit tests","messageBody":"","fileTypesAndContributionMap":{"functional-code":{"insertions":17,"deletions":12},"test-code":{"insertions":59,"deletions":24}}},{"hash":"1ed640a104ed0d5e136ddbf081a117ffa0158d11","isMergeCommit":false,"messageTitle":"style: fix checkstyle issues","messageBody":"","fileTypesAndContributionMap":{"functional-code":{"insertions":6,"deletions":1},"test-code":{"insertions":22,"deletions":8}}},{"hash":"b898d0f541fcae303926669f50144bad12646abf","isMergeCommit":false,"messageTitle":"test: add injury to storage unit tests","messageBody":"","fileTypesAndContributionMap":{"test-code":{"insertions":1,"deletions":1}}},{"hash":"9fa62da4e56be66170c07a812b9ad1b699ff8521","isMergeCommit":false,"messageTitle":"test: implement AssignInjuryCommandTest","messageBody":"","fileTypesAndContributionMap":{"test-code":{"insertions":130,"deletions":0}}},{"hash":"80e014ff075ca7121014bb9995f391bff8272e59","isMergeCommit":false,"messageTitle":"test: implement AssignInjuryCommandParserTest","messageBody":"","fileTypesAndContributionMap":{"test-code":{"insertions":65,"deletions":0}}},{"hash":"fa37bda71bdf1b2e5939555e6321736c156d36ab","isMergeCommit":false,"messageTitle":"test: add InjuryTest and more unit tests","messageBody":"","fileTypesAndContributionMap":{"test-code":{"insertions":91,"deletions":0}}},{"hash":"67dbfd1fc24da9a8351964961dfb70e7c7b36dfb","isMergeCommit":true,"messageTitle":"Merge pull request #86 from jovnc/fix/handle-empty-delete","messageBody":"","fileTypesAndContributionMap":{}},{"hash":"e534a79a37edfbfac304823869855ece9173866f","isMergeCommit":false,"messageTitle":"test: update injury command unit tests","messageBody":"","fileTypesAndContributionMap":{"test-code":{"insertions":58,"deletions":0}}},{"hash":"d28f9f31f4bb9bb72588e1add336319b28db8edb","isMergeCommit":false,"messageTitle":"feat: validate duplicate injury assignment","messageBody":"","fileTypesAndContributionMap":{"functional-code":{"insertions":17,"deletions":0}}}]},{"date":"2025-10-10T00:00:00","commitResults":[{"hash":"9a1da50bee77c950f2a778beb5694aebd08e451a","isMergeCommit":false,"messageTitle":"test: add unit tests for duplicate injuries","messageBody":"","fileTypesAndContributionMap":{"test-code":{"insertions":105,"deletions":9}}},{"hash":"cfc96027524f53a685d64b2f09a0d491ceed34eb","isMergeCommit":true,"messageTitle":"Merge branch master with latest changes","messageBody":"","fileTypesAndContributionMap":{}},{"hash":"04b3c212e96a926f068500d02de8fc9622d016a0","isMergeCommit":false,"messageTitle":"fix: update main logic to support Position field","messageBody":"","fileTypesAndContributionMap":{"functional-code":{"insertions":36,"deletions":19}}},{"hash":"f1c1d5be79c9aa27cd6b5af5f83c1bdb1f08baf1","isMergeCommit":false,"messageTitle":"fix: update more main logic to support Position","messageBody":"","fileTypesAndContributionMap":{"functional-code":{"insertions":6,"deletions":5}}},{"hash":"8a56b4aa17a125ab3a60d8f61519eeb68056c720","isMergeCommit":false,"messageTitle":"fix: update unit tests to support Position field","messageBody":"","fileTypesAndContributionMap":{"test-code":{"insertions":7,"deletions":6}}},{"hash":"714b2168b9f9f1799ef63767809c4f002eddb1ab","isMergeCommit":false,"messageTitle":"test: improve unit test coverage","messageBody":"","fileTypesAndContributionMap":{"test-code":{"insertions":30,"deletions":0}}},{"hash":"18cc496d4c8304676fed532e5a1ca1d6495e18fb","isMergeCommit":false,"messageTitle":"feat: update Injury to be an optional user input","messageBody":"","fileTypesAndContributionMap":{"functional-code":{"insertions":19,"deletions":33},"test-code":{"insertions":3,"deletions":22}}},{"hash":"35d1f0534024744d1a2685f1a261ab939bb90ca2","isMergeCommit":false,"messageTitle":"fix: rename Injury field in addressbook data","messageBody":"","fileTypesAndContributionMap":{"functional-code":{"insertions":6,"deletions":6}}},{"hash":"130fb4a934dc86964713ee5585cdb413a79ca323","isMergeCommit":false,"messageTitle":"fix: update main injury assignment logic","messageBody":"","fileTypesAndContributionMap":{"functional-code":{"insertions":12,"deletions":13}}}]},{"date":"2025-10-11T00:00:00","commitResults":[{"hash":"2cf078e15f8517e4a212919d8eb482878860dbd7","isMergeCommit":false,"messageTitle":"fix: update injury assignment unit tests","messageBody":"","fileTypesAndContributionMap":{"functional-code":{"insertions":5,"deletions":0},"test-code":{"insertions":64,"deletions":26}}},{"hash":"cd97e0a1cde9154b72bbe197f3287ef0cf5afafa","isMergeCommit":false,"messageTitle":"fix: add Copilot suggestions","messageBody":"","fileTypesAndContributionMap":{"functional-code":{"insertions":31,"deletions":12}}},{"hash":"70e758f047abda20a6fca5b8a3a9c89c85bb663c","isMergeCommit":true,"messageTitle":"Merge pull request #89 from yuanz03/feature/assign-injury-to-player","messageBody":"","fileTypesAndContributionMap":{}}]},{"date":"2025-10-12T00:00:00","commitResults":[{"hash":"9d122a777e644b829dd9515f73a3218191cce24c","isMergeCommit":false,"messageTitle":"docs: add AssignInjury command to user guide","messageBody":"","fileTypesAndContributionMap":{"functional-code":{"insertions":1,"deletions":1},"docs":{"insertions":42,"deletions":18}}},{"hash":"0e5ce551725e7a5ea120ffae5625e1eb5b5e8085","isMergeCommit":false,"messageTitle":"style: fix typos in UG","messageBody":"","fileTypesAndContributionMap":{"docs":{"insertions":0,"deletions":1}}},{"hash":"61b519e62799dfdbe7bb18d2557a419f705fdfe7","isMergeCommit":true,"messageTitle":"Merge pull request #102 from yuanz03/docs/update-user-guide","messageBody":"","fileTypesAndContributionMap":{}},{"hash":"9dd93782f2f9ab965b36eba6f2c16e195007a4cf","isMergeCommit":false,"messageTitle":"feat: implement GUI support for injury status","messageBody":"","fileTypesAndContributionMap":{"functional-code":{"insertions":27,"deletions":0}}},{"hash":"2aa4ed48b39ea60bc57129128563f7e6046e8049","isMergeCommit":false,"messageTitle":"feat: enhance GUI display for injury status","messageBody":"","fileTypesAndContributionMap":{"functional-code":{"insertions":3,"deletions":1}}},{"hash":"9bcbfc3d8f44d4dc5a6394f5e10b0d18c9bf5e0b","isMergeCommit":false,"messageTitle":"style: remove extra whitespace","messageBody":"","fileTypesAndContributionMap":{"functional-code":{"insertions":1,"deletions":1}}},{"hash":"5b65aab55eb42f70dd8cb77821431dda5e462f82","isMergeCommit":true,"messageTitle":"Merge pull request #103 from yuanz03/feature/add-injury-status-gui","messageBody":"","fileTypesAndContributionMap":{}},{"hash":"bc21636328880c6a93f18bc868eae961459a82c5","isMergeCommit":false,"messageTitle":"fix: refine Javadocs in AssignInjuryCommand","messageBody":"","fileTypesAndContributionMap":{"functional-code":{"insertions":13,"deletions":5}}},{"hash":"4398d043e6af876c696a3b0a654828420ef89fa0","isMergeCommit":false,"messageTitle":"feat: add UnassignInjuryCommand and model support","messageBody":"","fileTypesAndContributionMap":{"functional-code":{"insertions":110,"deletions":4}}},{"hash":"61167a8182c3373c5149a137063597d427dafa56","isMergeCommit":false,"messageTitle":"fix: refine Javadocs in AssignInjuryCommandParser","messageBody":"","fileTypesAndContributionMap":{"functional-code":{"insertions":3,"deletions":3}}},{"hash":"19ae0f17fc10f1b293b812d6f31a02018639e7e6","isMergeCommit":false,"messageTitle":"feat: implement UnassignInjuryCommandParser","messageBody":"","fileTypesAndContributionMap":{"functional-code":{"insertions":38,"deletions":0}}},{"hash":"30777df58875142b002be5b4c837504cc50d1cad","isMergeCommit":false,"messageTitle":"style: remove magic literals","messageBody":"","fileTypesAndContributionMap":{"functional-code":{"insertions":1,"deletions":1},"test-code":{"insertions":5,"deletions":4}}},{"hash":"de7955fae3ed58d501e9d31ccd2a292d32d4a91c","isMergeCommit":false,"messageTitle":"test: update unit tests to support UnassignInjury","messageBody":"","fileTypesAndContributionMap":{"functional-code":{"insertions":4,"deletions":0},"test-code":{"insertions":57,"deletions":1}}},{"hash":"bbf767b3d6202aad0c13fe57d29cd2d26b676a74","isMergeCommit":false,"messageTitle":"test: add UnassignInjuryCommandTest","messageBody":"","fileTypesAndContributionMap":{"test-code":{"insertions":116,"deletions":0}}}]},{"date":"2025-10-13T00:00:00","commitResults":[{"hash":"9dad06fa2c895e4d33822e7aee3dd70ad31b1adb","isMergeCommit":false,"messageTitle":"test: add UnassignInjuryCommandParserTest","messageBody":"","fileTypesAndContributionMap":{"test-code":{"insertions":63,"deletions":0}}},{"hash":"1ed11a6052719b3b2f5c138837d7a348ce384370","isMergeCommit":false,"messageTitle":"test: improve unit test coverage","messageBody":"","fileTypesAndContributionMap":{"test-code":{"insertions":17,"deletions":0}}},{"hash":"987d3c7c993be4e5e894cdf7569790d85a9360ba","isMergeCommit":false,"messageTitle":"test: refine existing test cases","messageBody":"","fileTypesAndContributionMap":{"test-code":{"insertions":32,"deletions":44}}},{"hash":"fa24afae6fc13fe5505e7a5615005c822ee9a7a3","isMergeCommit":true,"messageTitle":"Merge branch master with latest changes","messageBody":"","fileTypesAndContributionMap":{}},{"hash":"6e7030f6030095f7129c20fb5ea264d20d118acd","isMergeCommit":false,"messageTitle":"fix: prevent duplicate injury prefix in AddCommand","messageBody":"","fileTypesAndContributionMap":{"functional-code":{"insertions":5,"deletions":4},"test-code":{"insertions":15,"deletions":2}}},{"hash":"9e986e064f4d4c96efdcd696030faaef1dd5fada","isMergeCommit":false,"messageTitle":"fix: update EditCommand to support team and injury","messageBody":"","fileTypesAndContributionMap":{"functional-code":{"insertions":80,"deletions":35}}},{"hash":"bc321157398b97ec919a5e629ab8f2e9f7485e6c","isMergeCommit":false,"messageTitle":"fix: correct injury status assignment for \u0027fit\u0027","messageBody":"","fileTypesAndContributionMap":{"functional-code":{"insertions":7,"deletions":2},"test-code":{"insertions":0,"deletions":13}}},{"hash":"fec1079be00101f62c43c5164e40c7fadee42a8e","isMergeCommit":false,"messageTitle":"test: update existing unit tests for EditCommand","messageBody":"","fileTypesAndContributionMap":{"functional-code":{"insertions":1,"deletions":0},"test-code":{"insertions":154,"deletions":102}}},{"hash":"6b8eaac53b62354018fa795f37715461aac22c17","isMergeCommit":false,"messageTitle":"fix: correct injury status set for \u0027fit\u0027 in Edit","messageBody":"","fileTypesAndContributionMap":{"functional-code":{"insertions":16,"deletions":1}}},{"hash":"82328642ab91845bfe89d256b54806381d8024f2","isMergeCommit":false,"messageTitle":"test: remove obsolete test case after refactor","messageBody":"","fileTypesAndContributionMap":{"test-code":{"insertions":0,"deletions":12}}},{"hash":"1f50fd5c70b8f138e7a23cda31fc393a887e600d","isMergeCommit":false,"messageTitle":"fix: make instance variable in Injury private","messageBody":"","fileTypesAndContributionMap":{"functional-code":{"insertions":2,"deletions":2},"test-code":{"insertions":2,"deletions":2}}},{"hash":"d043c9e26b25dd7c6c3763215aad1eed33adab0b","isMergeCommit":false,"messageTitle":"test: improve unit test coverage","messageBody":"","fileTypesAndContributionMap":{"test-code":{"insertions":32,"deletions":0}}},{"hash":"13539cc19974c1e9c7667722f3421fecc65f1702","isMergeCommit":false,"messageTitle":"style: refine Javadocs in CommandParsers","messageBody":"","fileTypesAndContributionMap":{"functional-code":{"insertions":4,"deletions":4}}}]},{"date":"2025-10-14T00:00:00","commitResults":[{"hash":"f702f4445732eaea4168c424a665cfa2010ed988","isMergeCommit":false,"messageTitle":"test: add minor additions to test cases","messageBody":"","fileTypesAndContributionMap":{"test-code":{"insertions":10,"deletions":2}}},{"hash":"a8d27e50b1bbb2585f7bb776dc09695f835135f2","isMergeCommit":true,"messageTitle":"Merge pull request #105 from yuanz03/feature/remove-injury-from-player","messageBody":"","fileTypesAndContributionMap":{}},{"hash":"e4ca60e9d58c1d48635f864bf6e13311a9fbfd0b","isMergeCommit":false,"messageTitle":"docs: update unassigninjury edit and add commands","messageBody":"","fileTypesAndContributionMap":{"docs":{"insertions":70,"deletions":23}}},{"hash":"36bcc542085a79bd2d11241eb673e4a66447f6e2","isMergeCommit":false,"messageTitle":"docs: add missing constraint messages","messageBody":"","fileTypesAndContributionMap":{"docs":{"insertions":11,"deletions":3}}},{"hash":"f2084ca1fe1850576025465c8b2ca7bc0a690850","isMergeCommit":false,"messageTitle":"docs: remove redundant constraint messages","messageBody":"","fileTypesAndContributionMap":{"docs":{"insertions":0,"deletions":8}}},{"hash":"22f13d2451b3fb80467682c75eb6374415f87d78","isMergeCommit":false,"messageTitle":"fix: reject EditCommand with non-existent team","messageBody":"","fileTypesAndContributionMap":{"functional-code":{"insertions":6,"deletions":0}}},{"hash":"6ecc49523529c1a7351b788ca32af3da7609c297","isMergeCommit":true,"messageTitle":"Merge pull request #109 from yuanz03/docs/update-user-guide-for-unassign-injury-and-edit","messageBody":"","fileTypesAndContributionMap":{}},{"hash":"9642a84232f65e74348647147942c250638a8362","isMergeCommit":false,"messageTitle":"fix: accept \u0027fit\u0027 as default injury in AddCommand","messageBody":"","fileTypesAndContributionMap":{"functional-code":{"insertions":7,"deletions":0}}},{"hash":"ae33a2039363d80f3856a399e5f2dbc2113e0fdc","isMergeCommit":false,"messageTitle":"test: update test cases to cover new bug fixes","messageBody":"","fileTypesAndContributionMap":{"test-code":{"insertions":34,"deletions":0}}},{"hash":"50b5fe53f63b54aa6ccb58be181a641853220cd4","isMergeCommit":true,"messageTitle":"Merge pull request #112 from yuanz03/feature/bug-fixes-in-add-and-edit","messageBody":"","fileTypesAndContributionMap":{}}]}],"jovnc":[{"date":"2025-09-27T00:00:00","commitResults":[{"hash":"c9ccc774f58dd2dd371a63fe4657a67cf68c9b74","isMergeCommit":false,"messageTitle":"feat: Add team management functionalities with AddTeamCommand","messageBody":"","fileTypesAndContributionMap":{"functional-code":{"insertions":486,"deletions":10}}},{"hash":"c1ccd486d176e4766913d66a76310fd18ccbdf22","isMergeCommit":false,"messageTitle":"test: Add unit test for AddTeamCommand and related classes","messageBody":"","fileTypesAndContributionMap":{"test-code":{"insertions":576,"deletions":97}}}]},{"date":"2025-09-29T00:00:00","commitResults":[{"hash":"707277a184533e8c3431b3881a4ac32fb0580788","isMergeCommit":false,"messageTitle":"docs: Update AboutUs page for Jovan","messageBody":"","fileTypesAndContributionMap":{"docs":{"insertions":5,"deletions":5}}},{"hash":"ab72b9394dbf8f9243ea25db81784edb4c53dd60","isMergeCommit":true,"messageTitle":"Merge pull request #31 from gabrieltang515/edit-AboutUs-page","messageBody":"docs: Update AboutUs page for Gabriel","fileTypesAndContributionMap":{}},{"hash":"978e3b9826aabb4900dcc91f1782bd72bc9cc654","isMergeCommit":true,"messageTitle":"Merge pull request #30 from jovnc/about-us-page","messageBody":"docs: Update AboutUs page for Jovan","fileTypesAndContributionMap":{}},{"hash":"ac43c6eb40da65289d9658007b1bd32d63e16365","isMergeCommit":true,"messageTitle":"Merge pull request #34 from Juink4i/master","messageBody":"docs: Update AboutUs page for Juinn Kai","fileTypesAndContributionMap":{}}]},{"date":"2025-09-30T00:00:00","commitResults":[{"hash":"65287dd1d1646d82a18a608e751ed6865c385ab0","isMergeCommit":false,"messageTitle":"fix: Ignore case when comparing names in Name class","messageBody":"Comparison of names is case-sensitive. This can cause issues\nwhere names differing only in letter case were treated as distinct.\n\nA case-insensitive comparison is more user-friendly because users\ncannot be expected to remember the exact case of every name.\n\nLet\u0027s,\n* update the Name.java so that name comparisons are case-insensitive\n","fileTypesAndContributionMap":{"functional-code":{"insertions":4,"deletions":2},"test-code":{"insertions":2,"deletions":2}}},{"hash":"47ff9b5d4ae59320bd03856c680b1d045a2b5c63","isMergeCommit":true,"messageTitle":"Merge remote-tracking branch \u0027upstream/master\u0027 into feature/add-team","messageBody":"","fileTypesAndContributionMap":{}},{"hash":"960016be1f3999240b75e63318f118636d6c5471","isMergeCommit":false,"messageTitle":"style: Fix checkstyle issues","messageBody":"","fileTypesAndContributionMap":{"functional-code":{"insertions":10,"deletions":3},"test-code":{"insertions":1,"deletions":0}}},{"hash":"506276b433337a95755ef0fff158f057eb4490a8","isMergeCommit":false,"messageTitle":"fix: Add copilot suggestions","messageBody":"","fileTypesAndContributionMap":{"functional-code":{"insertions":3,"deletions":8},"test-code":{"insertions":1,"deletions":1}}},{"hash":"7e4f4bc020682251a6f8e952f54c4cf82222ddff","isMergeCommit":false,"messageTitle":"style: Fix checkstyle issues","messageBody":"","fileTypesAndContributionMap":{"test-code":{"insertions":1,"deletions":2}}},{"hash":"762a6f8e3661a1274af0fd934fb1e1131b3f1a5d","isMergeCommit":false,"messageTitle":"docs: Update Developer Guide for Jovan\u0027s features","messageBody":"","fileTypesAndContributionMap":{"docs":{"insertions":116,"deletions":13}}},{"hash":"753cf3177dc24cfc4bb8a5c31ee195628fe2a5e6","isMergeCommit":false,"messageTitle":"style: Fix checkstyle issue for test classes","messageBody":"","fileTypesAndContributionMap":{"test-code":{"insertions":14,"deletions":4}}}]},{"date":"2025-10-01T00:00:00","commitResults":[{"hash":"507f8c63721d99aef0b69dffa4ac76c42c4c073f","isMergeCommit":false,"messageTitle":"docs: Add review suggestions","messageBody":"","fileTypesAndContributionMap":{"docs":{"insertions":3,"deletions":3}}},{"hash":"25696879e2e41ee6159cf14888930a2a34697265","isMergeCommit":true,"messageTitle":"Merge pull request #45 from jovnc/docs/update-developer-guide","messageBody":"docs: Update Developer Guide for Jovan\u0027s features","fileTypesAndContributionMap":{}},{"hash":"27141cb913e9cc19beb0f7eafdf8da908640fef0","isMergeCommit":false,"messageTitle":"test: Add more test cases for add team functionality","messageBody":"","fileTypesAndContributionMap":{"test-code":{"insertions":85,"deletions":7}}},{"hash":"b49482e2083d3a974ccba087f4269faa1fd166ec","isMergeCommit":true,"messageTitle":"Merge pull request #51 from gabrieltang515/edit-AboutUs-photo","messageBody":"Edit AboutUs photo","fileTypesAndContributionMap":{}},{"hash":"1b94fc8d84a2380df7326045e646f06a1a99d50d","isMergeCommit":true,"messageTitle":"Merge pull request #41 from jovnc/feature/add-team","messageBody":"feat: Add command to create new team","fileTypesAndContributionMap":{}},{"hash":"17da9352017482be5e153e4a9990903a641f00fc","isMergeCommit":false,"messageTitle":"feat: Update add command to support team field","messageBody":"","fileTypesAndContributionMap":{"functional-code":{"insertions":144,"deletions":96}}}]},{"date":"2025-10-02T00:00:00","commitResults":[{"hash":"292ae3d26abc8fa6a0f9a1169bf81077cdb69a44","isMergeCommit":false,"messageTitle":"test: Add tests for add player to team functionality","messageBody":"","fileTypesAndContributionMap":{"functional-code":{"insertions":3,"deletions":1},"test-code":{"insertions":265,"deletions":121}}},{"hash":"4ab45dd8a5058e72d1c219381755b4bba459a094","isMergeCommit":false,"messageTitle":"fix: Add copilot suggestions","messageBody":"","fileTypesAndContributionMap":{"functional-code":{"insertions":23,"deletions":20}}},{"hash":"1eb5a40773547819b320fae5a32973a4341ec82f","isMergeCommit":false,"messageTitle":"test: Add more test cases","messageBody":"","fileTypesAndContributionMap":{"test-code":{"insertions":155,"deletions":0}}},{"hash":"0a148a072d12a5e2e0b8e6f421cbf9fd68defbf5","isMergeCommit":true,"messageTitle":"Merge pull request #54 from ChekaLowQiJun/update-readme","messageBody":"docs: Customise README.md","fileTypesAndContributionMap":{}},{"hash":"fe3ceb15b8dd096e5a891bc7466dd2abdf43f85a","isMergeCommit":false,"messageTitle":"fix: Add copilot suggestions","messageBody":"","fileTypesAndContributionMap":{"functional-code":{"insertions":2,"deletions":3},"test-code":{"insertions":2,"deletions":2}}},{"hash":"e8b689f2c1b5aa307801c6883339de6a7bc704dd","isMergeCommit":false,"messageTitle":"fix: Add suggestions from PR","messageBody":"","fileTypesAndContributionMap":{"functional-code":{"insertions":2,"deletions":2},"test-code":{"insertions":11,"deletions":11}}},{"hash":"afccc3bd32a3525be2fe3759a8912300a018f53d","isMergeCommit":true,"messageTitle":"Merge pull request #52 from jovnc/feature/add-player-to-team","messageBody":"feat: Add command to add player to team","fileTypesAndContributionMap":{}}]},{"date":"2025-10-03T00:00:00","commitResults":[{"hash":"c15d62555691f954c874c30fb9cedc7da040e467","isMergeCommit":false,"messageTitle":"feat: Implement delete player functionality by name","messageBody":"","fileTypesAndContributionMap":{"functional-code":{"insertions":70,"deletions":28}}},{"hash":"e7e32e6afe80da83cfcd7c542380fb98b07ef05e","isMergeCommit":false,"messageTitle":"test: Add test for delete command","messageBody":"","fileTypesAndContributionMap":{"test-code":{"insertions":94,"deletions":64}}},{"hash":"beb4014189a369e9eb8b7a39a39ef9bb34be1f11","isMergeCommit":false,"messageTitle":"style: Add javadoc for DeleteCommand","messageBody":"","fileTypesAndContributionMap":{"functional-code":{"insertions":5,"deletions":2}}}]},{"date":"2025-10-06T00:00:00","commitResults":[{"hash":"107a0f2a7ba7271a060a11c32e6d3e85e5de43dd","isMergeCommit":false,"messageTitle":"style: Fix spacing in LogicManagerTest","messageBody":"","fileTypesAndContributionMap":{"test-code":{"insertions":1,"deletions":1}}},{"hash":"d08a333bfd94f6e0c38b5afbc6d4818f2ed54dbe","isMergeCommit":false,"messageTitle":"refactor: Simplify CommandResult usage in DeleteCommand for person deletion","messageBody":"","fileTypesAndContributionMap":{"functional-code":{"insertions":18,"deletions":2}}},{"hash":"1d79f5758edf6f7f8e68ce071866d1ebf3e2c8ef","isMergeCommit":false,"messageTitle":"style: Fix ordering of constructor in CommandResult","messageBody":"","fileTypesAndContributionMap":{"functional-code":{"insertions":8,"deletions":4}}},{"hash":"1d7a17c1aad160200d521316bf60a64fd9adb196","isMergeCommit":false,"messageTitle":"style: Fix spacing in LogicManagerTest","messageBody":"","fileTypesAndContributionMap":{"test-code":{"insertions":1,"deletions":1}}},{"hash":"71fb4f05cddd9238ff2042381776ef3a089c901a","isMergeCommit":true,"messageTitle":"Merge pull request #74 from jovnc/feature/delete-player","messageBody":"feat: Add command to delete player","fileTypesAndContributionMap":{}}]},{"date":"2025-10-09T00:00:00","commitResults":[{"hash":"feb4586bf86143cd89e0e90378e260bb9417726b","isMergeCommit":false,"messageTitle":"fix: Handle empty argument case for DeleteCommandParser","messageBody":"Program doesn\u0027t respond when delete has no argument.\n","fileTypesAndContributionMap":{"functional-code":{"insertions":18,"deletions":0},"test-code":{"insertions":7,"deletions":0}}},{"hash":"7e033cb205e9a741ed52fe635751fec345ebf310","isMergeCommit":false,"messageTitle":"docs: Update index.md and status badges","messageBody":"","fileTypesAndContributionMap":{"docs":{"insertions":5,"deletions":5}}}]},{"date":"2025-10-10T00:00:00","commitResults":[{"hash":"892cf2f4f21e1e31550fdd3558c96fcba309373d","isMergeCommit":false,"messageTitle":"docs: Update UserGuide to reflect player management features","messageBody":"","fileTypesAndContributionMap":{"docs":{"insertions":25,"deletions":19}}},{"hash":"d60c4bdac8a8123ab5a5aaba0cd8c7ccfd7a2ea2","isMergeCommit":false,"messageTitle":"docs: Add copilot suggestions","messageBody":"","fileTypesAndContributionMap":{"docs":{"insertions":2,"deletions":2}}},{"hash":"451b22f1067a1a6c42c1f98f4ec5e97ddf7eaa76","isMergeCommit":true,"messageTitle":"Merge pull request #91 from gabrieltang515/add-position-commands","messageBody":"fix: Update PersonBuilder.java ","fileTypesAndContributionMap":{}}]},{"date":"2025-10-11T00:00:00","commitResults":[{"hash":"4905ecef00c4735c66edfa4337ab8467b826a43f","isMergeCommit":true,"messageTitle":"Merge branch \u0027master\u0027 into docs/update-docs-mvp","messageBody":"","fileTypesAndContributionMap":{}},{"hash":"91169b1190bac64095a5a41df2b0434b53c08a81","isMergeCommit":false,"messageTitle":"docs: Fix grammatical errors","messageBody":"","fileTypesAndContributionMap":{"docs":{"insertions":1,"deletions":1}}},{"hash":"9e0acb11d8ce80247f852ed93fc5dbcb6b129f7c","isMergeCommit":false,"messageTitle":"docs: Add copilot fixes","messageBody":"","fileTypesAndContributionMap":{"docs":{"insertions":2,"deletions":2}}},{"hash":"f4f0662b0ce562a0e79e9e0e3c91ce839221b341","isMergeCommit":false,"messageTitle":"docs: Ensure consistent format","messageBody":"","fileTypesAndContributionMap":{"docs":{"insertions":25,"deletions":25}}},{"hash":"5af95348fc8e7859f94a1c055d9026553079b415","isMergeCommit":true,"messageTitle":"Merge pull request #90 from jovnc/docs/update-docs-mvp","messageBody":"docs: Update User Guide for Team and Player Management Features","fileTypesAndContributionMap":{}},{"hash":"be68cb46157c17c26c02f8982f0d080241a87fca","isMergeCommit":false,"messageTitle":"feat: Implement assign team command and parser","messageBody":"","fileTypesAndContributionMap":{"functional-code":{"insertions":222,"deletions":17}}},{"hash":"0f22487b58a3ff83f47a50dd6f4826c2f43fa828","isMergeCommit":false,"messageTitle":"test: Add unit tests for AssignTeamCommand and its parser","messageBody":"","fileTypesAndContributionMap":{"test-code":{"insertions":337,"deletions":1}}},{"hash":"af0d575d0416a860b0afa2eaf74b685c49b4600c","isMergeCommit":false,"messageTitle":"docs: Update User Guide for assign team command","messageBody":"","fileTypesAndContributionMap":{"docs":{"insertions":42,"deletions":10}}},{"hash":"de209f0f369bb14b39386cd7b99fd9bef6c2c405","isMergeCommit":true,"messageTitle":"Merge branch \u0027master\u0027 into feature/assign-team","messageBody":"# Conflicts:\n#\tsrc/test/java/seedu/address/logic/parser/AddressBookParserTest.java\n","fileTypesAndContributionMap":{}},{"hash":"665481ab85b39ce5fc580d7bf9e37a53edc292dc","isMergeCommit":false,"messageTitle":"fix: Add support for injury in assign team","messageBody":"","fileTypesAndContributionMap":{"functional-code":{"insertions":2,"deletions":1}}},{"hash":"74629e8c7a70bf8e679cfdcfdc304f6052d61041","isMergeCommit":false,"messageTitle":"fix: Improve success and error messages in assign team command","messageBody":"","fileTypesAndContributionMap":{"functional-code":{"insertions":5,"deletions":5}}},{"hash":"acadb9d9a7532eeacfa91366179cecb037daf11b","isMergeCommit":false,"messageTitle":"style: Fix checkstyle issue","messageBody":"","fileTypesAndContributionMap":{"test-code":{"insertions":1,"deletions":1}}},{"hash":"e8e8d37788ca054a6b055ea5c373b85de6dc9a24","isMergeCommit":true,"messageTitle":"Merge pull request #93 from jovnc/feature/assign-team","messageBody":"Add command to assign team to player","fileTypesAndContributionMap":{}},{"hash":"ca1e4968289b1d1fea713616fdd1049f3497fdee","isMergeCommit":false,"messageTitle":"feat: Add delete team command","messageBody":"","fileTypesAndContributionMap":{"functional-code":{"insertions":210,"deletions":4}}},{"hash":"024c110f47f9d96b782b60b65ec3c4ff6a4d4d89","isMergeCommit":false,"messageTitle":"test: Add tests for delete team commands","messageBody":"","fileTypesAndContributionMap":{"test-code":{"insertions":452,"deletions":0}}},{"hash":"b967c0d75bb67b007a173cb3ef9e6890bac342d8","isMergeCommit":false,"messageTitle":"docs: Update UG for delete team command","messageBody":"","fileTypesAndContributionMap":{"functional-code":{"insertions":1,"deletions":0},"docs":{"insertions":16,"deletions":0}}},{"hash":"38ee728c4ba81d16e4173080a2eaf0c9c2b84dd8","isMergeCommit":false,"messageTitle":"style: Add copilot suggestions","messageBody":"","fileTypesAndContributionMap":{"functional-code":{"insertions":1,"deletions":3}}},{"hash":"e31a167fff9811cea6c8a5e798703f10b7fdb39e","isMergeCommit":false,"messageTitle":"docs: Fix typo in UG","messageBody":"","fileTypesAndContributionMap":{"docs":{"insertions":1,"deletions":1}}},{"hash":"beb1e9a4416c7b0321de8025cdf1def9c330aa96","isMergeCommit":true,"messageTitle":"Merge pull request #96 from jovnc/feature/delete-team","messageBody":"feat: Add command to delete team","fileTypesAndContributionMap":{}}]},{"date":"2025-10-14T00:00:00","commitResults":[{"hash":"b6fa886d36a964615e99fb86d279f7bc33a7f3b2","isMergeCommit":false,"messageTitle":"docs: Update User Guide with TOC and minor enhancements","messageBody":"","fileTypesAndContributionMap":{"docs":{"insertions":56,"deletions":25}}},{"hash":"8be6d572991ed844b12a62c6fed39f54b182468d","isMergeCommit":false,"messageTitle":"refactor: Change team commands to use tm/ prefix","messageBody":"","fileTypesAndContributionMap":{"functional-code":{"insertions":8,"deletions":8},"test-code":{"insertions":6,"deletions":7}}},{"hash":"b53fa1a4332cc14ad6ce8f26a02b70151c4d59fe","isMergeCommit":false,"messageTitle":"docs: Change team prefix, and minor edits","messageBody":"","fileTypesAndContributionMap":{"docs":{"insertions":10,"deletions":11}}},{"hash":"09d21e050f90a6ae325894ed4436b126b59fa534","isMergeCommit":false,"messageTitle":"docs: Add copilot suggestion","messageBody":"","fileTypesAndContributionMap":{"functional-code":{"insertions":1,"deletions":1}}}]},{"date":"2025-10-15T00:00:00","commitResults":[{"hash":"361191badf31a43a52284366bdddf777eb518aed","isMergeCommit":true,"messageTitle":"Merge pull request #118 from jovnc/docs/add-toc-and-enhancements","messageBody":"docs: Update User Guide with TOC and minor enhancements","fileTypesAndContributionMap":{}},{"hash":"4b0d9fd94942a0f8e3a89174d31482ab1107101c","isMergeCommit":true,"messageTitle":"Merge branch \u0027master\u0027 into refactor/use-tm-prefix","messageBody":"# Conflicts:\n#\tsrc/test/java/seedu/address/logic/commands/CommandTestUtil.java\n","fileTypesAndContributionMap":{}},{"hash":"3dbe3287ec710937af2432b0570f8462d46887e5","isMergeCommit":true,"messageTitle":"Merge pull request #120 from jovnc/refactor/use-tm-prefix","messageBody":"refactor: Change team commands to use tm/ prefix","fileTypesAndContributionMap":{}},{"hash":"3ca68aa8d25d9c9b93754dbe428a6b02964039a2","isMergeCommit":false,"messageTitle":"fix: Fix toString method in Team class","messageBody":"","fileTypesAndContributionMap":{"functional-code":{"insertions":1,"deletions":5},"test-code":{"insertions":1,"deletions":1}}}]},{"date":"2025-10-16T00:00:00","commitResults":[{"hash":"548737a5db6de037e76547d7a3823b6393b86375","isMergeCommit":true,"messageTitle":"Merge pull request #127 from jovnc/fix/add-player-team-name","messageBody":"fix: Fix toString method in Team class","fileTypesAndContributionMap":{}},{"hash":"b07fc90b819500510e9a0fd6e8c5b76c1adb7a83","isMergeCommit":true,"messageTitle":"Merge pull request #143 from gabrieltang515/bug-fix-for-captain","messageBody":"Bug fix for captain","fileTypesAndContributionMap":{}},{"hash":"bb871bcc6e9ca1c8fba33e640c02707d9dcd6b70","isMergeCommit":false,"messageTitle":"fix: Rename GUI title to PlayBook","messageBody":"","fileTypesAndContributionMap":{"functional-code":{"insertions":1,"deletions":1}}},{"hash":"b026b6c4b1c97cea277db0efc502c88e9df42650","isMergeCommit":true,"messageTitle":"Merge pull request #144 from jovnc/fix/rename-gui-title","messageBody":"fix: Rename GUI title to PlayBook","fileTypesAndContributionMap":{}},{"hash":"e340ed105c55eb161868d3e37b6155c22f0ead9f","isMergeCommit":false,"messageTitle":"fix: Fix bugs related to captain","messageBody":"","fileTypesAndContributionMap":{"functional-code":{"insertions":42,"deletions":9},"test-code":{"insertions":5,"deletions":2}}},{"hash":"96805ff1ce53f841f3c454f24e9f48328dace125","isMergeCommit":false,"messageTitle":"style: Remove unnecessary imports","messageBody":"","fileTypesAndContributionMap":{"functional-code":{"insertions":0,"deletions":5}}},{"hash":"604e5f44887495e49137fe88fe078cb20ee5ae61","isMergeCommit":false,"messageTitle":"test: Add tests for ModelManager for captain commands","messageBody":"","fileTypesAndContributionMap":{"test-code":{"insertions":87,"deletions":0}}},{"hash":"1482811450cad77f4b819c2ddd2bf393071b81da","isMergeCommit":true,"messageTitle":"Merge pull request #146 from jovnc/fix/captain-commands-should-update-ui","messageBody":"fix: Fix bugs related to captain","fileTypesAndContributionMap":{}},{"hash":"6d8f5898b34ce2fdaacfe4fab36bfdd1ed46c71a","isMergeCommit":false,"messageTitle":"fix: Update sample data for positions","messageBody":"","fileTypesAndContributionMap":{"functional-code":{"insertions":6,"deletions":0}}},{"hash":"19fadfe05aa5be5659f68de336552f5f0c96b8a3","isMergeCommit":true,"messageTitle":"Merge pull request #147 from jovnc/fix/update-sample-data","messageBody":"fix: Update sample data for positions","fileTypesAndContributionMap":{}},{"hash":"cdf032a602d22e3bdc4b93be6f3600e152c315cb","isMergeCommit":false,"messageTitle":"fix: Fix success message of strip captain","messageBody":"","fileTypesAndContributionMap":{"functional-code":{"insertions":1,"deletions":1},"test-code":{"insertions":1,"deletions":1}}},{"hash":"583dce0feebecc322211b02a0454b43c7510ca08","isMergeCommit":false,"messageTitle":"fix: Remove ; at front of success message","messageBody":"","fileTypesAndContributionMap":{"functional-code":{"insertions":1,"deletions":1}}},{"hash":"dd7d61f5f89196c4c5754aeef54ca665d7f19161","isMergeCommit":true,"messageTitle":"Merge pull request #149 from jovnc/fix/strip-captain-success-message","messageBody":"fix: Fix success message of strip captain","tags":["v1.3"],"fileTypesAndContributionMap":{}}]}]},"authorFileTypeContributionMap":{"gabrieltang515":{"docs":100,"functional-code":828,"test-code":994},"ChekaLowQiJun":{"docs":212,"functional-code":995,"test-code":991},"Juink4i":{"docs":166,"functional-code":360,"test-code":379},"yuanz03":{"docs":137,"functional-code":653,"test-code":1134},"jovnc":{"docs":236,"functional-code":1110,"test-code":1839}},"authorContributionVariance":{"gabrieltang515":1027253.2,"ChekaLowQiJun":41798.133,"Juink4i":16724.457,"yuanz03":51542.82,"jovnc":116414.07},"authorDisplayNameMap":{"gabrieltang515":"CS2103T-T13-3 GABR..YUAN","ChekaLowQiJun":"CS2103T-T13-3 LOW ..HEKA","Juink4i":"CS2103T-T13-3 FOO .. KAI","yuanz03":"CS2103T-T13-3 CHIN..TIAN","jovnc":"CS2103T-T13-3 JOVA..NGEN"}}
