{"authorDailyContributionsMap":{"yonglinnnnnn":[{"date":"2025-09-27T00:00:00","commitResults":[{"hash":"1434062b0b2e8c9bcca6074d2141cbc90b26a1e7","isMergeCommit":false,"messageTitle":"Rename yonglinnnnnn to yonglinnnnnn.md","messageBody":"","fileTypesAndContributionMap":{"docs":{"insertions":1,"deletions":0}}},{"hash":"91621ddb072df225c8c207d58ccd0ee70f3bce1b","isMergeCommit":false,"messageTitle":"Update AboutUs.md","messageBody":"","fileTypesAndContributionMap":{"docs":{"insertions":6,"deletions":6}}},{"hash":"0ea602df84f5f926cd018017cec26d93cd633083","isMergeCommit":false,"messageTitle":"Update yonglinnnnnn.md","messageBody":"","fileTypesAndContributionMap":{"docs":{"insertions":10,"deletions":1}}},{"hash":"4628846298e3143a31ebc49b646b5abbf5a8eb60","isMergeCommit":true,"messageTitle":"Merge branch \u0027master\u0027 into branch-UpdateAboutUs","messageBody":"","fileTypesAndContributionMap":{}},{"hash":"2f2498c97e84a0e1a0e5d3d51528408dc22c831f","isMergeCommit":true,"messageTitle":"Merge pull request #22 from Z-Puyu/branch-UpdateAboutUs","messageBody":"Update AboutUs page to add Puyu\u0027s profile","fileTypesAndContributionMap":{}},{"hash":"8a15656391c1c7ab8d5202e2e677d998d565c4b3","isMergeCommit":false,"messageTitle":"Update DeveloperGuide","messageBody":"","fileTypesAndContributionMap":{"docs":{"insertions":17,"deletions":12},"test-code":{"insertions":211,"deletions":0}}},{"hash":"8938d96a37a99f6d0997eba62c7dcd765c46ef8a","isMergeCommit":false,"messageTitle":"Remove Remark Test files","messageBody":"","fileTypesAndContributionMap":{"test-code":{"insertions":0,"deletions":211}}},{"hash":"9a48f7fc715d45639b64c5c7943fd131b9be6ec2","isMergeCommit":false,"messageTitle":"Update DeveloperGuide.md","messageBody":"","fileTypesAndContributionMap":{"docs":{"insertions":13,"deletions":15},"test-code":{"insertions":211,"deletions":0}}},{"hash":"10b89e121e9f37766cd41a4b10b3c4bf6e2064d8","isMergeCommit":false,"messageTitle":"Remove Remark Test files","messageBody":"","fileTypesAndContributionMap":{"test-code":{"insertions":0,"deletions":211}}},{"hash":"e1ff244d8a6e66da4bbb7d4c52e78bf7bf239ee9","isMergeCommit":true,"messageTitle":"Merge pull request #31 from Z-Puyu/branch-UseCases","messageBody":"Add use cases to DG","fileTypesAndContributionMap":{}}]},{"date":"2025-10-04T00:00:00","commitResults":[{"hash":"12e906760fc4123e616d3723a921042fe4df78c6","isMergeCommit":false,"messageTitle":"Update CliSyntax to match parser type","messageBody":"","fileTypesAndContributionMap":{"functional-code":{"insertions":7,"deletions":6}}},{"hash":"319baca7e7fcb31b739ad3cdefc24e3ad1ec98d8","isMergeCommit":false,"messageTitle":"Fix getErrorMessageForDuplicatePrefixes","messageBody":"","fileTypesAndContributionMap":{"functional-code":{"insertions":1,"deletions":1},"test-code":{"insertions":12,"deletions":12}}}]},{"date":"2025-10-08T00:00:00","commitResults":[{"hash":"ffeec5f60d9218becb92b9df8e08cd6152ba8b2f","isMergeCommit":true,"messageTitle":"Merge pull request #41 from Z-Puyu/branch-UpdatePersonModel","messageBody":"Update model for person","fileTypesAndContributionMap":{}}]},{"date":"2025-10-16T00:00:00","commitResults":[{"hash":"b0c3f2dc8526b4484735deb550d5c989ef9def9c","isMergeCommit":false,"messageTitle":"Extract tag and untag from add command","messageBody":"","fileTypesAndContributionMap":{"functional-code":{"insertions":344,"deletions":0}}},{"hash":"27cf7fe59123af3097364748a9e4398f97149ec0","isMergeCommit":false,"messageTitle":"Add test cases for TagCommand and UntagCommand","messageBody":"","fileTypesAndContributionMap":{"test-code":{"insertions":648,"deletions":0}}},{"hash":"a8277282aa58de924384bfebee5801eebfe40f0d","isMergeCommit":false,"messageTitle":"Add test case to increase code coverage","messageBody":"","fileTypesAndContributionMap":{"test-code":{"insertions":26,"deletions":0}}},{"hash":"2a314a82911a9b7fb862f71725aea7a6552d1d42","isMergeCommit":false,"messageTitle":"Use Person::Builder to facilitate overwriting a single field","messageBody":"","fileTypesAndContributionMap":{"functional-code":{"insertions":6,"deletions":20}}},{"hash":"6fc5bed45f983bf5d7b2c3a7d85ec90ff6811e37","isMergeCommit":true,"messageTitle":"Merge pull request #59 from DannyOnCode/br-update-list","messageBody":"Br update list","fileTypesAndContributionMap":{}},{"hash":"44ac7d1b6050c2adb6b01f9c59b6498fd29d40f6","isMergeCommit":true,"messageTitle":"Merge pull request #67 from Z-Puyu/branch-AddSalary","messageBody":"Add new set-salary command to the AddressBookParser class","fileTypesAndContributionMap":{}}]},{"date":"2025-10-18T00:00:00","commitResults":[{"hash":"d6d742ad3614862b97180fd44683ddd8c96a6b85","isMergeCommit":false,"messageTitle":"Fix employee id to be based off latest index","messageBody":"","fileTypesAndContributionMap":{"functional-code":{"insertions":27,"deletions":3}}},{"hash":"60b7f921fd3bbfe33f03a802f40eaa714c358922","isMergeCommit":false,"messageTitle":"Edit test files","messageBody":"","fileTypesAndContributionMap":{"functional-code":{"insertions":8,"deletions":1},"test-code":{"insertions":50,"deletions":15}}},{"hash":"6892c58dc746cef4cffc1e9b18a2fca004afc862","isMergeCommit":false,"messageTitle":"Add more test cases to increase codecov","messageBody":"","fileTypesAndContributionMap":{"test-code":{"insertions":68,"deletions":0}}},{"hash":"6e60975dee6068c784271886654871d8d40fea67","isMergeCommit":false,"messageTitle":"Update tag and untag commands to accept employee id","messageBody":"","fileTypesAndContributionMap":{"functional-code":{"insertions":63,"deletions":57}}},{"hash":"51f1ed5a5a5103189cb2f880054e12acabc21bb6","isMergeCommit":false,"messageTitle":"Update tag, untag, and addressbookparser test cases","messageBody":"","fileTypesAndContributionMap":{"functional-code":{"insertions":0,"deletions":1},"test-code":{"insertions":89,"deletions":192}}},{"hash":"7615d5c69f4052b6eb5e34f63902072e59bcafa7","isMergeCommit":false,"messageTitle":"Fix checkstyle","messageBody":"","fileTypesAndContributionMap":{"test-code":{"insertions":4,"deletions":2}}}]},{"date":"2025-10-19T00:00:00","commitResults":[{"hash":"0eb21fb1dfa14690d2c0bbca7906bf3ba2404915","isMergeCommit":false,"messageTitle":"Implement Audit Log","messageBody":"","fileTypesAndContributionMap":{"functional-code":{"insertions":121,"deletions":0}}},{"hash":"58d25215b8f07d4989ca7e7dcdcb2660cf95b8ba","isMergeCommit":false,"messageTitle":"Save audit logs to addressbook.json","messageBody":"","fileTypesAndContributionMap":{"functional-code":{"insertions":105,"deletions":15}}},{"hash":"24758dff8286fe55e60dcc84f619e60f4dd71fb1","isMergeCommit":false,"messageTitle":"Remove ambiguous code and clean up code","messageBody":"","fileTypesAndContributionMap":{"functional-code":{"insertions":21,"deletions":15}}},{"hash":"2b3cb8f9aecfe89a7fe2be7732df691bc1d84f4e","isMergeCommit":false,"messageTitle":"Add equals and toString override methods to AuditCommand","messageBody":"","fileTypesAndContributionMap":{"functional-code":{"insertions":17,"deletions":0}}},{"hash":"7762c562039ed5d3d9dfc1469b68d9c62874bee6","isMergeCommit":false,"messageTitle":"Add test cases","messageBody":"","fileTypesAndContributionMap":{"test-code":{"insertions":287,"deletions":8}}},{"hash":"f7d984044b7f6ea5dc88015e30bdbf13ee2225d1","isMergeCommit":false,"messageTitle":"Fix checkstyle","messageBody":"","fileTypesAndContributionMap":{"functional-code":{"insertions":38,"deletions":11},"test-code":{"insertions":64,"deletions":2}}},{"hash":"a8442f945c374ea588f69bd571b86eb5653b1d33","isMergeCommit":false,"messageTitle":"Fix checkstyle for test files","messageBody":"","fileTypesAndContributionMap":{"test-code":{"insertions":11,"deletions":18}}},{"hash":"7050e45d0b26fc4b6b8d4becb098309d51234ab6","isMergeCommit":false,"messageTitle":"Add test cases to increase codecov","messageBody":"","fileTypesAndContributionMap":{"test-code":{"insertions":102,"deletions":0}}},{"hash":"2fd0470482102bb9bee5bb04f2efb2bd7b2a63ae","isMergeCommit":false,"messageTitle":"Fix checkstyle","messageBody":"","fileTypesAndContributionMap":{"test-code":{"insertions":1,"deletions":1}}},{"hash":"0213d9473b68daba9abe7e873a001686747959cf","isMergeCommit":false,"messageTitle":"Add test case to increase codecov","messageBody":"","fileTypesAndContributionMap":{"test-code":{"insertions":8,"deletions":0}}},{"hash":"673694406cc42672afa8133ae3fb92da83f65ce9","isMergeCommit":false,"messageTitle":"Change edit command to take in employee id","messageBody":"","fileTypesAndContributionMap":{"functional-code":{"insertions":35,"deletions":39}}},{"hash":"b6ff6b9e681ddbe5eb862ad2701b1acb4bf36852","isMergeCommit":false,"messageTitle":"Edit test cases","messageBody":"","fileTypesAndContributionMap":{"functional-code":{"insertions":4,"deletions":0},"test-code":{"insertions":102,"deletions":104}}}]},{"date":"2025-10-20T00:00:00","commitResults":[{"hash":"64ea041fb4da3ede31046100a429fd3501ebfb9d","isMergeCommit":false,"messageTitle":"Change edit command to take in employee id","messageBody":"","fileTypesAndContributionMap":{"functional-code":{"insertions":31,"deletions":20}}},{"hash":"c3eb82b06e5a498e3eb05d42a534849418dba39f","isMergeCommit":false,"messageTitle":"Edit test cases","messageBody":"","fileTypesAndContributionMap":{"test-code":{"insertions":44,"deletions":39}}},{"hash":"1cd82772b8ca81f9431a1d55e1c8d6695683442d","isMergeCommit":false,"messageTitle":"Fix issues raised by checkstyle","messageBody":"","fileTypesAndContributionMap":{"functional-code":{"insertions":1,"deletions":2},"test-code":{"insertions":10,"deletions":6}}},{"hash":"1d2b43731e3f7cc9c9329ad5b9a7b10fd0546f54","isMergeCommit":false,"messageTitle":"Remove Logging from Command files","messageBody":"","fileTypesAndContributionMap":{"functional-code":{"insertions":0,"deletions":10}}}]},{"date":"2025-10-21T00:00:00","commitResults":[{"hash":"863196e55650b3b61bfaac2ba4d9583b0f7664c6","isMergeCommit":false,"messageTitle":"Update test cases","messageBody":"","fileTypesAndContributionMap":{"test-code":{"insertions":1,"deletions":93}}},{"hash":"eaa3f3595fe8e281a639bbc0866ecd4efa09c761","isMergeCommit":false,"messageTitle":"Update LogicManager to reflect the save logging using existing system logging.","messageBody":"","fileTypesAndContributionMap":{"functional-code":{"insertions":32,"deletions":0}}},{"hash":"dc1c4b67b69a7e630f7274760ee7d04b51971de2","isMergeCommit":false,"messageTitle":"Update LogicManagerTest","messageBody":"","fileTypesAndContributionMap":{"test-code":{"insertions":60,"deletions":0}}},{"hash":"cd3213deb0a9b9f4b1b00ba2d02194a40ac0c41a","isMergeCommit":false,"messageTitle":"Remove extra whitespace","messageBody":"","fileTypesAndContributionMap":{"functional-code":{"insertions":1,"deletions":1}}},{"hash":"81a9909df753027c22e0726231f77cd324448525","isMergeCommit":false,"messageTitle":"Change logic to only log commands that change state","messageBody":"","fileTypesAndContributionMap":{"functional-code":{"insertions":24,"deletions":4},"test-code":{"insertions":66,"deletions":17}}},{"hash":"e944ea21c25552bc202a9d47ce7d92270ca8a01f","isMergeCommit":false,"messageTitle":"Alter and add test case to increase codecov","messageBody":"","fileTypesAndContributionMap":{"functional-code":{"insertions":2,"deletions":7},"test-code":{"insertions":12,"deletions":0}}}]},{"date":"2025-10-22T00:00:00","commitResults":[{"hash":"233f46f10895c5c43d1b507d6be392fac0961110","isMergeCommit":true,"messageTitle":"Merge br-create-team into auditlog","messageBody":"","fileTypesAndContributionMap":{}},{"hash":"6ddcad8b65bd09aba565334648dd559520c53e64","isMergeCommit":false,"messageTitle":"Fix checkstyle","messageBody":"","fileTypesAndContributionMap":{"functional-code":{"insertions":1,"deletions":2}}},{"hash":"a1af113dd024f99ccd25718b0f06399fc173af68","isMergeCommit":false,"messageTitle":"Fix checkstyle","messageBody":"","fileTypesAndContributionMap":{"test-code":{"insertions":1,"deletions":1}}},{"hash":"c182a965ca60d571c4c5e55ffa985f832e379515","isMergeCommit":false,"messageTitle":"Declare 0 as index","messageBody":"","fileTypesAndContributionMap":{"functional-code":{"insertions":5,"deletions":2},"test-code":{"insertions":6,"deletions":5}}},{"hash":"b5bd1ceb5c41f94d142581134dab27f54f4c8b90","isMergeCommit":false,"messageTitle":"Declare 0 as index","messageBody":"","fileTypesAndContributionMap":{"test-code":{"insertions":3,"deletions":3}}},{"hash":"f17ca9938af915f21340762d11e4e18dd0cb6fcc","isMergeCommit":false,"messageTitle":"Declare 0 and 1 as index for test file","messageBody":"","fileTypesAndContributionMap":{"test-code":{"insertions":9,"deletions":8}}},{"hash":"79897ba91d4c423a25fe407f14311e3fbd3bb6fe","isMergeCommit":false,"messageTitle":"Add assertions","messageBody":"","fileTypesAndContributionMap":{"other":{"insertions":4,"deletions":0}}}]},{"date":"2025-10-23T00:00:00","commitResults":[{"hash":"7e3c1d7bf9c9b42d155921d269bbea183e0b34cb","isMergeCommit":false,"messageTitle":"Update DeleteSequenceDiagram.puml","messageBody":"","fileTypesAndContributionMap":{"docs":{"insertions":11,"deletions":4}}},{"hash":"47e631e8c4a39db844f1db4f80450abf48b62198","isMergeCommit":true,"messageTitle":"Merge pull request #77 from yonglinnnnnn/br-fix-employeeid","messageBody":"Fix Employee-Id is not based off the latest id in address book","fileTypesAndContributionMap":{}},{"hash":"8d073410c6d7b438e87673a03d99cf4afc0d3829","isMergeCommit":false,"messageTitle":"Refractor changes to review comments","messageBody":"","fileTypesAndContributionMap":{"functional-code":{"insertions":22,"deletions":9}}},{"hash":"19afb8f5ff51b97db5f6ef9acc32ba8840354a8d","isMergeCommit":true,"messageTitle":"Merge main branch to br-auditlog","messageBody":"","fileTypesAndContributionMap":{}},{"hash":"c5c842efbafc8249e0d4ed37801beab5793906f5","isMergeCommit":true,"messageTitle":"Merge pull request #104 from calebanana/br-AddIcons","messageBody":"Add icons for fields in PersonCard","fileTypesAndContributionMap":{}},{"hash":"8c4af5c9748c8e45d9d9858b1bbc5adcc59398d2","isMergeCommit":true,"messageTitle":"Merge pull request #99 from kahkoii/feat-hierarchy-ui","messageBody":"Create organization hierarchy UI","fileTypesAndContributionMap":{}},{"hash":"d930132c6fa1f2a1238fb60bc5c575c9c6230dc0","isMergeCommit":true,"messageTitle":"Merge main branch to br-auditlog","messageBody":"","fileTypesAndContributionMap":{}},{"hash":"121c3b69566adcda25267bf73859ac182849c882","isMergeCommit":true,"messageTitle":"Merge main branch to br-auditlog","messageBody":"","fileTypesAndContributionMap":{}},{"hash":"b0607d601281662ec22459f0b943f75a544302cb","isMergeCommit":true,"messageTitle":"Merge main branch to br-auditlog","messageBody":"","fileTypesAndContributionMap":{}},{"hash":"149ad3858b6a069761f6322ab63ce758428269a5","isMergeCommit":false,"messageTitle":"Merge main branch to br-auditlog","messageBody":"","fileTypesAndContributionMap":{"functional-code":{"insertions":174,"deletions":5},"test-code":{"insertions":286,"deletions":0}}},{"hash":"45ed7f6c98f0d0b4509922951439c4a596b9b319","isMergeCommit":true,"messageTitle":"Merge main branch to br-auditlog","messageBody":"","fileTypesAndContributionMap":{}}]},{"date":"2025-10-24T00:00:00","commitResults":[{"hash":"7f786b04cc2cfdeb61097c6508cb47784d49c3bb","isMergeCommit":true,"messageTitle":"Merge pull request #110 from calebanana/br-UpdateUML","messageBody":"Add multiplicities of fields in Person class to the class diagram","fileTypesAndContributionMap":{}}]},{"date":"2025-10-29T00:00:00","commitResults":[{"hash":"35f77bd80d620e0744103dc47477746a33aeeef5","isMergeCommit":false,"messageTitle":"Allow tag with multiple words separated by -","messageBody":"","fileTypesAndContributionMap":{"functional-code":{"insertions":10,"deletions":3},"test-code":{"insertions":97,"deletions":8}}},{"hash":"ec2837952550956165b22fef2662a0ceafec5860","isMergeCommit":false,"messageTitle":"Edit test cases","messageBody":"","fileTypesAndContributionMap":{"test-code":{"insertions":2,"deletions":3}}},{"hash":"08b4dc7c6554f47e1e28076999c13832714aff09","isMergeCommit":false,"messageTitle":"Fix similar tags","messageBody":"","fileTypesAndContributionMap":{"functional-code":{"insertions":53,"deletions":9},"test-code":{"insertions":78,"deletions":6}}},{"hash":"2c2d24d92bacd6b0113ea7eb0d3adcdfcf8764b0","isMergeCommit":false,"messageTitle":"Edit duplicate tag message","messageBody":"","fileTypesAndContributionMap":{"functional-code":{"insertions":1,"deletions":1}}},{"hash":"864849a0c2d9ed2294912f0cbba9b84fa0363be2","isMergeCommit":true,"messageTitle":"Merge remote-tracking branch \u0027origin/master\u0027 into br-fix-tag-multiplewords","messageBody":"","fileTypesAndContributionMap":{}},{"hash":"a5e821dd528632ead2d463d4daef213cb2819936","isMergeCommit":true,"messageTitle":"Merge remote-tracking branch \u0027origin/master\u0027 into br-fix-similar-tags","messageBody":"","fileTypesAndContributionMap":{}},{"hash":"5416079fe70c60d8f5e0b032b4caecc9f6957c29","isMergeCommit":false,"messageTitle":"Edit success message to show necessary info","messageBody":"","fileTypesAndContributionMap":{"functional-code":{"insertions":3,"deletions":2}}},{"hash":"648c8236fa49113c3a9f65580f839e8aa9467eca","isMergeCommit":false,"messageTitle":"Fix test cases","messageBody":"","fileTypesAndContributionMap":{"functional-code":{"insertions":1,"deletions":1},"test-code":{"insertions":11,"deletions":15}}},{"hash":"c2762656fe201495e5f6b3a0412708714d426884","isMergeCommit":false,"messageTitle":"Change format of success message","messageBody":"","fileTypesAndContributionMap":{"functional-code":{"insertions":2,"deletions":2}}},{"hash":"7ae05796570ebe830b0b25a11bce7ba7c415eab3","isMergeCommit":false,"messageTitle":"Fix team id increment and skip by 1","messageBody":"","fileTypesAndContributionMap":{"functional-code":{"insertions":29,"deletions":4},"test-code":{"insertions":57,"deletions":0}}},{"hash":"77f84432e4214a5ea0bb28d35d8491784c32d08f","isMergeCommit":false,"messageTitle":"Enable case insensitive and handle removing valid and invalid tags","messageBody":"","fileTypesAndContributionMap":{"functional-code":{"insertions":33,"deletions":16},"test-code":{"insertions":80,"deletions":6}}},{"hash":"938108bf9a51acb125e7af475ad43a7b8f650846","isMergeCommit":false,"messageTitle":"Edit success message","messageBody":"","fileTypesAndContributionMap":{"functional-code":{"insertions":8,"deletions":5}}},{"hash":"2edb80c72a53fe1c341a08dd45e48e4015d7fb3d","isMergeCommit":false,"messageTitle":"Edit success message to ensure consistency with tag","messageBody":"","fileTypesAndContributionMap":{"functional-code":{"insertions":2,"deletions":2}}}]},{"date":"2025-10-30T00:00:00","commitResults":[{"hash":"8b2196a147b150ea618f5259ec506141d436c2a2","isMergeCommit":false,"messageTitle":"Fix removing tag command","messageBody":"","fileTypesAndContributionMap":{"functional-code":{"insertions":5,"deletions":1}}},{"hash":"c333629ff708c4719761698fa8de7cf0ef2481d6","isMergeCommit":false,"messageTitle":"Update test cases","messageBody":"","fileTypesAndContributionMap":{"test-code":{"insertions":9,"deletions":6}}},{"hash":"68dbd4d82580b62792c0711eab297df63645c6a9","isMergeCommit":true,"messageTitle":"Merge pull request #153 from calebanana/br-PersistentStorage","messageBody":"Implement persistent storage for salary and team ID","fileTypesAndContributionMap":{}},{"hash":"0609fa9e94d085283a838fd03d761579e4a0db3c","isMergeCommit":true,"messageTitle":"Merge remote-tracking branch \u0027origin/master\u0027 into br-fix-untag","messageBody":"","fileTypesAndContributionMap":{}},{"hash":"d5e1e4815a03fa053b753d7a1d8a77a91c044b72","isMergeCommit":true,"messageTitle":"Merge main into branch","messageBody":"","fileTypesAndContributionMap":{}},{"hash":"4809e732be7225aab996f391757cc06e7aa450b5","isMergeCommit":false,"messageTitle":"Fix person builder","messageBody":"","fileTypesAndContributionMap":{"test-code":{"insertions":1,"deletions":1}}},{"hash":"b1a840434e651d42f7b0accf60472d6d00f42801","isMergeCommit":false,"messageTitle":"Display Audit Log from latest to earliest","messageBody":"","fileTypesAndContributionMap":{"functional-code":{"insertions":1,"deletions":3}}},{"hash":"d71668601a2c800c4535d82d910628852580261b","isMergeCommit":false,"messageTitle":"Fix clear command logic for auditlog","messageBody":"","fileTypesAndContributionMap":{"functional-code":{"insertions":12,"deletions":4}}},{"hash":"0f40a2ee3792096964aa385498a76f6aa14e34aa","isMergeCommit":false,"messageTitle":"Update delete command for UG","messageBody":"","fileTypesAndContributionMap":{"docs":{"insertions":1,"deletions":1}}},{"hash":"dffe80e0e00cd92868cd0774b900a452a8c3c59f","isMergeCommit":false,"messageTitle":"Edit UG for Tag","messageBody":"","fileTypesAndContributionMap":{"docs":{"insertions":34,"deletions":2}}},{"hash":"997769500e7c4feda663f0b5295ee7791c994112","isMergeCommit":false,"messageTitle":"Edit UG for Untag","messageBody":"","fileTypesAndContributionMap":{"docs":{"insertions":26,"deletions":2}}},{"hash":"e0ab090f0a25000d65e90510ac6219bca0583616","isMergeCommit":false,"messageTitle":"Edit UG for audit","messageBody":"","fileTypesAndContributionMap":{"docs":{"insertions":22,"deletions":0}}},{"hash":"1dfffa3cd4eb8ca190efba29c08ef6a85608727e","isMergeCommit":true,"messageTitle":"Merge pull request #156 from AY2526S1-CS2103-F12-1/fix-ui-border-resize","messageBody":"Increase default window size and fix scaling issue","fileTypesAndContributionMap":{}},{"hash":"167eb5e566d9bab84d51d778d25158ec20991823","isMergeCommit":true,"messageTitle":"Merge pull request #168 from AY2526S1-CS2103-F12-1/br-update-fieldIcons","messageBody":"Change field icons for person card","fileTypesAndContributionMap":{}},{"hash":"f2ed57ce31b19354ee6ba83cea4b95138e8475e5","isMergeCommit":true,"messageTitle":"Merge pull request #164 from AY2526S1-CS2103-F12-1/br-fix-setCharacterLimits","messageBody":"Set character limits for name and phone number fields","fileTypesAndContributionMap":{}},{"hash":"8770d9ef8e3e4d5c71c6d33f110ffa9932db6a58","isMergeCommit":true,"messageTitle":"Merge pull request #177 from AY2526S1-CS2103-F12-1/br-update-UG","messageBody":"Update sections for add and edit commands in user guide","fileTypesAndContributionMap":{}},{"hash":"793553acf50b129264bfac61bc9baa92ca6e4bc1","isMergeCommit":true,"messageTitle":"Merge pull request #166 from Z-Puyu/branch-FixSalaryBug","messageBody":"Fix salary-related bugs","fileTypesAndContributionMap":{}},{"hash":"5d19549dacd69567164d644a10234910a04ee17a","isMergeCommit":true,"messageTitle":"Merge master branch into current branch","messageBody":"","fileTypesAndContributionMap":{}}]}],"calebanana":[{"date":"2025-09-27T00:00:00","commitResults":[{"hash":"446e1d9f4323fb8b476edb9f22e3bd38328144a4","isMergeCommit":false,"messageTitle":"Add Caleb\u0027s profile to About Us page","messageBody":"","fileTypesAndContributionMap":{"docs":{"insertions":6,"deletions":6}}},{"hash":"16130a524d2c02b1d917aaa2c588f05b6a68c34e","isMergeCommit":false,"messageTitle":"Update individual contributions page","messageBody":"","fileTypesAndContributionMap":{"docs":{"insertions":1,"deletions":1}}},{"hash":"5405ae91a621002ff320d07b91940b959fd2fe44","isMergeCommit":false,"messageTitle":"Clear contents of individual contributions page","messageBody":"","fileTypesAndContributionMap":{"docs":{"insertions":0,"deletions":36}}},{"hash":"972653ecb3ae824c92d473174ced06ecf5e3dc2d","isMergeCommit":true,"messageTitle":"Merge branch \u0027AY2526S1-CS2103-F12-1:master\u0027 into br-add-profile","messageBody":"","fileTypesAndContributionMap":{}},{"hash":"e1441ce14fbe1db7b45eaca6931caab3bf3088a7","isMergeCommit":true,"messageTitle":"Merge pull request #21 from DannyOnCode/br-update-aboutus","messageBody":"Update AboutUs page to add Danny\u0027s profile","fileTypesAndContributionMap":{}},{"hash":"abe2b27a8fecf0b3b5d72e3589a16931a3e1aab9","isMergeCommit":true,"messageTitle":"Merge pull request #26 from DannyOnCode/br-fix-yaml-problem","messageBody":"Fix all md to resolve yaml error","fileTypesAndContributionMap":{}},{"hash":"d1099504454d0d9a7054d057ac39ca8224858ca0","isMergeCommit":false,"messageTitle":"Add NFRs to DG","messageBody":"","fileTypesAndContributionMap":{"docs":{"insertions":8,"deletions":3}}},{"hash":"3fbc52b8e7e954822518be11740a2134b36ac75f","isMergeCommit":false,"messageTitle":"Improve NFRs in DG","messageBody":"","fileTypesAndContributionMap":{"docs":{"insertions":6,"deletions":6}}},{"hash":"46ff761a1df2a0ffa5bea39ab54f7b3fa0ff5143","isMergeCommit":true,"messageTitle":"Merge pull request #33 from yonglinnnnnn/branch-update-dg","messageBody":"Add Target User profile, Value proposition, User stories to DG","fileTypesAndContributionMap":{}}]},{"date":"2025-10-07T00:00:00","commitResults":[{"hash":"ac395990753071534ce2d6512ecc6e7098f9988d","isMergeCommit":true,"messageTitle":"Merge pull request #39 from yonglinnnnnn/br-update-parser","messageBody":"Update Parser","fileTypesAndContributionMap":{}}]},{"date":"2025-10-09T00:00:00","commitResults":[{"hash":"91f681534c35fd18ac23e02f87dbbd24d22f1f61","isMergeCommit":true,"messageTitle":"Merge pull request #43 from DannyOnCode/br-view-feature","messageBody":"Refactor find command to view for upcoming changes","fileTypesAndContributionMap":{}},{"hash":"ccf067784c6ec96f0dda02b4103fdbaa8e813e8a","isMergeCommit":false,"messageTitle":"Add field for GitHub Username into add command","messageBody":"","fileTypesAndContributionMap":{"functional-code":{"insertions":84,"deletions":15},"test-code":{"insertions":32,"deletions":1}}},{"hash":"eee2174493f570e19dcb57cedee165c77d1dba31","isMergeCommit":false,"messageTitle":"Modify tests for add command","messageBody":"","fileTypesAndContributionMap":{"functional-code":{"insertions":11,"deletions":6},"test-code":{"insertions":69,"deletions":31}}},{"hash":"a241ac1e4eb08be69586673cd72ee88df26e903b","isMergeCommit":false,"messageTitle":"Fix checkstyle issues","messageBody":"","fileTypesAndContributionMap":{"functional-code":{"insertions":3,"deletions":3}}},{"hash":"08cf49992b1cf33692d713c7f169723330d3c5ec","isMergeCommit":false,"messageTitle":"Refactor code to pass test cases","messageBody":"","fileTypesAndContributionMap":{"functional-code":{"insertions":9,"deletions":2},"test-code":{"insertions":20,"deletions":6}}}]},{"date":"2025-10-15T00:00:00","commitResults":[{"hash":"6488b6093d3f7a2c8a80d35c89498993c82992b0","isMergeCommit":false,"messageTitle":"Add \u0027@\u0027 prefix to GitHub username","messageBody":"","fileTypesAndContributionMap":{"functional-code":{"insertions":6,"deletions":9},"test-code":{"insertions":54,"deletions":23}}}]},{"date":"2025-10-16T00:00:00","commitResults":[{"hash":"b7e04c0d95930be7d919126f6424192abde9031c","isMergeCommit":false,"messageTitle":"Remove add and edit tag feature from \"add\" and \"edit\" commands","messageBody":"","fileTypesAndContributionMap":{"functional-code":{"insertions":23,"deletions":16},"test-code":{"insertions":32,"deletions":59}}}]},{"date":"2025-10-17T00:00:00","commitResults":[{"hash":"5a6b3c6fdcd104014c0a779fb7614cc8cb587bb1","isMergeCommit":false,"messageTitle":"Refactor code to pass JUnit tests","messageBody":"","fileTypesAndContributionMap":{"functional-code":{"insertions":4,"deletions":26},"test-code":{"insertions":56,"deletions":24}}}]},{"date":"2025-10-22T00:00:00","commitResults":[{"hash":"5305d803c1da5c5697d27881a88b440d4939d68d","isMergeCommit":false,"messageTitle":"Add JUnit test to increase code coverage","messageBody":"","fileTypesAndContributionMap":{"test-code":{"insertions":22,"deletions":0}}},{"hash":"02f5269bb7e625272a8b79b63a4438de87c0047b","isMergeCommit":true,"messageTitle":"Merge branch \u0027master\u0027 into br-RemoveTagFeature","messageBody":"","fileTypesAndContributionMap":{}},{"hash":"75784b7d612b42cb324f9cb20b45d038afc9028c","isMergeCommit":false,"messageTitle":"Convert GitHub username to optional field in \"add\" command","messageBody":"","fileTypesAndContributionMap":{"functional-code":{"insertions":14,"deletions":5}}},{"hash":"8855f76c9b76add3f5c80490ceea2da83399a65d","isMergeCommit":false,"messageTitle":"Update GitHubUsernameTest to allow empty and space-only usernames as valid","messageBody":"","fileTypesAndContributionMap":{"test-code":{"insertions":2,"deletions":2}}},{"hash":"b74285ebfd5d2569ccfef1b9e00a849acf9edb7c","isMergeCommit":false,"messageTitle":"Update JUnit tests for GitHub username","messageBody":"","fileTypesAndContributionMap":{"test-code":{"insertions":1,"deletions":1}}},{"hash":"6ae08f8320d1e05290a28947b9a08fde75f166b4","isMergeCommit":false,"messageTitle":"Add JUnit tests for AddCommandParser","messageBody":"","fileTypesAndContributionMap":{"test-code":{"insertions":16,"deletions":0}}},{"hash":"c48661653833362eb320397c5d8f994f6c3dc7bc","isMergeCommit":false,"messageTitle":"Add JUnit test to check for empty GitHub username","messageBody":"","fileTypesAndContributionMap":{"test-code":{"insertions":8,"deletions":0}}}]},{"date":"2025-10-23T00:00:00","commitResults":[{"hash":"595f4a341a0a9cd3e97266dc55c88c71e76823b4","isMergeCommit":true,"messageTitle":"Merge pull request #79 from yonglinnnnnn/br-fix-tag-employeeid","messageBody":"Change Index to Employee Id identification for \"tag\" and \"untag\" command","fileTypesAndContributionMap":{}},{"hash":"9592c93c654799ea3dcfd5bc96a8bc2b635f6b3e","isMergeCommit":true,"messageTitle":"Merge pull request #83 from yonglinnnnnn/br-fix-edit-employeeid","messageBody":"Change Index to Employee Id identification for \"edit\" command","fileTypesAndContributionMap":{}},{"hash":"412783550355d68652c2e33d38d41d0c1266db54","isMergeCommit":false,"messageTitle":"Add icons for phone, address, email, GitHub username and salary in PersonCard","messageBody":"","fileTypesAndContributionMap":{"functional-code":{"insertions":69,"deletions":5}}},{"hash":"eeea35761ae7ff6843730b3d8d8f67a329784715","isMergeCommit":false,"messageTitle":"Remove commented block of code to pass CheckStyle test","messageBody":"","fileTypesAndContributionMap":{"functional-code":{"insertions":0,"deletions":6}}},{"hash":"4e341abb4b7901e39c19c8055c3a7b284184d9ca","isMergeCommit":true,"messageTitle":"Merge branch \u0027master\u0027 into branch-Salary-Wrapper","messageBody":"","fileTypesAndContributionMap":{}},{"hash":"18b222d5785132bf043790002bc219f83f965883","isMergeCommit":false,"messageTitle":"Remove duplicate assignment of constant","messageBody":"","fileTypesAndContributionMap":{"functional-code":{"insertions":0,"deletions":1}}},{"hash":"b14e1c925a445ee80d50021e0c98a61a78f39b7a","isMergeCommit":true,"messageTitle":"Merge pull request #97 from Z-Puyu/branch-Salary-Wrapper","messageBody":"Create wrapper class for salary","fileTypesAndContributionMap":{}},{"hash":"cb47e7c516e98504cf65e29284404f73c36c58d5","isMergeCommit":true,"messageTitle":"Merge remote-tracking branch \u0027origin\u0027 into br-RemoveTagFeature","messageBody":"# Conflicts:\n#\tsrc/main/java/seedu/address/logic/commands/EditCommand.java\n#\tsrc/main/java/seedu/address/logic/parser/EditCommandParser.java\n#\tsrc/test/java/seedu/address/logic/commands/EditCommandTest.java\n#\tsrc/test/java/seedu/address/logic/parser/AddCommandParserTest.java\n#\tsrc/test/java/seedu/address/logic/parser/AddressBookParserTest.java\n#\tsrc/test/java/seedu/address/logic/parser/EditCommandParserTest.java\n","fileTypesAndContributionMap":{}},{"hash":"47b4ee798bf8193cbb07b1f19447a60b461101f6","isMergeCommit":false,"messageTitle":"Merge remaining changes from previous commits","messageBody":"","fileTypesAndContributionMap":{"functional-code":{"insertions":201,"deletions":82},"docs":{"insertions":12,"deletions":7},"test-code":{"insertions":215,"deletions":195}}},{"hash":"59e324e049543b7129ab26c0f58e4e9e1486891c","isMergeCommit":true,"messageTitle":"Merge pull request #89 from yonglinnnnnn/br-fix-delete-employeeid","messageBody":"Change Index to Employee Id identification for \"delete\" command","fileTypesAndContributionMap":{}},{"hash":"82fae4df3808497c91c90af09635a1af5bb19ac7","isMergeCommit":true,"messageTitle":"Merge remote-tracking branch \u0027origin\u0027 into br-OptionalGitHubUsername","messageBody":"# Conflicts:\n#\tsrc/test/java/seedu/address/logic/parser/AddCommandParserTest.java\n","fileTypesAndContributionMap":{}},{"hash":"19d0beace47e82cd5ffb71651dfb55025b8eebec","isMergeCommit":true,"messageTitle":"Merge branch \u0027master\u0027 into br-OptionalGitHubUsername","messageBody":"","fileTypesAndContributionMap":{}},{"hash":"9fa16547aa1af0f24a2b7b9ad06571b803a5a507","isMergeCommit":false,"messageTitle":"Fix failing JUnit test cases","messageBody":"","fileTypesAndContributionMap":{"functional-code":{"insertions":2,"deletions":1},"test-code":{"insertions":6,"deletions":16}}},{"hash":"8937a75c5584c1d2479fcdb7eab7eee0196e02e4","isMergeCommit":true,"messageTitle":"Merge remote-tracking branch \u0027origin/br-OptionalGitHubUsername\u0027 into br-OptionalGitHubUsername","messageBody":"# Conflicts:\n#\tsrc/test/java/seedu/address/logic/parser/AddCommandParserTest.java\n","fileTypesAndContributionMap":{}},{"hash":"472aa271d86aeb61a67c8613baf13b2a16975f48","isMergeCommit":true,"messageTitle":"Merge pull request #100 from Z-Puyu/branch-Sorting","messageBody":"Add sorting feature to person list","fileTypesAndContributionMap":{}},{"hash":"c6abfd491a3423688524b62f3ec54eacf1ff1201","isMergeCommit":true,"messageTitle":"Merge remote-tracking branch \u0027origin\u0027 into br-OptionalGitHubUsername","messageBody":"","fileTypesAndContributionMap":{}},{"hash":"bd5488db08bbdfbd3c3015ef5265b2977ea23b53","isMergeCommit":false,"messageTitle":"Fix failing JUnit test case","messageBody":"","fileTypesAndContributionMap":{"test-code":{"insertions":10,"deletions":12}}}]},{"date":"2025-10-24T00:00:00","commitResults":[{"hash":"5e095459cb70434abdc0e13a074c343faaa4be67","isMergeCommit":true,"messageTitle":"Merge pull request #102 from kahkoii/backlog-diagram-update","messageBody":"Update UML diagrams with updated Person model and Logic class","fileTypesAndContributionMap":{}},{"hash":"78eff5274d1824f27d6a214e965b0db4504477c2","isMergeCommit":true,"messageTitle":"Merge pull request #106 from DannyOnCode/br-update-model","messageBody":"Update uml to reflect new team model","fileTypesAndContributionMap":{}},{"hash":"49f8fe472df459167aecca80337b805b530682e8","isMergeCommit":false,"messageTitle":"Add multiplicities of fields in Person class to the class diagram","messageBody":"","fileTypesAndContributionMap":{"docs":{"insertions":5,"deletions":5}}}]},{"date":"2025-10-29T00:00:00","commitResults":[{"hash":"908ba705523b55de0cc81a5508ba63b5c32f6c70","isMergeCommit":false,"messageTitle":"Implement persistent storage for salary and team ID","messageBody":"","fileTypesAndContributionMap":{"functional-code":{"insertions":166,"deletions":48},"test-code":{"insertions":81,"deletions":47}}},{"hash":"179ef6907b7acb6bead098590f5465bc680d0136","isMergeCommit":false,"messageTitle":"Add unit tests to increase code coverage","messageBody":"","fileTypesAndContributionMap":{"test-code":{"insertions":90,"deletions":0}}},{"hash":"755945c2edc547f49e15bdbc98fed1f8b600294f","isMergeCommit":false,"messageTitle":"Add unit tests for JsonAdaptedPerson","messageBody":"","fileTypesAndContributionMap":{"functional-code":{"insertions":14,"deletions":17},"test-code":{"insertions":49,"deletions":1}}},{"hash":"b4801a3f99a3cb6c847b3dee7f6218e6b2d634ce","isMergeCommit":true,"messageTitle":"Merge pull request #112 from kahkoii/feat-subteams","messageBody":"Implement subteam class to track Team nesting","fileTypesAndContributionMap":{}},{"hash":"e7ebaea15482822c7d25f19a555856db5594a7c7","isMergeCommit":false,"messageTitle":"Set character limits for name and phone number fields","messageBody":"","fileTypesAndContributionMap":{"functional-code":{"insertions":4,"deletions":4},"test-code":{"insertions":1,"deletions":1}}},{"hash":"80ed99170f867f4901f767fff150019a88164ee2","isMergeCommit":false,"messageTitle":"Change message constraints for name field","messageBody":"","fileTypesAndContributionMap":{"functional-code":{"insertions":1,"deletions":1}}}]},{"date":"2025-10-30T00:00:00","commitResults":[{"hash":"1670c39b7bb181036b37a3578077a0191b2bcaac","isMergeCommit":false,"messageTitle":"Update sections for add and edit commands in user guide","messageBody":"","fileTypesAndContributionMap":{"docs":{"insertions":34,"deletions":38}}},{"hash":"e90337e0b605e2c3853f64b012a6d6e6096e8b9d","isMergeCommit":true,"messageTitle":"Merge pull request #167 from AY2526S1-CS2103-F12-1/br-fix-untag","messageBody":"Fix Untag: Case sensitive and unnecessary output information","fileTypesAndContributionMap":{}},{"hash":"697c33b3fc83c3819cbdf98502bda950da1edaa6","isMergeCommit":false,"messageTitle":"Change command feedback message to improve user readability","messageBody":"","fileTypesAndContributionMap":{"functional-code":{"insertions":22,"deletions":16}}},{"hash":"90b2ae4941006cbd845d503b7d9e5bc9245e2ee6","isMergeCommit":true,"messageTitle":"Merge branch \u0027master\u0027 into br-fix-commandFeedback","messageBody":"","fileTypesAndContributionMap":{}},{"hash":"49b40db8c6a8d7e5118a20188d45379c9d6ea70e","isMergeCommit":true,"messageTitle":"Merge pull request #171 from AY2526S1-CS2103-F12-1/br-fix-auditlog","messageBody":"Fix Audit log related issues","fileTypesAndContributionMap":{}},{"hash":"15a1badc1585976ff407e65e8528990ce1a2c391","isMergeCommit":true,"messageTitle":"Merge pull request #170 from AY2526S1-CS2103-F12-1/br-update-createTeamCommand","messageBody":"Fix create team related issues","fileTypesAndContributionMap":{}},{"hash":"747711722ac509e3e5b21f2b4faaa4dc368b7737","isMergeCommit":true,"messageTitle":"Merge pull request #161 from AY2526S1-CS2103-F12-1/br-update-TeamUpdateCommands","messageBody":"Update team update commands","fileTypesAndContributionMap":{}},{"hash":"679d99d371297122ed7ab129eadec395ae94cc6d","isMergeCommit":true,"messageTitle":"Merge pull request #165 from AY2526S1-CS2103-F12-1/br-update-viewIssues","messageBody":"Update view to sort by relevance to keyword","fileTypesAndContributionMap":{}}]}],"DannyOnCode":[{"date":"2025-09-20T00:00:00","commitResults":[{"hash":"8be79df30c7c963bbec53a4b54fd93fb677970a4","isMergeCommit":false,"messageTitle":"Update README.md to include codecov badge","messageBody":"","fileTypesAndContributionMap":{"docs":{"insertions":1,"deletions":1}}}]},{"date":"2025-09-27T00:00:00","commitResults":[{"hash":"e2c166756e37a034d8dae2bbb22b5de17e2d67ee","isMergeCommit":true,"messageTitle":"Merge pull request #10 from kahkoii/br-add-photo","messageBody":"Add Kah Ho\u0027s photo","fileTypesAndContributionMap":{}},{"hash":"2c9c3897da49c743126b58b1a88e23ea9cc4c339","isMergeCommit":false,"messageTitle":"Update aboutus.md to include Danny profile","messageBody":"","fileTypesAndContributionMap":{"docs":{"insertions":7,"deletions":7}}},{"hash":"cae1ff8a49b1cd25dd9ffd95eb7b6d8cb4398d17","isMergeCommit":false,"messageTitle":"Update dannyoncode.md for additional information","messageBody":"","fileTypesAndContributionMap":{"docs":{"insertions":10,"deletions":0}}},{"hash":"5d46afb4a55b978aa73a6e9a0ac64501137a7faa","isMergeCommit":false,"messageTitle":"Fix AboutUs.md regarding checkstyle","messageBody":"","fileTypesAndContributionMap":{"docs":{"insertions":2,"deletions":2}}},{"hash":"05a9ee80710072773af1bbd5900425fba9d7432e","isMergeCommit":false,"messageTitle":"Fix dannyoncode.md to pass checkstyle","messageBody":"","fileTypesAndContributionMap":{"docs":{"insertions":3,"deletions":3}}},{"hash":"d9275eefe663beb8d1f711914161b5145ff76dfb","isMergeCommit":false,"messageTitle":"Update last name to profile","messageBody":"","fileTypesAndContributionMap":{"docs":{"insertions":1,"deletions":1}}},{"hash":"618f40e955563a0d3116f8ef519f1472ab859bba","isMergeCommit":true,"messageTitle":"Merge pull request #24 from kahkoii/br-update-about-us","messageBody":"Update About Us Page to add Kah Ho profile","fileTypesAndContributionMap":{}},{"hash":"2760e85f57bc4ab99b63a99d9c084267a54def90","isMergeCommit":false,"messageTitle":"Fix all md to resolve yaml error","messageBody":"","fileTypesAndContributionMap":{"docs":{"insertions":4,"deletions":4}}},{"hash":"1d8dabc6978ab79ef4bbb9e04eefa61f1bf1fde3","isMergeCommit":true,"messageTitle":"Merge pull request #28 from calebanana/br-update-dg","messageBody":"Add NFRs to DG","fileTypesAndContributionMap":{}}]},{"date":"2025-10-08T00:00:00","commitResults":[{"hash":"52624066be09824449b44b52be4a3d64e50ffd96","isMergeCommit":false,"messageTitle":"Refactor find command to view for upcoming changes","messageBody":"","fileTypesAndContributionMap":{"functional-code":{"insertions":3,"deletions":3},"other":{"insertions":28,"deletions":28},"test-code":{"insertions":4,"deletions":4}}}]},{"date":"2025-10-09T00:00:00","commitResults":[{"hash":"c2755cbee41c40fef4d061b8304bf0374629b00c","isMergeCommit":false,"messageTitle":"Update Javadoc to align with changes","messageBody":"","fileTypesAndContributionMap":{"functional-code":{"insertions":5,"deletions":5},"test-code":{"insertions":1,"deletions":1}}},{"hash":"68be15d6f79a7e2148d2b1c59a6515685d20ea2c","isMergeCommit":true,"messageTitle":"Merge pull request #47 from calebanana/br-AddNewContact","messageBody":"Add field for GitHub Username into add command","fileTypesAndContributionMap":{}},{"hash":"6386407d03f83019046a52c1a7e1d71ae384a5cf","isMergeCommit":true,"messageTitle":"Merge pull request #49 from kahkoii/fix-parser-user-guide","messageBody":"Add v1.2 changes to UserGuide","fileTypesAndContributionMap":{}}]},{"date":"2025-10-16T00:00:00","commitResults":[{"hash":"800b28db6b2ddc2a9384a698e3836edf4d236ecb","isMergeCommit":false,"messageTitle":"Update list feature to include EmployeeId","messageBody":"","fileTypesAndContributionMap":{"functional-code":{"insertions":17,"deletions":6}}},{"hash":"9616af4ed22a0594bafbd705060468eec69561b1","isMergeCommit":false,"messageTitle":"Add new Team and TeamManager Class for future use","messageBody":"","fileTypesAndContributionMap":{"functional-code":{"insertions":320,"deletions":0}}},{"hash":"25438bb307cd60da8fa381066ef700cc59163bb7","isMergeCommit":false,"messageTitle":"Create test cases and utility classes to cover code","messageBody":"","fileTypesAndContributionMap":{"test-code":{"insertions":459,"deletions":0}}},{"hash":"c51c9ec0777c47d2fd916d5d6aedf33299661558","isMergeCommit":false,"messageTitle":"Update to add JavaDoc and polish code","messageBody":"","fileTypesAndContributionMap":{"functional-code":{"insertions":161,"deletions":16},"test-code":{"insertions":53,"deletions":9}}},{"hash":"25a9ee134a4be0f4243db0d246477a07cff99222","isMergeCommit":false,"messageTitle":"Create single test case to verify PersonCard constructor","messageBody":"","fileTypesAndContributionMap":{"test-code":{"insertions":32,"deletions":0}}},{"hash":"73f5845cf650a90dc3d21b248d52a8dee7d12530","isMergeCommit":false,"messageTitle":"Update build.gradle to ignore UI components codecov","messageBody":"","fileTypesAndContributionMap":{"other":{"insertions":14,"deletions":1},"test-code":{"insertions":0,"deletions":32}}},{"hash":"91dc70ba1cab11e7a7d62153a5a94690b93e5f44","isMergeCommit":false,"messageTitle":"Fix CheckStyle errors","messageBody":"","fileTypesAndContributionMap":{"other":{"insertions":1,"deletions":1}}},{"hash":"aa8c443b99a4ea6af3ceab714f5f6a816433bb60","isMergeCommit":false,"messageTitle":"Configure build.gradle to solve CodeCov problem","messageBody":"","fileTypesAndContributionMap":{"other":{"insertions":7,"deletions":5}}},{"hash":"08a9c4e068b1f821d691b965455e995ea6816cc2","isMergeCommit":true,"messageTitle":"Merge pull request #52 from calebanana/br-ChangeUsernameFormat","messageBody":"Add \u0027@\u0027 prefix to GitHub username","fileTypesAndContributionMap":{}},{"hash":"d5b846f8e4d6bb80e05152d9d7120c6355149a84","isMergeCommit":true,"messageTitle":"Merge pull request #62 from Z-Puyu/branch-AddSalary","messageBody":"Add salary information for employee data","fileTypesAndContributionMap":{}}]},{"date":"2025-10-17T00:00:00","commitResults":[{"hash":"f241fcabb706f5348ffec79352938d88485aa306","isMergeCommit":true,"messageTitle":"Merge pull request #68 from kahkoii/feat-import-contacts","messageBody":"Implement import contacts feature","fileTypesAndContributionMap":{}},{"hash":"a30eea65d86d52742ce2895dc5f29fad9a82f904","isMergeCommit":true,"messageTitle":"Merge pull request #71 from kahkoii/fix-parseFileName-tests","messageBody":"Modify ParserUtil test cases to pass test cases on GitHub","fileTypesAndContributionMap":{}}]},{"date":"2025-10-18T00:00:00","commitResults":[{"hash":"3471737e2fdc7d65177b0ce309ff4f9003ad594b","isMergeCommit":false,"messageTitle":"Update SampleData to resolve bug","messageBody":"","fileTypesAndContributionMap":{"functional-code":{"insertions":10,"deletions":10}}}]},{"date":"2025-10-20T00:00:00","commitResults":[{"hash":"93ca4f4088b7af1f6e2e6b18c89caf8f4d3e6b5e","isMergeCommit":false,"messageTitle":"Implement Create team command to add a new team","messageBody":"","fileTypesAndContributionMap":{"functional-code":{"insertions":432,"deletions":35},"test-code":{"insertions":30,"deletions":2}}}]},{"date":"2025-10-21T00:00:00","commitResults":[{"hash":"0c0100e02d257d1ca0c96dc800fdb531915bfdc3","isMergeCommit":false,"messageTitle":"Implement add and remove person to/from team","messageBody":"","fileTypesAndContributionMap":{"functional-code":{"insertions":501,"deletions":259},"test-code":{"insertions":224,"deletions":160}}},{"hash":"7b94968a4fe7b847839298dab012b71109fc27f5","isMergeCommit":false,"messageTitle":"Update test cases to pass code coverage","messageBody":"","fileTypesAndContributionMap":{"functional-code":{"insertions":9,"deletions":6},"test-code":{"insertions":543,"deletions":0}}},{"hash":"fbe74806edf823d5e8fdc29bfc8aae43963e7289","isMergeCommit":false,"messageTitle":"Add more test cases to pass code coverage","messageBody":"","fileTypesAndContributionMap":{"functional-code":{"insertions":0,"deletions":5},"test-code":{"insertions":82,"deletions":0}}}]},{"date":"2025-10-22T00:00:00","commitResults":[{"hash":"68fe180893dd5e02978c1d0f3068f42a82665d69","isMergeCommit":false,"messageTitle":"Update to clean up code after review","messageBody":"","fileTypesAndContributionMap":{"functional-code":{"insertions":69,"deletions":44}}},{"hash":"8c3547c9d4e18556bae4b9b0549ad9d7962a6e08","isMergeCommit":false,"messageTitle":"Update to clean up code after kah ho\u0027s review","messageBody":"","fileTypesAndContributionMap":{"functional-code":{"insertions":6,"deletions":7}}}]},{"date":"2025-10-23T00:00:00","commitResults":[{"hash":"3667a498fa5f91e14bb31f651183ce267edbd344","isMergeCommit":true,"messageTitle":"Merge pull request #103 from yonglinnnnnn/br-update-uml","messageBody":"Update UML diagrams with updated DeleteSequenceDiagram","fileTypesAndContributionMap":{}},{"hash":"7eda3ad9066178485f98eb4a23322e92e14105d9","isMergeCommit":false,"messageTitle":"Update uml to reflect new team model","messageBody":"","fileTypesAndContributionMap":{"docs":{"insertions":26,"deletions":0}}},{"hash":"c71eff3065c655b285c5eebb4ddffd52720273d1","isMergeCommit":true,"messageTitle":"Merge pull request #95 from yonglinnnnnn/br-add-assertions","messageBody":"Enable Assertions","fileTypesAndContributionMap":{}},{"hash":"a7a468a7c1a01577faa073b7faafb0f589187ced","isMergeCommit":true,"messageTitle":"Merge pull request #92 from calebanana/br-RemoveTagFeature","messageBody":"Remove tag feature from \"add\" and \"edit\" commands","fileTypesAndContributionMap":{}},{"hash":"9d9301e17fee688f38f7b0ba072309702672cf1b","isMergeCommit":true,"messageTitle":"Merge branch \u0027master\u0027 into branch-Sorting","messageBody":"","fileTypesAndContributionMap":{}},{"hash":"dda9f70b90ceb098d06dc4cd0cfba0eee72b1462","isMergeCommit":true,"messageTitle":"Merge pull request #93 from calebanana/br-OptionalGitHubUsername","messageBody":"Convert GitHub username to optional field in \"add\" command","fileTypesAndContributionMap":{}}]},{"date":"2025-10-24T00:00:00","commitResults":[{"hash":"5fa077b01aee86dbe8345049343d3733dd333cd1","isMergeCommit":true,"messageTitle":"Merge branch \u0027master\u0027 into br-update-model","messageBody":"","fileTypesAndContributionMap":{}}]},{"date":"2025-10-25T00:00:00","commitResults":[{"hash":"ee66b8f3ec7bca91b22f8d0c2a5e7397fb820b36","isMergeCommit":false,"messageTitle":"Implement delete team command to remove team","messageBody":"","fileTypesAndContributionMap":{"functional-code":{"insertions":188,"deletions":0}}},{"hash":"aba63c7bc8fce2e1be18d64c68b14d0ecc5262d7","isMergeCommit":false,"messageTitle":"Add test cases for delete team command classes","messageBody":"","fileTypesAndContributionMap":{"test-code":{"insertions":178,"deletions":0}}}]},{"date":"2025-10-28T00:00:00","commitResults":[{"hash":"22b9e18344f81cde706220327be874ac4b96d688","isMergeCommit":false,"messageTitle":"Update javadoc after review","messageBody":"","fileTypesAndContributionMap":{"functional-code":{"insertions":6,"deletions":2}}}]},{"date":"2025-10-29T00:00:00","commitResults":[{"hash":"bf22d76bc393944245e0ded31829de3b90e4551e","isMergeCommit":true,"messageTitle":"Resolve merge conflicts from subteams","messageBody":"","fileTypesAndContributionMap":{}},{"hash":"414314f8ba6dbf1445f4eaca857dfb9766d13229","isMergeCommit":false,"messageTitle":"Fix minor build error","messageBody":"","fileTypesAndContributionMap":{"functional-code":{"insertions":2,"deletions":2}}},{"hash":"1cf99c260fdaa4288789e644b1656ca9313ad77c","isMergeCommit":false,"messageTitle":"Fix minor issues raised during alpha-testing for create-team","messageBody":"","fileTypesAndContributionMap":{"functional-code":{"insertions":25,"deletions":3},"test-code":{"insertions":16,"deletions":16}}},{"hash":"8b6ecbc0f16fffed9b2d60aa3512cd2c3ce63efd","isMergeCommit":false,"messageTitle":"Update team commands and obsoletes for minor issues raised","messageBody":"","fileTypesAndContributionMap":{"functional-code":{"insertions":10,"deletions":111},"test-code":{"insertions":21,"deletions":163}}},{"hash":"b1ec7adb6233f7f97c7a7f11ec26e68178032c52","isMergeCommit":true,"messageTitle":"Resolve merge conflicts","messageBody":"","fileTypesAndContributionMap":{}},{"hash":"63dac9aa943b42c0ef028ef6a5839d1c7c53fae1","isMergeCommit":false,"messageTitle":"Update view to sort by relevance to keyword","messageBody":"","fileTypesAndContributionMap":{"functional-code":{"insertions":84,"deletions":1}}}]},{"date":"2025-10-30T00:00:00","commitResults":[{"hash":"61447f8440dd4555850b07de9a5010b3201df7dd","isMergeCommit":false,"messageTitle":"Update to resolve code coverage","messageBody":"","fileTypesAndContributionMap":{"test-code":{"insertions":10,"deletions":0}}},{"hash":"af64aea0aa40efbc19bfe44334d0591ebddb45dc","isMergeCommit":false,"messageTitle":"Add additional test cases","messageBody":"","fileTypesAndContributionMap":{"test-code":{"insertions":24,"deletions":2}}},{"hash":"bd631dd936896417a0c542e9f486ea0dd4ed438f","isMergeCommit":false,"messageTitle":"Resolve checkstyle errors","messageBody":"","fileTypesAndContributionMap":{"test-code":{"insertions":5,"deletions":5}}},{"hash":"01b7bdf91a8cdbccd7fc0edafd8b1a2990d694a0","isMergeCommit":false,"messageTitle":"Update user guide to reflect new team commands","messageBody":"","fileTypesAndContributionMap":{"docs":{"insertions":60,"deletions":12}}},{"hash":"a2389cd437f52d54cbcd4e6c34a0894877261411","isMergeCommit":false,"messageTitle":"Update to satisfy user guide conventions","messageBody":"","fileTypesAndContributionMap":{"docs":{"insertions":6,"deletions":6}}},{"hash":"9aede67e99267429533b1b5ee5d2fe573ad3d93f","isMergeCommit":true,"messageTitle":"Merge branch \u0027master\u0027 into br-danny-updateUG","messageBody":"","fileTypesAndContributionMap":{}},{"hash":"de969be2b7527a4cc07c5f7450ae442cbc3b65c8","isMergeCommit":true,"messageTitle":"Resolve merge conflicts","messageBody":"","fileTypesAndContributionMap":{}},{"hash":"a80c2a1c48b709627c571292f7320f6d931b05e2","isMergeCommit":true,"messageTitle":"Merge pull request #176 from AY2526S1-CS2103-F12-1/br-danny-updateUG","messageBody":"Update user guide to reflect new team commands","fileTypesAndContributionMap":{}},{"hash":"181eeecce7d70e39db309b61360c5e34873da47e","isMergeCommit":true,"messageTitle":"Resolve merge conflicts","messageBody":"","fileTypesAndContributionMap":{}},{"hash":"f848cffa0c056c8edb2ef3a2f992082d30f7a00d","isMergeCommit":true,"messageTitle":"Merge pull request #155 from AY2526S1-CS2103-F12-1/br-fix-tag-multiplewords","messageBody":"Fix Tag: does not allow tags with multiple words","fileTypesAndContributionMap":{}},{"hash":"3e06f34fd7f501164ffc7ddae8b30157e6eb346e","isMergeCommit":true,"messageTitle":"Merge branch \u0027master\u0027 into br-fix-auditlog","messageBody":"","fileTypesAndContributionMap":{}},{"hash":"e614394c884fea725cb34ef8d9f7d47e94c2e6c4","isMergeCommit":true,"messageTitle":"Merge pull request #179 from AY2526S1-CS2103-F12-1/br-fix-commandFeedback","messageBody":"Change command feedback message to improve user readability","fileTypesAndContributionMap":{}},{"hash":"f3536deac89eb04f26d08fc090f6a73e9c7b8e56","isMergeCommit":false,"messageTitle":"Update boolean function to be more readable","messageBody":"","fileTypesAndContributionMap":{"functional-code":{"insertions":6,"deletions":5}}},{"hash":"e148ac54a78336721229346431140efae7ba46a1","isMergeCommit":true,"messageTitle":"Merge pull request #157 from AY2526S1-CS2103-F12-1/br-fix-similar-tags","messageBody":"Fix Tag: Similar tags","fileTypesAndContributionMap":{}},{"hash":"96045794842f740f7ecd14b8861ef3a4fac7c715","isMergeCommit":true,"messageTitle":"Merge pull request #180 from Z-Puyu/branch-UpdateUG","messageBody":"Update UserGuide.md to Include Set Salary and Sort Commands","fileTypesAndContributionMap":{}}]}],"Z-Puyu":[{"date":"2025-09-27T00:00:00","commitResults":[{"hash":"f21269eb7b7ae2c526fe2f5abffe44163be5e9d2","isMergeCommit":true,"messageTitle":"Merge pull request #9 from calebanana/br-add-photo","messageBody":"Add Caleb\u0027s photo","fileTypesAndContributionMap":{}},{"hash":"a0ebe8362732f8fd79be8f519f96c4dec93f70bd","isMergeCommit":false,"messageTitle":"Add Puyu\u0027s profile","messageBody":"","fileTypesAndContributionMap":{"docs":{"insertions":16,"deletions":52}}},{"hash":"665ea58f4bb2b17d98614101c6386beabd0a8ae1","isMergeCommit":false,"messageTitle":"z-puyu.md: Resolve front matter error","messageBody":"","fileTypesAndContributionMap":{"docs":{"insertions":1,"deletions":1}}},{"hash":"781cee2bc3e70fa1b5e4ba6a85b6307db6cd0e20","isMergeCommit":false,"messageTitle":"AboutUs.md: delete template texts","messageBody":"","fileTypesAndContributionMap":{"docs":{"insertions":0,"deletions":39}}},{"hash":"318b915d8b508e506564be317e9a45ca23ed44de","isMergeCommit":false,"messageTitle":"AboutUs.md: resolve front matter error","messageBody":"","fileTypesAndContributionMap":{"docs":{"insertions":1,"deletions":1}}},{"hash":"5660c8c152e8e1c7408e8c086670c4df291829a3","isMergeCommit":true,"messageTitle":"Merge pull request #20 from calebanana/br-add-profile","messageBody":"Update About Us page to add Caleb\u0027s profile","fileTypesAndContributionMap":{}},{"hash":"008ecc86a8b263c3c42cd03c635fd84a2c2d6136","isMergeCommit":false,"messageTitle":"Add use cases to DG","messageBody":"","fileTypesAndContributionMap":{"docs":{"insertions":123,"deletions":6}}},{"hash":"70c90e72f8a41a966ec85e5120aff81f7c67b9d2","isMergeCommit":true,"messageTitle":"Merge pull request #34 from kahkoii/br-update-readme-ui","messageBody":"Update project README and Ui image","fileTypesAndContributionMap":{}}]},{"date":"2025-10-04T00:00:00","commitResults":[{"hash":"058be1aa3e4742490dd0516b3f59f31011005e97","isMergeCommit":false,"messageTitle":"Add GitHubUsername.java and Team.java","messageBody":"","fileTypesAndContributionMap":{"functional-code":{"insertions":220,"deletions":0}}},{"hash":"4c764fa0f691eed262384fc94fc1a82193a7bb62","isMergeCommit":false,"messageTitle":"Add ID field in Person.java","messageBody":"","fileTypesAndContributionMap":{"functional-code":{"insertions":6,"deletions":0}}},{"hash":"0a0291bb1cd0f20477a1502c605d4f46bb6b7216","isMergeCommit":false,"messageTitle":"Change equals methods to use pattern matching","messageBody":"","fileTypesAndContributionMap":{"functional-code":{"insertions":7,"deletions":14}}},{"hash":"c227c18a414e50f8b538ba50eb4fd5af4188d755","isMergeCommit":false,"messageTitle":"Change data classes for Person.java to record","messageBody":"","fileTypesAndContributionMap":{"functional-code":{"insertions":57,"deletions":305},"test-code":{"insertions":10,"deletions":10}}},{"hash":"f45e40877864135e906777e6bdccdede8801c9ce","isMergeCommit":false,"messageTitle":"Fix compile errors due to method name changes","messageBody":"","fileTypesAndContributionMap":{"functional-code":{"insertions":20,"deletions":14},"test-code":{"insertions":7,"deletions":7}}},{"hash":"66fba3b7aff92d1ecc06a29da5c030a4497f3b96","isMergeCommit":false,"messageTitle":"Edit AddCommandParser.java to reflect the ID of persons","messageBody":"","fileTypesAndContributionMap":{"functional-code":{"insertions":45,"deletions":32}}},{"hash":"b817febae84bdc945014aa0f547aec1c94108ce7","isMergeCommit":false,"messageTitle":"Update tests to reflect changes in Person.java","messageBody":"","fileTypesAndContributionMap":{"test-code":{"insertions":39,"deletions":32}}},{"hash":"b6947b7168e6cb0676effbd38155afd40fad1855","isMergeCommit":false,"messageTitle":"Fix some tests to reflect changes in Person.java","messageBody":"","fileTypesAndContributionMap":{"functional-code":{"insertions":9,"deletions":8},"test-code":{"insertions":130,"deletions":38}}},{"hash":"908b012a994195eeafb7ed9a447b18eaa8a61364","isMergeCommit":false,"messageTitle":"Fix all tests to reflect changes in Person.java","messageBody":"","fileTypesAndContributionMap":{"test-code":{"insertions":86,"deletions":5}}},{"hash":"88068b4b5e73865a7c19f12d4f4ba09407f3dff2","isMergeCommit":false,"messageTitle":"Fix some code style issues","messageBody":"","fileTypesAndContributionMap":{"functional-code":{"insertions":68,"deletions":36}}},{"hash":"f38c292993f0f53de8b0d870348b89ecaaf815ad","isMergeCommit":false,"messageTitle":"Fix some style issues in import order","messageBody":"","fileTypesAndContributionMap":{"test-code":{"insertions":29,"deletions":30}}},{"hash":"d57ddae0a587ddff635ab61673ba23beda4c7b58","isMergeCommit":false,"messageTitle":"Adjust import statement ordering","messageBody":"","fileTypesAndContributionMap":{"functional-code":{"insertions":3,"deletions":3},"test-code":{"insertions":16,"deletions":15}}},{"hash":"9e4c168673f5e7013b3240ffb1d20fdc6777ccdf","isMergeCommit":false,"messageTitle":"AddCommandParser.java: adjust import ordering","messageBody":"","fileTypesAndContributionMap":{"functional-code":{"insertions":3,"deletions":3}}},{"hash":"4f489fd7be58c11db513efe51b0ea3f71c6d3761","isMergeCommit":false,"messageTitle":"Minor edits to tests","messageBody":"","fileTypesAndContributionMap":{"test-code":{"insertions":15,"deletions":16}}},{"hash":"972875ddaa739425742f9e501ea1fc5206845e11","isMergeCommit":false,"messageTitle":"Minor edits to tests","messageBody":"","fileTypesAndContributionMap":{"test-code":{"insertions":2,"deletions":0}}},{"hash":"38a54331fa0c8c4b8c744010b59eb42ef96d9026","isMergeCommit":false,"messageTitle":"Add some tests","messageBody":"","fileTypesAndContributionMap":{"test-code":{"insertions":57,"deletions":0}}},{"hash":"f288ef2881f979bf7202b16ecf516083bd733fe1","isMergeCommit":false,"messageTitle":"Add new lines at EOF","messageBody":"","fileTypesAndContributionMap":{"test-code":{"insertions":2,"deletions":2}}},{"hash":"d2d7c181b10a64e5f2730cb8402c19fd2a1ddd34","isMergeCommit":false,"messageTitle":"Remove wildcard imports","messageBody":"","fileTypesAndContributionMap":{"test-code":{"insertions":9,"deletions":2}}},{"hash":"61444a06e0055109e58df3aaa3a2df7aa2b3f5b6","isMergeCommit":false,"messageTitle":"Remove redundant import separation line","messageBody":"","fileTypesAndContributionMap":{"test-code":{"insertions":0,"deletions":1}}}]},{"date":"2025-10-14T00:00:00","commitResults":[{"hash":"710bb7ed51bcb7ba8b2d0bec657a86f5012b3cb8","isMergeCommit":false,"messageTitle":"Add set salary command","messageBody":"","fileTypesAndContributionMap":{"functional-code":{"insertions":92,"deletions":5}}}]},{"date":"2025-10-16T00:00:00","commitResults":[{"hash":"88771df64bf398ddbb68ebfad914ea39ff2f0bfd","isMergeCommit":false,"messageTitle":"Add SetSalaryCommandParser","messageBody":"","fileTypesAndContributionMap":{"functional-code":{"insertions":53,"deletions":20}}},{"hash":"6bfa520c4f0d4d0ab7b8fff26c39bba84a06399a","isMergeCommit":false,"messageTitle":"Update tests for adding person and person model","messageBody":"","fileTypesAndContributionMap":{"functional-code":{"insertions":2,"deletions":2},"test-code":{"insertions":6,"deletions":1}}},{"hash":"f2f259aafe2fd6eb9f706396bdd788ed9e42eba1","isMergeCommit":false,"messageTitle":"Update tests and UI for setting salary","messageBody":"","fileTypesAndContributionMap":{"functional-code":{"insertions":17,"deletions":0},"test-code":{"insertions":65,"deletions":0}}},{"hash":"6532c1a2e25d2c7c45c369be6fa7123acfc5c04b","isMergeCommit":false,"messageTitle":"Add new lines at EOF","messageBody":"","fileTypesAndContributionMap":{"functional-code":{"insertions":1,"deletions":2},"test-code":{"insertions":2,"deletions":2}}},{"hash":"e66e16a4032bcbeeff5c11fb25c355fbfd12ec7e","isMergeCommit":false,"messageTitle":"Add a missing JavaDoc comment","messageBody":"","fileTypesAndContributionMap":{"functional-code":{"insertions":3,"deletions":0}}},{"hash":"e517f1b1a4523d45052dfa38a83715490b834db7","isMergeCommit":false,"messageTitle":"Separate import groups","messageBody":"","fileTypesAndContributionMap":{"test-code":{"insertions":2,"deletions":0}}},{"hash":"d6180e5004e9b5405d3daf8c764d40adfa38da9c","isMergeCommit":false,"messageTitle":"Add more tests for set salary command","messageBody":"","fileTypesAndContributionMap":{"test-code":{"insertions":11,"deletions":0}}},{"hash":"919da32e437a05a4011d114b2a1ea3f331b1431f","isMergeCommit":false,"messageTitle":"Add an overloaded Person::duplicate without needing a new ID","messageBody":"","fileTypesAndContributionMap":{"functional-code":{"insertions":15,"deletions":2}}},{"hash":"71fe74bf04feb54ff9fe929dbf5a56058d9e3169","isMergeCommit":false,"messageTitle":"Update PersonTest","messageBody":"","fileTypesAndContributionMap":{"test-code":{"insertions":5,"deletions":0}}},{"hash":"d5d91d86932d947a93917e18fe3109aba1a53f90","isMergeCommit":true,"messageTitle":"Merge pull request #63 from yonglinnnnnn/br-extract-tag","messageBody":"Extract Tag and Untag as a command","fileTypesAndContributionMap":{}},{"hash":"c3c230f5600cb2b5c898f780649fd73065290c37","isMergeCommit":false,"messageTitle":"Add set salary command to address book parser","messageBody":"","fileTypesAndContributionMap":{"functional-code":{"insertions":4,"deletions":0}}},{"hash":"73a2e08e29d12e21f79bce978692228c5f664b44","isMergeCommit":true,"messageTitle":"Merge branch \u0027master\u0027 into branch-AddSalary","messageBody":"","fileTypesAndContributionMap":{}},{"hash":"0b9d4960e342c7819e52117d5f56fa66d32c7db3","isMergeCommit":false,"messageTitle":"Edit AddressBookParserTest","messageBody":"","fileTypesAndContributionMap":{"test-code":{"insertions":9,"deletions":0}}}]},{"date":"2025-10-22T00:00:00","commitResults":[{"hash":"40f966d29ca287c391d449ac3ac8ec5b8351572f","isMergeCommit":false,"messageTitle":"Add Salary.java","messageBody":"","fileTypesAndContributionMap":{"functional-code":{"insertions":29,"deletions":0}}},{"hash":"7727a57b3d4a0c9e08457e84dd7de1e5ceb27fa7","isMergeCommit":false,"messageTitle":"Add dollar-to-cent unit conversion for salary","messageBody":"","fileTypesAndContributionMap":{"functional-code":{"insertions":19,"deletions":3}}},{"hash":"c103206aa834763fae90b4c741994d3cc2ff2729","isMergeCommit":false,"messageTitle":"Update Person.java to use the new Salary record","messageBody":"","fileTypesAndContributionMap":{"functional-code":{"insertions":16,"deletions":6}}},{"hash":"23d23e077bf8522e505e9a74a6f2ad10d9910b4a","isMergeCommit":false,"messageTitle":"Update SetSalaryCommand.java","messageBody":"","fileTypesAndContributionMap":{"functional-code":{"insertions":8,"deletions":8}}}]},{"date":"2025-10-23T00:00:00","commitResults":[{"hash":"426e01731d8be8547aee8bc1eaeaa96a9b67fb52","isMergeCommit":false,"messageTitle":"Update SetSalaryCommandParser.java","messageBody":"","fileTypesAndContributionMap":{"functional-code":{"insertions":22,"deletions":5}}},{"hash":"0fa7dbee3326a14215163d0810f83d56ba2f650e","isMergeCommit":false,"messageTitle":"Update tests for salary-related functionalities","messageBody":"","fileTypesAndContributionMap":{"test-code":{"insertions":12,"deletions":6}}},{"hash":"abb9836a327ee957ccb5122c62c101bbbb034ea4","isMergeCommit":false,"messageTitle":"Fix a bug in parsing non-integer salary values","messageBody":"","fileTypesAndContributionMap":{"functional-code":{"insertions":10,"deletions":8},"test-code":{"insertions":1,"deletions":0}}},{"hash":"fb98e6474a954a44c968f7001c2149f0258098d3","isMergeCommit":false,"messageTitle":"Add tests for Salary class","messageBody":"","fileTypesAndContributionMap":{"test-code":{"insertions":41,"deletions":0}}},{"hash":"f1929e8b77d8b97f41bd456d3381314613e3c182","isMergeCommit":false,"messageTitle":"Fix some style issues","messageBody":"","fileTypesAndContributionMap":{"docs":{"insertions":1,"deletions":3},"test-code":{"insertions":1,"deletions":1}}},{"hash":"ae01695524c91190f28ddade7157ef182179ac13","isMergeCommit":false,"messageTitle":"Add whitespaces after typecasts","messageBody":"","fileTypesAndContributionMap":{"functional-code":{"insertions":2,"deletions":2}}},{"hash":"146e0e00dedf1edb8b3178cb6c8032e84a30b04c","isMergeCommit":false,"messageTitle":"Fix even more style issues","messageBody":"","fileTypesAndContributionMap":{"test-code":{"insertions":3,"deletions":2}}},{"hash":"3ab478fd61d17517c8bd033d0f114978655427b2","isMergeCommit":false,"messageTitle":"Use a static random number generator in SalaryTest.java","messageBody":"","fileTypesAndContributionMap":{"test-code":{"insertions":4,"deletions":4}}},{"hash":"73b554ef9622519d11bd3d7d911fc2b36ef315d5","isMergeCommit":false,"messageTitle":"Rename SalaryTest::rand to RAND","messageBody":"","fileTypesAndContributionMap":{"test-code":{"insertions":6,"deletions":6}}},{"hash":"abc36ddcdaad229feb6d9ed3851fe9b054dd4572","isMergeCommit":false,"messageTitle":"Change Model interface to include a method to sort persons","messageBody":"","fileTypesAndContributionMap":{"functional-code":{"insertions":24,"deletions":1},"test-code":{"insertions":7,"deletions":0}}},{"hash":"8575bb6d8f200f239ebf5e77a8a87d083f8c77bb","isMergeCommit":false,"messageTitle":"Revert Person::isSamePerson to keep the tests passable","messageBody":"","fileTypesAndContributionMap":{"functional-code":{"insertions":1,"deletions":1}}},{"hash":"14c3bf51911e9be6be61e80f06d9452918a4d860","isMergeCommit":false,"messageTitle":"Adjust interface method signatures","messageBody":"","fileTypesAndContributionMap":{"functional-code":{"insertions":108,"deletions":7},"test-code":{"insertions":1,"deletions":1}}},{"hash":"65cf2d2bf34b69d187d9dd3593adae57b5f56d98","isMergeCommit":false,"messageTitle":"Add command and parser for sorting","messageBody":"","fileTypesAndContributionMap":{"functional-code":{"insertions":60,"deletions":36},"test-code":{"insertions":1,"deletions":1}}},{"hash":"144d6c24851a89c39fb0451075947eadb47db897","isMergeCommit":false,"messageTitle":"Make Salary implement Comparable","messageBody":"","fileTypesAndContributionMap":{"functional-code":{"insertions":8,"deletions":1},"test-code":{"insertions":7,"deletions":0}}},{"hash":"d7ca0b231912dcc37f88ed506629ce6703223ceb","isMergeCommit":false,"messageTitle":"Fix a bug in Salary::compareTo","messageBody":"","fileTypesAndContributionMap":{"functional-code":{"insertions":1,"deletions":1},"test-code":{"insertions":1,"deletions":1}}},{"hash":"d909a3fa9c059e7f8a9f140238328ec7a6c0c36c","isMergeCommit":false,"messageTitle":"Add sort command to AddressBookParser","messageBody":"","fileTypesAndContributionMap":{"functional-code":{"insertions":4,"deletions":0}}},{"hash":"5a1f343574e6e5ea692652cb2dffbf1f7b0cbd6a","isMergeCommit":false,"messageTitle":"Remove an unused import","messageBody":"","fileTypesAndContributionMap":{"functional-code":{"insertions":0,"deletions":2}}},{"hash":"6d6f2cdb5dbd953ed3c3ce2015fb1f70dcb04d33","isMergeCommit":false,"messageTitle":"Fix style issues","messageBody":"","fileTypesAndContributionMap":{"functional-code":{"insertions":21,"deletions":24}}},{"hash":"1d39ce0e688b1e38cc49fac2b7e42e2cc8ebdb2b","isMergeCommit":false,"messageTitle":"Add tests and fix bugs for sorting command","messageBody":"","fileTypesAndContributionMap":{"functional-code":{"insertions":18,"deletions":1},"test-code":{"insertions":300,"deletions":0}}},{"hash":"03f84eda157fc14c8f4e9de7d713a123ed089c81","isMergeCommit":false,"messageTitle":"Fix style issues","messageBody":"","fileTypesAndContributionMap":{"docs":{"insertions":1,"deletions":3},"test-code":{"insertions":2,"deletions":2}}},{"hash":"29d57337e9543ad7c938005ec3c67f8d25770fb1","isMergeCommit":false,"messageTitle":"Add JavaDocs","messageBody":"","fileTypesAndContributionMap":{"functional-code":{"insertions":12,"deletions":21},"test-code":{"insertions":4,"deletions":4}}},{"hash":"a034a2385ce89e263c0c4dab5f16421ba25125e9","isMergeCommit":false,"messageTitle":"Add JavaDocs","messageBody":"","fileTypesAndContributionMap":{"functional-code":{"insertions":6,"deletions":0}}},{"hash":"18ec77ca1b0e7ea9b6f4bff4abed2d3f1815477c","isMergeCommit":false,"messageTitle":"Adjust imports","messageBody":"","fileTypesAndContributionMap":{"test-code":{"insertions":7,"deletions":13}}},{"hash":"ab4b4dff4ac4987856d0af80855a973bbf1d119a","isMergeCommit":false,"messageTitle":"Fix array initialisation syntax","messageBody":"","fileTypesAndContributionMap":{"test-code":{"insertions":3,"deletions":17}}},{"hash":"8d93061a8f5b79fb40c668a6dbe2046825e271d9","isMergeCommit":true,"messageTitle":"Merge branch \u0027master\u0027 of https://github.com/Z-Puyu/tp into branch-Sorting","messageBody":"# Conflicts:\n#\tsrc/main/java/seedu/address/model/Model.java\n#\tsrc/test/java/seedu/address/logic/commands/AddCommandTest.java\n","fileTypesAndContributionMap":{}},{"hash":"3c1f39b030c120f9a9562d840a50605a02e5b244","isMergeCommit":true,"messageTitle":"Merge remote-tracking branch \u0027origin/branch-Sorting\u0027 into branch-Sorting","messageBody":"# Conflicts:\n#\tsrc/test/java/seedu/address/logic/commands/AddCommandTest.java\n","fileTypesAndContributionMap":{}},{"hash":"85489d959f9cffa8fbf43a1f80c9e5af4ec7cacd","isMergeCommit":false,"messageTitle":"Remove an unused import","messageBody":"","fileTypesAndContributionMap":{"test-code":{"insertions":0,"deletions":1}}},{"hash":"ce67873db9fff9089369306093c754dd1418627f","isMergeCommit":true,"messageTitle":"Merge pull request #90 from yonglinnnnnn/br-auditlog","messageBody":"View Audit Log","tags":["v1.4"],"fileTypesAndContributionMap":{}}]},{"date":"2025-10-28T00:00:00","commitResults":[{"hash":"956bdf4ee3f9cea1732ff4e6e8a81de155b20798","isMergeCommit":false,"messageTitle":"Fix a bug causing sort command parse failures","messageBody":"","fileTypesAndContributionMap":{"functional-code":{"insertions":9,"deletions":10},"test-code":{"insertions":4,"deletions":3}}}]},{"date":"2025-10-29T00:00:00","commitResults":[{"hash":"64d5f75d2de5c88781603a0940865f74c5101a38","isMergeCommit":false,"messageTitle":"Improve salary number formatting","messageBody":"","fileTypesAndContributionMap":{"functional-code":{"insertions":10,"deletions":22}}},{"hash":"2cf9788b8645f742a3bf6bd3138b3a965f1fb38d","isMergeCommit":false,"messageTitle":"Fix incorrect salary value parsing bug","messageBody":"","fileTypesAndContributionMap":{"functional-code":{"insertions":42,"deletions":29},"test-code":{"insertions":8,"deletions":18}}},{"hash":"30118ab93df6764d8cbcd40724ef8bd558bf15cd","isMergeCommit":false,"messageTitle":"Fix rounding bugs","messageBody":"","fileTypesAndContributionMap":{"functional-code":{"insertions":8,"deletions":8},"test-code":{"insertions":16,"deletions":9}}},{"hash":"c9868a524fd359e8e1b8ec62637df4d25778d9e3","isMergeCommit":false,"messageTitle":"Fix overflow issues","messageBody":"","fileTypesAndContributionMap":{"functional-code":{"insertions":16,"deletions":6}}}]},{"date":"2025-10-30T00:00:00","commitResults":[{"hash":"2100b926ce686aa61e9015c1eec8761996373f71","isMergeCommit":false,"messageTitle":"Remove unused imports","messageBody":"","fileTypesAndContributionMap":{"functional-code":{"insertions":0,"deletions":3}}},{"hash":"d0d59802f64d255e71e81210af83c79ee4ba768e","isMergeCommit":false,"messageTitle":"Remove unused imports","messageBody":"","fileTypesAndContributionMap":{"functional-code":{"insertions":0,"deletions":1}}},{"hash":"623b414cb94879c07c4f5258de4b19c1d4194963","isMergeCommit":true,"messageTitle":"Merge branch \u0027master\u0027 into branch-FixSalaryBug","messageBody":"","fileTypesAndContributionMap":{}},{"hash":"247e636bd8a4f4dd35de87962b7d41f0ef0d7c3d","isMergeCommit":false,"messageTitle":"Fix compile error due to merge conflicts","messageBody":"","fileTypesAndContributionMap":{"functional-code":{"insertions":0,"deletions":10}}},{"hash":"49955e80b0a80eb3fba3ce0cb40a0cc5b9ccbdd7","isMergeCommit":false,"messageTitle":"Update SalaryTest","messageBody":"","fileTypesAndContributionMap":{"test-code":{"insertions":0,"deletions":1}}},{"hash":"a569fb52a5dee95a81414e619e8250f94a5b4c34","isMergeCommit":false,"messageTitle":"Update PersonTest","messageBody":"","fileTypesAndContributionMap":{"test-code":{"insertions":2,"deletions":2}}},{"hash":"2ca4571b7009b8769282e4a279889ba886064b86","isMergeCommit":false,"messageTitle":"Update UG","messageBody":"","fileTypesAndContributionMap":{"docs":{"insertions":41,"deletions":0}}}]}],"kahkoii":[{"date":"2025-09-27T00:00:00","commitResults":[{"hash":"39ee9321d0d930a1e18dd72fd78ed1390503f40b","isMergeCommit":false,"messageTitle":"Update About Us Page to add Kah Ho profile","messageBody":"","fileTypesAndContributionMap":{"docs":{"insertions":16,"deletions":6}}},{"hash":"169e95659a12bfc995c06cd3736716ede8e4cc3c","isMergeCommit":true,"messageTitle":"Merge pull request #23 from yonglinnnnnn/br-update-aboutus-page","messageBody":"Update AboutUs page to add Yong Lin\u0027s profile","fileTypesAndContributionMap":{}},{"hash":"8e1ea614e4154881630a70e925f39ce0dc901924","isMergeCommit":false,"messageTitle":"Update About Us Page to add Kah Ho profile","messageBody":"","fileTypesAndContributionMap":{"docs":{"insertions":15,"deletions":5}}},{"hash":"e447a28ff425dd3fbf730adbcf0f1794a5e789ac","isMergeCommit":false,"messageTitle":"Fix YAML error on AboutUs","messageBody":"","fileTypesAndContributionMap":{"docs":{"insertions":1,"deletions":1}}},{"hash":"1ffdcdc3aef73b9e7e2e3657e195aeab07b39e38","isMergeCommit":true,"messageTitle":"Merge remote-tracking branch \u0027origin/br-update-about-us\u0027 into br-update-about-us","messageBody":"","fileTypesAndContributionMap":{}},{"hash":"1738ec219cdccd99ed9845eb53442e00f5bd1f1a","isMergeCommit":false,"messageTitle":"Update project README and Ui image","messageBody":"","fileTypesAndContributionMap":{"docs":{"insertions":18,"deletions":11}}}]},{"date":"2025-10-09T00:00:00","commitResults":[{"hash":"e4632988c7666b96321b56a1db393f0902a9c1db","isMergeCommit":false,"messageTitle":"Add v1.2 changes to UserGuide","messageBody":"","fileTypesAndContributionMap":{"functional-code":{"insertions":11,"deletions":11},"docs":{"insertions":33,"deletions":15}}},{"hash":"556985eccd41ab6f5e7582c621698259e523e475","isMergeCommit":true,"messageTitle":"Merge branch \u0027master\u0027 into fix-parser-user-guide","messageBody":"","fileTypesAndContributionMap":{}}]},{"date":"2025-10-16T00:00:00","commitResults":[{"hash":"f7e4ab70157731e8b7819e6dd5201fa868a233a7","isMergeCommit":false,"messageTitle":"Create and implement ImportCommand class","messageBody":"","fileTypesAndContributionMap":{"functional-code":{"insertions":154,"deletions":0}}},{"hash":"0522ebbb300f6e7c2b02f7d06f42c5f53cebf70c","isMergeCommit":false,"messageTitle":"Add import feature to UserGuide.md","messageBody":"","fileTypesAndContributionMap":{"docs":{"insertions":15,"deletions":0}}},{"hash":"3b0962d8758b635e5ea89a3678c3973c821807f0","isMergeCommit":false,"messageTitle":"Create parseFileName test in ParserUtilTest","messageBody":"","fileTypesAndContributionMap":{"test-code":{"insertions":32,"deletions":0}}},{"hash":"0ab784275f7694729700fd05e785fd074aebef45","isMergeCommit":true,"messageTitle":"Merge branch \u0027master\u0027 into feat-import-contacts","messageBody":"","fileTypesAndContributionMap":{}},{"hash":"3e59fa0588de3033e8ccbbe487c7fb5174bba853","isMergeCommit":false,"messageTitle":"Fix ParserUtil checkstyle issues","messageBody":"","fileTypesAndContributionMap":{"functional-code":{"insertions":1,"deletions":1},"test-code":{"insertions":22,"deletions":23}}},{"hash":"35645580c3436030d407a16259c523b4ce11121b","isMergeCommit":true,"messageTitle":"Merge remote-tracking branch \u0027origin/feat-import-contacts\u0027 into feat-import-contacts","messageBody":"","fileTypesAndContributionMap":{}}]},{"date":"2025-10-17T00:00:00","commitResults":[{"hash":"18ad94ac0738f0ab79c7f0910461ab2b7762dba7","isMergeCommit":true,"messageTitle":"Merge pull request #58 from DannyOnCode/br-add-team-model","messageBody":"Add new Team and TeamsManager model","fileTypesAndContributionMap":{}},{"hash":"a507ed1a553d1688d5f9ca8b79db4ef765d4c1c0","isMergeCommit":false,"messageTitle":"Modify ParserUtil test cases to create directory if necessary","messageBody":"","fileTypesAndContributionMap":{"test-code":{"insertions":22,"deletions":10}}}]},{"date":"2025-10-18T00:00:00","commitResults":[{"hash":"5d25a15406041bba74b16d1e2358a62634b0844a","isMergeCommit":true,"messageTitle":"Merge pull request #75 from DannyOnCode/br-sample-fix","messageBody":"Update SampleData to resolve bug","tags":["v1.3"],"fileTypesAndContributionMap":{}}]},{"date":"2025-10-22T00:00:00","commitResults":[{"hash":"06e458340b87ac6d5c1c9673c4b09b69787a489d","isMergeCommit":true,"messageTitle":"Merge pull request #91 from DannyOnCode/br-create-team","messageBody":"Integrate team into the address book","fileTypesAndContributionMap":{}},{"hash":"b46f4586c17abcb0b5a7a0c2a3d7f2a1c07db4e6","isMergeCommit":false,"messageTitle":"Create OrganizationPanel class to display UI component","messageBody":"","fileTypesAndContributionMap":{"functional-code":{"insertions":88,"deletions":10}}}]},{"date":"2025-10-23T00:00:00","commitResults":[{"hash":"e160c595291d9d5b69047fc3b08d91f9c2882780","isMergeCommit":false,"messageTitle":"Add placeholder method to fetch organization data string","messageBody":"","fileTypesAndContributionMap":{"functional-code":{"insertions":47,"deletions":17}}},{"hash":"ac8ef6d94dc69d26507cc4f05c41a0ab4fa99bad","isMergeCommit":false,"messageTitle":"Add styling to OrganizationPanel component","messageBody":"","fileTypesAndContributionMap":{"functional-code":{"insertions":10,"deletions":3}}},{"hash":"179800045339b56f5290f1dbe23e4a637228a231","isMergeCommit":false,"messageTitle":"Update DeveloperGuide and UML diagram for OrganizationPanel","messageBody":"","fileTypesAndContributionMap":{"docs":{"insertions":6,"deletions":2}}},{"hash":"73d0aab316ac7437e32b701e35d1541f8a4e486e","isMergeCommit":true,"messageTitle":"Merge branch \u0027master\u0027 into feat-hierarchy-ui","messageBody":"","fileTypesAndContributionMap":{}},{"hash":"0c02896d3f6187570d31704d9143aa39ef93eed9","isMergeCommit":false,"messageTitle":"Fix checkstyle errors for OrganizationPanel feature","messageBody":"","fileTypesAndContributionMap":{"functional-code":{"insertions":1,"deletions":0},"test-code":{"insertions":5,"deletions":0}}},{"hash":"f3baf72001efc4231256f750b5593ea2fe1884a8","isMergeCommit":false,"messageTitle":"Add placeholder test case for getOrganizationHierarchyString","messageBody":"","fileTypesAndContributionMap":{"test-code":{"insertions":18,"deletions":0}}},{"hash":"83bcc233c534d29efed9e07a72589d172f174142","isMergeCommit":false,"messageTitle":"Update UML diagrams with updated Person model and Logic class","messageBody":"","fileTypesAndContributionMap":{"docs":{"insertions":9,"deletions":1}}},{"hash":"07cd0c68fd6391f7747e965d3d49fa9397fbaeb9","isMergeCommit":false,"messageTitle":"Update BetterModelClassDiagram with v1.3 attributes","messageBody":"","fileTypesAndContributionMap":{"docs":{"insertions":2,"deletions":0}}},{"hash":"c0a33e65eb3edd85ba2b2cd3e9698fad05a4042f","isMergeCommit":false,"messageTitle":"Create Subteams class as an attribute of Team","messageBody":"","fileTypesAndContributionMap":{"functional-code":{"insertions":174,"deletions":3}}},{"hash":"500e24c7f2613a28eab6de49dfd7dff7019ee9bd","isMergeCommit":false,"messageTitle":"Update Team to TeamId in BetterModelClassDiagram UML","messageBody":"Co-authored-by: Caleb Goh \u003c47849515+calebanana@users.noreply.github.com\u003e","fileTypesAndContributionMap":{"docs":{"insertions":1,"deletions":1}}}]},{"date":"2025-10-24T00:00:00","commitResults":[{"hash":"3c6a87285d169c6e57c19c14d4f90dc3bba9270e","isMergeCommit":false,"messageTitle":"Apply suggestions from code review","messageBody":"Co-authored-by: Caleb Goh \u003c47849515+calebanana@users.noreply.github.com\u003e","fileTypesAndContributionMap":{"docs":{"insertions":2,"deletions":2}}}]},{"date":"2025-10-28T00:00:00","commitResults":[{"hash":"63643c18af4af8bb5c88641a050d62696144a8c9","isMergeCommit":false,"messageTitle":"Fix SetSubteamCommand to properly track Team nesting","messageBody":"","fileTypesAndContributionMap":{"functional-code":{"insertions":258,"deletions":25}}}]},{"date":"2025-10-29T00:00:00","commitResults":[{"hash":"3a2973c69d0b34f58b7d4fedfdc56d3eb40db291","isMergeCommit":false,"messageTitle":"Create unit tests for Subteam and fix parentTeamId-related tests","messageBody":"","fileTypesAndContributionMap":{"functional-code":{"insertions":1,"deletions":2},"test-code":{"insertions":201,"deletions":11}}},{"hash":"8020f367b6cb505c2344988ac17ad32b48265c9b","isMergeCommit":false,"messageTitle":"Fix checkstyle and resolve PR comments","messageBody":"","fileTypesAndContributionMap":{"functional-code":{"insertions":16,"deletions":20},"test-code":{"insertions":1,"deletions":1}}},{"hash":"46b0e7b240e7c96ba33f24f79108db82d943a8f5","isMergeCommit":true,"messageTitle":"Merge branch \u0027master\u0027 into feat-subteams","messageBody":"","fileTypesAndContributionMap":{}},{"hash":"3aef0781f7e613888ac1be6621c982e00cf8789e","isMergeCommit":false,"messageTitle":"Fix trailing whitespace repo-wide test errors","messageBody":"","fileTypesAndContributionMap":{"functional-code":{"insertions":2,"deletions":2},"test-code":{"insertions":2,"deletions":2}}},{"hash":"5d97b5ae7fcc0dc92d19955fcb0265233322983c","isMergeCommit":false,"messageTitle":"Fix gradlew coverage check issues","messageBody":"","fileTypesAndContributionMap":{"functional-code":{"insertions":4,"deletions":1},"test-code":{"insertions":10,"deletions":10}}},{"hash":"cb357eb8be095d0f9da58a3dd451071bbf4ba7b2","isMergeCommit":false,"messageTitle":"Update user guide to include subteam-related commands","messageBody":"","fileTypesAndContributionMap":{"docs":{"insertions":17,"deletions":0}}},{"hash":"bdc57e10802c47fe248374e6bdf30d3574de15b9","isMergeCommit":false,"messageTitle":"Fix bug that allows creation of cyclic subteam nesting","messageBody":"","fileTypesAndContributionMap":{"functional-code":{"insertions":1,"deletions":1},"test-code":{"insertions":7,"deletions":5}}},{"hash":"559fe32fa51b5ff10da6274628ed528cac117819","isMergeCommit":false,"messageTitle":"Fix error messages to better reflect operation statuses","messageBody":"","fileTypesAndContributionMap":{"functional-code":{"insertions":16,"deletions":1},"test-code":{"insertions":69,"deletions":41}}},{"hash":"d28f2fc6cfe39b6e195d16a5dd63530364d340cc","isMergeCommit":false,"messageTitle":"Remove unused method from AddressBook and add code coverage","messageBody":"","fileTypesAndContributionMap":{"functional-code":{"insertions":0,"deletions":11},"test-code":{"insertions":17,"deletions":0}}},{"hash":"a80d985b07cfa393f23757ffa7f2ce0ba931544f","isMergeCommit":false,"messageTitle":"Replaced non-functioning tests in TeamTest","messageBody":"","fileTypesAndContributionMap":{"test-code":{"insertions":26,"deletions":63}}},{"hash":"d6330102971a16023786173372031f4b3ba9a68c","isMergeCommit":false,"messageTitle":"Add negative test cases to subteam-related tests","messageBody":"","fileTypesAndContributionMap":{"functional-code":{"insertions":1,"deletions":3},"test-code":{"insertions":48,"deletions":0}}},{"hash":"14e42d2ad2b8bfc3fd7b332ea9ad195ae65f96e2","isMergeCommit":false,"messageTitle":"Rename boolean variable to match coding standards","messageBody":"","fileTypesAndContributionMap":{"functional-code":{"insertions":2,"deletions":2}}},{"hash":"475e80e21091ab7b4e6fba2ee518cf98a3645530","isMergeCommit":true,"messageTitle":"Merge pull request from br-deleteTeam-command","messageBody":"Br delete team command","fileTypesAndContributionMap":{}},{"hash":"5fa19d79736044cf805ca6fc66e098b3445d0643","isMergeCommit":true,"messageTitle":"Merge branch \u0027master\u0027 into branch-FixSortingBug","messageBody":"","fileTypesAndContributionMap":{}},{"hash":"19ff982180519b1fe41949696d4bec5146b0af36","isMergeCommit":true,"messageTitle":"Merge pull request #151 from Z-Puyu/branch-FixSortingBug","messageBody":"Fix a bug causing sort command parse failures","fileTypesAndContributionMap":{}},{"hash":"a0f2d93e2710029d6c3ba0f14e229a65e0520ae6","isMergeCommit":false,"messageTitle":"Increase default window size and fix scaling issue","messageBody":"","fileTypesAndContributionMap":{"functional-code":{"insertions":3,"deletions":4}}},{"hash":"2339315b52184634f3fd319e74625199ac03e726","isMergeCommit":false,"messageTitle":"Change OrganizationPanel font to monospace font","messageBody":"","fileTypesAndContributionMap":{"functional-code":{"insertions":3,"deletions":6}}}]}]},"authorFileTypeContributionMap":{"yonglinnnnnn":{"docs":114,"functional-code":897,"test-code":1626,"other":4},"calebanana":{"docs":52,"functional-code":357,"test-code":442},"DannyOnCode":{"docs":105,"functional-code":1389,"test-code":1238,"other":20},"Z-Puyu":{"docs":176,"functional-code":556,"test-code":669},"kahkoii":{"docs":91,"functional-code":703,"test-code":388}},"authorContributionVariance":{"yonglinnnnnn":84886.81,"calebanana":23944.42,"DannyOnCode":109416.48,"Z-Puyu":63861.566,"kahkoii":13833.009},"authorDisplayNameMap":{"yonglinnnnnn":"CS2103-F12-1 XU Y.. LIN","calebanana":"CS2103-F12-1 CALE..N YU","DannyOnCode":"CS2103-F12-1 DANN..TIAN","Z-Puyu":"CS2103-F12-1 ZHAN..PUYU","kahkoii":"CS2103-F12-1 SWEE..H HO"}}
