{"authorDailyContributionsMap":{"yonglinnnnnn":[{"date":"2025-09-27T00:00:00","commitResults":[{"hash":"1434062b0b2e8c9bcca6074d2141cbc90b26a1e7","isMergeCommit":false,"messageTitle":"Rename yonglinnnnnn to yonglinnnnnn.md","messageBody":"","fileTypesAndContributionMap":{"docs":{"insertions":1,"deletions":0}}},{"hash":"91621ddb072df225c8c207d58ccd0ee70f3bce1b","isMergeCommit":false,"messageTitle":"Update AboutUs.md","messageBody":"","fileTypesAndContributionMap":{"docs":{"insertions":6,"deletions":6}}},{"hash":"0ea602df84f5f926cd018017cec26d93cd633083","isMergeCommit":false,"messageTitle":"Update yonglinnnnnn.md","messageBody":"","fileTypesAndContributionMap":{"docs":{"insertions":10,"deletions":1}}},{"hash":"4628846298e3143a31ebc49b646b5abbf5a8eb60","isMergeCommit":true,"messageTitle":"Merge branch \u0027master\u0027 into branch-UpdateAboutUs","messageBody":"","fileTypesAndContributionMap":{}},{"hash":"2f2498c97e84a0e1a0e5d3d51528408dc22c831f","isMergeCommit":true,"messageTitle":"Merge pull request #22 from Z-Puyu/branch-UpdateAboutUs","messageBody":"Update AboutUs page to add Puyu\u0027s profile","fileTypesAndContributionMap":{}},{"hash":"8a15656391c1c7ab8d5202e2e677d998d565c4b3","isMergeCommit":false,"messageTitle":"Update DeveloperGuide","messageBody":"","fileTypesAndContributionMap":{"docs":{"insertions":17,"deletions":12},"test-code":{"insertions":211,"deletions":0}}},{"hash":"8938d96a37a99f6d0997eba62c7dcd765c46ef8a","isMergeCommit":false,"messageTitle":"Remove Remark Test files","messageBody":"","fileTypesAndContributionMap":{"test-code":{"insertions":0,"deletions":211}}},{"hash":"9a48f7fc715d45639b64c5c7943fd131b9be6ec2","isMergeCommit":false,"messageTitle":"Update DeveloperGuide.md","messageBody":"","fileTypesAndContributionMap":{"docs":{"insertions":13,"deletions":15},"test-code":{"insertions":211,"deletions":0}}},{"hash":"10b89e121e9f37766cd41a4b10b3c4bf6e2064d8","isMergeCommit":false,"messageTitle":"Remove Remark Test files","messageBody":"","fileTypesAndContributionMap":{"test-code":{"insertions":0,"deletions":211}}},{"hash":"e1ff244d8a6e66da4bbb7d4c52e78bf7bf239ee9","isMergeCommit":true,"messageTitle":"Merge pull request #31 from Z-Puyu/branch-UseCases","messageBody":"Add use cases to DG","fileTypesAndContributionMap":{}}]}],"calebanana":[{"date":"2025-09-27T00:00:00","commitResults":[{"hash":"446e1d9f4323fb8b476edb9f22e3bd38328144a4","isMergeCommit":false,"messageTitle":"Add Caleb\u0027s profile to About Us page","messageBody":"","fileTypesAndContributionMap":{"docs":{"insertions":6,"deletions":6}}},{"hash":"16130a524d2c02b1d917aaa2c588f05b6a68c34e","isMergeCommit":false,"messageTitle":"Update individual contributions page","messageBody":"","fileTypesAndContributionMap":{"docs":{"insertions":1,"deletions":1}}},{"hash":"5405ae91a621002ff320d07b91940b959fd2fe44","isMergeCommit":false,"messageTitle":"Clear contents of individual contributions page","messageBody":"","fileTypesAndContributionMap":{"docs":{"insertions":0,"deletions":36}}},{"hash":"972653ecb3ae824c92d473174ced06ecf5e3dc2d","isMergeCommit":true,"messageTitle":"Merge branch \u0027AY2526S1-CS2103-F12-1:master\u0027 into br-add-profile","messageBody":"","fileTypesAndContributionMap":{}},{"hash":"e1441ce14fbe1db7b45eaca6931caab3bf3088a7","isMergeCommit":true,"messageTitle":"Merge pull request #21 from DannyOnCode/br-update-aboutus","messageBody":"Update AboutUs page to add Danny\u0027s profile","fileTypesAndContributionMap":{}},{"hash":"abe2b27a8fecf0b3b5d72e3589a16931a3e1aab9","isMergeCommit":true,"messageTitle":"Merge pull request #26 from DannyOnCode/br-fix-yaml-problem","messageBody":"Fix all md to resolve yaml error","fileTypesAndContributionMap":{}},{"hash":"d1099504454d0d9a7054d057ac39ca8224858ca0","isMergeCommit":false,"messageTitle":"Add NFRs to DG","messageBody":"","fileTypesAndContributionMap":{"docs":{"insertions":8,"deletions":3}}},{"hash":"3fbc52b8e7e954822518be11740a2134b36ac75f","isMergeCommit":false,"messageTitle":"Improve NFRs in DG","messageBody":"","fileTypesAndContributionMap":{"docs":{"insertions":6,"deletions":6}}},{"hash":"46ff761a1df2a0ffa5bea39ab54f7b3fa0ff5143","isMergeCommit":true,"messageTitle":"Merge pull request #33 from yonglinnnnnn/branch-update-dg","messageBody":"Add Target User profile, Value proposition, User stories to DG","fileTypesAndContributionMap":{}}]}],"DannyOnCode":[{"date":"2025-09-20T00:00:00","commitResults":[{"hash":"8be79df30c7c963bbec53a4b54fd93fb677970a4","isMergeCommit":false,"messageTitle":"Update README.md to include codecov badge","messageBody":"","fileTypesAndContributionMap":{"docs":{"insertions":1,"deletions":1}}}]},{"date":"2025-09-27T00:00:00","commitResults":[{"hash":"e2c166756e37a034d8dae2bbb22b5de17e2d67ee","isMergeCommit":true,"messageTitle":"Merge pull request #10 from kahkoii/br-add-photo","messageBody":"Add Kah Ho\u0027s photo","fileTypesAndContributionMap":{}},{"hash":"2c9c3897da49c743126b58b1a88e23ea9cc4c339","isMergeCommit":false,"messageTitle":"Update aboutus.md to include Danny profile","messageBody":"","fileTypesAndContributionMap":{"docs":{"insertions":7,"deletions":7}}},{"hash":"cae1ff8a49b1cd25dd9ffd95eb7b6d8cb4398d17","isMergeCommit":false,"messageTitle":"Update dannyoncode.md for additional information","messageBody":"","fileTypesAndContributionMap":{"docs":{"insertions":10,"deletions":0}}},{"hash":"5d46afb4a55b978aa73a6e9a0ac64501137a7faa","isMergeCommit":false,"messageTitle":"Fix AboutUs.md regarding checkstyle","messageBody":"","fileTypesAndContributionMap":{"docs":{"insertions":2,"deletions":2}}},{"hash":"05a9ee80710072773af1bbd5900425fba9d7432e","isMergeCommit":false,"messageTitle":"Fix dannyoncode.md to pass checkstyle","messageBody":"","fileTypesAndContributionMap":{"docs":{"insertions":3,"deletions":3}}},{"hash":"d9275eefe663beb8d1f711914161b5145ff76dfb","isMergeCommit":false,"messageTitle":"Update last name to profile","messageBody":"","fileTypesAndContributionMap":{"docs":{"insertions":1,"deletions":1}}},{"hash":"618f40e955563a0d3116f8ef519f1472ab859bba","isMergeCommit":true,"messageTitle":"Merge pull request #24 from kahkoii/br-update-about-us","messageBody":"Update About Us Page to add Kah Ho profile","fileTypesAndContributionMap":{}},{"hash":"2760e85f57bc4ab99b63a99d9c084267a54def90","isMergeCommit":false,"messageTitle":"Fix all md to resolve yaml error","messageBody":"","fileTypesAndContributionMap":{"docs":{"insertions":4,"deletions":4}}},{"hash":"1d8dabc6978ab79ef4bbb9e04eefa61f1bf1fde3","isMergeCommit":true,"messageTitle":"Merge pull request #28 from calebanana/br-update-dg","messageBody":"Add NFRs to DG","fileTypesAndContributionMap":{}}]}],"Z-Puyu":[{"date":"2025-09-27T00:00:00","commitResults":[{"hash":"f21269eb7b7ae2c526fe2f5abffe44163be5e9d2","isMergeCommit":true,"messageTitle":"Merge pull request #9 from calebanana/br-add-photo","messageBody":"Add Caleb\u0027s photo","fileTypesAndContributionMap":{}},{"hash":"a0ebe8362732f8fd79be8f519f96c4dec93f70bd","isMergeCommit":false,"messageTitle":"Add Puyu\u0027s profile","messageBody":"","fileTypesAndContributionMap":{"docs":{"insertions":16,"deletions":52}}},{"hash":"665ea58f4bb2b17d98614101c6386beabd0a8ae1","isMergeCommit":false,"messageTitle":"z-puyu.md: Resolve front matter error","messageBody":"","fileTypesAndContributionMap":{"docs":{"insertions":1,"deletions":1}}},{"hash":"781cee2bc3e70fa1b5e4ba6a85b6307db6cd0e20","isMergeCommit":false,"messageTitle":"AboutUs.md: delete template texts","messageBody":"","fileTypesAndContributionMap":{"docs":{"insertions":0,"deletions":39}}},{"hash":"318b915d8b508e506564be317e9a45ca23ed44de","isMergeCommit":false,"messageTitle":"AboutUs.md: resolve front matter error","messageBody":"","fileTypesAndContributionMap":{"docs":{"insertions":1,"deletions":1}}},{"hash":"5660c8c152e8e1c7408e8c086670c4df291829a3","isMergeCommit":true,"messageTitle":"Merge pull request #20 from calebanana/br-add-profile","messageBody":"Update About Us page to add Caleb\u0027s profile","fileTypesAndContributionMap":{}},{"hash":"008ecc86a8b263c3c42cd03c635fd84a2c2d6136","isMergeCommit":false,"messageTitle":"Add use cases to DG","messageBody":"","fileTypesAndContributionMap":{"docs":{"insertions":123,"deletions":6}}},{"hash":"70c90e72f8a41a966ec85e5120aff81f7c67b9d2","isMergeCommit":true,"messageTitle":"Merge pull request #34 from kahkoii/br-update-readme-ui","messageBody":"Update project README and Ui image","fileTypesAndContributionMap":{}}]}],"kahkoii":[{"date":"2025-09-27T00:00:00","commitResults":[{"hash":"39ee9321d0d930a1e18dd72fd78ed1390503f40b","isMergeCommit":false,"messageTitle":"Update About Us Page to add Kah Ho profile","messageBody":"","fileTypesAndContributionMap":{"docs":{"insertions":16,"deletions":6}}},{"hash":"169e95659a12bfc995c06cd3736716ede8e4cc3c","isMergeCommit":true,"messageTitle":"Merge pull request #23 from yonglinnnnnn/br-update-aboutus-page","messageBody":"Update AboutUs page to add Yong Lin\u0027s profile","fileTypesAndContributionMap":{}},{"hash":"8e1ea614e4154881630a70e925f39ce0dc901924","isMergeCommit":false,"messageTitle":"Update About Us Page to add Kah Ho profile","messageBody":"","fileTypesAndContributionMap":{"docs":{"insertions":15,"deletions":5}}},{"hash":"e447a28ff425dd3fbf730adbcf0f1794a5e789ac","isMergeCommit":false,"messageTitle":"Fix YAML error on AboutUs","messageBody":"","fileTypesAndContributionMap":{"docs":{"insertions":1,"deletions":1}}},{"hash":"1ffdcdc3aef73b9e7e2e3657e195aeab07b39e38","isMergeCommit":true,"messageTitle":"Merge remote-tracking branch \u0027origin/br-update-about-us\u0027 into br-update-about-us","messageBody":"","fileTypesAndContributionMap":{}},{"hash":"1738ec219cdccd99ed9845eb53442e00f5bd1f1a","isMergeCommit":false,"messageTitle":"Update project README and Ui image","messageBody":"","fileTypesAndContributionMap":{"docs":{"insertions":18,"deletions":11}}}]}]},"authorFileTypeContributionMap":{"yonglinnnnnn":{"docs":30,"functional-code":0,"test-code":0},"calebanana":{"docs":15,"functional-code":0,"test-code":0},"DannyOnCode":{"docs":18,"functional-code":0,"test-code":0},"Z-Puyu":{"docs":138,"functional-code":0,"test-code":0},"kahkoii":{"docs":32,"functional-code":0,"test-code":0}},"authorContributionVariance":{"yonglinnnnnn":84506.17,"calebanana":526.321,"DannyOnCode":189.4321,"Z-Puyu":5688.8887,"kahkoii":526.321},"authorDisplayNameMap":{"yonglinnnnnn":"CS2103-F12-1 XU Y.. LIN","calebanana":"CS2103-F12-1 CALE..N YU","DannyOnCode":"CS2103-F12-1 DANN..TIAN","Z-Puyu":"CS2103-F12-1 ZHAN..PUYU","kahkoii":"CS2103-F12-1 SWEE..H HO"}}
