{"authorDailyContributionsMap":{"zzzyans":[{"date":"2025-10-01T00:00:00","commitResults":[{"hash":"60057db8e27ee1ff4fe3b3607d39fb2efe7cdcaf","isMergeCommit":false,"messageTitle":"Add Zhi Yan\u0027s details","messageBody":"","fileTypesAndContributionMap":{"docs":{"insertions":6,"deletions":6}}},{"hash":"8dc129d0d3bc0f14ddff07114cb7200d5e2d835c","isMergeCommit":false,"messageTitle":"Acknowledge original source of the code in README","messageBody":"","fileTypesAndContributionMap":{"docs":{"insertions":1,"deletions":0}}},{"hash":"79e2833ef3114d9e5271c690c024dc31cf7d0d6b","isMergeCommit":true,"messageTitle":"Merge pull request #54 from estherkyx/feature/add-esther-details","messageBody":"Add Esther\u0027s details","fileTypesAndContributionMap":{}},{"hash":"0cc0eed2bddcc74f73eb4f328e1605cf17992af1","isMergeCommit":true,"messageTitle":"Resolve merge conflict","messageBody":"","fileTypesAndContributionMap":{}}]},{"date":"2025-10-02T00:00:00","commitResults":[{"hash":"b258ea3fffeff5288e6a8dcac8af41c675c04ad5","isMergeCommit":false,"messageTitle":"Update DG requirements section","messageBody":"","fileTypesAndContributionMap":{"docs":{"insertions":134,"deletions":40}}},{"hash":"ac674b068fd6658c100286288905d648d5bc0108","isMergeCommit":false,"messageTitle":"Fix typo in DG","messageBody":"","fileTypesAndContributionMap":{"docs":{"insertions":1,"deletions":1}}}]},{"date":"2025-10-09T00:00:00","commitResults":[{"hash":"f9d289975689d3b50f4ce8fc437b688090a96d54","isMergeCommit":false,"messageTitle":"Add parser support for GetParent command","messageBody":"","fileTypesAndContributionMap":{"functional-code":{"insertions":97,"deletions":0},"test-code":{"insertions":105,"deletions":0}}},{"hash":"984a78173683640046bf31ed4737ec191df5d861","isMergeCommit":true,"messageTitle":"Merge pull request #83 from oysterboi/feature/linktutor-parser-support","messageBody":"Create LinkTutor command and do parser support","fileTypesAndContributionMap":{}}]},{"date":"2025-10-15T00:00:00","commitResults":[{"hash":"74fec3039d448039ca9722b270dcb3679f04961c","isMergeCommit":false,"messageTitle":"Implement full getParent command and corresponding tests","messageBody":"","fileTypesAndContributionMap":{"functional-code":{"insertions":55,"deletions":2},"test-code":{"insertions":76,"deletions":6}}}]},{"date":"2025-10-16T00:00:00","commitResults":[{"hash":"a7964ddc6e9710dce98381c519f856c039cc8300","isMergeCommit":true,"messageTitle":"Merge branch \u0027master\u0027 into feature/get-parent after refactoring","messageBody":"","fileTypesAndContributionMap":{}},{"hash":"d05e380dac5455c219233dd2927d5ccd49ae05ee","isMergeCommit":false,"messageTitle":"Edit getParent command after refactoring of Category enum","messageBody":"","fileTypesAndContributionMap":{"functional-code":{"insertions":4,"deletions":2},"test-code":{"insertions":5,"deletions":3}}},{"hash":"5da1720358e785b182c39000ba6b7848d1feebb3","isMergeCommit":false,"messageTitle":"Update UI to show only parent in address book after successful execution of  getParent command","messageBody":"","fileTypesAndContributionMap":{"functional-code":{"insertions":9,"deletions":3},"test-code":{"insertions":31,"deletions":0}}},{"hash":"a262220e448168f79dd7523092467384078cfe73","isMergeCommit":false,"messageTitle":"Add getParent command in UG","messageBody":"","fileTypesAndContributionMap":{"docs":{"insertions":9,"deletions":0}}}]},{"date":"2025-10-20T00:00:00","commitResults":[{"hash":"65ff29925890a9070b929931508ae1a9954102a1","isMergeCommit":true,"messageTitle":"Merge pull request #119 from reynabxr/feature/create-tuitionclass-class","messageBody":"Create TuitionClass class","fileTypesAndContributionMap":{}}]},{"date":"2025-10-21T00:00:00","commitResults":[{"hash":"16865c4e645c6ab5ee79a9754a621810daa54f34","isMergeCommit":false,"messageTitle":"Update introduction of User Guide to the context of TutorFlow","messageBody":"","fileTypesAndContributionMap":{"docs":{"insertions":8,"deletions":8}}},{"hash":"8931b407f35079f138df2a2e7c38017db111cd11","isMergeCommit":true,"messageTitle":"Resolve merge conflict with updated UG introduction in master","messageBody":"","fileTypesAndContributionMap":{}},{"hash":"05021060e8a4325efebe0ffad934cc1eae114497","isMergeCommit":false,"messageTitle":"Implement getClasses command","messageBody":"","fileTypesAndContributionMap":{"functional-code":{"insertions":158,"deletions":0},"test-code":{"insertions":109,"deletions":0}}}]},{"date":"2025-10-22T00:00:00","commitResults":[{"hash":"068e256c6126fc7037f006a0674c21bb268ee375","isMergeCommit":false,"messageTitle":"Write tests for GetClassesCommand","messageBody":"","fileTypesAndContributionMap":{"test-code":{"insertions":28,"deletions":0}}},{"hash":"8c79601b66a1abad91a7f3b085eee68d31a7c563","isMergeCommit":true,"messageTitle":"Resolve merge conflict when pulling from upstream","messageBody":"","fileTypesAndContributionMap":{}},{"hash":"474b5d5acd5695bc1c570058b3a181bac7dfa377","isMergeCommit":true,"messageTitle":"Merge pull request #132 from estherkyx/feature/list-filters","messageBody":"Add option to list by category","fileTypesAndContributionMap":{}},{"hash":"f6ee9175c452cf154a08cc0c5b23435565dbe3e5","isMergeCommit":false,"messageTitle":"Restore changes from master, update UG introduction, add list by category feature and correct format for createClass command","messageBody":"","fileTypesAndContributionMap":{"docs":{"insertions":26,"deletions":17}}},{"hash":"c08cbdabfe60a1285c60454405f25e4bc5542329","isMergeCommit":true,"messageTitle":"Merge branch \u0027master\u0027 into feature/update-ug-introduction","messageBody":"","fileTypesAndContributionMap":{}},{"hash":"ab2e0b7adaebc4dda122d2a5e7de245bfcba9898","isMergeCommit":false,"messageTitle":"Update description for list by category feature","messageBody":"","fileTypesAndContributionMap":{"docs":{"insertions":3,"deletions":3}}},{"hash":"e8a32079b59fb483bdb003179e1c40b85a883f1c","isMergeCommit":false,"messageTitle":"Write tests for GetClassesCommandParser and add GetClassesCommand test in AddressBookParser","messageBody":"","fileTypesAndContributionMap":{"functional-code":{"insertions":24,"deletions":12},"test-code":{"insertions":67,"deletions":1}}},{"hash":"c10b9b60287b5370f2cad52678c2d5eb35bf66cc","isMergeCommit":true,"messageTitle":"Merge branch \u0027master\u0027 into feature/get-classes","messageBody":"","fileTypesAndContributionMap":{}},{"hash":"aad690478072bc7ad6f90dc3b64959b2da57088b","isMergeCommit":true,"messageTitle":"Merge branch \u0027master\u0027 into feature/update-ug-introduction","messageBody":"","fileTypesAndContributionMap":{}},{"hash":"f5f219c621542a5c8437087f2d77712ca33c78ea","isMergeCommit":false,"messageTitle":"Update command format for linkClass, unlinkClass and getClassDetails commands","messageBody":"","fileTypesAndContributionMap":{"docs":{"insertions":20,"deletions":20}}},{"hash":"d32bc5f263e675a930fbbec479b4e89b19f3e1d7","isMergeCommit":false,"messageTitle":"Fix bug to be able to get classes from all persons, not the filtered list","messageBody":"","fileTypesAndContributionMap":{"functional-code":{"insertions":3,"deletions":0}}},{"hash":"0e4519a3ef55d51e8ea5c131dea270eb04a7ba99","isMergeCommit":true,"messageTitle":"Merge pull request #145 from zzzyans/feature/get-classes","messageBody":"Implement getClasses command","fileTypesAndContributionMap":{}}]},{"date":"2025-10-23T00:00:00","commitResults":[{"hash":"90f7a11fc8277730b72661b55c673650a0e758b3","isMergeCommit":true,"messageTitle":"Merge pull request #148 from estherkyx/fix/list-filter-parse-exception","messageBody":"Fix ListCommand parse exception format and adjust tests","fileTypesAndContributionMap":{}},{"hash":"91f00010198fff4f99755fc3500a1a5f743359d4","isMergeCommit":false,"messageTitle":"Update Storage class diagram with tuition class storage and Model class diagram with Person multiplicity","messageBody":"","fileTypesAndContributionMap":{"docs":{"insertions":6,"deletions":4}}}]},{"date":"2025-10-26T00:00:00","commitResults":[{"hash":"2934defc383412ff571648c6eb25808b81d726df","isMergeCommit":false,"messageTitle":"Shift filtered labels from ModelManager","messageBody":"","fileTypesAndContributionMap":{"docs":{"insertions":3,"deletions":3}}}]}],"zekaistic":[{"date":"2025-09-29T00:00:00","commitResults":[{"hash":"9fd531d2876a869acc8b2da18fc73d0466680712","isMergeCommit":false,"messageTitle":"Add Ze Kai\u0027s details","messageBody":"","fileTypesAndContributionMap":{"docs":{"insertions":5,"deletions":5}}}]},{"date":"2025-09-30T00:00:00","commitResults":[{"hash":"d03097aeabe0c558bdc972eeafad17ee1eaf8610","isMergeCommit":false,"messageTitle":"Add team lead role","messageBody":"","fileTypesAndContributionMap":{"docs":{"insertions":1,"deletions":1}}}]},{"date":"2025-10-01T00:00:00","commitResults":[{"hash":"5aff8b223d2d5a7a1ed61e7f102e4f79055c597e","isMergeCommit":true,"messageTitle":"Merge pull request #48 from reynabxr/branch-UpdateAboutUs","messageBody":"Add Reyna\u0027s details","fileTypesAndContributionMap":{}},{"hash":"2044986718b3f1dfdbc4151e398f4cb52ebab9f3","isMergeCommit":false,"messageTitle":"Update site-wide settings","messageBody":"","fileTypesAndContributionMap":{"other":{"insertions":2,"deletions":2}}}]},{"date":"2025-10-02T00:00:00","commitResults":[{"hash":"42b7f19a5d41eed8c6fa4c05abb71a8f2699ac1e","isMergeCommit":true,"messageTitle":"Merge pull request #74 from estherkyx/feature/update-website-index","messageBody":"Update index.md","fileTypesAndContributionMap":{}}]},{"date":"2025-10-09T00:00:00","commitResults":[{"hash":"d359b7f77ae76c90a102db6a814a36f2e2021f62","isMergeCommit":false,"messageTitle":"Add basic category feature","messageBody":"","fileTypesAndContributionMap":{"functional-code":{"insertions":72,"deletions":20},"test-code":{"insertions":54,"deletions":22}}},{"hash":"fb60e3c92cecd4174738f87a6a04ccefa7643c75","isMergeCommit":true,"messageTitle":"Merge pull request #81 from reynabxr/feature/parser-support-link-student-parent","messageBody":"Create LinkParentCommand and implement parse user input for link student to parent","fileTypesAndContributionMap":{}},{"hash":"4c7692106c48ac04f480f4dbc13df7311724dd2e","isMergeCommit":false,"messageTitle":"Update tests","messageBody":"","fileTypesAndContributionMap":{"functional-code":{"insertions":8,"deletions":2},"test-code":{"insertions":96,"deletions":51}}},{"hash":"485f80bbf3b6f17716eca694e2ed0c41f5409c5c","isMergeCommit":false,"messageTitle":"Address pr comments","messageBody":"","fileTypesAndContributionMap":{"functional-code":{"insertions":8,"deletions":3},"test-code":{"insertions":31,"deletions":15}}}]},{"date":"2025-10-10T00:00:00","commitResults":[{"hash":"78d03facda7dced9df2913a3faa519fee9bd2dd2","isMergeCommit":false,"messageTitle":"Add classes and implement IDs for linking support","messageBody":"","fileTypesAndContributionMap":{"functional-code":{"insertions":310,"deletions":1}}},{"hash":"3aa74a4208b8d265e4926bb88a6341c467513618","isMergeCommit":false,"messageTitle":"Update test","messageBody":"","fileTypesAndContributionMap":{"test-code":{"insertions":2,"deletions":2}}}]},{"date":"2025-10-11T00:00:00","commitResults":[{"hash":"107fb05ad36768caae88a031ce885918d9518811","isMergeCommit":false,"messageTitle":"Address pr comments","messageBody":"","fileTypesAndContributionMap":{"functional-code":{"insertions":9,"deletions":2},"test-code":{"insertions":13,"deletions":1}}}]},{"date":"2025-10-15T00:00:00","commitResults":[{"hash":"aca2fbb4c67852fdaa15fc7b2d258316017ee0ed","isMergeCommit":false,"messageTitle":"Add category class","messageBody":"","fileTypesAndContributionMap":{"functional-code":{"insertions":98,"deletions":30},"test-code":{"insertions":8,"deletions":6}}},{"hash":"c3dfaee201e03d2e56c76bc13588adf1a7bb1686","isMergeCommit":false,"messageTitle":"Update test, fix checkstyle","messageBody":"","fileTypesAndContributionMap":{"test-code":{"insertions":5,"deletions":4}}},{"hash":"a0abe718d6f9ddd0e7bfc1a3ea45afa2ac22edb7","isMergeCommit":false,"messageTitle":"Update user guide","messageBody":"","fileTypesAndContributionMap":{"docs":{"insertions":16,"deletions":20}}}]},{"date":"2025-10-16T00:00:00","commitResults":[{"hash":"119c57cceb0eb19635d1f591766e3e6e1aa84c8b","isMergeCommit":false,"messageTitle":"Refactor codebase","messageBody":"","fileTypesAndContributionMap":{"functional-code":{"insertions":131,"deletions":4},"test-code":{"insertions":39,"deletions":2}}},{"hash":"08e9fe0f06093a4c11c18ebfd8f93980654a8e54","isMergeCommit":true,"messageTitle":"Merge pull request #93 from zzzyans/feature/get-parent","messageBody":"Implement full getParent command and corresponding tests","fileTypesAndContributionMap":{}},{"hash":"5b88438da5b2407a2aa9fffe2aa74fd688564830","isMergeCommit":true,"messageTitle":"Merge pull request #102 from estherkyx/fix/addressbook-classes","messageBody":"Fix bugs in addressbook","fileTypesAndContributionMap":{}},{"hash":"3a478bdf8dab617bd0265ca97055b68486db7f76","isMergeCommit":true,"messageTitle":"Merge pull request #105 from reynabxr/fix/JsonAdaptedPerson","messageBody":"Fix ToModelType method in JsonAdaptedPerson","fileTypesAndContributionMap":{}}]},{"date":"2025-10-17T00:00:00","commitResults":[{"hash":"9a66777d77f26de037171cca54873c18cf98e71d","isMergeCommit":true,"messageTitle":"Merge pull request #108 from reynabxr/fix/checkstyle","messageBody":"Fix minor checkstyle issue","tags":["v1.3"],"fileTypesAndContributionMap":{}}]},{"date":"2025-10-19T00:00:00","commitResults":[{"hash":"d976f674d8ac48765898e0134b0076438fb7baa0","isMergeCommit":false,"messageTitle":"Change version and naming of jar","messageBody":"","fileTypesAndContributionMap":{"functional-code":{"insertions":1,"deletions":1},"other":{"insertions":1,"deletions":1}}},{"hash":"92b661725115247894578c782edc8c6a71d2ac09","isMergeCommit":false,"messageTitle":"Add new version 1.4","messageBody":"","fileTypesAndContributionMap":{"functional-code":{"insertions":1,"deletions":1}}}]},{"date":"2025-10-20T00:00:00","commitResults":[{"hash":"3fd18c723dee963161048a2471887047b2231256","isMergeCommit":false,"messageTitle":"Modify user guide content and css","messageBody":"","fileTypesAndContributionMap":{"docs":{"insertions":148,"deletions":50}}},{"hash":"3a7cf34dc41cf9c41b220513783adfddfa4661af","isMergeCommit":false,"messageTitle":"Remove whitespace","messageBody":"","fileTypesAndContributionMap":{"docs":{"insertions":5,"deletions":5}}}]},{"date":"2025-10-21T00:00:00","commitResults":[{"hash":"9cf73cdb5a4abcc940dc66372c47838b578653d7","isMergeCommit":false,"messageTitle":"Update GUI","messageBody":"","fileTypesAndContributionMap":{"functional-code":{"insertions":255,"deletions":49}}},{"hash":"d7008d7835a8a6e0963baf0de69517f6ca390645","isMergeCommit":false,"messageTitle":"Add personLookup function","messageBody":"","fileTypesAndContributionMap":{"functional-code":{"insertions":10,"deletions":1}}},{"hash":"83fc8f7d1ad621538b3881410d01d22082fc7e2c","isMergeCommit":false,"messageTitle":"Resolve relationship bug","messageBody":"","fileTypesAndContributionMap":{"functional-code":{"insertions":35,"deletions":1}}},{"hash":"f8c4275cbd3bec4380ac87b12e4cc9156a8405d8","isMergeCommit":false,"messageTitle":"Fix checkstyle","messageBody":"","fileTypesAndContributionMap":{"functional-code":{"insertions":2,"deletions":2}}},{"hash":"befd776fc350d07e9113d3214409040dd4d781e0","isMergeCommit":false,"messageTitle":"Clean up old relationships","messageBody":"Resolves bug where commands were facing null pointer exceptions when trying to change people\u0027s categories after setting relationships.\n","fileTypesAndContributionMap":{"functional-code":{"insertions":64,"deletions":2}}}]},{"date":"2025-10-22T00:00:00","commitResults":[{"hash":"f2d81704974c3615856c0164d1fe1ef6df073f7b","isMergeCommit":true,"messageTitle":"Merge pull request #140 from estherkyx/enable-assertions","messageBody":"Enable assertions in build.gradle file","fileTypesAndContributionMap":{}}]},{"date":"2025-10-23T00:00:00","commitResults":[{"hash":"e8de700808422b09549ab4700b13fb9a42a72491","isMergeCommit":true,"messageTitle":"Merge pull request #150 from estherkyx/chore/refactor-get-students-command","messageBody":"Refactor getStudents command","fileTypesAndContributionMap":{}},{"hash":"d5e1ce2a9ac795e08c9549ed930d8fbb33d6e1ad","isMergeCommit":false,"messageTitle":"Fix user guide links","messageBody":"","fileTypesAndContributionMap":{"docs":{"insertions":6,"deletions":6}}},{"hash":"7b9330527d52c4084d6bfc8e4592975c9c994746","isMergeCommit":false,"messageTitle":"Add listener to keep cells refreshed","messageBody":"","fileTypesAndContributionMap":{"functional-code":{"insertions":11,"deletions":0}}},{"hash":"d14e43dbf7bebb101808be77ab570488261260ab","isMergeCommit":false,"messageTitle":"Update GUI for classes","messageBody":"","fileTypesAndContributionMap":{"functional-code":{"insertions":154,"deletions":10},"test-code":{"insertions":5,"deletions":0}}},{"hash":"a334f9e011a39d5bd95ec0192d68dfb2a1849593","isMergeCommit":false,"messageTitle":"Update UG","messageBody":"","fileTypesAndContributionMap":{"functional-code":{"insertions":1,"deletions":1}}},{"hash":"82f11f3735d7f61cfa40ce3bf1a3252fec709de8","isMergeCommit":false,"messageTitle":"Add classes to ModelClassDiagram.puml","messageBody":"","fileTypesAndContributionMap":{"docs":{"insertions":9,"deletions":0}}},{"hash":"38e46728c4e671062beed5102f2d85088dbcfaa1","isMergeCommit":true,"messageTitle":"Merge pull request #158 from zekaistic/docs/modelclassdiagram-add-classes","messageBody":"Add classes to ModelClassDiagram.puml","fileTypesAndContributionMap":{}}]}],"reynabxr":[{"date":"2025-09-30T00:00:00","commitResults":[{"hash":"d949998e539df7e7013bbdc1742a6668c514ba96","isMergeCommit":false,"messageTitle":"Update AboutUs details","messageBody":"","fileTypesAndContributionMap":{"docs":{"insertions":4,"deletions":4}}}]},{"date":"2025-10-01T00:00:00","commitResults":[{"hash":"45e1684e81b26b0ce5ff0da734d8a2f65062e85e","isMergeCommit":true,"messageTitle":"Merge pull request #51 from oysterboi/yansheng-aboutus-update","messageBody":"Add Yan Sheng\u0027s details","fileTypesAndContributionMap":{}},{"hash":"28354e9a31811a4f263d5b19d5c9271a4c060613","isMergeCommit":false,"messageTitle":"Update README details","messageBody":"","fileTypesAndContributionMap":{"docs":{"insertions":15,"deletions":10}}},{"hash":"203f027b68e1baf43b31ec79f478cacc0110509e","isMergeCommit":false,"messageTitle":"Fix style issue","messageBody":"","fileTypesAndContributionMap":{"docs":{"insertions":1,"deletions":1}}}]},{"date":"2025-10-02T00:00:00","commitResults":[{"hash":"c113e2e160e26291ce911c59a1682cb04504d450","isMergeCommit":true,"messageTitle":"Resolve merge conflict","messageBody":"","fileTypesAndContributionMap":{}}]},{"date":"2025-10-09T00:00:00","commitResults":[{"hash":"9adbaf2abbcedd26c3db45f1a48a76e04cb0c3a0","isMergeCommit":false,"messageTitle":"Create LinkParentCommand and implement parse user input","messageBody":"","fileTypesAndContributionMap":{"functional-code":{"insertions":101,"deletions":0}}},{"hash":"c45b75b05280d56c0d3b4fdb1229834834b8aa77","isMergeCommit":false,"messageTitle":"Fix checkstyle","messageBody":"","fileTypesAndContributionMap":{"functional-code":{"insertions":1,"deletions":0}}},{"hash":"0c37c9ef886b17949333c5a69f99be85778cc74f","isMergeCommit":false,"messageTitle":"Fix checkstyle","messageBody":"","fileTypesAndContributionMap":{"functional-code":{"insertions":1,"deletions":1}}},{"hash":"90832a7c8882cbce06fc83f5b9089f2dc07c2d30","isMergeCommit":false,"messageTitle":"Add JavaDocs comments","messageBody":"","fileTypesAndContributionMap":{"functional-code":{"insertions":6,"deletions":0}}},{"hash":"45fdb3d844907dd21f8645e66138e2f6a47cd4f8","isMergeCommit":true,"messageTitle":"Merge pull request #80 from estherkyx/feature/add-get-students-parser","messageBody":"Add parser support to list all students of a tutor","fileTypesAndContributionMap":{}}]},{"date":"2025-10-15T00:00:00","commitResults":[{"hash":"69b1907cca929094676e08705cd4d19b404c72af","isMergeCommit":true,"messageTitle":"Merge pull request #92 from zekaistic/feat/full-category-feature","messageBody":"Implement full category feature","fileTypesAndContributionMap":{}},{"hash":"37d44b73b94e885a875e83769c597a46e707bc98","isMergeCommit":false,"messageTitle":"Implement LinkParentCommand but JsonAdaptedPerson is incomplete","messageBody":"","fileTypesAndContributionMap":{"functional-code":{"insertions":119,"deletions":8}}},{"hash":"78b412c2609f84be79493a8b5d420a284b5a3fb2","isMergeCommit":true,"messageTitle":"Merge branch \u0027master\u0027 into feature/link-parent-command","messageBody":"","fileTypesAndContributionMap":{}}]},{"date":"2025-10-16T00:00:00","commitResults":[{"hash":"1d4817b7318342933708bd7f913abcef147ad59e","isMergeCommit":true,"messageTitle":"Merge branch \u0027master\u0027 into feature/link-parent-command after refactoring","messageBody":"","fileTypesAndContributionMap":{}},{"hash":"05b0c5eff4ef74e72cb7d98ce7c3df176ee267c3","isMergeCommit":false,"messageTitle":"Add full link parent command including tests","messageBody":"","fileTypesAndContributionMap":{"functional-code":{"insertions":22,"deletions":5},"test-code":{"insertions":222,"deletions":21}}},{"hash":"47413459a94e1c3b35e64534e07481d6864bcd98","isMergeCommit":false,"messageTitle":"Edit UserGuide to include link parent command","messageBody":"","fileTypesAndContributionMap":{"docs":{"insertions":15,"deletions":0}}},{"hash":"ea96e688c2fb5f4e6cd5002366a1a4f68bb44796","isMergeCommit":true,"messageTitle":"Resolve merge conflicts","messageBody":"","fileTypesAndContributionMap":{}},{"hash":"87c08d35a06094028cf9ea2bed15d6cddfc406a5","isMergeCommit":false,"messageTitle":"Edit existing tests to match updated typicalpersons","messageBody":"","fileTypesAndContributionMap":{"test-code":{"insertions":11,"deletions":10}}},{"hash":"b5cd28526c67feb8bd9adbb2ae5ed371b046bb6c","isMergeCommit":true,"messageTitle":"Merge pull request #101 from estherkyx/docs/update-user-guide","messageBody":"Update user guide","fileTypesAndContributionMap":{}},{"hash":"65bc85ae7ab98ab1771d49be8a5560c26993fef0","isMergeCommit":false,"messageTitle":"Fix ToModelType method in JsonAdaptedPerson","messageBody":"","fileTypesAndContributionMap":{"functional-code":{"insertions":22,"deletions":1}}}]},{"date":"2025-10-17T00:00:00","commitResults":[{"hash":"ebfb03da0c5b02d2afa83c6365a6eb25ce224fdf","isMergeCommit":false,"messageTitle":"Fix minor checkstyle issue","messageBody":"","fileTypesAndContributionMap":{"functional-code":{"insertions":7,"deletions":5}}}]},{"date":"2025-10-20T00:00:00","commitResults":[{"hash":"cc726d2ce198c2de9c94d66e4d22e1c9589da3f9","isMergeCommit":false,"messageTitle":"Create TuitionClass class","messageBody":"","fileTypesAndContributionMap":{"functional-code":{"insertions":298,"deletions":2},"test-code":{"insertions":18,"deletions":1}}},{"hash":"b7b58f02000d3a9bd591c083096ec9fee741580c","isMergeCommit":false,"messageTitle":"Add Javadocs comments","messageBody":"","fileTypesAndContributionMap":{"functional-code":{"insertions":38,"deletions":9}}},{"hash":"a0797aab2e529ac01154493ebe9c546b632b5b42","isMergeCommit":false,"messageTitle":"Implement storage for TuitionClass class","messageBody":"","fileTypesAndContributionMap":{"functional-code":{"insertions":124,"deletions":6},"test-code":{"insertions":137,"deletions":14}}}]},{"date":"2025-10-21T00:00:00","commitResults":[{"hash":"63758ba76d6875e5a32937a7126ca442875ed4d8","isMergeCommit":false,"messageTitle":"Implement createClass command","messageBody":"","fileTypesAndContributionMap":{"functional-code":{"insertions":243,"deletions":9},"test-code":{"insertions":248,"deletions":1}}},{"hash":"d5899cdb3d756db1f3c3ab92b7ecaf56250d2403","isMergeCommit":false,"messageTitle":"Implement linkClass command","messageBody":"","fileTypesAndContributionMap":{"functional-code":{"insertions":348,"deletions":9},"test-code":{"insertions":307,"deletions":1}}},{"hash":"8820d565884863d247a845601b3d0ee6404fae75","isMergeCommit":false,"messageTitle":"Remove rate field","messageBody":"","fileTypesAndContributionMap":{"functional-code":{"insertions":3,"deletions":12},"test-code":{"insertions":2,"deletions":4}}},{"hash":"3f30446debb8ff39118cf8861e698a76a8c98d97","isMergeCommit":true,"messageTitle":"Merge pull request #123 from reynabxr/feature/tuition-class-storage","messageBody":"Implement storage for TuitionClass class","fileTypesAndContributionMap":{}},{"hash":"5b2cf63783a98b801b0a02e25298aecf5d0c0136","isMergeCommit":true,"messageTitle":"Resolve merge conflicts","messageBody":"","fileTypesAndContributionMap":{}},{"hash":"2b6e61fdffaf448135048e1f71130f9bb4d3f0be","isMergeCommit":false,"messageTitle":"Fix bugs","messageBody":"","fileTypesAndContributionMap":{"functional-code":{"insertions":44,"deletions":11}}},{"hash":"e0bd3511e69dcbdac59866a889fccf92e29b9be8","isMergeCommit":true,"messageTitle":"Merge pull request #124 from reynabxr/feature/createClass-command","messageBody":"Implement createClass command","fileTypesAndContributionMap":{}},{"hash":"403a6ace9f8098b88abeb3f6d20af0f9af219fc8","isMergeCommit":true,"messageTitle":"Resolve merge conflicts","messageBody":"","fileTypesAndContributionMap":{}},{"hash":"35e1b29715be9232340dfdec3936cd3ab614b0e6","isMergeCommit":true,"messageTitle":"Merge pull request #126 from reynabxr/feature/linkClass-command","messageBody":"Implement linkClass command","fileTypesAndContributionMap":{}}]},{"date":"2025-10-22T00:00:00","commitResults":[{"hash":"3124bcff256f3d5bc819d1cdca3ec61f12c9d873","isMergeCommit":true,"messageTitle":"Merge pull request #129 from zekaistic/feat/gui-updates","messageBody":"Update GUI","fileTypesAndContributionMap":{}},{"hash":"a1e19ded607c556913b78c227bf8234392cd619f","isMergeCommit":false,"messageTitle":"Update user guide","messageBody":"","fileTypesAndContributionMap":{"docs":{"insertions":20,"deletions":10}}}]},{"date":"2025-10-24T00:00:00","commitResults":[{"hash":"3b4c683fd25ace14f9a1fb24aa44e12e7a4f7c2c","isMergeCommit":true,"messageTitle":"Merge pull request #160 from estherkyx/docs/modelclassdiagram-add-tuitionclass","messageBody":"Update ModelClassDiagram include TuitionClass","fileTypesAndContributionMap":{}},{"hash":"1d746bde0620697d24ea8d5f8fc5ad0119712c33","isMergeCommit":false,"messageTitle":"Edit ModelClassDiagram","messageBody":"","fileTypesAndContributionMap":{"docs":{"insertions":7,"deletions":5}}}]},{"date":"2025-10-26T00:00:00","commitResults":[{"hash":"85814d820bc05a0e2a4de239837d92e08f87db2a","isMergeCommit":true,"messageTitle":"Merge pull request #166 from zzzyans/feature/update-model-class-diagram","messageBody":"Update Model Class Diagram","fileTypesAndContributionMap":{}}]},{"date":"2025-10-27T00:00:00","commitResults":[{"hash":"ce0ee2cd0fd9c5264e54a625b1d65b193bbca7e9","isMergeCommit":false,"messageTitle":"Refactor Student and TuitionClass class","messageBody":"","fileTypesAndContributionMap":{"functional-code":{"insertions":241,"deletions":129},"test-code":{"insertions":30,"deletions":30}}},{"hash":"5ff71762bbdf6d1a7dbf32b81cc90c4fff4f122c","isMergeCommit":false,"messageTitle":"Fix checkstyle","messageBody":"","fileTypesAndContributionMap":{"functional-code":{"insertions":3,"deletions":9},"test-code":{"insertions":0,"deletions":2}}}]},{"date":"2025-10-28T00:00:00","commitResults":[{"hash":"17afa9423b7fa2f9c8f1f522b166ba04eb947816","isMergeCommit":false,"messageTitle":"Standardise toString() format","messageBody":"","fileTypesAndContributionMap":{"functional-code":{"insertions":5,"deletions":6}}},{"hash":"4dd02658890d77fe68406c9ca44c16ab598965d8","isMergeCommit":true,"messageTitle":"Merge pull request #167 from reynabxr/refactor-student-class","messageBody":"Refactor Student and TuitionClass class to be more OOP ","fileTypesAndContributionMap":{}}]}],"oysterboi":[{"date":"2025-09-30T00:00:00","commitResults":[{"hash":"e0cfcca27ed983f76151cbd491747d9820d5ed07","isMergeCommit":false,"messageTitle":"Add Yan Sheng\u0027s details","messageBody":"Also includes a minor file name edit (oysterboi.jpg -\u003e oysterboi.png)\n","fileTypesAndContributionMap":{"docs":{"insertions":5,"deletions":5}}}]},{"date":"2025-10-01T00:00:00","commitResults":[{"hash":"0a26cc9808e30d819ca72234a4812b440593f4d7","isMergeCommit":true,"messageTitle":"Fix conflict with merge","messageBody":"","fileTypesAndContributionMap":{}}]},{"date":"2025-10-02T00:00:00","commitResults":[{"hash":"8d8d04a5d8663d8a0adfcae9aee0b6a2326eee42","isMergeCommit":true,"messageTitle":"Merge pull request #60 from zzzyans/feature/add-zhiyan-details","messageBody":"Add Zhi Yan\u0027s details","fileTypesAndContributionMap":{}},{"hash":"c20798ecf5ccd289632d54403dd26e6134f70bb9","isMergeCommit":true,"messageTitle":"Merge pull request #64 from zzzyans/feature/readme-acknowledge-source","messageBody":"Acknowledge original source of the code in README","fileTypesAndContributionMap":{}},{"hash":"4a70411a433f95840510d1396429a564ae6b213e","isMergeCommit":true,"messageTitle":"Merge pull request #67 from zekaistic/feature/update-site-wide-settings","messageBody":"Update site-wide settings","fileTypesAndContributionMap":{}},{"hash":"fe20985c16f37ed7c28f7e749a1f2e45347e2ecc","isMergeCommit":true,"messageTitle":"Merge pull request #69 from estherkyx/feature/update-build-status-badge","messageBody":"Update GitHub Actions build status badge","fileTypesAndContributionMap":{}}]},{"date":"2025-10-09T00:00:00","commitResults":[{"hash":"478a6701540c254f62f1fc1e55ddae937d2c6300","isMergeCommit":false,"messageTitle":"Create LinkTutor command and do parser support","messageBody":"","fileTypesAndContributionMap":{"functional-code":{"insertions":99,"deletions":0}}},{"hash":"bc4dee0991d25510e485690d13a58153eb8a4757","isMergeCommit":true,"messageTitle":"Merge branch \u0027master\u0027 into feature/linktutor-parser-support","messageBody":"","fileTypesAndContributionMap":{}},{"hash":"e14203c0b791467b32ca90128ef83c299807cf9c","isMergeCommit":false,"messageTitle":"Fix checkstyle issues","messageBody":"","fileTypesAndContributionMap":{"functional-code":{"insertions":12,"deletions":8}}},{"hash":"6340add080d7984c6f481f2038efd882c7063a7b","isMergeCommit":true,"messageTitle":"Merge branch \u0027master\u0027 of https://github.com/AY2526S1-CS2103T-T11-4/tp into feature/linktutor-parser-support","messageBody":"","fileTypesAndContributionMap":{}},{"hash":"a44b139a0b051d2bebb60e7af5498cd6866875f9","isMergeCommit":true,"messageTitle":"Merge branch \u0027feature/linktutor-parser-support\u0027 of https://github.com/oysterboi/tp into feature/linktutor-parser-support","messageBody":"","fileTypesAndContributionMap":{}},{"hash":"3cc0dc7ac571fd13cbd36f9f28e18165d68ca228","isMergeCommit":true,"messageTitle":"Merge pull request #85 from zzzyans/feature/get-parent-parser-support","messageBody":"Add parser support for GetParent command","fileTypesAndContributionMap":{}},{"hash":"d964df278337611efbc1a6e06119f002a6d7609a","isMergeCommit":false,"messageTitle":"Fix checkstyle issues again","messageBody":"","fileTypesAndContributionMap":{"functional-code":{"insertions":1,"deletions":1}}},{"hash":"243b38a6896c97e71a3c622171188b284db21bf0","isMergeCommit":true,"messageTitle":"Merge branch \u0027master\u0027 of https://github.com/AY2526S1-CS2103T-T11-4/tp into feature/linktutor-parser-support","messageBody":"","fileTypesAndContributionMap":{}}]},{"date":"2025-10-16T00:00:00","commitResults":[{"hash":"aa6af924c347f422a13876185ef43c5cd694f422","isMergeCommit":true,"messageTitle":"Merge pull request #98 from reynabxr/feature/link-parent-command","messageBody":"Implement LinkParent command","fileTypesAndContributionMap":{}},{"hash":"0171a5351f1808d6923464bec6ec801cd61c13ae","isMergeCommit":false,"messageTitle":"Implement LinkTutorCommand","messageBody":"","fileTypesAndContributionMap":{"functional-code":{"insertions":31,"deletions":2}}},{"hash":"3222abd0916ac7b4a545c7d4240b9f74543a287d","isMergeCommit":false,"messageTitle":"Add tests for LinkTutorCommand and its parser","messageBody":"","fileTypesAndContributionMap":{"functional-code":{"insertions":31,"deletions":6},"test-code":{"insertions":186,"deletions":12}}},{"hash":"ec7d7004495b50d4ed4fad1af5cef871600b1e1d","isMergeCommit":false,"messageTitle":"Update user guide to include linkTutor command","messageBody":"","fileTypesAndContributionMap":{"docs":{"insertions":15,"deletions":1}}},{"hash":"a72f6808dad1a5f4ba4d312aa8bc0a2b68dabd58","isMergeCommit":false,"messageTitle":"Fix checkstyle and test case issues","messageBody":"","fileTypesAndContributionMap":{"functional-code":{"insertions":5,"deletions":8},"test-code":{"insertions":5,"deletions":6}}}]},{"date":"2025-10-22T00:00:00","commitResults":[{"hash":"cf65022602a7b9c2d2724da3c2c6960cf41d24e7","isMergeCommit":true,"messageTitle":"Merge pull request #138 from estherkyx/chore/update-tags","messageBody":"Modify sample tags","fileTypesAndContributionMap":{}},{"hash":"23bcf5e0a9196ffc687ced3db0dbbcfd6f3be882","isMergeCommit":false,"messageTitle":"Create UnlinkClassCommand","messageBody":"There is currently no way to unlink a student or tutor from a class in\nthe app.\n\nBeing able to unlink (i.e. delete the link) is essential for the app to\nbe fully functional.\n\nCreate an \u0027unlinkClass\u0027 command that functions similarly to \u0027linkClass\u0027,\nexcept it removes the link instead of creating it, between a specified\nclass and a student/tutor.\n","fileTypesAndContributionMap":{"functional-code":{"insertions":223,"deletions":2}}},{"hash":"03808bc354cbbc78cfa7c445005a376a44a204cb","isMergeCommit":true,"messageTitle":"Merge branch \u0027master\u0027 into feature/unlink-class-command","messageBody":"","fileTypesAndContributionMap":{}}]},{"date":"2025-10-23T00:00:00","commitResults":[{"hash":"aec8fb4516c6286ec1e8214ee8186b2c97edebf5","isMergeCommit":false,"messageTitle":"Create getClassDetails command","messageBody":"There is currently no way to view which tutors and students are part of\na class.\n\nBeing able to display this info is essential for the app to be fully\nfunctional.\n\nCreate a \u0027getClassDetails\u0027 command that displays the relevant day, time,\ntutor and students for that class.\n","fileTypesAndContributionMap":{"functional-code":{"insertions":137,"deletions":0}}},{"hash":"205d336f20130aea08a01183592536248189776f","isMergeCommit":true,"messageTitle":"Merge branch \u0027master\u0027 into feature/get-class-details-command","messageBody":"","fileTypesAndContributionMap":{}},{"hash":"25eac72f8b7c5eda621d55cbf36004aeb4c7793c","isMergeCommit":false,"messageTitle":"bug fix: remove unnecessary input parameter","messageBody":"Edited two methods that had unused input variables.\n","fileTypesAndContributionMap":{"functional-code":{"insertions":4,"deletions":4}}},{"hash":"56ef08b293d14df7c5c06161b5156b104b16c49d","isMergeCommit":false,"messageTitle":"Add test cases for unlinkClass command","messageBody":"","fileTypesAndContributionMap":{"functional-code":{"insertions":5,"deletions":5},"test-code":{"insertions":94,"deletions":0}}},{"hash":"4fce403086ebfe532b373ad2f256e0a4e3494871","isMergeCommit":true,"messageTitle":"Merge branch \u0027master\u0027 into feature/unlink-class-command","messageBody":"","fileTypesAndContributionMap":{}},{"hash":"085f3ab2b7a3460175f44eb60ed9d402cada3a7b","isMergeCommit":true,"messageTitle":"Merge branch \u0027master\u0027 of https://github.com/AY2526S1-CS2103T-T11-4/tp into feature/unlink-class-command","messageBody":"","fileTypesAndContributionMap":{}},{"hash":"506199217c17a2237ff0936bf5f1494f450cdfcf","isMergeCommit":true,"messageTitle":"Merge branch \u0027feature/unlink-class-command\u0027 of https://github.com/oysterboi/tp into feature/unlink-class-command","messageBody":"","fileTypesAndContributionMap":{}},{"hash":"03512cceef9fbc3027d83523f93cb678a27beb75","isMergeCommit":true,"messageTitle":"Merge pull request #144 from oysterboi/feature/unlink-class-command","messageBody":"Create UnlinkClassCommand","fileTypesAndContributionMap":{}},{"hash":"728389076f30e28d8547679c134b12451a5aa1c4","isMergeCommit":true,"messageTitle":"Merge pull request #154 from zekaistic/feat/class-gui-update","messageBody":"Update GUI for TuitionClass support","tags":["v1.4"],"fileTypesAndContributionMap":{}}]},{"date":"2025-10-24T00:00:00","commitResults":[{"hash":"c7e6d72b3c0d945eec72ba8ed52cdbc5715f13c5","isMergeCommit":true,"messageTitle":"Merge pull request #162 from reynabxr/modelclassdiagram-person-class","messageBody":"Update ModelClassDiagram","fileTypesAndContributionMap":{}},{"hash":"9174e9df5656a908e3aa2a24826c2addc3b78121","isMergeCommit":false,"messageTitle":"Update ModelClassDiagram with missing links","messageBody":"","fileTypesAndContributionMap":{"docs":{"insertions":11,"deletions":0}}}]}],"estherkyx":[{"date":"2025-09-30T00:00:00","commitResults":[{"hash":"fb2b11ff09585631f5bd10b3129f2d37038b61d9","isMergeCommit":false,"messageTitle":"Add Esther\u0027s details","messageBody":"","fileTypesAndContributionMap":{"docs":{"insertions":5,"deletions":5}}}]},{"date":"2025-10-01T00:00:00","commitResults":[{"hash":"2fc42fb5700b86f65131dec0a817a9e138cf6a47","isMergeCommit":true,"messageTitle":"Merge pull request #39 from zekaistic/feat/add-zekai-details","messageBody":"Add Ze Kai\u0027s details","fileTypesAndContributionMap":{}},{"hash":"d988ca1c540b83d46361133a0a604883e9f37129","isMergeCommit":true,"messageTitle":"Resolve merge conflicts","messageBody":"","fileTypesAndContributionMap":{}},{"hash":"8b343f066e0ffc74f3ab549d1ba10f18b5b48066","isMergeCommit":false,"messageTitle":"Update GitHub Actions build status badge","messageBody":"","fileTypesAndContributionMap":{"docs":{"insertions":1,"deletions":1}}}]},{"date":"2025-10-02T00:00:00","commitResults":[{"hash":"6734da6911473dc10aeeaaede78b878c9d45c8dd","isMergeCommit":true,"messageTitle":"Merge pull request #65 from oysterboi/feature/update-ui","messageBody":"Add a UI mockup of our intended final product","fileTypesAndContributionMap":{}},{"hash":"2179ef777a9251f08e67ca108778dcd1c3b4f422","isMergeCommit":true,"messageTitle":"Merge pull request #72 from zzzyans/feature/update-dg-requirements","messageBody":"Update DG requirements section","fileTypesAndContributionMap":{}},{"hash":"b28b6eaf77c36e5cf60f0ea2d9eb820830950f6d","isMergeCommit":true,"messageTitle":"Merge pull request #71 from reynabxr/feature/update-read-me","messageBody":"Update README details","fileTypesAndContributionMap":{}},{"hash":"326560216ce6f6b5232e54a9755a0e2665917889","isMergeCommit":false,"messageTitle":"Update index.md","messageBody":"","fileTypesAndContributionMap":{"docs":{"insertions":5,"deletions":4}}}]},{"date":"2025-10-09T00:00:00","commitResults":[{"hash":"ebb4f411c11d217e7d180c1d808e1b7b7be92d63","isMergeCommit":false,"messageTitle":"Logic: Accept \u0027getStudents\u0027 but still do nothing","messageBody":"","fileTypesAndContributionMap":{"functional-code":{"insertions":96,"deletions":0}}},{"hash":"794e9e4b5da57d79a2963a042f32ad898c704afa","isMergeCommit":false,"messageTitle":"Update tests for getStudents parser support","messageBody":"","fileTypesAndContributionMap":{"test-code":{"insertions":108,"deletions":0}}},{"hash":"7d72d9bd75247f3f7c90608eb91a9e02f531cbaf","isMergeCommit":false,"messageTitle":"Minor modifications to align wih checkstyle","messageBody":"","fileTypesAndContributionMap":{"functional-code":{"insertions":4,"deletions":1}}},{"hash":"3fcc394d2281d46db3938a13e190d402cb0dbd0d","isMergeCommit":true,"messageTitle":"Merge pull request #82 from zekaistic/feat/add-category","messageBody":"Implement basic category feature","fileTypesAndContributionMap":{}}]},{"date":"2025-10-12T00:00:00","commitResults":[{"hash":"afadfab378d66877b2e2a51008fc6da0f7e09908","isMergeCommit":true,"messageTitle":"Merge pull request #88 from zekaistic/feat/add-classes","messageBody":"Add Student, Tutor, Parent classes","fileTypesAndContributionMap":{}}]},{"date":"2025-10-16T00:00:00","commitResults":[{"hash":"7b3a8888a4baecfe5e844d7b3dded9378cb09839","isMergeCommit":true,"messageTitle":"Merge pull request #95 from zekaistic/chore/refactor-codebase","messageBody":"Refactor codebase","fileTypesAndContributionMap":{}},{"hash":"5686123a940f6b3c1369916758b4f3e5bf42df9a","isMergeCommit":false,"messageTitle":"Implement getStudents command and respective tests","messageBody":"","fileTypesAndContributionMap":{"functional-code":{"insertions":38,"deletions":2},"test-code":{"insertions":58,"deletions":9}}},{"hash":"6c0ac226a47159ca6601acef441fcf814fd8bfaf","isMergeCommit":false,"messageTitle":"Minor modification to test","messageBody":"","fileTypesAndContributionMap":{"test-code":{"insertions":1,"deletions":1}}},{"hash":"4731b8fb3a0b9f57d074496022003d58439ef43c","isMergeCommit":true,"messageTitle":"Merge pull request #96 from estherkyx/feature/get-students-command","messageBody":"Implement getStudents command and respective tests","fileTypesAndContributionMap":{}},{"hash":"c9887a684da600be94d1616de471fae0bb6e23e8","isMergeCommit":false,"messageTitle":"Update user guide","messageBody":"","fileTypesAndContributionMap":{"docs":{"insertions":27,"deletions":10}}},{"hash":"85803fdc83c13c0272cfafa64bc4d04f44f4682b","isMergeCommit":true,"messageTitle":"Merge pull request #99 from oysterboi/feature/linktutor-implementation","messageBody":"Implement linkTutor command","fileTypesAndContributionMap":{}},{"hash":"08ae7e79b7fe0263c7fce0e1362a9efe4631d0a2","isMergeCommit":false,"messageTitle":"Fix bugs in addressbook","messageBody":"","fileTypesAndContributionMap":{"functional-code":{"insertions":9,"deletions":8}}},{"hash":"ec2793efe0be3656907df25c24e6a9eef8ce8290","isMergeCommit":false,"messageTitle":"Fix style issues","messageBody":"","fileTypesAndContributionMap":{"functional-code":{"insertions":2,"deletions":2}}},{"hash":"51f973ad97bd1f1a1423a7d57a13c930329e9a28","isMergeCommit":false,"messageTitle":"Fix tests","messageBody":"","fileTypesAndContributionMap":{"functional-code":{"insertions":2,"deletions":1},"test-code":{"insertions":1,"deletions":1}}}]},{"date":"2025-10-21T00:00:00","commitResults":[{"hash":"eb62a2961b2927b7747ec26581452f4fed474da0","isMergeCommit":true,"messageTitle":"Merge pull request #113 from zekaistic/chore/version-and-naming-changes","messageBody":"Update version and jar name","fileTypesAndContributionMap":{}},{"hash":"8ad79434e7e3676a354d86aa359e68e21ade52c3","isMergeCommit":true,"messageTitle":"Merge pull request #121 from zekaistic/docs/user-guide-update","messageBody":"Update User Guide (Implementation)","fileTypesAndContributionMap":{}},{"hash":"169c18f43769c6335eedcc6968f430d49d27e466","isMergeCommit":false,"messageTitle":"Add option to list by category","messageBody":"","fileTypesAndContributionMap":{"functional-code":{"insertions":126,"deletions":5},"test-code":{"insertions":138,"deletions":4}}},{"hash":"163a5aacb67ab428e5acb5387273360be2f41a4f","isMergeCommit":false,"messageTitle":"Add minor fixes","messageBody":"","fileTypesAndContributionMap":{"functional-code":{"insertions":5,"deletions":4}}}]},{"date":"2025-10-22T00:00:00","commitResults":[{"hash":"ff79e203401b2a8d7292ebcda3970c59ed0f1b9f","isMergeCommit":true,"messageTitle":"Merge pull request #136 from reynabxr/update-user-guide","messageBody":"Update User Guide (Language and images)","fileTypesAndContributionMap":{}},{"hash":"19c64be99069ed0b3e6fe95b84cbf79dbba75e36","isMergeCommit":false,"messageTitle":"Modify sample tags","messageBody":"","fileTypesAndContributionMap":{"functional-code":{"insertions":16,"deletions":8}}},{"hash":"c234a7dd8dc8667d9122bea7a32276e36371b632","isMergeCommit":false,"messageTitle":"Update UG pictures and examples","messageBody":"","fileTypesAndContributionMap":{"docs":{"insertions":8,"deletions":6}}},{"hash":"b7278c7140dd87b21d5ecd63b4725e8020bc6d98","isMergeCommit":true,"messageTitle":"Merge branch \u0027master\u0027 into feature/list-filters","messageBody":"","fileTypesAndContributionMap":{}},{"hash":"e3ff290bdcfb6384553ab9bf10245d65b390fcdc","isMergeCommit":false,"messageTitle":"Enable assertions","messageBody":"","fileTypesAndContributionMap":{"other":{"insertions":4,"deletions":0}}},{"hash":"91d7717b989acab3ae8bd5eacad4e2a1799883fe","isMergeCommit":true,"messageTitle":"Merge branch \u0027master\u0027 into enable-assertions","messageBody":"","fileTypesAndContributionMap":{}},{"hash":"efb424897d26afca91ccff09206a82ec21a74cc0","isMergeCommit":false,"messageTitle":"Remove all linkTutor instances","messageBody":"","fileTypesAndContributionMap":{"functional-code":{"insertions":9,"deletions":262},"test-code":{"insertions":26,"deletions":196}}},{"hash":"cff7e01e272515f7dbe46b520c00679013e1cc8a","isMergeCommit":true,"messageTitle":"Merge pull request #141 from estherkyx/chore/remove-linktutor","messageBody":"Remove all linkTutor instances","fileTypesAndContributionMap":{}}]},{"date":"2025-10-23T00:00:00","commitResults":[{"hash":"61ccf04ca78e495339d38290ab32ebfec75061ff","isMergeCommit":false,"messageTitle":"Fix ListCommand parse exception format and adjust tests","messageBody":"","fileTypesAndContributionMap":{"functional-code":{"insertions":13,"deletions":3},"test-code":{"insertions":5,"deletions":7}}},{"hash":"657c3811b9c8b45b71f87543c77dc8ff51b05bcf","isMergeCommit":true,"messageTitle":"Merge pull request #149 from oysterboi/feature/get-class-details-command","messageBody":"Create getClassDetails command","fileTypesAndContributionMap":{}},{"hash":"9d3237c49522391029b43dbbb845393a6d6757b5","isMergeCommit":true,"messageTitle":"Merge pull request #133 from zzzyans/feature/update-ug-introduction","messageBody":"Update User Guide","fileTypesAndContributionMap":{}},{"hash":"e56ca50780378cbfbb4960bb8e7ac19129bf7019","isMergeCommit":false,"messageTitle":"Refactor GetStudentsCommand","messageBody":"","fileTypesAndContributionMap":{"functional-code":{"insertions":97,"deletions":62},"test-code":{"insertions":54,"deletions":17}}},{"hash":"400c77d28077f848848092cd185a7b6821006864","isMergeCommit":true,"messageTitle":"Merge branch \u0027master\u0027 into chore/refactor-get-students-command","messageBody":"","fileTypesAndContributionMap":{}},{"hash":"c12b25f127fc58d1b75e273d2d666d0e7a952b07","isMergeCommit":false,"messageTitle":"Modify minor GUI display messages for consistency","messageBody":"","fileTypesAndContributionMap":{"functional-code":{"insertions":69,"deletions":21},"docs":{"insertions":5,"deletions":4},"test-code":{"insertions":9,"deletions":7}}},{"hash":"2150b948006c6dccd650f10d84d996125af994f0","isMergeCommit":false,"messageTitle":"Improve timeString abstraction","messageBody":"","fileTypesAndContributionMap":{"functional-code":{"insertions":13,"deletions":22},"test-code":{"insertions":3,"deletions":4}}},{"hash":"65cd05979d18c25605755c64a9beab02c01aa4a2","isMergeCommit":true,"messageTitle":"Merge pull request #152 from zekaistic/fix/update-gui-and-ug","messageBody":"Fix GUI and UG","fileTypesAndContributionMap":{}},{"hash":"b48bdcb1a8651e441812e04d55ec64f646db3785","isMergeCommit":true,"messageTitle":"Merge pull request #156 from zzzyans/update-dg-uml-diagrams","messageBody":"Update Storage and Model class diagram ","fileTypesAndContributionMap":{}},{"hash":"c5eb7abe68e70790a8f1bf295c159320286974d3","isMergeCommit":false,"messageTitle":"Update ModelClassDiagram include TuitionClass","messageBody":"","fileTypesAndContributionMap":{"docs":{"insertions":6,"deletions":0}}}]},{"date":"2025-10-24T00:00:00","commitResults":[{"hash":"207d59a87178f668206b0be21c40c60f09cd2a71","isMergeCommit":true,"messageTitle":"Merge pull request #164 from oysterboi/chore/update-model-class-diagram","messageBody":"Update ModelClassDiagram with missing links","fileTypesAndContributionMap":{}}]}]},"authorFileTypeContributionMap":{"zzzyans":{"docs":171,"functional-code":299,"test-code":408},"zekaistic":{"docs":125,"functional-code":993,"test-code":192,"other":50},"reynabxr":{"docs":59,"functional-code":1360,"test-code":840},"oysterboi":{"docs":18,"functional-code":323,"test-code":107},"estherkyx":{"docs":48,"functional-code":416,"test-code":338,"other":2}},"authorContributionVariance":{"zzzyans":4868.0737,"zekaistic":11989.896,"reynabxr":51800.777,"oysterboi":5025.1895,"estherkyx":13730.0},"authorDisplayNameMap":{"zzzyans":"CS2103T-T11-4 LIM .. YAN","zekaistic":"CS2103T-T11-4 YAP .. KAI","reynabxr":"CS2103T-T11-4 BONG..EYNA","oysterboi":"CS2103T-T11-4 ONG ..HENG","estherkyx":"CS2103T-T11-4 KER ..THER"}}
