{"authorDailyContributionsMap":{"seanrh34":[{"date":"2025-09-30T00:00:00","commitResults":[{"hash":"01b272fd8422bbe25c0111aa1b8bae82f90365ed","isMergeCommit":false,"messageTitle":"Update about us page and seanrh34 portfolio","messageBody":"","fileTypesAndContributionMap":{"docs":{"insertions":4,"deletions":4}}},{"hash":"105d0ca30bf5f023e12cb3a3cce1ea1a6847e026","isMergeCommit":false,"messageTitle":"Update user stories in DG .md file","messageBody":"","fileTypesAndContributionMap":{"docs":{"insertions":14,"deletions":6}}},{"hash":"8f8a3a2f2e46e61e0a40663cc89ab95d719f6074","isMergeCommit":false,"messageTitle":"Add extra user stories","messageBody":"","fileTypesAndContributionMap":{"docs":{"insertions":31,"deletions":16}}}]}],"rotarykirby":[{"date":"2025-09-30T00:00:00","commitResults":[{"hash":"1c2d81e3490a5cac3d5a1e594472bbc1cf4258a9","isMergeCommit":true,"messageTitle":"Merge pull request #15 from NihaalManaf/branch-UpdateDocs","messageBody":" Update AboutUs page: Nihaal","fileTypesAndContributionMap":{}},{"hash":"3165251adf75de8b3f07af0e32194e9b3a0e552d","isMergeCommit":true,"messageTitle":"Merge pull request #21 from seanrh34/branch-about-us","messageBody":"Update AboutUs page: Sean","fileTypesAndContributionMap":{}}]}],"pohanson":[{"date":"2025-09-25T00:00:00","commitResults":[{"hash":"4faa09c14b96830f4b35b3af146d9aea313417d4","isMergeCommit":false,"messageTitle":"Update issue templates","messageBody":"","fileTypesAndContributionMap":{"docs":{"insertions":38,"deletions":0}}},{"hash":"04ec8e376fbb1f8ec06ebbbba12232003502afff","isMergeCommit":false,"messageTitle":"Edit documentation","messageBody":"* Changed the Java CI to point at our repo\n* Add Features List\n* Add bug report\n* Add link to our project page\n","fileTypesAndContributionMap":{"docs":{"insertions":25,"deletions":14}}},{"hash":"280d017ccb625c4644c1785feb81216fef884dc2","isMergeCommit":true,"messageTitle":"Merge pull request #3 from pohanson/readme-edit","messageBody":"Edit documentation","fileTypesAndContributionMap":{}},{"hash":"5bfc1de3334075879ab98a4f8a99f2fd554f1edc","isMergeCommit":false,"messageTitle":"Add codecov badge","messageBody":"","fileTypesAndContributionMap":{"docs":{"insertions":8,"deletions":7}}},{"hash":"95bfdab207a765f39cd8b94427cf19a12783f0d6","isMergeCommit":true,"messageTitle":"Merge pull request #12 from pohanson/add-coverage-badge","messageBody":"Add codecov badge","fileTypesAndContributionMap":{}}]},{"date":"2025-09-30T00:00:00","commitResults":[{"hash":"9df647408b203c83b904e710117f68035077495f","isMergeCommit":true,"messageTitle":"Merge pull request #19 from seanrh34/branch-add-photo","messageBody":"Adding A Photo: Sean","fileTypesAndContributionMap":{}},{"hash":"ac54e9f62481d728e40a03c2893f58fc7d071c1d","isMergeCommit":true,"messageTitle":"Merge pull request #25 from rotarykirby/add-photo","messageBody":"Adding A Photo: Ruixuan","fileTypesAndContributionMap":{}}]}],"NihaalManaf":[{"date":"2025-09-26T00:00:00","commitResults":[{"hash":"9cc8aa738809f7bebd67685cedd9ec4a649faeb8","isMergeCommit":false,"messageTitle":"Add nihaalmanaf details to aboutus docs","messageBody":"","fileTypesAndContributionMap":{"docs":{"insertions":63,"deletions":57}}}]},{"date":"2025-10-01T00:00:00","commitResults":[{"hash":"3dd69c57a32c2fe920d8afd3ae31bc1e9e97138e","isMergeCommit":true,"messageTitle":"Merge pull request #22 from seanrh34/branch-developer-guide","messageBody":"Update Developer Guide: User Stories","fileTypesAndContributionMap":{}}]}]},"authorFileTypeContributionMap":{"seanrh34":{"docs":35,"functional-code":0,"test-code":0},"rotarykirby":{"docs":0,"functional-code":0,"test-code":0},"pohanson":{"docs":64,"functional-code":0,"test-code":0},"NihaalManaf":{"docs":63,"functional-code":0,"test-code":0}},"authorContributionVariance":{"seanrh34":399.40826,"rotarykirby":0.0,"pohanson":600.9942,"NihaalManaf":1022.4852},"authorDisplayNameMap":{"seanrh34":"CS2103T-T08-2 SEAN..ANTO","rotarykirby":"CS2103T-T08-2 ZHAO..XUAN","pohanson":"CS2103T-T08-2 POH ..NSON","NihaalManaf":"CS2103T-T08-2 NIHA..ANAF"}}
