{"authorDailyContributionsMap":{"darzizalol":[{"date":"2025-09-19T00:00:00","commitResults":[{"hash":"b52c1e044fc0dc9a2500ba667d864f590f6f6705","isMergeCommit":false,"messageTitle":"Create Initial PR to Main CS2103 Repo","messageBody":"","fileTypesAndContributionMap":{"functional-code":{"insertions":1,"deletions":0}}}]},{"date":"2025-09-29T00:00:00","commitResults":[{"hash":"e47b7f9463bf08a5f4b0660c93c774fc32db7116","isMergeCommit":false,"messageTitle":"Update AboutUs: ZhengHao","messageBody":"","fileTypesAndContributionMap":{"docs":{"insertions":4,"deletions":4}}},{"hash":"f2a05f0614b57468e1ac78b1fd590630fe02ca90","isMergeCommit":true,"messageTitle":"Merge pull request #19 from fifamobilegems/branch-update-aboutus","messageBody":"Update AboutUs: Max","fileTypesAndContributionMap":{}}]},{"date":"2025-10-01T00:00:00","commitResults":[{"hash":"077c380b881175b86039ea6bb7e082471735805d","isMergeCommit":true,"messageTitle":"Merge pull request #22 from ravichandran-gokool/update-ui-branch","messageBody":"Update UI Mockup: Gokul","fileTypesAndContributionMap":{}}]},{"date":"2025-10-03T00:00:00","commitResults":[{"hash":"54cd2a04964f21dd7f53c33c07fc9975bbc687eb","isMergeCommit":false,"messageTitle":"Acknowledge Original Source of Code","messageBody":"","fileTypesAndContributionMap":{"docs":{"insertions":6,"deletions":4}}},{"hash":"8c14b895e9be5f142c87ce65b399265f8a4bee19","isMergeCommit":false,"messageTitle":"Update Site-wide Setting","messageBody":"","fileTypesAndContributionMap":{"other":{"insertions":1,"deletions":1},"docs":{"insertions":1,"deletions":1}}},{"hash":"c4fef17c27ad2a6ccc411e5ddec85d35bd725b97","isMergeCommit":true,"messageTitle":"Merge pull request #31 from he-yue-svg/branch-DeveloperGuide","messageBody":"Branch developer guide","fileTypesAndContributionMap":{}},{"hash":"25d7b103ecaa14045ef6d27ef45cb9ffa0877083","isMergeCommit":true,"messageTitle":"Merge pull request #33 from ravichandran-gokool/update-banner-branch","messageBody":"Update Banner: Gokul","fileTypesAndContributionMap":{}},{"hash":"a06f8238ab73585f680735f090ad81b614202c6a","isMergeCommit":false,"messageTitle":"Update Banner For README","messageBody":"","fileTypesAndContributionMap":{"docs":{"insertions":2,"deletions":3}}}]},{"date":"2025-10-09T00:00:00","commitResults":[{"hash":"250a5252b16089bc09bbf168b0c5da47beaf3e5d","isMergeCommit":false,"messageTitle":"Implement AddProfilePic Command","messageBody":"","fileTypesAndContributionMap":{"functional-code":{"insertions":216,"deletions":4}}},{"hash":"496fdd6113fe84ec020766b70e8d28635f774505","isMergeCommit":false,"messageTitle":"Update and Fix Unit Test Cases","messageBody":"","fileTypesAndContributionMap":{"functional-code":{"insertions":2,"deletions":5},"test-code":{"insertions":9,"deletions":9}}},{"hash":"431b6ce688db9781100e7c69afb10bb362f1dde1","isMergeCommit":false,"messageTitle":"Resolve Checkstyle Exceptions","messageBody":"","fileTypesAndContributionMap":{"functional-code":{"insertions":20,"deletions":2}}}]},{"date":"2025-10-10T00:00:00","commitResults":[{"hash":"3417a3ed4276ae96d5ac982ca48137670aab5db8","isMergeCommit":true,"messageTitle":"Merge pull request #41 from fifamobilegems/branch-update-delete-command","messageBody":"Update DeleteCommand ","fileTypesAndContributionMap":{}}]},{"date":"2025-10-16T00:00:00","commitResults":[{"hash":"8d553e9174a2b99afb4910fdafc639c06a24e35d","isMergeCommit":false,"messageTitle":"Implement feature to upload profile picture from local storage","messageBody":"","fileTypesAndContributionMap":{"functional-code":{"insertions":92,"deletions":5}}},{"hash":"33e8ce06eb1c4e4eea9b3a320b3ae27074aae1c5","isMergeCommit":true,"messageTitle":"Merge pull request #47 from he-yue-svg/branch-UpdateAdd","messageBody":"Delete redundant comments","fileTypesAndContributionMap":{}},{"hash":"94ecebf4caca959ff222d899ce268acdbadeed37","isMergeCommit":true,"messageTitle":"Merge pull request #51 from fifamobilegems/branch-delete-redundant-comments","messageBody":"Shortened lengthy Javadoc comments and functions to keep it under 30 LOC","fileTypesAndContributionMap":{}},{"hash":"1d3aa1da2f4aad9e454387b6551eef88c31bef76","isMergeCommit":true,"messageTitle":"Merge pull request #53 from ravichandran-gokool/minor-edits-branch","messageBody":"Edit Javadoc comments for FindCommand class","tags":["v1.3"],"fileTypesAndContributionMap":{}}]},{"date":"2025-10-21T00:00:00","commitResults":[{"hash":"31ce00ba255a25b7781829fa6f2df4555d5506e0","isMergeCommit":false,"messageTitle":"Update edit command: add profile picture editing support","messageBody":"The edit command currently resets profile pictures to empty string,\nleading to data loss and poor user experience.\n\nAdd profile picture field to EditPersonDescriptor and implement pp/\nprefix parsing to enable profile picture editing through the edit\ncommand.\n\nThis approach maintains consistency with existing field patterns,\npreserves backward compatibility, and follows the established\narchitecture. The implementation includes comprehensive test coverage\nand proper null handling to ensure robustness.\n","fileTypesAndContributionMap":{"functional-code":{"insertions":27,"deletions":6},"other":{"insertions":1,"deletions":1},"test-code":{"insertions":23,"deletions":2}}},{"hash":"aed1a06ff715f19c856c0cc543a6a799988313b3","isMergeCommit":false,"messageTitle":"Update edit command: Fix bugs for edit command","messageBody":"","fileTypesAndContributionMap":{"functional-code":{"insertions":9,"deletions":2},"test-code":{"insertions":22,"deletions":0}}},{"hash":"acb9e4f5a59cb4f40af2672151a56f2ec3bcb100","isMergeCommit":false,"messageTitle":"Customize UI: implement a white-theme UI","messageBody":"","fileTypesAndContributionMap":{"functional-code":{"insertions":507,"deletions":364}}},{"hash":"3ed4c7f19351896223b5a933f7d554f7af44db3b","isMergeCommit":false,"messageTitle":"Edit GUI label: Change label to UniContactsPro","messageBody":"","fileTypesAndContributionMap":{"functional-code":{"insertions":1,"deletions":1}}},{"hash":"42f6f8e8142576f59acda39aa672a3c1d619dd38","isMergeCommit":false,"messageTitle":"Enable assertions: Enable assertion in build.gradle","messageBody":"","fileTypesAndContributionMap":{"other":{"insertions":4,"deletions":0}}}]},{"date":"2025-10-23T00:00:00","commitResults":[{"hash":"42e716a939b7e4395273a748623919fc9804139c","isMergeCommit":false,"messageTitle":"Fix rowIndex in PersonListCard.fxml","messageBody":"","fileTypesAndContributionMap":{"functional-code":{"insertions":4,"deletions":4}}}]}],"he-yue-svg":[{"date":"2025-09-29T00:00:00","commitResults":[{"hash":"4a63e67b5a2a0994e3c952d4291c6edc458b1208","isMergeCommit":false,"messageTitle":"Update AboutUs","messageBody":"","fileTypesAndContributionMap":{"docs":{"insertions":2,"deletions":2}}},{"hash":"b4825880314116d5dae7039c4b843bb806ef67cb","isMergeCommit":false,"messageTitle":"Add link to He Yue\u0027s github","messageBody":"","fileTypesAndContributionMap":{"docs":{"insertions":1,"deletions":1}}},{"hash":"bbe9a0500ccbbd617589e9092fa3c690979edae6","isMergeCommit":true,"messageTitle":"Merge pull request #18 from ravichandran-gokool/aboutus-branch","messageBody":"Update AboutUs markdown file","fileTypesAndContributionMap":{}}]},{"date":"2025-10-03T00:00:00","commitResults":[{"hash":"95e575194231de635b366246b6dac4ea9f0b3edf","isMergeCommit":false,"messageTitle":"Update README to match project requirements","messageBody":"","fileTypesAndContributionMap":{"docs":{"insertions":9,"deletions":7}}},{"hash":"854c3dbd81f0ff0593198338a644c0464e5e2ef2","isMergeCommit":false,"messageTitle":"Update user profile, value proposition, user stories, use cases, NFRs and glossary","messageBody":"","fileTypesAndContributionMap":{"docs":{"insertions":98,"deletions":22}}},{"hash":"e75e77478f959b2bf0ed71c45084584d5d5c4d9c","isMergeCommit":true,"messageTitle":"Merge pull request #26 from darzizalol/branch-acknowledge","messageBody":"Acknowledge Original Source of Code","fileTypesAndContributionMap":{}},{"hash":"52a30a5ee29d72bc0fc246bf6072b8a9d4df13af","isMergeCommit":true,"messageTitle":"Merge branch \u0027master\u0027 into branch-DeveloperGuide","messageBody":"","fileTypesAndContributionMap":{}}]},{"date":"2025-10-09T00:00:00","commitResults":[{"hash":"aaba09bec5013bbde2012b039885abe2fff64fa9","isMergeCommit":false,"messageTitle":"Resolve conflicts","messageBody":"","fileTypesAndContributionMap":{"functional-code":{"insertions":199,"deletions":68},"test-code":{"insertions":55,"deletions":28}}},{"hash":"78a4b6251afe3a5d4d0966865b9e3817a4c37657","isMergeCommit":false,"messageTitle":"Update add to include telegram handle, handle dupllicates by email, phone number or telegram handle, correct style errors","messageBody":"","fileTypesAndContributionMap":{"functional-code":{"insertions":39,"deletions":8},"test-code":{"insertions":9,"deletions":6}}}]},{"date":"2025-10-10T00:00:00","commitResults":[{"hash":"6c4cd05b63aec97b87fa30b4df36c808e6b699e0","isMergeCommit":false,"messageTitle":"Update style errors","messageBody":"","fileTypesAndContributionMap":{"functional-code":{"insertions":2,"deletions":1},"test-code":{"insertions":18,"deletions":7}}},{"hash":"cde49f40e82bc94594648ef89341b3ddebe07e84","isMergeCommit":false,"messageTitle":"Edit testcases","messageBody":"","fileTypesAndContributionMap":{"functional-code":{"insertions":10,"deletions":19},"test-code":{"insertions":83,"deletions":25}}},{"hash":"c7d2a820a611ea8a0a60ce429c108572ee95c836","isMergeCommit":true,"messageTitle":"Merge branch \u0027master\u0027 into branch-UpdateAdd","messageBody":"","fileTypesAndContributionMap":{}},{"hash":"750f37e631f2d49c74c4da51f65ab20407ed3796","isMergeCommit":false,"messageTitle":"Edit testcases to pass","messageBody":"","fileTypesAndContributionMap":{"functional-code":{"insertions":7,"deletions":3},"test-code":{"insertions":44,"deletions":21}}},{"hash":"82fb424b2879c7ceeca044ea5c61c8a20766538f","isMergeCommit":false,"messageTitle":"Renove * for imports","messageBody":"","fileTypesAndContributionMap":{"functional-code":{"insertions":12,"deletions":2}}},{"hash":"4a585a9740e331be989a97e3455cb509a82a8c22","isMergeCommit":false,"messageTitle":"Update checkstyle even further","messageBody":"","fileTypesAndContributionMap":{"test-code":{"insertions":14,"deletions":3}}}]},{"date":"2025-10-15T00:00:00","commitResults":[{"hash":"0eaab93abb3899cd63578cf70b3e92091eba4b18","isMergeCommit":false,"messageTitle":"Delete redundant comments","messageBody":"","fileTypesAndContributionMap":{"functional-code":{"insertions":6,"deletions":29},"test-code":{"insertions":2,"deletions":43}}}]},{"date":"2025-10-16T00:00:00","commitResults":[{"hash":"b95c560d1fb82ef34a226a2d3d3d18312662e2a1","isMergeCommit":true,"messageTitle":"Merge pull request #48 from darzizalol/branch-addProfileExtension","messageBody":"Implement feature to upload profile picture from local storage","fileTypesAndContributionMap":{}}]}],"fifamobilegems":[{"date":"2025-09-29T00:00:00","commitResults":[{"hash":"95ba8af19e4d23adb2f294dfd2066005f44aa733","isMergeCommit":false,"messageTitle":"Update AboutUs: Max","messageBody":"","fileTypesAndContributionMap":{"docs":{"insertions":5,"deletions":14}}},{"hash":"c5a11c847b0bc20c7f2152ce9e8785d8a8284083","isMergeCommit":true,"messageTitle":"Merge pull request #17 from darzizalol/branch-About-Us","messageBody":"Update AboutUs: ZhengHao","fileTypesAndContributionMap":{}}]},{"date":"2025-10-03T00:00:00","commitResults":[{"hash":"ca8db366a29e108de4518c1550d8469942567fc8","isMergeCommit":true,"messageTitle":"Merge pull request #34 from darzizalol/branch-Update-Banner","messageBody":"Update Banner For README","fileTypesAndContributionMap":{}}]},{"date":"2025-10-09T00:00:00","commitResults":[{"hash":"ab64ee48bd3cb98ab666c449920fa91ef98beca3","isMergeCommit":false,"messageTitle":"Update DeleteCommand to support multi-index deletes and delete all by tag","messageBody":"Delete accepts a single index and offers no way to remove people in bulk by index or tag. The DeleteCommandParser also accepts and parses a single index, leaving multi-argument handling and deletion via tags unsupported.\n\nLet\u0027s extend DeleteCommand\u0027s functionality and its parser to improve usability while keeping current single-index behavior intact\n- Add BY_INDEX and BY_TAG modes in DeleteCommand, allowing deletion\n  - Multiple indices (\"delete 1 2 3 5\")\n  - Tag-based bulk delete (\"delete all t/\u003ctag\u003e\")\n- Update DeleteCommandParser to parse the following input:\n  - \"all t/\u003ctag\u003e\" -\u003e BY_TAG mode\n  - otherwise, parse 1+ indices -\u003e BY_INDEX mode\n\nThis approach preserves compatibility with the old commands available in AB3 while enabling new bulk delete features with clear help text to update users\n","fileTypesAndContributionMap":{"functional-code":{"insertions":157,"deletions":26}}},{"hash":"42c8c5c03e9855d42fc55dbbc4b50cc144e8f6b2","isMergeCommit":false,"messageTitle":"Update DeleteCommandTest","messageBody":"- Update toString() test to check new DeleteCommand Mode field\n- Add 2 new tests for checking DeleteCommand for multiple indexes and by tag deletion\n","fileTypesAndContributionMap":{"test-code":{"insertions":30,"deletions":2}}},{"hash":"f022909548609f26700ffed41108e5a4717f2c3c","isMergeCommit":false,"messageTitle":"Update DeleteCommand and DeleteCommandParser to follow CheckStyle guidelines","messageBody":"","fileTypesAndContributionMap":{"functional-code":{"insertions":71,"deletions":51}}},{"hash":"6094dbecdfa22b677f50303ef7bd31cc8431f6f4","isMergeCommit":false,"messageTitle":"Update DeleteCommandTest to follow CheckStyle guidelines","messageBody":"","fileTypesAndContributionMap":{"test-code":{"insertions":3,"deletions":3}}}]},{"date":"2025-10-10T00:00:00","commitResults":[{"hash":"2745ccf572c7946cdf2cdc2002362a9167aa9862","isMergeCommit":true,"messageTitle":"Merge pull request #43 from ravichandran-gokool/find-update-branch","messageBody":"Update Find command to find matches to partial keywords","fileTypesAndContributionMap":{}},{"hash":"f98c0d76377b82d87881512d5ec6c915b862e74e","isMergeCommit":false,"messageTitle":"Update DeleteCommand and DeleteCommandParser","messageBody":"- Remove unnecessary comments in code\n- Reduce code function length\n","fileTypesAndContributionMap":{"functional-code":{"insertions":0,"deletions":10}}},{"hash":"5ad389334b2749d40d88228c67b4da869383bad3","isMergeCommit":false,"messageTitle":"Refactor DeleteCommand: extract execute cases into helpers","messageBody":"execute() method in DeleteCommand is too long (\u003e30 LOC), making it hard to read, review and maintain\n\nLet\u0027s:\n- Extract execute cases into helper methods, keeping code short and concise\n- Add Javadoc comments for execute, executeByIndex, and executeByTag\n","fileTypesAndContributionMap":{"functional-code":{"insertions":85,"deletions":42}}},{"hash":"34d05753305870ab53e3383cd5d3b01115301be1","isMergeCommit":false,"messageTitle":"Fix DeleteCommand code to meet checkstyle requirements","messageBody":"","fileTypesAndContributionMap":{"functional-code":{"insertions":2,"deletions":3}}},{"hash":"1d71958f2fb3e9c616d27f29d58fe7554a9217a9","isMergeCommit":false,"messageTitle":"Update DeleteCommand to shorten JavaDoc comments","messageBody":"","fileTypesAndContributionMap":{"functional-code":{"insertions":19,"deletions":28}}},{"hash":"07a020f657afba4357156738af784a6a503a8e22","isMergeCommit":true,"messageTitle":"Merge pull request #45 from ravichandran-gokool/filter-by-tags-branch","messageBody":"Update Filter command to filter according to tags","fileTypesAndContributionMap":{}}]},{"date":"2025-10-16T00:00:00","commitResults":[{"hash":"f295f0d510886b01d766ea344e9bd98cada4bc98","isMergeCommit":false,"messageTitle":"Shortened lengthy Javadoc comments and functions to keep it under 30 LOC","messageBody":"","fileTypesAndContributionMap":{"functional-code":{"insertions":0,"deletions":8}}}]}],"ravichandran-gokool":[{"date":"2025-09-29T00:00:00","commitResults":[{"hash":"b49613077d410f342275f26af5a100fc2ee74dad","isMergeCommit":false,"messageTitle":"Update AboutUs markdown file","messageBody":"","fileTypesAndContributionMap":{"docs":{"insertions":5,"deletions":6}}},{"hash":"a659bdd965ad8c7fc33f9e701cd3e48c700bafef","isMergeCommit":true,"messageTitle":"Merge pull request #16 from he-yue-svg/branch-UpdateAboutUs","messageBody":"Update AboutUs: He Yue","fileTypesAndContributionMap":{}}]},{"date":"2025-10-01T00:00:00","commitResults":[{"hash":"577a3e06f67ad8ea56c83a014952fbf88166550a","isMergeCommit":false,"messageTitle":"Update UI Mockup","messageBody":"","fileTypesAndContributionMap":{"docs":{"insertions":1,"deletions":1}}}]},{"date":"2025-10-03T00:00:00","commitResults":[{"hash":"411f97bdfbe9260cf32d0efab9b9a8f195bbefb9","isMergeCommit":true,"messageTitle":"Merge pull request #25 from he-yue-svg/branch-UpdateREADME","messageBody":"Update README to match project requirements","fileTypesAndContributionMap":{}},{"hash":"768da6c5f9216fc899fa9f0c0f2c10f3b84c308f","isMergeCommit":true,"messageTitle":"Merge pull request #30 from darzizalol/branch-Site-Setting","messageBody":"Update Site-wide Setting","fileTypesAndContributionMap":{}},{"hash":"cad246f9bf1b8316015b67b60dfdeed5b7f44de6","isMergeCommit":false,"messageTitle":"Update banner","messageBody":"","fileTypesAndContributionMap":{"docs":{"insertions":2,"deletions":2}}}]},{"date":"2025-10-09T00:00:00","commitResults":[{"hash":"05f6bb9ffec5e06f43da5a16e727382eedd338d5","isMergeCommit":true,"messageTitle":"Merge pull request #38 from darzizalol/branch-add-profile-pic","messageBody":"Branch add profile pic","fileTypesAndContributionMap":{}},{"hash":"66ae052cd0a1d4f62683e176d577e4154a55d32c","isMergeCommit":false,"messageTitle":"Update Find command to find matches to partial keywords as well","messageBody":"","fileTypesAndContributionMap":{"functional-code":{"insertions":1,"deletions":1},"test-code":{"insertions":12,"deletions":2}}},{"hash":"545a4afde1e1acdd1939b77800aee811a0a2eb0f","isMergeCommit":false,"messageTitle":"Remove unnecessary import from NameContainsKeywordsPredicate class","messageBody":"","fileTypesAndContributionMap":{"functional-code":{"insertions":0,"deletions":1}}},{"hash":"ce45e6e1bcb1f257e9fb22eb0f1f4239b6309755","isMergeCommit":false,"messageTitle":"Create TagContainsKeywordPredicate class","messageBody":"","fileTypesAndContributionMap":{"functional-code":{"insertions":38,"deletions":0}}},{"hash":"51333e416dbc6c5ffa33d3d687ce4106b291b3c3","isMergeCommit":false,"messageTitle":"Create FilterCommand class","messageBody":"","fileTypesAndContributionMap":{"functional-code":{"insertions":56,"deletions":0}}},{"hash":"d987f4a797d0a310eed62ea0b5d110b450a643f7","isMergeCommit":false,"messageTitle":"Create FilterCommandParser class","messageBody":"","fileTypesAndContributionMap":{"functional-code":{"insertions":31,"deletions":0}}},{"hash":"f137fb80de6de61af9f0b0f34d05babcc0704efc","isMergeCommit":false,"messageTitle":"Add FindCommand case to AddressBookParser","messageBody":"","fileTypesAndContributionMap":{"functional-code":{"insertions":4,"deletions":0}}},{"hash":"3e5845e7b97cd61662a408483a27175da9943889","isMergeCommit":false,"messageTitle":"Add FilterCommandParserTest","messageBody":"","fileTypesAndContributionMap":{"test-code":{"insertions":32,"deletions":0}}}]},{"date":"2025-10-10T00:00:00","commitResults":[{"hash":"4f1a3e785fec9e3647557ddd8b851443bd589151","isMergeCommit":false,"messageTitle":"Add JavaDoc comments","messageBody":"","fileTypesAndContributionMap":{"functional-code":{"insertions":6,"deletions":0}}},{"hash":"a7b84a090a2bd00edba9b64b40f27686d8c7e9db","isMergeCommit":false,"messageTitle":"Remove unnecessary comment in FindCommand","messageBody":"","fileTypesAndContributionMap":{"functional-code":{"insertions":0,"deletions":1}}},{"hash":"f3198ad89a702d947263062148fb021af105736a","isMergeCommit":false,"messageTitle":"Remove unnecesary comments from FindCommandParserTest","messageBody":"","fileTypesAndContributionMap":{"test-code":{"insertions":0,"deletions":2}}},{"hash":"0f0c788ddb954c1e62fdbced409156d21ca9337b","isMergeCommit":true,"messageTitle":"Merge pull request #44 from he-yue-svg/branch-UpdateAdd","messageBody":"Branch update add","fileTypesAndContributionMap":{}}]},{"date":"2025-10-16T00:00:00","commitResults":[{"hash":"2d42be0a34074f70851f7443b72d4fcdd4d3c6b6","isMergeCommit":false,"messageTitle":"Edit Javadoc comments for FindCommand class","messageBody":"","fileTypesAndContributionMap":{"functional-code":{"insertions":1,"deletions":1}}}]},{"date":"2025-10-22T00:00:00","commitResults":[{"hash":"f6789ffb11f21415035cd5128c53225df4d4a84b","isMergeCommit":true,"messageTitle":"Merge pull request #55 from darzizalol/branch-debug-editCommand","messageBody":"Update edit command: add profile picture editing support","fileTypesAndContributionMap":{}}]},{"date":"2025-10-23T00:00:00","commitResults":[{"hash":"318cbe4fa9bdab00543e093ba1d49264bb7cc9ac","isMergeCommit":true,"messageTitle":"Merge pull request #58 from darzizalol/branch-whitetheme","messageBody":"Customize UI: implement a white-theme UI","fileTypesAndContributionMap":{}}]}]},"authorFileTypeContributionMap":{"darzizalol":{"docs":13,"functional-code":840,"test-code":44,"other":4},"he-yue-svg":{"docs":109,"functional-code":190,"test-code":152},"fifamobilegems":{"docs":5,"functional-code":174,"test-code":30},"ravichandran-gokool":{"docs":7,"functional-code":137,"test-code":42}},"authorContributionVariance":{"darzizalol":27670.35,"he-yue-svg":6991.894,"fifamobilegems":4139.059,"ravichandran-gokool":877.07306},"authorDisplayNameMap":{"darzizalol":"CS2103T-F13-1 FANG..GHAO","he-yue-svg":"CS2103T-F13-1 SEAH.. YUE","fifamobilegems":"CS2103T-F13-1 MAX .. YAN","ravichandran-gokool":"CS2103T-F13-1 RAVI..OKUL"}}
