{"authorDailyContributionsMap":{"XJie97":[],"tgonet":[],"YHKok":[],"Gareth2YuSheng":[],"Ma-Yirui":[],"Partillay791":[]},"authorFileTypeContributionMap":{"XJie97":{"docs":0,"functional-code":0,"test-code":0},"tgonet":{"docs":0,"functional-code":0,"test-code":0},"YHKok":{"docs":0,"functional-code":0,"test-code":0},"Gareth2YuSheng":{"docs":0,"functional-code":0,"test-code":0},"Ma-Yirui":{"docs":0,"functional-code":0,"test-code":0},"Partillay791":{"docs":0,"functional-code":0,"test-code":0}},"authorContributionVariance":{"XJie97":0.0,"tgonet":0.0,"YHKok":0.0,"Gareth2YuSheng":0.0,"Ma-Yirui":0.0,"Partillay791":0.0},"authorDisplayNameMap":{"XJie97":"CS2103-F11-1 LOH .. JIE","tgonet":"CS2103-F11-1 TAN .. ZHE","YHKok":"CS2103-F11-1 KOK ..SIEN","Gareth2YuSheng":"CS2103-F11-1 GARE..HENG","Ma-Yirui":"CS2103-F11-1 MA Y..IRUI","Partillay791":"CS2103-F11-1 KWAN.. HAO"}}
