{"authorDailyContributionsMap":{"yorick-chew":[{"date":"2025-10-01T00:00:00","commitResults":[{"hash":"0592c1176d62b75b505e9f55d9b39e8a20d0862a","isMergeCommit":false,"messageTitle":"Update Yorick\u0027s details in AboutUs page","messageBody":"","fileTypesAndContributionMap":{"docs":{"insertions":52,"deletions":6}}},{"hash":"1fe9890fea77410035dd4ea8b05bfe9f60441878","isMergeCommit":false,"messageTitle":"yorickchew.md: Update Yorick\u0027s details","messageBody":"","fileTypesAndContributionMap":{"docs":{"insertions":1,"deletions":1}}},{"hash":"578093d616387eae19ee90cb1c3b364fd8cc9fe9","isMergeCommit":true,"messageTitle":"Merge pull request #29 from michellee15/update-md","messageBody":"Update Michelle\u0027s section in AboutUs.md file","fileTypesAndContributionMap":{}}]},{"date":"2025-10-08T00:00:00","commitResults":[{"hash":"33f7dc6ac180f7ae73f36a580e41c0581e292737","isMergeCommit":false,"messageTitle":"Rename AddCommand class to AddTenantCommand","messageBody":"","fileTypesAndContributionMap":{"functional-code":{"insertions":7,"deletions":7},"other":{"insertions":29,"deletions":29},"test-code":{"insertions":7,"deletions":7}}},{"hash":"1dc38f4c38b2aa9aae00851f8e0190cbb70807c8","isMergeCommit":false,"messageTitle":"Rename AddCommandParser to AddTenantCommandParser","messageBody":"","fileTypesAndContributionMap":{"functional-code":{"insertions":2,"deletions":2},"other":{"insertions":8,"deletions":6},"docs":{"insertions":2,"deletions":2},"test-code":{"insertions":12,"deletions":11}}},{"hash":"4bd1907535f949a3676512f96f28c83ea89157ef","isMergeCommit":false,"messageTitle":"Rectify checkstyle error using new line","messageBody":"","fileTypesAndContributionMap":{"test-code":{"insertions":2,"deletions":1}}},{"hash":"a9dbf23ed52cbef05aaa94c156b04efb02d6c87b","isMergeCommit":false,"messageTitle":"Rectify checkstyle error to address brackets","messageBody":"","fileTypesAndContributionMap":{"test-code":{"insertions":1,"deletions":2}}}]},{"date":"2025-10-09T00:00:00","commitResults":[{"hash":"9db3dd8f5f5c87520f83cb8f4ecc3b820e6a57a1","isMergeCommit":true,"messageTitle":"Merge branch \u0027master\u0027 into feature/rename-add-command","messageBody":"","fileTypesAndContributionMap":{}},{"hash":"3538479857c2d5ed6b833d35d5bea9824647d965","isMergeCommit":false,"messageTitle":"Change comment to refer to AddTenantCommand","messageBody":"","fileTypesAndContributionMap":{"test-code":{"insertions":1,"deletions":1}}},{"hash":"936684531aeeebd32c68b6ede3d4aa691d2a4e2d","isMergeCommit":true,"messageTitle":"Merge pull request #74 from yorick-chew/feature/rename-add-command","messageBody":"Rename AddCommand class to AddTenantCommand","fileTypesAndContributionMap":{}}]},{"date":"2025-10-10T00:00:00","commitResults":[{"hash":"88a59317ee4a84c6333d4c5342139e5423c5fb00","isMergeCommit":false,"messageTitle":"Rename command keyword from add to tenant","messageBody":"","fileTypesAndContributionMap":{"functional-code":{"insertions":1,"deletions":1},"test-code":{"insertions":1,"deletions":1}}},{"hash":"67ba5bcee5617d6b443899fd208a23ea9a2785e8","isMergeCommit":false,"messageTitle":"Add lease field to add tenant command","messageBody":"","fileTypesAndContributionMap":{"functional-code":{"insertions":118,"deletions":8},"test-code":{"insertions":96,"deletions":29}}}]},{"date":"2025-10-11T00:00:00","commitResults":[{"hash":"19eaec2286b1db2c868d54aec148ec9b2e5b6351","isMergeCommit":false,"messageTitle":"Update AddTenantCommandParser with lease field","messageBody":"","fileTypesAndContributionMap":{"functional-code":{"insertions":23,"deletions":4}}},{"hash":"fd6a6066b027fa286d68ba125ac3a5ebb633254f","isMergeCommit":false,"messageTitle":"Update test classes to pass with lease field","messageBody":"","fileTypesAndContributionMap":{"functional-code":{"insertions":16,"deletions":9},"test-code":{"insertions":57,"deletions":28}}},{"hash":"36d76a54e062d1f240a13667c2644a1e7896b0c5","isMergeCommit":false,"messageTitle":"Update command message for add tenant command","messageBody":"","fileTypesAndContributionMap":{"functional-code":{"insertions":5,"deletions":2}}},{"hash":"3f1aab1a4a2346e9102f62dea10cd8a91824278a","isMergeCommit":false,"messageTitle":"Comply with checkstyle whitespace after warning","messageBody":"","fileTypesAndContributionMap":{"test-code":{"insertions":1,"deletions":1}}},{"hash":"e01b8753a5fe14d2f857f360ee09aca96a15cc83","isMergeCommit":true,"messageTitle":"Merge pull request #90 from yorick-chew/feature/update-add-tenant-cmd","messageBody":"Update add tenant command with lease parameter","fileTypesAndContributionMap":{}}]},{"date":"2025-10-15T00:00:00","commitResults":[{"hash":"655bc26f28f4b259981247c255f9a54e13692d27","isMergeCommit":false,"messageTitle":"Update add tenant command lease parameter tests","messageBody":"","fileTypesAndContributionMap":{"test-code":{"insertions":116,"deletions":9}}},{"hash":"9fcb3f0ed7669afbfe799416bc9095f37e2e6d38","isMergeCommit":true,"messageTitle":"Merge branch \u0027master\u0027 into feature/update-add-tenant-amount-param","messageBody":"","fileTypesAndContributionMap":{}},{"hash":"e16b61d51d949c05a1ad9b645ef7f984a5dbc420","isMergeCommit":false,"messageTitle":"Update paydate formatting in add tenant message","messageBody":"","fileTypesAndContributionMap":{"functional-code":{"insertions":1,"deletions":1}}},{"hash":"50d4c549526d5d46db4dff0b9e99f64b212a462b","isMergeCommit":false,"messageTitle":"Add lease amount parameter to add tenant command","messageBody":"","fileTypesAndContributionMap":{"functional-code":{"insertions":174,"deletions":24}}},{"hash":"d0cfdac9ed5f39516025ed6f9dfd9d62ef789340","isMergeCommit":true,"messageTitle":"Fix merge conflict in add tenant command message","messageBody":"","fileTypesAndContributionMap":{}}]},{"date":"2025-10-16T00:00:00","commitResults":[{"hash":"0cedc5c775798854a79c3a6818030f1af475f48e","isMergeCommit":false,"messageTitle":"Update command test classes for lease amount","messageBody":"","fileTypesAndContributionMap":{"test-code":{"insertions":17,"deletions":4}}},{"hash":"e8dcefacb7c959af74b34c74879eea7044d68ba9","isMergeCommit":false,"messageTitle":"Update parser test classes for lease amount","messageBody":"","fileTypesAndContributionMap":{"test-code":{"insertions":108,"deletions":36}}},{"hash":"a93fcfea8375a7e8f4e2c73baef5f7b159e1e3e9","isMergeCommit":false,"messageTitle":"Update model test classes for lease amount","messageBody":"","fileTypesAndContributionMap":{"test-code":{"insertions":67,"deletions":3}}},{"hash":"69ae3ab9c184c8376482f09d76b66d64be26e8d9","isMergeCommit":false,"messageTitle":"Update storage test classes for lease amount","messageBody":"","fileTypesAndContributionMap":{"test-code":{"insertions":33,"deletions":13}}},{"hash":"f461ac6cc9e00dd931be61809d5dfe731c1fc399","isMergeCommit":false,"messageTitle":"Update testutil classes for lease amount","messageBody":"","fileTypesAndContributionMap":{"test-code":{"insertions":45,"deletions":14}}},{"hash":"3e36cfbc45b6a0aacc310e7504bb727b4c3c72e9","isMergeCommit":false,"messageTitle":"Update typical persons test for lease amount","messageBody":"","fileTypesAndContributionMap":{"functional-code":{"insertions":1,"deletions":1},"test-code":{"insertions":1,"deletions":1}}},{"hash":"b41c742a7972cf32a5b428cad9c23c958109b2b9","isMergeCommit":false,"messageTitle":"Fix checkstyle separator wrap error","messageBody":"","fileTypesAndContributionMap":{"functional-code":{"insertions":2,"deletions":2}}},{"hash":"2b96d5fc629f6afdb44bc51dbbdf8bee2f49ac4a","isMergeCommit":false,"messageTitle":"Fix checkstyle comment indentation error","messageBody":"","fileTypesAndContributionMap":{"test-code":{"insertions":2,"deletions":2}}},{"hash":"a6b223a20c84de0ae41972856caecfe44b686e43","isMergeCommit":true,"messageTitle":"Fix merge conflicts with lease amount parameter","messageBody":"","fileTypesAndContributionMap":{}},{"hash":"94df25372f8ac42377496eecd6a31e43591b129e","isMergeCommit":false,"messageTitle":"Update formatting for commands","messageBody":"","fileTypesAndContributionMap":{"functional-code":{"insertions":2,"deletions":2}}},{"hash":"c3d464108700301f3047ead1e4f2cf9323528c60","isMergeCommit":false,"messageTitle":"Update java doc to reflect class name","messageBody":"","fileTypesAndContributionMap":{"functional-code":{"insertions":3,"deletions":3}}},{"hash":"75c1285350e1789891922dc261c1bccb8f6fa00e","isMergeCommit":true,"messageTitle":"Merge pull request #109 from yorick-chew/feature/update-add-tenant-amount-param","messageBody":"Update add tenant command with lease amount parameter","fileTypesAndContributionMap":{}},{"hash":"43612148f179f47a6eec71a438c05be64aed6a65","isMergeCommit":true,"messageTitle":"Merge pull request #112 from bearkerb/master","messageBody":"Update version number for release ","tags":["v1.3"],"fileTypesAndContributionMap":{}}]},{"date":"2025-10-20T00:00:00","commitResults":[{"hash":"bdc0e29fb1256c8861da6cd0711ee8e1dfecfe28","isMergeCommit":false,"messageTitle":"Add start and end date fields for Lease","messageBody":"","fileTypesAndContributionMap":{"functional-code":{"insertions":7,"deletions":0}}},{"hash":"8d8888f53eaee3e1368af2f381d4b614b8de1a64","isMergeCommit":false,"messageTitle":"Update validity checking for Lease","messageBody":"","fileTypesAndContributionMap":{"functional-code":{"insertions":30,"deletions":3}}},{"hash":"7ca4609b51e6f7cd844e2b90a4321cc5f56c6d5b","isMergeCommit":false,"messageTitle":"Update Lease constructor to store lease dates","messageBody":"","fileTypesAndContributionMap":{"functional-code":{"insertions":12,"deletions":8}}},{"hash":"7c1d27ed1842c198a337ba580984625766db68c3","isMergeCommit":false,"messageTitle":"Update Lease methods to use start and end date","messageBody":"","fileTypesAndContributionMap":{"functional-code":{"insertions":3,"deletions":1}}},{"hash":"3a3167361c8e805ebafafe049ef1a32cae803822","isMergeCommit":false,"messageTitle":"Update display value of lease on the gui","messageBody":"","fileTypesAndContributionMap":{"functional-code":{"insertions":9,"deletions":1}}},{"hash":"3511fda96d1649039fd041c1242c14d43d89ea5e","isMergeCommit":false,"messageTitle":"Update error message for wrong lease format","messageBody":"","fileTypesAndContributionMap":{"functional-code":{"insertions":5,"deletions":2}}},{"hash":"67d86b35a098188777b144bbb4b5833bcae592d1","isMergeCommit":false,"messageTitle":"Update Lease tests to work with LocalDate class","messageBody":"","fileTypesAndContributionMap":{"functional-code":{"insertions":5,"deletions":3},"test-code":{"insertions":30,"deletions":8}}},{"hash":"4cfd9b0cab30e944e62680cfc9f9dd980ff4da1a","isMergeCommit":false,"messageTitle":"Update regex to follow LeaseAmount format","messageBody":"","fileTypesAndContributionMap":{"functional-code":{"insertions":9,"deletions":4}}},{"hash":"33208b70493ab855acf43643efb40d4d608494d5","isMergeCommit":false,"messageTitle":"Update formatting for lease amount on gui","messageBody":"","fileTypesAndContributionMap":{"functional-code":{"insertions":15,"deletions":2}}},{"hash":"304114e77ee94ad882306267874b0bb44d8006c5","isMergeCommit":false,"messageTitle":"Update LeaseAmount methods to use BigDecimal","messageBody":"","fileTypesAndContributionMap":{"functional-code":{"insertions":1,"deletions":1}}}]},{"date":"2025-10-21T00:00:00","commitResults":[{"hash":"3c7586de4040ca4955ab0b7e0a024c239adcfb7e","isMergeCommit":false,"messageTitle":"Update LeaseAmount tests for new regex format","messageBody":"","fileTypesAndContributionMap":{"functional-code":{"insertions":1,"deletions":3},"test-code":{"insertions":32,"deletions":8}}},{"hash":"39178e9310e75fdf548a57980618372293d19185","isMergeCommit":false,"messageTitle":"Update LeaseAmount wrong format error message","messageBody":"","fileTypesAndContributionMap":{"functional-code":{"insertions":2,"deletions":1}}},{"hash":"5e57953e0d13208a3b150f118e4f39cb3035dad8","isMergeCommit":false,"messageTitle":"Update comment for lease regex","messageBody":"","fileTypesAndContributionMap":{"functional-code":{"insertions":1,"deletions":2}}},{"hash":"b978b544c937572e54a917854c78de4dbc136014","isMergeCommit":true,"messageTitle":"Merge branch \u0027master\u0027 into feature/update-lease-param-class","messageBody":"","fileTypesAndContributionMap":{}},{"hash":"903f949756c195cc51c903e33e5b6372be8850ae","isMergeCommit":true,"messageTitle":"Merge branch \u0027master\u0027 into feature/update-lease-amount-param-class","messageBody":"","fileTypesAndContributionMap":{}},{"hash":"9e4706baf28477c60db5a91ef7b97671b3b0063a","isMergeCommit":false,"messageTitle":"Remove duplicate lease amount test case","messageBody":"","fileTypesAndContributionMap":{"test-code":{"insertions":0,"deletions":1}}},{"hash":"7d158995e7f75190917b465b54ef1cadd6253098","isMergeCommit":true,"messageTitle":"Merge pull request #127 from yorick-chew/feature/update-lease-amount-param-class","messageBody":"Update class of Lease Amount parameter to use BigDecimal","fileTypesAndContributionMap":{}},{"hash":"e75b95afb0ba104d46d31072774d046415f2271f","isMergeCommit":true,"messageTitle":"Resolve merge conflict with LeaseAmount parameter","messageBody":"","fileTypesAndContributionMap":{}},{"hash":"468e14fdb0387119c643e48e23a88049227075d0","isMergeCommit":false,"messageTitle":"Improve SLAP for isValidLease method","messageBody":"","fileTypesAndContributionMap":{"functional-code":{"insertions":13,"deletions":11}}},{"hash":"d7b070981c377310061afc2c22497413dcb24186","isMergeCommit":true,"messageTitle":"Merge pull request #128 from yorick-chew/feature/update-lease-param-class","messageBody":"Update class of Lease parameter to use LocalDate","fileTypesAndContributionMap":{}}]},{"date":"2025-10-25T00:00:00","commitResults":[{"hash":"95417a6301848541d640aa9d6775e62bd9560c4f","isMergeCommit":false,"messageTitle":"Update uml diagrams for tenant command","messageBody":"","fileTypesAndContributionMap":{"docs":{"insertions":54,"deletions":46}}},{"hash":"48a9c870af9840e9a76e331da0b438abd4177b69","isMergeCommit":false,"messageTitle":"Update layout info for UserGuide.md","messageBody":"","fileTypesAndContributionMap":{"docs":{"insertions":2,"deletions":1}}}]},{"date":"2025-10-26T00:00:00","commitResults":[{"hash":"0c91ee6642592bd2fffab14a5234fdeac1e77a5b","isMergeCommit":true,"messageTitle":"Merge pull request #155 from yorick-chew/bug-fix/fix-inconsistent-user-guide-website-format","messageBody":"Update layout info for UserGuide.md","fileTypesAndContributionMap":{}},{"hash":"ccc4cbd53846e60e1cceef77eb73f2e1de0048e6","isMergeCommit":true,"messageTitle":"Merge pull request #153 from yorick-chew/documentation/update-uml-tenant-commands","messageBody":"Update uml diagrams for tenant command","fileTypesAndContributionMap":{}},{"hash":"e33e9a3ac6eb54fa19661f524f5eb36256cdf8b9","isMergeCommit":false,"messageTitle":"Fix unresponsive website sidebar for user guide","messageBody":"","fileTypesAndContributionMap":{"docs":{"insertions":0,"deletions":2}}},{"hash":"282fb13f250dbfb32afdcecd9507a54e9acb10e6","isMergeCommit":true,"messageTitle":"Merge pull request #157 from yorick-chew/bug-fix/fix-unresponsive-website-sidebar-for-user-guide","messageBody":"Fix unresponsive website sidebar for user guide","fileTypesAndContributionMap":{}},{"hash":"0673ea0efc23d383f4e104c1e2184647d8c4ee9f","isMergeCommit":false,"messageTitle":"Update website sidebar to match user guide","messageBody":"","fileTypesAndContributionMap":{"docs":{"insertions":5,"deletions":4}}},{"hash":"5fdc3ec0f5623720217ca174914539d49a244501","isMergeCommit":true,"messageTitle":"Merge pull request #159 from yorick-chew/bug-fix/fix-unresponsive-website-sidebar-for-user-guide-2","messageBody":"Update website sidebar to match user guide","fileTypesAndContributionMap":{}}]},{"date":"2025-10-28T00:00:00","commitResults":[{"hash":"2906385157bf0e8f696a4dbb266afaaadcc64d78","isMergeCommit":false,"messageTitle":"Update dtenant keyword to delete keyword","messageBody":"","fileTypesAndContributionMap":{"functional-code":{"insertions":1,"deletions":1},"test-code":{"insertions":1,"deletions":1}}},{"hash":"e07551d81b39be1bba3e0d214b90141b19eb2c5c","isMergeCommit":true,"messageTitle":"Merge branch \u0027master\u0027 into feature/revert-dtenant-keyword-to-delete","messageBody":"","fileTypesAndContributionMap":{}},{"hash":"207ece2a703c31d191c90acfb841c67d197b3421","isMergeCommit":true,"messageTitle":"Merge pull request #212 from yorick-chew/feature/revert-dtenant-keyword-to-delete","messageBody":"Update `dtenant` keyword to `delete` keyword","fileTypesAndContributionMap":{}},{"hash":"7258205b004cdc9d08c8a5270d36b8f9db981a86","isMergeCommit":false,"messageTitle":"Update acknowledgement section of developer guide","messageBody":"","fileTypesAndContributionMap":{"functional-code":{"insertions":1,"deletions":2},"docs":{"insertions":1,"deletions":1}}},{"hash":"e6919a8a8fb31cdc449553d158af702e16b0a725","isMergeCommit":false,"messageTitle":"Update SettingUp.md","messageBody":"","fileTypesAndContributionMap":{"docs":{"insertions":4,"deletions":4}}},{"hash":"2a3941e7ab591d7049e2b42b3d458e4346789aca","isMergeCommit":false,"messageTitle":"Update architecture section of developer guide","messageBody":"","fileTypesAndContributionMap":{"functional-code":{"insertions":2,"deletions":3},"docs":{"insertions":3,"deletions":3}}},{"hash":"99f062de6a70d581c061cc421aa754e634e01738","isMergeCommit":false,"messageTitle":"Update developer guide title to EstateMate","messageBody":"","fileTypesAndContributionMap":{"docs":{"insertions":1,"deletions":1}}}]},{"date":"2025-10-29T00:00:00","commitResults":[{"hash":"a1841fa94edaacae8e9275dc36cb4ca37737d5f0","isMergeCommit":false,"messageTitle":"Update ui component uml diagram","messageBody":"","fileTypesAndContributionMap":{"functional-code":{"insertions":5,"deletions":11},"docs":{"insertions":3,"deletions":1}}},{"hash":"1afd44ee0667038a06f22db0c242c3aa84cac66c","isMergeCommit":false,"messageTitle":"Update ui component text for developer guide","messageBody":"","fileTypesAndContributionMap":{"docs":{"insertions":8,"deletions":8}}},{"hash":"5b1bc3bd1ce918d423f1ca8f139cafc9f9bfadd1","isMergeCommit":true,"messageTitle":"Merge branch \u0027master\u0027 into documentation/update-dg-acknowledgement-to-ui","messageBody":"","fileTypesAndContributionMap":{}},{"hash":"a83d6179a7b16bde0464c40bc05c86560579ee21","isMergeCommit":false,"messageTitle":"Fix invalid date lease validation","messageBody":"","fileTypesAndContributionMap":{"functional-code":{"insertions":4,"deletions":2},"test-code":{"insertions":13,"deletions":0}}},{"hash":"dedb1e76530af67d773b6dc69fcd1c06300edb43","isMergeCommit":true,"messageTitle":"Merge branch \u0027master\u0027 into documentation/update-dg-acknowledgement-to-ui","messageBody":"","fileTypesAndContributionMap":{}},{"hash":"ffe5b02938b0d02da58983f38a39d2ffceb0d024","isMergeCommit":true,"messageTitle":"Merge pull request #217 from yorick-chew/documentation/update-dg-acknowledgement-to-ui","messageBody":"Update developer guide Acknowledgement, Setting Up, Architecture, UI sections","fileTypesAndContributionMap":{}},{"hash":"667b28761048a401b175d880600a2e81c89eb22b","isMergeCommit":true,"messageTitle":"Merge branch \u0027master\u0027 into bug-fix/fix-faulty-lease-date-validation","messageBody":"","fileTypesAndContributionMap":{}},{"hash":"b370bbc44cd3138c52d81a203c06bfabf2844ac2","isMergeCommit":true,"messageTitle":"Merge pull request #227 from yorick-chew/bug-fix/fix-faulty-lease-date-validation","messageBody":"Fix faulty date validation in Lease","fileTypesAndContributionMap":{}}]}],"bearkerb":[{"date":"2025-10-01T00:00:00","commitResults":[{"hash":"341dcf2a7a92c1c2e479b212c5f1ebc92af7f1fa","isMergeCommit":false,"messageTitle":"Update Gabriel\u0027s section of AboutUs.md","messageBody":"","fileTypesAndContributionMap":{"docs":{"insertions":49,"deletions":3}}},{"hash":"4328942367cb7eccc8c1937525c097bd43d16063","isMergeCommit":true,"messageTitle":"Merge pull request #20 from Glacialthorn/task/update-about-us-page","messageBody":"Update Benjamin\u0027s Section of AboutUs.md file","fileTypesAndContributionMap":{}},{"hash":"c421ba25f772e9878d3295f0132e4ced6107f599","isMergeCommit":true,"messageTitle":"Merge pull request #23 from gooZXSean/task/update-sean-aboutus","messageBody":"Update Sean\u0027s section of AboutUs.md file","fileTypesAndContributionMap":{}},{"hash":"54bf62af7ca7072c8abbcd97f5f3277fc230a276","isMergeCommit":false,"messageTitle":"Update target user profile in Developer Guide","messageBody":"","fileTypesAndContributionMap":{"docs":{"insertions":1,"deletions":0}}},{"hash":"0a0782db60361e92c2efac1f6cbb69e0d1131f83","isMergeCommit":false,"messageTitle":"Update README to match project and acknowledge source","messageBody":"","fileTypesAndContributionMap":{"docs":{"insertions":5,"deletions":8}}}]},{"date":"2025-10-09T00:00:00","commitResults":[{"hash":"2058a6816c78d4f607a601dc2ab51f33dd726135","isMergeCommit":false,"messageTitle":"Edit Person class to add jobs field","messageBody":"","fileTypesAndContributionMap":{"functional-code":{"insertions":12,"deletions":4}}},{"hash":"efac1ec4608cff7c9fa4cfceb2ef4970ae638e81","isMergeCommit":false,"messageTitle":"Update edit command to allow adding of jobs","messageBody":"","fileTypesAndContributionMap":{"functional-code":{"insertions":90,"deletions":17},"test-code":{"insertions":45,"deletions":10}}},{"hash":"187a21f9afcd7f43fe91136f0ad6a57a72c95b0e","isMergeCommit":true,"messageTitle":"Merge branch \u0027master\u0027 into feature/link-jobs","messageBody":"","fileTypesAndContributionMap":{}},{"hash":"374f73e828a914bd44cde2503ee955d55d2c8221","isMergeCommit":false,"messageTitle":"Fix style errors","messageBody":"","fileTypesAndContributionMap":{"functional-code":{"insertions":17,"deletions":4}}},{"hash":"bc456ab35d6939c026e363abd521a6437d9f9b3e","isMergeCommit":false,"messageTitle":"Fix style error again","messageBody":"","fileTypesAndContributionMap":{"functional-code":{"insertions":1,"deletions":1}}},{"hash":"c522f22c01eda66c7fe7d4945c09c016dade6a0e","isMergeCommit":false,"messageTitle":"Add missing JavaDoc comments","messageBody":"","fileTypesAndContributionMap":{"test-code":{"insertions":7,"deletions":0}}},{"hash":"e4f17704f433688205d1c392fae899f4c0015199","isMergeCommit":false,"messageTitle":"Update EditPersonDescriptorTest to account for jobs","messageBody":"","fileTypesAndContributionMap":{"test-code":{"insertions":2,"deletions":1}}},{"hash":"75ac2db4f1d954efcbd239f309729db5dbb1ef0a","isMergeCommit":false,"messageTitle":"Fix toString in PersonTest and data reading issue","messageBody":"","fileTypesAndContributionMap":{"functional-code":{"insertions":1,"deletions":1},"test-code":{"insertions":2,"deletions":1}}},{"hash":"49a31c4ca882844afdf5093628201323899ebe29","isMergeCommit":true,"messageTitle":"Merge branch \u0027master\u0027 into feature/link-jobs","messageBody":"","fileTypesAndContributionMap":{}}]},{"date":"2025-10-14T00:00:00","commitResults":[{"hash":"dfb657dfcfb9d960388d9207e5e33ed4ba663fe4","isMergeCommit":true,"messageTitle":"Merge branch \u0027master\u0027 into feature/link-jobs","messageBody":"","fileTypesAndContributionMap":{}},{"hash":"b6c3438e7ab5a3307dd31518cfc67f6c79b2a0fa","isMergeCommit":false,"messageTitle":"Add link command","messageBody":"","fileTypesAndContributionMap":{"functional-code":{"insertions":134,"deletions":0}}},{"hash":"441219de1fbbb45fdff246af48812c8ccb90d22a","isMergeCommit":false,"messageTitle":"Fix checkstyle errors","messageBody":"","fileTypesAndContributionMap":{"functional-code":{"insertions":17,"deletions":2}}}]},{"date":"2025-10-15T00:00:00","commitResults":[{"hash":"5c145c896664dd8d81937dbcdbb93c3b78604d30","isMergeCommit":true,"messageTitle":"Merge pull request #94 from bearkerb/feature/link-jobs","messageBody":"Create link job command","fileTypesAndContributionMap":{}},{"hash":"f5db001c1ba10fbf04d64f464a180059f19ab5d3","isMergeCommit":false,"messageTitle":"Fix compile error with PayDate","messageBody":"","fileTypesAndContributionMap":{"functional-code":{"insertions":4,"deletions":2}}},{"hash":"8a1e4b59533ade50be10f0d6afb96c7f00b5762e","isMergeCommit":true,"messageTitle":"Merge pull request #98 from bearkerb/feature/link-jobs","messageBody":"Fix compile error with PayDate","fileTypesAndContributionMap":{}},{"hash":"9781e61e13bc5ed3ee1b63c552dfbe46b9a70eb8","isMergeCommit":false,"messageTitle":"Add more checks for validity in LinkCommand","messageBody":"","fileTypesAndContributionMap":{"functional-code":{"insertions":24,"deletions":4}}},{"hash":"7186ba5e41172df371cf81426496b50931e6e8b3","isMergeCommit":true,"messageTitle":"Merge branch \u0027master\u0027 into feature/link-jobs","messageBody":"","fileTypesAndContributionMap":{}},{"hash":"ba1b1ead4d04d463d9c75d032633573db01edc2a","isMergeCommit":false,"messageTitle":"Change window name to EstateMate","messageBody":"","fileTypesAndContributionMap":{"functional-code":{"insertions":1,"deletions":1}}},{"hash":"8fe97e04d36c44db859256785865cdd5b3b35269","isMergeCommit":true,"messageTitle":"Merge pull request #106 from gooZXSean/105-minor-typo-in-tenant-command-example","messageBody":"Fix minor typo in tenant command example","fileTypesAndContributionMap":{}}]},{"date":"2025-10-16T00:00:00","commitResults":[{"hash":"2195aed5b42c1bda3dbc43499d4eb2ed466ca799","isMergeCommit":false,"messageTitle":"Update version number to 0.1.0 for release","messageBody":"","fileTypesAndContributionMap":{"functional-code":{"insertions":1,"deletions":1}}},{"hash":"deced1f55761317773fcf8fc7813970b26836fec","isMergeCommit":false,"messageTitle":"Change version number to v1.3 for release","messageBody":"","fileTypesAndContributionMap":{"functional-code":{"insertions":1,"deletions":1}}}]},{"date":"2025-10-21T00:00:00","commitResults":[{"hash":"4da65779dbe5f1cf5a235cb3e7f99766fbebe604","isMergeCommit":false,"messageTitle":"Add list jobs command","messageBody":"","fileTypesAndContributionMap":{"functional-code":{"insertions":24,"deletions":0}}},{"hash":"379418fcee2cd443cb92d9283076c44b94ab399e","isMergeCommit":false,"messageTitle":"Add tests for ListJobCommand","messageBody":"","fileTypesAndContributionMap":{"test-code":{"insertions":32,"deletions":0}}},{"hash":"5cc2b676735e971e8b14474379f54819d00662a3","isMergeCommit":false,"messageTitle":"Add missing JavaDoc comment for ListJobCommand class","messageBody":"","fileTypesAndContributionMap":{"functional-code":{"insertions":3,"deletions":1}}},{"hash":"86850a1f432579e3eae5e055f4c33e5aab23c181","isMergeCommit":false,"messageTitle":"Fix checkstyle errors","messageBody":"","fileTypesAndContributionMap":{"test-code":{"insertions":3,"deletions":1}}},{"hash":"64d15db2581c435c019533793491900d925c2c0a","isMergeCommit":false,"messageTitle":"Add temporary fix to ListJobCommandTest before GUI is done","messageBody":"","fileTypesAndContributionMap":{"test-code":{"insertions":4,"deletions":2}}},{"hash":"383d668b9a8e098e7b9a249045e96b212e2dc594","isMergeCommit":false,"messageTitle":"Add basic find job command","messageBody":"","fileTypesAndContributionMap":{"functional-code":{"insertions":132,"deletions":0}}},{"hash":"e1a58c14bd6833d5bfed07d08606834ec82c82a3","isMergeCommit":false,"messageTitle":"Fix find jobs breaking other job commands","messageBody":"","fileTypesAndContributionMap":{"functional-code":{"insertions":18,"deletions":9}}},{"hash":"acf0039ed34602651ca40bc4fe7c80037321abd5","isMergeCommit":false,"messageTitle":"Fix checkstyle errors","messageBody":"","fileTypesAndContributionMap":{"functional-code":{"insertions":10,"deletions":2}}},{"hash":"85b623131f5244c9cb9e3dad16d1333ad3bd6fe5","isMergeCommit":false,"messageTitle":"Add missing function override in model stub","messageBody":"","fileTypesAndContributionMap":{"test-code":{"insertions":5,"deletions":0}}},{"hash":"e4350dfe08dc96bbaefd4d7fb56194cfc7a85522","isMergeCommit":true,"messageTitle":"Merge branch \u0027master\u0027 into feature/list-jobs","messageBody":"","fileTypesAndContributionMap":{}},{"hash":"eb5f0447f29c32371fcab661260dcd5830f5b0eb","isMergeCommit":true,"messageTitle":"Merge pull request #138 from bearkerb/feature/list-jobs","messageBody":"Add list jobs command\n\nCurrently has logging included in command result, to resolve issue after GUI is added","fileTypesAndContributionMap":{}},{"hash":"23a8a8be149807d8b0fdbd5a66c05f1967616860","isMergeCommit":true,"messageTitle":"Merge branch \u0027master\u0027 into feature/find-jobs","messageBody":"","fileTypesAndContributionMap":{}},{"hash":"330beb68e040eab87b323900ab9acacdbf346370","isMergeCommit":false,"messageTitle":"Change getJobList to getUnfilteredJobList for accuracy","messageBody":"","fileTypesAndContributionMap":{"functional-code":{"insertions":1,"deletions":8},"test-code":{"insertions":0,"deletions":5}}},{"hash":"f163b7ffc347f8eeb3634a19bdf72448579bd71b","isMergeCommit":true,"messageTitle":"Merge pull request #139 from bearkerb/feature/find-jobs","messageBody":"Add find jobs feature\nChanged existing commands referencing filteredJobList to reference unique job list instead. (delete job, link job, mark job, unmark job, getJobDescriptionById).","fileTypesAndContributionMap":{}}]},{"date":"2025-10-22T00:00:00","commitResults":[{"hash":"f5a6ab77d47aab913e8eba718cfd787b36d1e984","isMergeCommit":true,"messageTitle":"Merge pull request #140 from michellee15/update-UG-v1","messageBody":"Update UserGuide.md v1","fileTypesAndContributionMap":{}}]},{"date":"2025-10-23T00:00:00","commitResults":[{"hash":"cc7e2242f5483ce5e26212eb339b31419be7d62f","isMergeCommit":false,"messageTitle":"Update ParserClass.puml to use EstateMate instead of AB3","messageBody":"","fileTypesAndContributionMap":{"docs":{"insertions":4,"deletions":4}}},{"hash":"6c27435d5b2a5f7620d5542591d4077743aff625","isMergeCommit":false,"messageTitle":"Update version to v1.4 for release","messageBody":"","fileTypesAndContributionMap":{"functional-code":{"insertions":1,"deletions":1}}}]},{"date":"2025-10-29T00:00:00","commitResults":[{"hash":"5a418344dc317beadc60631c81f0a7877a10b6dc","isMergeCommit":true,"messageTitle":"Merge pull request #224 from Glacialthorn/task/update-homepage","messageBody":"Update homepage to reflect EstateMate, not AB-3","fileTypesAndContributionMap":{}}]}],"gooZXSean":[{"date":"2025-10-01T00:00:00","commitResults":[{"hash":"8a85a17c465fbaa620fb73305e616415d6b8c53b","isMergeCommit":true,"messageTitle":"Merge remote-tracking branch \u0027upstream/master\u0027","messageBody":"","fileTypesAndContributionMap":{}},{"hash":"307551f70462fcd07912cb36856c4da4083ed669","isMergeCommit":false,"messageTitle":"Update AboutUs.md","messageBody":"","fileTypesAndContributionMap":{"docs":{"insertions":4,"deletions":4}}},{"hash":"46cf3438ea7df2b5c25c990bf373d53c33bf5383","isMergeCommit":false,"messageTitle":"Create goozxs.md","messageBody":"","fileTypesAndContributionMap":{"docs":{"insertions":46,"deletions":0}}},{"hash":"ead494d0e4ed2e241193dbc631cc744b51103539","isMergeCommit":false,"messageTitle":"Update goozxs.md","messageBody":"","fileTypesAndContributionMap":{"docs":{"insertions":2,"deletions":36}}},{"hash":"9a78ccb41f6db168a4442f69deb0cfb9b3681c69","isMergeCommit":true,"messageTitle":"Merge pull request #24 from bearkerb/task/update-aboutus","messageBody":"Update Gabriel\u0027s section of AboutUs.md","fileTypesAndContributionMap":{}},{"hash":"0cc90d000765bf0ff282ef721aa2bd0b43813fc8","isMergeCommit":true,"messageTitle":"Merge remote-tracking branch \u0027upstream/master\u0027","messageBody":"","fileTypesAndContributionMap":{}},{"hash":"95abac9b94e309d9991da5b22e7e35b8767fed5b","isMergeCommit":false,"messageTitle":"Update README.md","messageBody":"","fileTypesAndContributionMap":{"docs":{"insertions":2,"deletions":1}}},{"hash":"33296261127792a99af1ad5f2bb93fb47d58effb","isMergeCommit":true,"messageTitle":"Merge branch \u0027AY2526S1-CS2103T-F08a-2:master\u0027 into master","messageBody":"","fileTypesAndContributionMap":{}}]},{"date":"2025-10-09T00:00:00","commitResults":[{"hash":"76d003338ebbe21f29613e820fcceb7014de8950","isMergeCommit":true,"messageTitle":"Merge remote-tracking branch \u0027upstream/master\u0027","messageBody":"","fileTypesAndContributionMap":{}},{"hash":"c49adff18c23c47f48cb082f33ad25a8c056f65a","isMergeCommit":false,"messageTitle":"Create Job.java","messageBody":"","fileTypesAndContributionMap":{"functional-code":{"insertions":66,"deletions":0}}},{"hash":"a7fd902b8e9aefe52d3d4cb4a8464389b36b90fe","isMergeCommit":false,"messageTitle":"Update Messages.java","messageBody":"","fileTypesAndContributionMap":{"functional-code":{"insertions":2,"deletions":0}}},{"hash":"500a518a42fb3357b1439034d7861d2c3e97c2f7","isMergeCommit":false,"messageTitle":"Update CliSyntax.java","messageBody":"","fileTypesAndContributionMap":{"functional-code":{"insertions":1,"deletions":0}}},{"hash":"492c2ec3ee5641a6a4fe0f17131ccc64178fc4f6","isMergeCommit":false,"messageTitle":"Create JobNotFoundException.java","messageBody":"","fileTypesAndContributionMap":{"functional-code":{"insertions":6,"deletions":0}}},{"hash":"8bd68adda0309028a3b0639380c268754c5b5014","isMergeCommit":false,"messageTitle":"Create Description.java","messageBody":"","fileTypesAndContributionMap":{"functional-code":{"insertions":63,"deletions":0}}},{"hash":"4602122c11142ba3ccfb7149af9889740ec11118","isMergeCommit":false,"messageTitle":"Update build.gradle","messageBody":"","fileTypesAndContributionMap":{"other":{"insertions":1,"deletions":1}}},{"hash":"2e3b3187131ffb17747d1fa2e9b4101ad5199fa9","isMergeCommit":true,"messageTitle":"Merge pull request #76 from gooZXSean/bugfix/class-not-found-in-run-attempt","messageBody":"Fix class not found error when running master","fileTypesAndContributionMap":{}},{"hash":"011a8294a364089e7b63751f11a3bfbeae43ea48","isMergeCommit":false,"messageTitle":"Create AddJobCommand.java","messageBody":"","fileTypesAndContributionMap":{"functional-code":{"insertions":66,"deletions":0}}},{"hash":"30e0e98981d7939a9d8b3d2487f2203ca777b4eb","isMergeCommit":false,"messageTitle":"Create DeleteJobCommand.java","messageBody":"","fileTypesAndContributionMap":{"functional-code":{"insertions":69,"deletions":0}}},{"hash":"fb6798fa5322069b2d228ebb20064bc57b95789d","isMergeCommit":false,"messageTitle":"Change related files to support job commands","messageBody":"","fileTypesAndContributionMap":{"functional-code":{"insertions":356,"deletions":23}}},{"hash":"880bf03e0080d98e9738e12c5582bb232af50c9b","isMergeCommit":false,"messageTitle":"Update ModelManager.java","messageBody":"","fileTypesAndContributionMap":{"functional-code":{"insertions":0,"deletions":2}}},{"hash":"4bdfcd55108222f4449721e359d6ab6679d549df","isMergeCommit":false,"messageTitle":"Update AddCommandTest.java","messageBody":"","fileTypesAndContributionMap":{"test-code":{"insertions":27,"deletions":0}}},{"hash":"21f54d67d5dca94abcc20e5b28a71b96f630fef9","isMergeCommit":false,"messageTitle":"Update EstateMateTest.java","messageBody":"","fileTypesAndContributionMap":{"test-code":{"insertions":13,"deletions":0}}},{"hash":"3f7754209677d0e019685c8d326649d1c154f501","isMergeCommit":false,"messageTitle":"Update build.gradle","messageBody":"","fileTypesAndContributionMap":{"other":{"insertions":1,"deletions":1}}},{"hash":"9af16184b45f120611616c3ce29877df75c5cfac","isMergeCommit":false,"messageTitle":"Fix code style","messageBody":"","fileTypesAndContributionMap":{"functional-code":{"insertions":176,"deletions":144},"test-code":{"insertions":7,"deletions":8}}},{"hash":"48097842502aadfb1d5a5768ec02fac2755f0521","isMergeCommit":true,"messageTitle":"Merge remote-tracking branch \u0027upstream/master\u0027 into feature/jobs","messageBody":"","fileTypesAndContributionMap":{}},{"hash":"6fb0d7b7e5ec083e0bbf669b75faa6adb4753c3d","isMergeCommit":true,"messageTitle":"Merge remote-tracking branch \u0027upstream/master\u0027 into feature/jobs","messageBody":"","fileTypesAndContributionMap":{}},{"hash":"b8a68743303dd900598694866c35a97a9686ba67","isMergeCommit":false,"messageTitle":"Update AddJobCommand.java","messageBody":"","fileTypesAndContributionMap":{"functional-code":{"insertions":1,"deletions":1}}},{"hash":"7afcc5e23b1c93718b0d76a8da7642dd5051a1fe","isMergeCommit":true,"messageTitle":"Merge pull request #78 from gooZXSean/feature/jobs","messageBody":"Add jobs to model and storage system, and commands to add and delete job","fileTypesAndContributionMap":{}},{"hash":"57eef24d153f8500dffd7c2483fd4af8449895ee","isMergeCommit":true,"messageTitle":"Merge remote-tracking branch \u0027upstream/master\u0027","messageBody":"","fileTypesAndContributionMap":{}},{"hash":"d3c238af9ff81cbb5bfd445b3ad85817d55b618d","isMergeCommit":true,"messageTitle":"Merge remote-tracking branch \u0027upstream/master\u0027","messageBody":"","fileTypesAndContributionMap":{}},{"hash":"7bbeeb4c8ae191e08128acd25b332345afaae753","isMergeCommit":false,"messageTitle":"Update EstateMate.java","messageBody":"","fileTypesAndContributionMap":{"functional-code":{"insertions":8,"deletions":0}}},{"hash":"f3635aff30afc8a771a81a72e42a45d234309639","isMergeCommit":false,"messageTitle":"Update UniqueJobList.java","messageBody":"","fileTypesAndContributionMap":{"functional-code":{"insertions":3,"deletions":3}}},{"hash":"53e25a4ca75156bc06251088141c3096f42a56ed","isMergeCommit":true,"messageTitle":"Merge pull request #86 from bearkerb/feature/link-jobs","messageBody":"Link jobs to Person class","fileTypesAndContributionMap":{}}]},{"date":"2025-10-15T00:00:00","commitResults":[{"hash":"be7aaadaf054ee71448cd74c760741ea7bd4fbde","isMergeCommit":true,"messageTitle":"Merge remote-tracking branch \u0027upstream/master\u0027","messageBody":"","fileTypesAndContributionMap":{}},{"hash":"8f2e1be035c7d664ebd646acd3afc8f8d44bb378","isMergeCommit":true,"messageTitle":"Merge remote-tracking branch \u0027upstream/master\u0027","messageBody":"","fileTypesAndContributionMap":{}},{"hash":"6686efd0ad0718024d228bd752ce2b9b967a3fc9","isMergeCommit":false,"messageTitle":"Update ModelManager.java","messageBody":"","fileTypesAndContributionMap":{"functional-code":{"insertions":24,"deletions":0}}},{"hash":"ab0d1e76b2cd584ec33a790ad943d4cf5a3ed009","isMergeCommit":true,"messageTitle":"Merge pull request #101 from bearkerb/feature/link-jobs","messageBody":"Add more checks for validity in LinkCommand","fileTypesAndContributionMap":{}},{"hash":"1f39f5526a42b392a9138c292e166d17258aaf68","isMergeCommit":true,"messageTitle":"Merge remote-tracking branch \u0027upstream/master\u0027 into 95-tweak-delete-job-to-also-delete-all-references-of-that-job-in-the-list-of-tenants","messageBody":"","fileTypesAndContributionMap":{}},{"hash":"7945dbde630989138ffd953d3ba5bcd60f4a6f8b","isMergeCommit":true,"messageTitle":"Merge pull request #102 from gooZXSean/95-tweak-delete-job-to-also-delete-all-references-of-that-job-in-the-list-of-tenants","messageBody":"Tweak delete job to also delete all references of that job in the list of tenants","fileTypesAndContributionMap":{}},{"hash":"49678dae5317b2cc939922156ca9dfaebdd2417b","isMergeCommit":true,"messageTitle":"Merge remote-tracking branch \u0027upstream/master\u0027","messageBody":"","fileTypesAndContributionMap":{}},{"hash":"2fd360166f9a58810e247556ada81bae162eb07f","isMergeCommit":true,"messageTitle":"Merge remote-tracking branch \u0027upstream/master\u0027","messageBody":"","fileTypesAndContributionMap":{}},{"hash":"503de9025886d563dc8137f38629b01e56184bc8","isMergeCommit":true,"messageTitle":"Merge pull request #104 from bearkerb/bug/gui-window-name","messageBody":"Change window name to EstateMate","fileTypesAndContributionMap":{}},{"hash":"9ac77fa8ef96dd43560ff2c0ea36e96bc240b4b9","isMergeCommit":true,"messageTitle":"Merge remote-tracking branch \u0027upstream/master\u0027","messageBody":"","fileTypesAndContributionMap":{}},{"hash":"f6ae219f536d1557a719eb1a829a2a778f6942a9","isMergeCommit":false,"messageTitle":"Update AddTenantCommand.java","messageBody":"","fileTypesAndContributionMap":{"functional-code":{"insertions":1,"deletions":1}}}]},{"date":"2025-10-21T00:00:00","commitResults":[{"hash":"cb73be3899b897fd0fa87ab484f28bf07a271004","isMergeCommit":true,"messageTitle":"Merge remote-tracking branch \u0027upstream/master\u0027","messageBody":"","fileTypesAndContributionMap":{}},{"hash":"ccaee57c0e9005db187b31f57399df606d997b71","isMergeCommit":false,"messageTitle":"Create DuplicateJobException.java","messageBody":"","fileTypesAndContributionMap":{"functional-code":{"insertions":10,"deletions":0}}},{"hash":"d0937125e158c047c9f316df32f7f7aaa2ed08e4","isMergeCommit":false,"messageTitle":"Update Job.java","messageBody":"Added isSameJob function to Job.java.\n","fileTypesAndContributionMap":{"functional-code":{"insertions":10,"deletions":0}}},{"hash":"8b8e6a42733f8c6581649d0af70b375ca18886f4","isMergeCommit":false,"messageTitle":"Update Description.java","messageBody":"Fix equals function.\n","fileTypesAndContributionMap":{"functional-code":{"insertions":1,"deletions":1}}},{"hash":"4fd2ba06c6e4e9241fb69a36820c0a2682e1a698","isMergeCommit":false,"messageTitle":"Update model system","messageBody":"","fileTypesAndContributionMap":{"functional-code":{"insertions":53,"deletions":12}}},{"hash":"0726e6927febdb6543e631755da18e541c6d796b","isMergeCommit":false,"messageTitle":"Update AddJobCommand.java","messageBody":"","fileTypesAndContributionMap":{"functional-code":{"insertions":4,"deletions":1}}},{"hash":"c99db337c1942e97b1035341ee13b7d3e36d0597","isMergeCommit":false,"messageTitle":"Update JsonSerializableEstateMate.java","messageBody":"","fileTypesAndContributionMap":{"functional-code":{"insertions":3,"deletions":3}}},{"hash":"be7f6c7706c33d2a5d99dd42f93b326e7d08cd15","isMergeCommit":true,"messageTitle":"Merge remote-tracking branch \u0027upstream/master\u0027 into 89-add-duplicate-handling-for-jobs","messageBody":"","fileTypesAndContributionMap":{}},{"hash":"40abdd03d70f42af230aa8555392f34040db2bf5","isMergeCommit":false,"messageTitle":"Update AddTenantCommandTest.java","messageBody":"","fileTypesAndContributionMap":{"test-code":{"insertions":6,"deletions":0}}},{"hash":"0fe98f4f1bc9682f1b3765d1495e4b9a899d7ee5","isMergeCommit":false,"messageTitle":"Update Description.java","messageBody":"","fileTypesAndContributionMap":{"functional-code":{"insertions":0,"deletions":2}}},{"hash":"dada1491584a6ddbb810943dc5e5d6796f7fabcc","isMergeCommit":true,"messageTitle":"Merge branch \u002789-add-duplicate-handling-for-jobs\u0027 into 129-add-edit-job-command","messageBody":"","fileTypesAndContributionMap":{}},{"hash":"bd55f12ebdd7b43a89e15306636af736f60b21c3","isMergeCommit":false,"messageTitle":"Create EditJobCommand.java","messageBody":"","fileTypesAndContributionMap":{"functional-code":{"insertions":79,"deletions":0}}},{"hash":"798701b721642fb3c1b87c736690080a8e94dbab","isMergeCommit":false,"messageTitle":"Create EditJobCommandParser.java","messageBody":"","fileTypesAndContributionMap":{"functional-code":{"insertions":30,"deletions":0}}},{"hash":"687fddb1b771f738208ac862ec236312b081b679","isMergeCommit":false,"messageTitle":"Update model system","messageBody":"","fileTypesAndContributionMap":{"functional-code":{"insertions":32,"deletions":0},"test-code":{"insertions":10,"deletions":0}}},{"hash":"f54b143f9caf3a75dab9987d9394e83e09aeab49","isMergeCommit":true,"messageTitle":"Merge remote-tracking branch \u0027upstream/master\u0027 into 135-fix-seans-github-link-in-aboutusmd","messageBody":"","fileTypesAndContributionMap":{}},{"hash":"19b7a5a7870ab5e86005097175f20e6aa286d734","isMergeCommit":true,"messageTitle":"Merge remote-tracking branch \u0027upstream/master\u0027","messageBody":"","fileTypesAndContributionMap":{}},{"hash":"8ce60e060e6fc55aefe9e4e41cca7cba04d11ea1","isMergeCommit":false,"messageTitle":"Update UniqueJobList.java","messageBody":"","fileTypesAndContributionMap":{"functional-code":{"insertions":2,"deletions":2}}},{"hash":"93fc653972f0a2accc3ef07ebe227b276f5456d0","isMergeCommit":true,"messageTitle":"Merge pull request #133 from gooZXSean/89-add-duplicate-handling-for-jobs","messageBody":"Add duplicate handling for jobs","fileTypesAndContributionMap":{}},{"hash":"c3b1a1f775842da99a49d72767f11990194faf23","isMergeCommit":true,"messageTitle":"Merge remote-tracking branch \u0027upstream/master\u0027 into 129-add-edit-job-command","messageBody":"","fileTypesAndContributionMap":{}},{"hash":"7be21b94a452783df973bb9d446cf987ef33e3c4","isMergeCommit":false,"messageTitle":"Tweak job commands","messageBody":"Job commands should actually use the MESSAGE_SUCCESS or equivalent\nstatic final string.  Job commands need only check the job list and not the\nfiltered job list.\n","fileTypesAndContributionMap":{"functional-code":{"insertions":15,"deletions":23}}},{"hash":"ceb935e65a33a4ef1c5496e31a2c830cd82f29e6","isMergeCommit":false,"messageTitle":"Update EditJobCommand.java","messageBody":"","fileTypesAndContributionMap":{"functional-code":{"insertions":1,"deletions":2}}},{"hash":"e896794c631530a1c68fb3bc779ff06cf6e22f89","isMergeCommit":true,"messageTitle":"Merge pull request #134 from gooZXSean/129-add-edit-job-command","messageBody":"Add edit job command","fileTypesAndContributionMap":{}},{"hash":"b8236325a0d8fd67f978b6f1d9b00dc139a82500","isMergeCommit":false,"messageTitle":"Update AboutUs.md","messageBody":"","fileTypesAndContributionMap":{"docs":{"insertions":1,"deletions":1}}},{"hash":"25d57f4fa75160def62e82ae629ea4ce52118e04","isMergeCommit":true,"messageTitle":"Merge pull request #136 from gooZXSean/135-fix-seans-github-link-in-aboutusmd","messageBody":"Fix Sean\u0027s GitHub link in AboutUs.md","fileTypesAndContributionMap":{}}]},{"date":"2025-10-23T00:00:00","commitResults":[{"hash":"41966fa6c5a309c0f06e618a6cb952f579484212","isMergeCommit":true,"messageTitle":"Merge remote-tracking branch \u0027upstream/master\u0027","messageBody":"","fileTypesAndContributionMap":{}},{"hash":"459e1f012a0b5873fa8f5e195f4b75647f8d5e51","isMergeCommit":true,"messageTitle":"Merge branch \u0027master\u0027 into 145-enable-assertions","messageBody":"","fileTypesAndContributionMap":{}},{"hash":"51ad2138af8e42693ba6005630a0c594aba127ec","isMergeCommit":false,"messageTitle":"Update build.gradle","messageBody":"","fileTypesAndContributionMap":{"other":{"insertions":4,"deletions":0}}},{"hash":"0a4ccfe5e521a6f089004e8999faef14a5ea13cb","isMergeCommit":true,"messageTitle":"Merge remote-tracking branch \u0027upstream/master\u0027","messageBody":"","fileTypesAndContributionMap":{}},{"hash":"d6041693e4458c42d0488eb5a5a0e000138315e4","isMergeCommit":false,"messageTitle":"Update BetterModelClassDiagram.puml","messageBody":"","fileTypesAndContributionMap":{"docs":{"insertions":23,"deletions":10}}},{"hash":"ec497ac0fbe541a55af55c0b26cc7c23e9517ad8","isMergeCommit":true,"messageTitle":"Merge pull request #149 from bearkerb/task/update-uml","messageBody":"Update ParserClass.puml to use EstateMate instead of AB3","tags":["v1.4"],"fileTypesAndContributionMap":{}},{"hash":"a349973a2122bb993686481b9742a1fa9e6eb330","isMergeCommit":true,"messageTitle":"Merge pull request #150 from bearkerb/task/update-version","messageBody":"Update version to v1.4 for release","fileTypesAndContributionMap":{}},{"hash":"d58e6963e8178cb058b076eaa7e772ad706d5228","isMergeCommit":false,"messageTitle":"Update BetterModelClassDiagram.puml","messageBody":"","fileTypesAndContributionMap":{"docs":{"insertions":1,"deletions":1}}},{"hash":"a83644ad7f13f6d939721edd17518d88dc533a6f","isMergeCommit":true,"messageTitle":"Merge pull request #148 from gooZXSean/147-update-storageclassdiagrampuml","messageBody":"Update StorageClassDiagram.puml with Job and Job related info","fileTypesAndContributionMap":{}}]},{"date":"2025-10-28T00:00:00","commitResults":[{"hash":"7f422a0f357365e2eff3e8eb43591274eea7914f","isMergeCommit":true,"messageTitle":"Merge remote-tracking branch \u0027upstream/master\u0027","messageBody":"","fileTypesAndContributionMap":{}},{"hash":"d768e87175e852bd1d72daa024bd378f7fa634b6","isMergeCommit":true,"messageTitle":"Merge remote-tracking branch \u0027upstream/master\u0027","messageBody":"","fileTypesAndContributionMap":{}},{"hash":"3aa2fd4d0f785031c64784c73ba8546134139229","isMergeCommit":false,"messageTitle":"Update DeveloperGuide.md","messageBody":"","fileTypesAndContributionMap":{"docs":{"insertions":12,"deletions":6}}},{"hash":"81b028815bb4b835a6ad667efafe6194da8cc734","isMergeCommit":false,"messageTitle":"Create JobAddSequence.puml","messageBody":"","fileTypesAndContributionMap":{"docs":{"insertions":72,"deletions":0}}},{"hash":"6e1819af30c715f17d3782f5a6e3ca206ca5aa69","isMergeCommit":false,"messageTitle":"Create JobModelClassDiagram.puml","messageBody":"","fileTypesAndContributionMap":{"docs":{"insertions":75,"deletions":0}}},{"hash":"d7e24ebd95a2eb835d6d98144b01388dbc37b88e","isMergeCommit":false,"messageTitle":"Create JobStorageDiagram.puml","messageBody":"","fileTypesAndContributionMap":{"docs":{"insertions":38,"deletions":0}}},{"hash":"afe762a898061ff38f81f4b2e4801fa347d54ad2","isMergeCommit":false,"messageTitle":"Create JobUiClassDiagram.puml","messageBody":"","fileTypesAndContributionMap":{"docs":{"insertions":24,"deletions":0}}},{"hash":"c69f69aada22a5ba523cab029a3806f4d62cffa4","isMergeCommit":false,"messageTitle":"Update DeveloperGuide.md","messageBody":"","fileTypesAndContributionMap":{"docs":{"insertions":72,"deletions":0}}},{"hash":"fd3e9b54a200fea9f4b20afa575b0e225761eb05","isMergeCommit":false,"messageTitle":"Update DeveloperGuide.md","messageBody":"","fileTypesAndContributionMap":{"docs":{"insertions":5,"deletions":5}}},{"hash":"d6cf3ef92346ec001043c0d5def1c5f006db2aba","isMergeCommit":false,"messageTitle":"Update DeveloperGuide.md","messageBody":"","fileTypesAndContributionMap":{"docs":{"insertions":19,"deletions":8}}},{"hash":"f8081ee7e6a5a9735a8a4ce7603d7e202af09a91","isMergeCommit":true,"messageTitle":"Merge pull request #195 from gooZXSean/191-update-implementation-section-of-developer-guide","messageBody":"Update implementation section of developer guide","fileTypesAndContributionMap":{}},{"hash":"a6f019c37ff1fefebab4c6274577d955479a2571","isMergeCommit":true,"messageTitle":"Merge remote-tracking branch \u0027upstream/master\u0027 into 213-add-tests-for-job-adding-jobs-and-deleting-jobs","messageBody":"","fileTypesAndContributionMap":{}},{"hash":"059e2eb4f9eaf1ef82d8a608562a4cfdda230e69","isMergeCommit":false,"messageTitle":"Create AddJobCommandIntegrationTest.java","messageBody":"","fileTypesAndContributionMap":{"test-code":{"insertions":61,"deletions":0}}},{"hash":"2e7737a3d8e9d1e5915b4216da681837893fb1dc","isMergeCommit":false,"messageTitle":"Create AddJobCommandTest.java","messageBody":"","fileTypesAndContributionMap":{"test-code":{"insertions":294,"deletions":0}}},{"hash":"56393e2c22a5c6cf58eb14fcbb729514d030ba1a","isMergeCommit":false,"messageTitle":"Create AddJobCommandParserTest.java","messageBody":"","fileTypesAndContributionMap":{"test-code":{"insertions":67,"deletions":0}}},{"hash":"510a6f3404288db31bfff6d9b136ec36421c89fc","isMergeCommit":false,"messageTitle":"Create DeleteJobCommandTest.java","messageBody":"","fileTypesAndContributionMap":{"test-code":{"insertions":97,"deletions":0}}},{"hash":"ce8d5b40aec972e44fe5b7d02adc4bcf7b636ffc","isMergeCommit":false,"messageTitle":"Create DeleteJobCommandParserTest.java","messageBody":"","fileTypesAndContributionMap":{"test-code":{"insertions":31,"deletions":0}}},{"hash":"aed18ed87180f87344b1ba8ac7606c8b9c20ee16","isMergeCommit":false,"messageTitle":"Create DescriptionTest.java","messageBody":"","fileTypesAndContributionMap":{"test-code":{"insertions":62,"deletions":0}}},{"hash":"551f76d044f74b8251f79d9687bb15ce2d85e08c","isMergeCommit":false,"messageTitle":"Create JobTest.java","messageBody":"","fileTypesAndContributionMap":{"test-code":{"insertions":104,"deletions":0}}},{"hash":"93c053e8ed92fdc7496a65a026af839aede79525","isMergeCommit":false,"messageTitle":"Create EditJobCommandTest.java","messageBody":"","fileTypesAndContributionMap":{"test-code":{"insertions":110,"deletions":0}}},{"hash":"802fcad1ec8bd7bf5655509dfdaa3abe1e64db47","isMergeCommit":false,"messageTitle":"Create EditJobCommandParserTest.java","messageBody":"","fileTypesAndContributionMap":{"test-code":{"insertions":64,"deletions":0}}}]},{"date":"2025-10-29T00:00:00","commitResults":[{"hash":"b01aa655632a93cc58845a10b7fa1d3074c61cc8","isMergeCommit":true,"messageTitle":"Merge remote-tracking branch \u0027upstream/master\u0027 into 215-add-tests-for-editing-jobs","messageBody":"","fileTypesAndContributionMap":{}},{"hash":"6051407c7b90cd3298bdd01a892bd95f581c0c56","isMergeCommit":true,"messageTitle":"Merge pull request #216 from gooZXSean/215-add-tests-for-editing-jobs","messageBody":"Add tests for editing jobs","fileTypesAndContributionMap":{}},{"hash":"91d98425116f8e4d9e028ae974c8e515a98930e7","isMergeCommit":true,"messageTitle":"Merge remote-tracking branch \u0027upstream/master\u0027 into 213-add-tests-for-job-adding-jobs-and-deleting-jobs","messageBody":"","fileTypesAndContributionMap":{}},{"hash":"89b5619f04ddbc79ab7306c5e96e3b5458bb3643","isMergeCommit":false,"messageTitle":"Update AddJobCommandTest.java","messageBody":"","fileTypesAndContributionMap":{"test-code":{"insertions":3,"deletions":0}}},{"hash":"28a65cb63306105b0970350e52b4e170726eb71f","isMergeCommit":true,"messageTitle":"Merge pull request #214 from gooZXSean/213-add-tests-for-job-adding-jobs-and-deleting-jobs","messageBody":"Add tests for job, adding jobs and deleting jobs","fileTypesAndContributionMap":{}}]}],"michellee15":[{"date":"2025-10-01T00:00:00","commitResults":[{"hash":"8966b6e51bc1037e7f1c4e9e8c984b5baa7e4e81","isMergeCommit":false,"messageTitle":"Update AboutUs.md","messageBody":"","fileTypesAndContributionMap":{"docs":{"insertions":5,"deletions":5}}},{"hash":"d326ea750070479cf4b692a84f35592c56929474","isMergeCommit":false,"messageTitle":"Update NFRs section in DG.md","messageBody":"","fileTypesAndContributionMap":{"docs":{"insertions":10,"deletions":3}}},{"hash":"f4c916e9d28c842461d6007baabbcfd22d02fe0d","isMergeCommit":true,"messageTitle":"Merge pull request #46 from yorick-chew/documentation/add-ui-mockup","messageBody":"Add UI mockup of intended product","fileTypesAndContributionMap":{}},{"hash":"cf9aa4c7d5e8db30ed04524d89c729a808081d42","isMergeCommit":true,"messageTitle":"Merge pull request #47 from Glacialthorn/task/update-DG-use-cases","messageBody":"Update DeveloperGuide.md Use cases","fileTypesAndContributionMap":{}},{"hash":"14387887d81b9bcd1f94ae315b5794cf6e7317a2","isMergeCommit":true,"messageTitle":"Merge pull request #48 from bearkerb/task/update-readme","messageBody":"Update README to match project and acknowledge source","fileTypesAndContributionMap":{}},{"hash":"48c2eb2c3fba7669792bb7408955c50e948e868e","isMergeCommit":false,"messageTitle":"Update formatting of NFR in DG.md","messageBody":"","fileTypesAndContributionMap":{"docs":{"insertions":6,"deletions":5}}},{"hash":"6642fb140504604930f2db813cc0c75f82f528f1","isMergeCommit":false,"messageTitle":"Fix formatting NFRs section","messageBody":"","fileTypesAndContributionMap":{"docs":{"insertions":2,"deletions":2}}},{"hash":"33339427f858f052aebfba794f470f78610bbad9","isMergeCommit":true,"messageTitle":"Merge pull request #49 from michellee15/update-NFR-fixes","messageBody":"Update nfr fixes","fileTypesAndContributionMap":{}}]},{"date":"2025-10-08T00:00:00","commitResults":[{"hash":"f7c0ba3448974e4cbd82b7b4eafac3d2f147582c","isMergeCommit":true,"messageTitle":"Merge pull request #72 from Glacialthorn/feature/rename-addressbookstuff","messageBody":"Change AddressBook names to EstateMate","fileTypesAndContributionMap":{}}]},{"date":"2025-10-09T00:00:00","commitResults":[{"hash":"b176206a2bbb91dcd95ada8b2eae844309d5bd27","isMergeCommit":false,"messageTitle":"Add maintenance section template in TenantListCard and TenantCard","messageBody":"","fileTypesAndContributionMap":{"functional-code":{"insertions":13,"deletions":14},"other":{"insertions":35,"deletions":10}}},{"hash":"4d07cedf39d6d8324ce0a79c0073c75903a462f7","isMergeCommit":false,"messageTitle":"Fix checkstyles","messageBody":"","fileTypesAndContributionMap":{"functional-code":{"insertions":18,"deletions":31},"docs":{"insertions":35,"deletions":35},"test-code":{"insertions":1,"deletions":1}}},{"hash":"69176a7c426d9550d21f6245d5c44448a0e4178c","isMergeCommit":false,"messageTitle":"Fix checkstyleon DG.md","messageBody":"","fileTypesAndContributionMap":{"docs":{"insertions":2,"deletions":2}}},{"hash":"bff3788e5f59b76ad0ef19088e6a22f70bd8b822","isMergeCommit":false,"messageTitle":"Fix issue in ConfigUtilTest.java","messageBody":"","fileTypesAndContributionMap":{"functional-code":{"insertions":4,"deletions":3},"test-code":{"insertions":1,"deletions":1}}},{"hash":"d775b096054833e12260345de1ab2435cdade15e","isMergeCommit":true,"messageTitle":"Merge branch \u0027master\u0027 into UI-setup-1.0","messageBody":"","fileTypesAndContributionMap":{}},{"hash":"d76cd8ad12220907a48bfadd4f1b572ac9ffeab6","isMergeCommit":true,"messageTitle":"Merge pull request #85 from gooZXSean/bugfix/jobs-not-persisting-between-sessions","messageBody":"Bugfix/jobs not persisting between sessions","fileTypesAndContributionMap":{}},{"hash":"f77826db712335ee082ad93294ccf87d907d79bd","isMergeCommit":true,"messageTitle":"Merge pull request #77 from michellee15/UI-setup-1.0","messageBody":"Add maintenance section template in TenantListCard and TenantCard","fileTypesAndContributionMap":{}}]},{"date":"2025-10-12T00:00:00","commitResults":[{"hash":"9ebcba8a3becf749aa8c82bb6c3df84f9aa1fa60","isMergeCommit":false,"messageTitle":"Save local edits","messageBody":"","fileTypesAndContributionMap":{"functional-code":{"insertions":38,"deletions":33},"other":{"insertions":11,"deletions":11},"test-code":{"insertions":19,"deletions":19}}},{"hash":"f42cd0da861ed3d9a01b7975a2da98c9392b3b3a","isMergeCommit":true,"messageTitle":"Merge branch \u0027master\u0027 of https://github.com/michellee15/tp","messageBody":"","fileTypesAndContributionMap":{}},{"hash":"66678520b14bd23146530033974730fc0f016bcd","isMergeCommit":false,"messageTitle":"Update delete tenant command","messageBody":"","fileTypesAndContributionMap":{"functional-code":{"insertions":1,"deletions":4}}},{"hash":"7ba3c80cc7ad8ef5778939e5067393d0c6727b49","isMergeCommit":false,"messageTitle":"Fix checkstyles and update delete failed message","messageBody":"","fileTypesAndContributionMap":{"functional-code":{"insertions":6,"deletions":7},"test-code":{"insertions":8,"deletions":6}}},{"hash":"13c83d765b3961ee5e03637dbfabac47aa41e47a","isMergeCommit":false,"messageTitle":"Update changes based on reviews","messageBody":"","fileTypesAndContributionMap":{"functional-code":{"insertions":3,"deletions":3},"test-code":{"insertions":2,"deletions":2}}},{"hash":"8bc57718619a87b026a9b1d94ec1514da847f1db","isMergeCommit":false,"messageTitle":"Update changes in variable namings and error messages","messageBody":"","fileTypesAndContributionMap":{"functional-code":{"insertions":9,"deletions":9},"other":{"insertions":16,"deletions":16},"test-code":{"insertions":2,"deletions":2}}},{"hash":"2dc8616901fd77c91f3e00dfd363a05d7a8980fd","isMergeCommit":false,"messageTitle":"Update variable name in DeleteTenantCommand class","messageBody":"","fileTypesAndContributionMap":{"functional-code":{"insertions":4,"deletions":4}}},{"hash":"c4c687af672dff0f6145273e88ed7a0dc660570c","isMergeCommit":true,"messageTitle":"Merge pull request #91 from michellee15/delete-tenant-command","messageBody":"Delete tenant command","fileTypesAndContributionMap":{}}]},{"date":"2025-10-14T00:00:00","commitResults":[{"hash":"0683bf3fa446bf0116b95e9aa27343b92b8d5917","isMergeCommit":false,"messageTitle":"Add pay date as parameter","messageBody":"","fileTypesAndContributionMap":{"functional-code":{"insertions":179,"deletions":27},"test-code":{"insertions":262,"deletions":59}}},{"hash":"6c3229873b52d9f8accdc2e66e826f0be63b61ad","isMergeCommit":true,"messageTitle":"Merge branch \u0027master\u0027 into add-param-paydate","messageBody":"","fileTypesAndContributionMap":{}},{"hash":"dbe5e7f2858e9fb016fc461943b8e8df458ff7b7","isMergeCommit":false,"messageTitle":"Update changes based on review","messageBody":"","fileTypesAndContributionMap":{"test-code":{"insertions":2,"deletions":4}}},{"hash":"aed20df750224d50a7e927f9dd41e385ac537a8b","isMergeCommit":true,"messageTitle":"Merge branch \u0027add-param-paydate\u0027 of https://github.com/michellee15/tp into add-param-paydate","messageBody":"","fileTypesAndContributionMap":{}},{"hash":"3d68d3cd3352e8114dfd0a0c3642cf31e8f0ea50","isMergeCommit":true,"messageTitle":"Merge pull request #92 from michellee15/add-param-paydate","messageBody":"Add pay date as parameter","fileTypesAndContributionMap":{}}]},{"date":"2025-10-15T00:00:00","commitResults":[{"hash":"b56486b3cc2d09ab9110f086a554c63a8711dbd1","isMergeCommit":false,"messageTitle":"Update UI setup-1.1","messageBody":"","fileTypesAndContributionMap":{"functional-code":{"insertions":94,"deletions":26}}},{"hash":"dd78dbfa77f756f1ed598a5b0e1e429c132fd84a","isMergeCommit":false,"messageTitle":"Merge master into UI-setup-1.1 and restored local edits","messageBody":"","fileTypesAndContributionMap":{"functional-code":{"insertions":320,"deletions":8},"test-code":{"insertions":11,"deletions":0}}},{"hash":"22e88c56f447c90e9b4c0352cd1bebfecaaa37a4","isMergeCommit":false,"messageTitle":"Update GUI setup to display maintenance jobs","messageBody":"","fileTypesAndContributionMap":{"functional-code":{"insertions":5,"deletions":8},"test-code":{"insertions":5,"deletions":0}}},{"hash":"89ddce628e61341d6fe11caf4763fcaef10eb834","isMergeCommit":true,"messageTitle":"Merge branch \u0027master\u0027 into UI-setup-1.1","messageBody":"","fileTypesAndContributionMap":{}},{"hash":"034f00af53de1b4466392ded35b5457d4bd9e744","isMergeCommit":true,"messageTitle":"Merge branch \u0027master\u0027 into UI-setup-1.1","messageBody":"","fileTypesAndContributionMap":{}},{"hash":"5ca1b4b78a1c19b92caf731be249afea18795603","isMergeCommit":false,"messageTitle":"Merge conflict resolved","messageBody":"","fileTypesAndContributionMap":{"test-code":{"insertions":2,"deletions":2}}}]},{"date":"2025-10-16T00:00:00","commitResults":[{"hash":"5ec20ffc5c1315abf899ebb7813e70cccd70b09d","isMergeCommit":false,"messageTitle":"Fix bug in checkstyle and merge conflicts","messageBody":"","fileTypesAndContributionMap":{"functional-code":{"insertions":0,"deletions":4},"test-code":{"insertions":1,"deletions":2}}},{"hash":"85cb3fef138b73a90b1470cd03c6694561194b1e","isMergeCommit":true,"messageTitle":"Merge branch \u0027UI-setup-1.1\u0027 of https://github.com/michellee15/tp into UI-setup-1.1","messageBody":"","fileTypesAndContributionMap":{}},{"hash":"8222d5a5eebd052d42a44b8d0d7de0a2c0478605","isMergeCommit":false,"messageTitle":"Fix checkstyle in HelpWindow.fxml","messageBody":"","fileTypesAndContributionMap":{"functional-code":{"insertions":1,"deletions":1},"test-code":{"insertions":0,"deletions":1}}},{"hash":"b8018f5b2df4e474a30d66792b4b9f921f4156eb","isMergeCommit":false,"messageTitle":"Add assertion to EditPersonDescriptorTest for pay date","messageBody":"","fileTypesAndContributionMap":{"test-code":{"insertions":8,"deletions":2}}},{"hash":"729a624d3ff6dc8b3f60162235f3daff2990b033","isMergeCommit":false,"messageTitle":"Capitalise first letter of each word in TenantCard.java","messageBody":"","fileTypesAndContributionMap":{"functional-code":{"insertions":5,"deletions":5}}},{"hash":"9a429c5f12bc1536dddfd842e75f0c09f2c9fea5","isMergeCommit":true,"messageTitle":"Merge pull request #107 from michellee15/UI-setup-1.1","messageBody":"UI setup 1.1","fileTypesAndContributionMap":{}},{"hash":"fc0c70eb7a7194b94db74de9c482028f813f9802","isMergeCommit":false,"messageTitle":"Update UI with mark feature and fix maintenance job information","messageBody":"","fileTypesAndContributionMap":{"functional-code":{"insertions":52,"deletions":12},"test-code":{"insertions":11,"deletions":0}}},{"hash":"76eeac65690e069195e514bcd95ad5dfd728a3c1","isMergeCommit":true,"messageTitle":"Merge pull request #111 from michellee15/UI-setup-1.2","messageBody":"Update UI with mark feature and fix maintenance job information","fileTypesAndContributionMap":{}}]},{"date":"2025-10-20T00:00:00","commitResults":[{"hash":"4702057c7f19605596625445e18d59e113451f61","isMergeCommit":false,"messageTitle":"Fix completion status to update automatically","messageBody":"","fileTypesAndContributionMap":{"functional-code":{"insertions":9,"deletions":0}}},{"hash":"e03825adb16669e4263eae1c1d95a3fac559883c","isMergeCommit":false,"messageTitle":"Fix exit button in GUI","messageBody":"","fileTypesAndContributionMap":{"functional-code":{"insertions":5,"deletions":1}}},{"hash":"8b4a5c6e57af2a0b37bfea19529eb780f65d315e","isMergeCommit":true,"messageTitle":"Merge pull request #123 from michellee15/fix-GUI-status","messageBody":"Fix completion status to update automatically","fileTypesAndContributionMap":{}},{"hash":"d4c81479be5d7cf7ab4053bedd2dbb4634c82d91","isMergeCommit":true,"messageTitle":"Merge pull request #124 from michellee15/fix-GUI-exit","messageBody":"Fix exit button in GUI","fileTypesAndContributionMap":{}},{"hash":"ad76e5fe90efb208539075eb16ff3e8c15af35ae","isMergeCommit":false,"messageTitle":"Remove exit() method in MainWindow class","messageBody":"","fileTypesAndContributionMap":{"functional-code":{"insertions":1,"deletions":1}}},{"hash":"56e776b22de980fe752f5d1b85c4b7080215709d","isMergeCommit":true,"messageTitle":"Merge branch \u0027master\u0027 into fix-exit-GUI-v2","messageBody":"","fileTypesAndContributionMap":{}}]},{"date":"2025-10-21T00:00:00","commitResults":[{"hash":"2d124b89928318fccea120f37dc07f1b9dadca08","isMergeCommit":false,"messageTitle":"Fix spelling error in MainWindow.fxml","messageBody":"","fileTypesAndContributionMap":{"functional-code":{"insertions":1,"deletions":1},"docs":{"insertions":83,"deletions":12}}},{"hash":"37d56be67604ce5721044e3b4bbbb0c4844b83ad","isMergeCommit":true,"messageTitle":"Merge branch \u0027fix-exit-GUI-v2\u0027 of https://github.com/michellee15/tp into fix-exit-GUI-v2","messageBody":"","fileTypesAndContributionMap":{}},{"hash":"e1cecf01754104172febbde6d8473a747159fcdf","isMergeCommit":false,"messageTitle":"Revert UserGuide.md to original version from master","messageBody":"","fileTypesAndContributionMap":{"docs":{"insertions":12,"deletions":83}}},{"hash":"0936a4ea763e4da7a14712094d9988b7b5598006","isMergeCommit":true,"messageTitle":"Merge pull request #125 from michellee15/fix-exit-GUI-v2","messageBody":"Remove exit() method in MainWindow class","fileTypesAndContributionMap":{}},{"hash":"c17caaae03230b720501703ff8024f90f94c7a11","isMergeCommit":false,"messageTitle":"Update format and content in UserGuide.md","messageBody":"","fileTypesAndContributionMap":{"docs":{"insertions":365,"deletions":92}}},{"hash":"31ea6ccab27fe78155ee67b12460c20b6cd7aeee","isMergeCommit":false,"messageTitle":"Update content and formatting in UserGuide.md","messageBody":"","fileTypesAndContributionMap":{"docs":{"insertions":4,"deletions":4}}}]},{"date":"2025-10-22T00:00:00","commitResults":[{"hash":"ba233eca8eaaf302e8858eadee0d2a294fb5ca2f","isMergeCommit":false,"messageTitle":"Fix link failure issue","messageBody":"","fileTypesAndContributionMap":{"docs":{"insertions":4,"deletions":4}}},{"hash":"00869e206437ee77b1b2c3c5e36b3f3d20296c05","isMergeCommit":false,"messageTitle":"Change words and phrases to suit EstateMate","messageBody":"","fileTypesAndContributionMap":{"docs":{"insertions":44,"deletions":40}}},{"hash":"0484ec03170eddae59ff3bf2f8744a0244866cff","isMergeCommit":false,"messageTitle":"Change phrases to be more non technical friendly","messageBody":"","fileTypesAndContributionMap":{"docs":{"insertions":22,"deletions":8}}}]},{"date":"2025-10-23T00:00:00","commitResults":[{"hash":"1207bfc4aed6890931ee84723b35644172b0481a","isMergeCommit":true,"messageTitle":"Merge pull request #146 from gooZXSean/145-enable-assertions","messageBody":"Enable assertions","fileTypesAndContributionMap":{}},{"hash":"7eafc95cfd97f35d9da640dc59ec8c5552973048","isMergeCommit":false,"messageTitle":"Add PayDate, JobListPanel, JobCard to UML diagram","messageBody":"","fileTypesAndContributionMap":{"docs":{"insertions":17,"deletions":9}}}]},{"date":"2025-10-24T00:00:00","commitResults":[{"hash":"9569032029f5f57dab6148cfa044f92d6cc29d3c","isMergeCommit":true,"messageTitle":"Merge pull request #151 from michellee15/uml-update-v1","messageBody":"Add PayDate, JobListPanel, JobCard to UML diagram","fileTypesAndContributionMap":{}}]},{"date":"2025-10-26T00:00:00","commitResults":[{"hash":"1d7e0c8bbf0fb369b2d44535a024cd80175aa461","isMergeCommit":false,"messageTitle":"Update fields of PayDate class","messageBody":"","fileTypesAndContributionMap":{"functional-code":{"insertions":12,"deletions":11},"test-code":{"insertions":2,"deletions":2}}},{"hash":"a9acd93147f1eef42658cb653ccfae5bab3e419f","isMergeCommit":false,"messageTitle":"Add more tests and SLAP improvement in PayDate","messageBody":"","fileTypesAndContributionMap":{"functional-code":{"insertions":11,"deletions":6},"test-code":{"insertions":27,"deletions":12}}},{"hash":"0fba3078e1635443829226e335f055fcca301f44","isMergeCommit":true,"messageTitle":"Merge pull request #158 from michellee15/update-paydate-v2","messageBody":"Update fields of PayDate class","fileTypesAndContributionMap":{}},{"hash":"6bf13cb4b3558dfb476baf3f9b4d2ce62e0d77cc","isMergeCommit":false,"messageTitle":"Improve SLAP in TenantCard class","messageBody":"","fileTypesAndContributionMap":{"functional-code":{"insertions":38,"deletions":12}}}]},{"date":"2025-10-28T00:00:00","commitResults":[{"hash":"268d2de4f753d365447b9211a80d08b70444a3ab","isMergeCommit":false,"messageTitle":"Update tips, notes, and formatting of UG","messageBody":"","fileTypesAndContributionMap":{"docs":{"insertions":240,"deletions":214}}},{"hash":"ede68314a5bd7e3719587fbaaba02c9253838dbd","isMergeCommit":true,"messageTitle":"Merge pull request #171 from michellee15/update-tenant-card","messageBody":"Improve SLAP in TenantCard class","fileTypesAndContributionMap":{}},{"hash":"b62d51dcad2e1beaa323a0fd6af2a85f423fefb2","isMergeCommit":false,"messageTitle":"Fix spaces, full stops and formatting","messageBody":"","fileTypesAndContributionMap":{"docs":{"insertions":31,"deletions":48}}},{"hash":"260f39922fe8b6e2ac8d0e53463b08a0d729ef9e","isMergeCommit":false,"messageTitle":"Fix minor nits on punctuations","messageBody":"","fileTypesAndContributionMap":{"docs":{"insertions":2,"deletions":2}}},{"hash":"dcbc9c425795e543f0a58c473244378f0f6483de","isMergeCommit":false,"messageTitle":"Add full-stops in notes under 3.2.7 and 3.2.8 for consistency","messageBody":"","fileTypesAndContributionMap":{"docs":{"insertions":3,"deletions":3}}},{"hash":"b3be3daf7d2e8d529cd3d81542394e629e46dcf1","isMergeCommit":false,"messageTitle":"Save local edits on DG","messageBody":"","fileTypesAndContributionMap":{"docs":{"insertions":182,"deletions":86}}},{"hash":"2013f107675f4e363633669d68a45164faeb34c8","isMergeCommit":false,"messageTitle":"Update changes in UG based on review","messageBody":"","fileTypesAndContributionMap":{"docs":{"insertions":23,"deletions":17}}},{"hash":"d651fba3d166bcc62726dc518eadce7d7e5f6904","isMergeCommit":false,"messageTitle":"Update changes in default.md","messageBody":"","fileTypesAndContributionMap":{"docs":{"insertions":3,"deletions":2}}},{"hash":"4ccf8138b7f5dedc7327ff5e870bbbbe30fd7a7f","isMergeCommit":true,"messageTitle":"Merge pull request #190 from michellee15/update-UG-v2","messageBody":"Update tips, notes, and formatting of UG","fileTypesAndContributionMap":{}}]},{"date":"2025-10-29T00:00:00","commitResults":[{"hash":"795cb98e8eceecf65893b0f7b74372c4498cd68e","isMergeCommit":false,"messageTitle":"Update user stories and use cases in DG","messageBody":"","fileTypesAndContributionMap":{"docs":{"insertions":202,"deletions":105}}},{"hash":"796edd0bf644a6199b57595a95d9b8fe8c28a52e","isMergeCommit":false,"messageTitle":"Fix PayDate to reject invalid calendar dates","messageBody":"","fileTypesAndContributionMap":{"functional-code":{"insertions":7,"deletions":6},"test-code":{"insertions":11,"deletions":1}}},{"hash":"684cdada6b2bb4e0f6706849d9aa592943753e48","isMergeCommit":false,"messageTitle":"Remove redundant tests in PayDateTest class","messageBody":"","fileTypesAndContributionMap":{"test-code":{"insertions":0,"deletions":4}}},{"hash":"3bba46216bee46fe19e43e0ae54f6da11d0a8154","isMergeCommit":true,"messageTitle":"Merge pull request #223 from michellee15/update-paydate-v3","messageBody":"Fix PayDate to reject invalid calendar dates","fileTypesAndContributionMap":{}},{"hash":"453daba0ebd89205e60d0fcb2226a3bdeb6bd6d5","isMergeCommit":false,"messageTitle":"Fix changes on notes and change dtenant to delete","messageBody":"","fileTypesAndContributionMap":{"docs":{"insertions":2,"deletions":2}}},{"hash":"0a34c84e93e9ac3df86e0b64c9970d72a3946cb3","isMergeCommit":false,"messageTitle":"Fix the closing of Help window when Main window exits","messageBody":"","fileTypesAndContributionMap":{"functional-code":{"insertions":3,"deletions":0}}},{"hash":"9747972ddc6e7549da9b76a3794affc9a31303c8","isMergeCommit":true,"messageTitle":"Merge pull request #235 from michellee15/fix-GUI-help","messageBody":"Fix the closing of Help window when Main window exits","fileTypesAndContributionMap":{}},{"hash":"e40717ed8ebdd8588b4f87a19b83afc00759e6c5","isMergeCommit":true,"messageTitle":"Merge pull request #219 from michellee15/update-DG-v1","messageBody":"Update Appendix: Requirements in DG","fileTypesAndContributionMap":{}},{"hash":"f712cebf2fa4825026911ae6cfbbe28873867616","isMergeCommit":true,"messageTitle":"Merge pull request #229 from michellee15/update-UG-v3","messageBody":"Fix changes on notes and change dtenant to delete","fileTypesAndContributionMap":{}}]}],"Glacialthorn":[{"date":"2025-10-01T00:00:00","commitResults":[{"hash":"94c50cbf17a5d546d3a2a13f605e4426388ea000","isMergeCommit":true,"messageTitle":"Merge pull request #13 from Glacialthorn/master","messageBody":"Add Benjamin\u0027s Photo to docs/images/","fileTypesAndContributionMap":{}},{"hash":"b6d2b07f06a2f9db727625459c9090c621fd79a4","isMergeCommit":false,"messageTitle":"Update AboutUs.md","messageBody":"","fileTypesAndContributionMap":{"docs":{"insertions":3,"deletions":3}}},{"hash":"b47e48c024173d778433397bc4cdabdfc9b79abe","isMergeCommit":true,"messageTitle":"Merge branch \u0027AY2526S1-CS2103T-F08a-2:master\u0027 into task/update-about-us-page","messageBody":"","fileTypesAndContributionMap":{}},{"hash":"830a562d8f8171fb83ce5be2f167bf24bbb7df29","isMergeCommit":false,"messageTitle":"Add files via upload","messageBody":"","fileTypesAndContributionMap":{"docs":{"insertions":46,"deletions":0}}},{"hash":"ae8c98b0fdae691976cf619a382df3c29824c976","isMergeCommit":false,"messageTitle":"Update Benjamin\u0027s AboutUs.md","messageBody":"","fileTypesAndContributionMap":{"docs":{"insertions":1,"deletions":1}}},{"hash":"70b6fa428f7d000dc8ba88e860eaa205ad2f1578","isMergeCommit":true,"messageTitle":"Merge pull request #25 from yorick-chew/task/update-about-us-page","messageBody":"Update Yorick\u0027s section of AboutUs.md file","fileTypesAndContributionMap":{}},{"hash":"adb4d6ad5f760c8ae7a7a2c9d83a16ede541d168","isMergeCommit":false,"messageTitle":"Update DeveloperGuide.md UserStories table","messageBody":"","fileTypesAndContributionMap":{"docs":{"insertions":27,"deletions":9}}},{"hash":"579603f8bac3228a404d3dd8b42bf385a2d90d43","isMergeCommit":false,"messageTitle":"Update DeveloperGuide.md UserStories v2","messageBody":"Removed the default stories that were added","fileTypesAndContributionMap":{"docs":{"insertions":0,"deletions":7}}},{"hash":"e2c7911d334454285ba2e5c5e7d4f96e57e3f6fc","isMergeCommit":false,"messageTitle":"Update DeveloperGuide.md Value Proposition","messageBody":"","fileTypesAndContributionMap":{"docs":{"insertions":3,"deletions":1}}},{"hash":"d0e32c808cc9f3a3081cebb966e050a5fd026b63","isMergeCommit":false,"messageTitle":"Update DeveloperGuide.md Use cases","messageBody":"","fileTypesAndContributionMap":{"docs":{"insertions":132,"deletions":11}}},{"hash":"4ac23e0d7db63f74dab5df90903a6b9bd95658dd","isMergeCommit":true,"messageTitle":"Merge pull request #45 from bearkerb/task/update-target-user","messageBody":"Update target user profile in Developer Guide","fileTypesAndContributionMap":{}},{"hash":"f4fab01036f88948df56bace4b3c4655720b5cf2","isMergeCommit":true,"messageTitle":"Merge pull request #42 from gooZXSean/task/update-build-status-badge","messageBody":"Update build status badge","fileTypesAndContributionMap":{}},{"hash":"355ecb6eaacd9f072df72c671fecb08d9b28ff89","isMergeCommit":true,"messageTitle":"Merge pull request #41 from Glacialthorn/task/update-DG-user-stories","messageBody":"Update DeveloperGuide.md UserStories table","fileTypesAndContributionMap":{}},{"hash":"e1732cf2ed0dfafce32754bd8e24f60735122c6b","isMergeCommit":true,"messageTitle":"Merge pull request #43 from Glacialthorn/task/update-DG-value-proposition","messageBody":"Update DeveloperGuide.md Value Proposition","fileTypesAndContributionMap":{}},{"hash":"2185d0600dfd9edc81eac3329da14c87ec47191d","isMergeCommit":true,"messageTitle":"Merge pull request #44 from michellee15/update-NFRs-DG.md","messageBody":"Update NFRs section in DG.md","fileTypesAndContributionMap":{}}]},{"date":"2025-10-08T00:00:00","commitResults":[{"hash":"fa40607d9db08877f94ffe45b050643f9013d72d","isMergeCommit":false,"messageTitle":"Change AddressBook names to EstateMate","messageBody":"","fileTypesAndContributionMap":{"functional-code":{"insertions":296,"deletions":295},"other":{"insertions":874,"deletions":874},"docs":{"insertions":10,"deletions":10},"test-code":{"insertions":334,"deletions":334}}},{"hash":"c8a0fcc4391dc87aa0c19ea146fa2ca48c6ca512","isMergeCommit":true,"messageTitle":"Merge remote-tracking branch \u0027upstream/master\u0027 into feature/rename-addressbookstuff","messageBody":"","fileTypesAndContributionMap":{}},{"hash":"06d890fbc5f0cccd8fdd2e177bcf56391b313b7f","isMergeCommit":false,"messageTitle":"Fix checkstyle issues","messageBody":"","fileTypesAndContributionMap":{"functional-code":{"insertions":2,"deletions":2},"test-code":{"insertions":1,"deletions":1}}}]},{"date":"2025-10-09T00:00:00","commitResults":[{"hash":"c55bb0ed109b2730e2d5449a2959fb53c4c4ac3b","isMergeCommit":true,"messageTitle":"Merge remote-tracking branch \u0027upstream/master\u0027","messageBody":"","fileTypesAndContributionMap":{}},{"hash":"83960220c6b419c6397d8d14a244cf8b55ce9478","isMergeCommit":false,"messageTitle":"Update checkstyle in ModelManager.java","messageBody":"","fileTypesAndContributionMap":{"functional-code":{"insertions":5,"deletions":5}}},{"hash":"724161a7441b1b7886b2037a90f55731aa8fe35f","isMergeCommit":true,"messageTitle":"Merge remote-tracking branch \u0027upstream/master\u0027 into feature/rename-addressbookstuff","messageBody":"","fileTypesAndContributionMap":{}},{"hash":"d5a6e6e1f5781cbf3272889d4c1ddd6c6a024ae4","isMergeCommit":false,"messageTitle":"Fix README.md","messageBody":"","fileTypesAndContributionMap":{"docs":{"insertions":8,"deletions":8}}},{"hash":"dea57e22cb680e01b9e79f0654b73eacc81a9d46","isMergeCommit":false,"messageTitle":"Update README.md to pass java CI","messageBody":"","fileTypesAndContributionMap":{"docs":{"insertions":2,"deletions":1}}},{"hash":"6bcae8021351f485f1bffe09be148bf07d6dc7f4","isMergeCommit":false,"messageTitle":"Update README.md to have newline","messageBody":"","fileTypesAndContributionMap":{"docs":{"insertions":0,"deletions":1}}},{"hash":"886934e0f232758782381530f91bae13bdd6a529","isMergeCommit":true,"messageTitle":"Merge pull request #87 from Glacialthorn/feature/rename-addressbookstuff","messageBody":"Fixing the README.md","fileTypesAndContributionMap":{}}]},{"date":"2025-10-15T00:00:00","commitResults":[{"hash":"e7454a57f78495a3fdf3fc799723c02dc9c81cf6","isMergeCommit":true,"messageTitle":"Merge remote-tracking branch \u0027upstream/master\u0027","messageBody":"","fileTypesAndContributionMap":{}},{"hash":"1407955793e02840ac692b77f6f2c1ee65e541b6","isMergeCommit":false,"messageTitle":"Add MarkJobCommand","messageBody":"Added MarkJobCommand class, updated Model, ModelManager, EstateMate files to have markJobById methods.\n\nWill add MarkJobCommandParser after this.\n","fileTypesAndContributionMap":{"functional-code":{"insertions":110,"deletions":0}}},{"hash":"ab027c7aed56bbea3590f2061548f0079d131669","isMergeCommit":false,"messageTitle":"Add Parser Implementation","messageBody":"","fileTypesAndContributionMap":{"functional-code":{"insertions":31,"deletions":8}}},{"hash":"80c8f412671d804f7c788bbae6385f0cb4a2c57c","isMergeCommit":false,"messageTitle":"Fix mark method in UniqueJobList","messageBody":"","fileTypesAndContributionMap":{"functional-code":{"insertions":4,"deletions":5}}},{"hash":"031c740374681256b67b579cbe601db6d967356f","isMergeCommit":false,"messageTitle":"Fix Checkstyle","messageBody":"","fileTypesAndContributionMap":{"functional-code":{"insertions":6,"deletions":1}}},{"hash":"f79cdc07c99776d764aab6a71ba763d2cc31db89","isMergeCommit":false,"messageTitle":"Fix AddTenantCommandTest JavaCI","messageBody":"","fileTypesAndContributionMap":{"test-code":{"insertions":6,"deletions":0}}},{"hash":"135f1e8c715085b8d2c35675d5c05a73685643d3","isMergeCommit":true,"messageTitle":"Merge remote-tracking branch \u0027upstream/master\u0027 into feature/mark-job-command","messageBody":"","fileTypesAndContributionMap":{}},{"hash":"f3f066fe336f4474cbab2b05ec07e81ded9e5041","isMergeCommit":false,"messageTitle":"Add Unmark Command","messageBody":"","fileTypesAndContributionMap":{"functional-code":{"insertions":127,"deletions":2}}},{"hash":"71d6237248ca2f556bb1644564712aa7f5a17fc3","isMergeCommit":false,"messageTitle":"Fix JavaCI Failures","messageBody":"","fileTypesAndContributionMap":{"functional-code":{"insertions":0,"deletions":1}}},{"hash":"e14cd52ff6387be6fd97b21505b432a194fb58d4","isMergeCommit":false,"messageTitle":"Fix JavaCI Failures","messageBody":"","fileTypesAndContributionMap":{"test-code":{"insertions":5,"deletions":0}}},{"hash":"ab09a9f562196a0ac54d4896ef0cd8db7a64fd52","isMergeCommit":false,"messageTitle":"Add persistence","messageBody":"of marked/unmarked jobs\n","fileTypesAndContributionMap":{"functional-code":{"insertions":9,"deletions":3}}},{"hash":"ee1f52d719000886fd73256b971c3b3453f8ce4a","isMergeCommit":true,"messageTitle":"Merge pull request #99 from Glacialthorn/feature/mark-job-command","messageBody":"","fileTypesAndContributionMap":{}}]},{"date":"2025-10-21T00:00:00","commitResults":[{"hash":"ae6a2c51d66d2236fe997d8de234657dc5de4040","isMergeCommit":true,"messageTitle":"Merge remote-tracking branch \u0027upstream/master\u0027","messageBody":"","fileTypesAndContributionMap":{}},{"hash":"0723712196d44e0b410e6a6651e69f44fa473cfb","isMergeCommit":true,"messageTitle":"Merge remote-tracking branch \u0027upstream/master\u0027 into feature/link-list-command-to-GUI","messageBody":"","fileTypesAndContributionMap":{}},{"hash":"6e1291bcb7c75e474f08d843bc6fb170f50d5cc5","isMergeCommit":false,"messageTitle":"Add GUI Changes for Listing Jobs","messageBody":"","fileTypesAndContributionMap":{"functional-code":{"insertions":161,"deletions":2}}}]},{"date":"2025-10-22T00:00:00","commitResults":[{"hash":"28c8d5558709aa34bee16a6b311771c0d4e81b95","isMergeCommit":false,"messageTitle":"Finish GUI refresh for JobPanel","messageBody":"","fileTypesAndContributionMap":{"functional-code":{"insertions":28,"deletions":6}}},{"hash":"e65b17c03e75c8fbdd1c10ba8853f2da90f9bec3","isMergeCommit":true,"messageTitle":"Merge remote-tracking branch \u0027upstream/master\u0027 into feature/link-list-command-to-GUI","messageBody":"","fileTypesAndContributionMap":{}},{"hash":"9f04ca6c69e8dfe007f256e5834719af74e0a4e6","isMergeCommit":false,"messageTitle":"Fix JavaCI errors","messageBody":"","fileTypesAndContributionMap":{"functional-code":{"insertions":3,"deletions":4}}},{"hash":"3deb96b6f90f4235fdb659cdf9b169d851bf4693","isMergeCommit":false,"messageTitle":"Fix JavaCI errors","messageBody":"","fileTypesAndContributionMap":{"functional-code":{"insertions":7,"deletions":7}}},{"hash":"fa86e4e35596963babd028f0da47228eba18b24f","isMergeCommit":false,"messageTitle":"Fix JavaCI Test failures","messageBody":"","fileTypesAndContributionMap":{"functional-code":{"insertions":2,"deletions":2}}},{"hash":"08db33709e61f57e81da37be6e4eb967205a9e04","isMergeCommit":false,"messageTitle":"Add GUI link to findjob command","messageBody":"","fileTypesAndContributionMap":{"functional-code":{"insertions":8,"deletions":6},"test-code":{"insertions":2,"deletions":2}}},{"hash":"1f3d4bdf3c691ea39920334ef55861385c4081d3","isMergeCommit":true,"messageTitle":"Merge remote-tracking branch \u0027upstream/master\u0027","messageBody":"","fileTypesAndContributionMap":{}},{"hash":"f27857b7bdb7b872080033d0c6c8d60d71d9df3f","isMergeCommit":false,"messageTitle":"Fix JobListViewCell variable name","messageBody":"","fileTypesAndContributionMap":{"functional-code":{"insertions":3,"deletions":3}}},{"hash":"e1c7b4adef2e4f88694a302efe6e7dd2af3c05a3","isMergeCommit":true,"messageTitle":"Merge pull request #142 from Glacialthorn/feature/link-find-job-command-to-GUI","messageBody":"Linked \"Find job\" command to GUI","fileTypesAndContributionMap":{}},{"hash":"e33ef43a74fd08ee8235284c0b67f7e4a56cb3af","isMergeCommit":true,"messageTitle":"Merge pull request #141 from Glacialthorn/feature/link-list-command-to-GUI","messageBody":"Linked \"list job\" command to GUI","fileTypesAndContributionMap":{}}]},{"date":"2025-10-27T00:00:00","commitResults":[{"hash":"be57cfb06dc3aef9bf2d51c9d9b4c7a276d0ad51","isMergeCommit":true,"messageTitle":"Merge remote-tracking branch \u0027upstream/master\u0027 into bug/add-status-check-for-markunmark","messageBody":"","fileTypesAndContributionMap":{}},{"hash":"556229b73e54925a3b32a492f55a100726951740","isMergeCommit":false,"messageTitle":"Add check in mark/unmark command","messageBody":"Checks if the job is already marked/unmarked\n","fileTypesAndContributionMap":{"functional-code":{"insertions":17,"deletions":6}}},{"hash":"e0042c1065022cc25f0a046e6fd35737003e7c54","isMergeCommit":false,"messageTitle":"Fix JavaCI violations","messageBody":"","fileTypesAndContributionMap":{"functional-code":{"insertions":2,"deletions":3}}},{"hash":"548b837a8bf8dede4a1b38cf6a800010cfe45b2d","isMergeCommit":false,"messageTitle":"Fix SLAP issues","messageBody":"","fileTypesAndContributionMap":{"functional-code":{"insertions":12,"deletions":10}}},{"hash":"209d2bad8c7305ef9c7fffa0c0a5ee889ee86663","isMergeCommit":false,"messageTitle":"Fix JavaCI violations","messageBody":"","fileTypesAndContributionMap":{"functional-code":{"insertions":0,"deletions":2}}},{"hash":"9e7429896e9909c633c2c76bec8677608d8d3ff4","isMergeCommit":true,"messageTitle":"Merge remote-tracking branch \u0027upstream/master\u0027","messageBody":"","fileTypesAndContributionMap":{}}]},{"date":"2025-10-28T00:00:00","commitResults":[{"hash":"ad6777500644baaba5ede4056e8b04b6e7389e66","isMergeCommit":true,"messageTitle":"Merge pull request #184 from Glacialthorn/bug/add-status-check-for-markunmark","messageBody":"Add status check for mark/unmark commands","fileTypesAndContributionMap":{}}]},{"date":"2025-10-29T00:00:00","commitResults":[{"hash":"b38d66b70982e6e9994754471e6ec908c950c0ab","isMergeCommit":false,"messageTitle":"Update Model.java","messageBody":"","fileTypesAndContributionMap":{"functional-code":{"insertions":2,"deletions":2},"docs":{"insertions":3,"deletions":3}}},{"hash":"f92ba677cbfa444ce287ae02b5585957c69c1c15","isMergeCommit":true,"messageTitle":"Merge remote-tracking branch \u0027upstream/master\u0027","messageBody":"","fileTypesAndContributionMap":{}},{"hash":"41ea36693a0bda14450f9099b83d224b6c46da9c","isMergeCommit":false,"messageTitle":"Fix CommandException messages","messageBody":"","fileTypesAndContributionMap":{"functional-code":{"insertions":2,"deletions":2}}},{"hash":"9ac139d3ff9bd58cdf73a8546559a4d1a3bfbb72","isMergeCommit":false,"messageTitle":"Fix JavaCI violations","messageBody":"","fileTypesAndContributionMap":{"functional-code":{"insertions":0,"deletions":1}}},{"hash":"fa70925cda04579988d90c50036857585ab18b56","isMergeCommit":false,"messageTitle":"Update Home Page and DG","messageBody":"Changed AB-3 to EstateMate\n","fileTypesAndContributionMap":{"docs":{"insertions":2,"deletions":2}}},{"hash":"ad4dde31617318cbaf276d3cb1c8cb926c51e327","isMergeCommit":false,"messageTitle":"Update JobCard.fxml","messageBody":"","fileTypesAndContributionMap":{"functional-code":{"insertions":2,"deletions":2}}},{"hash":"147450137cd1506e091a507f100edb8faa289959","isMergeCommit":false,"messageTitle":"Revert incorrect DG changes","messageBody":"","fileTypesAndContributionMap":{"docs":{"insertions":2,"deletions":2}}},{"hash":"769e5ba6bd6daa50dcbd11d38474f9b7a31fe318","isMergeCommit":false,"messageTitle":"Revert DG changes 2","messageBody":"","fileTypesAndContributionMap":{"docs":{"insertions":1,"deletions":1}}},{"hash":"d03a1871e25cc4a2c7433bb47899784220346d6f","isMergeCommit":true,"messageTitle":"Merge pull request #225 from Glacialthorn/task/make-job-descs-overflow","messageBody":"Updated JobCard.fxml","fileTypesAndContributionMap":{}},{"hash":"5664e37ab5d1cca0f8595956f1f947c726a7860b","isMergeCommit":true,"messageTitle":"Merge pull request #220 from Glacialthorn/bug/add-status-check-for-markunmark","messageBody":"Update Mark/Unmark command exception messages","fileTypesAndContributionMap":{}}]}]},"authorFileTypeContributionMap":{"yorick-chew":{"docs":126,"functional-code":422,"test-code":571},"bearkerb":{"docs":53,"functional-code":441,"test-code":80},"gooZXSean":{"docs":343,"functional-code":929,"test-code":947,"other":5},"michellee15":{"docs":668,"functional-code":454,"test-code":281,"other":1},"Glacialthorn":{"docs":138,"functional-code":1066,"test-code":801,"other":1}},"authorContributionVariance":{"yorick-chew":7775.315,"bearkerb":3168.1895,"gooZXSean":61554.727,"michellee15":38970.69,"Glacialthorn":219919.92},"authorDisplayNameMap":{"yorick-chew":"CS2103T-F08a-2 CHEW..RICK","bearkerb":"CS2103T-F08a-2 TAN ..RIEL","gooZXSean":"CS2103T-F08a-2 GOO ..SEAN","michellee15":"CS2103T-F08a-2 MICH..ELLE","Glacialthorn":"CS2103T-F08a-2 BENJ..IWEI"}}
