{"authorDailyContributionsMap":{"holeecow":[{"date":"2025-10-02T00:00:00","commitResults":[{"hash":"b9d71da37936d65b1865a5503bcda0a7b34e03f2","isMergeCommit":false,"messageTitle":"chore: Update AboutUs.md","messageBody":"","fileTypesAndContributionMap":{"docs":{"insertions":4,"deletions":4}}},{"hash":"5c53b70026b8c15168d261dca86df4351bb14830","isMergeCommit":true,"messageTitle":"Merge pull request #27 from jing-xiang-choong/update-aboutus","messageBody":"[JX] Update AboutUs.md","fileTypesAndContributionMap":{}},{"hash":"ab743f198fd98cb061d51fb684d45cf21c236464","isMergeCommit":true,"messageTitle":"Merge pull request #33 from ShaoZhi21/task/update-dg","messageBody":"[SZ] Update Non-Functional Requirements and Glossary","fileTypesAndContributionMap":{}},{"hash":"1aa9524a9d3cfd93e90d7849cf46f3060bea352a","isMergeCommit":false,"messageTitle":"docs: update default.md layout to follow MarkBind best practices","messageBody":"- Add proper comments for head-bottom and header sections\n- Enhance navbar with highlight-on attributes and improved accessibility\n- Update site navigation with bold formatting and consistent URL syntax\n- Improve footer structure with proper MarkBind attribution\n- Add script-bottom section for future custom JavaScript needs\n- Fix Command Summary link in site navigation\n","fileTypesAndContributionMap":{"docs":{"insertions":45,"deletions":24}}},{"hash":"6d202887ecc125da544a2e3b0b21c4f337313ba2","isMergeCommit":true,"messageTitle":"Merge pull request #37 from jing-xiang-choong/Update-DeveloperGuide","messageBody":"[JX] Update DeveloperGuide.md ","fileTypesAndContributionMap":{}}]},{"date":"2025-10-09T00:00:00","commitResults":[{"hash":"67902d487e50ed5b42ed2c25e3f3a6118e721d06","isMergeCommit":true,"messageTitle":"Merge pull request #57 from ShaoZhi21/feature/view-students","messageBody":"Add ViewCommand class, ViewCommandParser class and parseStudentID in ParserUtil","fileTypesAndContributionMap":{}},{"hash":"b7ec83d56d409526137f95d2e47e5fa18dca75df","isMergeCommit":true,"messageTitle":"Merge pull request #59 from ShaoZhi21/feature/view-students","messageBody":"Add test cases for view students","fileTypesAndContributionMap":{}},{"hash":"37792e04692ac2c5675fc6372ac8fd007ad05320","isMergeCommit":false,"messageTitle":"Add StudentId constructor to DeleteCommand","messageBody":"- Add StudentId field to support deletion by student ID\n- Add new constructor DeleteCommand(StudentId) alongside existing DeleteCommand(Index)\n- Update toString() to include both targetIndex and targetStudentId fields\n- Add Javadoc comments for both constructors\n- Update DeleteCommandTest to reflect new toString format\n","fileTypesAndContributionMap":{"functional-code":{"insertions":15,"deletions":0},"test-code":{"insertions":2,"deletions":1}}},{"hash":"a30718a05061e10e8d3cc863be3d289fc3a3ca78","isMergeCommit":false,"messageTitle":"docs: Update DeleteCommand documentation for student ID deletion","messageBody":"Update MESSAGE_USAGE to document that users can delete by either\nindex or student ID. Add PREFIX_STUDENT_ID import for consistent prefix usage in documentation. Add MESSAGE_PERSON_NOT_FOUND constant for future error handling when deletion by student ID fails.\n\nThis prepares the command documentation for the upcoming feature that enables deletion by student ID.\n","fileTypesAndContributionMap":{"functional-code":{"insertions":5,"deletions":3}}},{"hash":"560c037a55ee57daf00724b5294bbcdcaac1655e","isMergeCommit":false,"messageTitle":"Update DeleteCommand equality and add tests for StudentId","messageBody":"Add test coverage for DeleteCommand\u0027s StudentId constructor to cover\npreviously untested lines. Fix equals() method to properly handle\ncomparison between DeleteCommand objects created with different\nconstructors (Index vs StudentId).\n\nChanges:\n- Add equals_studentIdConstructor() test to verify equality logic\n  for StudentId-based DeleteCommand objects\n- Add toStringMethod_studentIdConstructor() test to verify toString()\n  output for StudentId constructor\n- Fix equals() method to handle null checks for both targetIndex and\n  targetStudentId fields, preventing NullPointerException when\n  comparing commands created with different constructors\n\nThis ensures both constructors are properly tested and the equals()\nmethod correctly handles all cases.\n","fileTypesAndContributionMap":{"functional-code":{"insertions":13,"deletions":1},"test-code":{"insertions":38,"deletions":0}}},{"hash":"6089ead8a6ade0f90494c87e511126e9e672f8f1","isMergeCommit":false,"messageTitle":"test: Add test cases for StudentId constructor in DeleteCommand","messageBody":"","fileTypesAndContributionMap":{"functional-code":{"insertions":13,"deletions":1},"test-code":{"insertions":38,"deletions":0}}},{"hash":"4ae509b5917f2f990df6ca98bfd1309eaeb4aa28","isMergeCommit":false,"messageTitle":"test: Add test for reverse equals comparison for DeleteCommand","messageBody":"Lines 78 and 83 in DeleteCommand.equals() method are only partially\ncovered by existing test cases. These lines check if both DeleteCommand\nobjects use the same deletion mode (index-based or student ID-based).\n","fileTypesAndContributionMap":{"test-code":{"insertions":3,"deletions":0}}},{"hash":"813a717d088f717a33708e509ce9069ca794f093","isMergeCommit":false,"messageTitle":"fix: Remove trailing whitespace in DeleteCommandTest","messageBody":"","fileTypesAndContributionMap":{"test-code":{"insertions":1,"deletions":1}}}]},{"date":"2025-10-14T00:00:00","commitResults":[{"hash":"c38b5fe7a6bd3a97a2673587eee24c842a706449","isMergeCommit":true,"messageTitle":"Merge pull request #72 from jing-xiang-choong/feature/list-by-module","messageBody":"Add list by module feature","fileTypesAndContributionMap":{}},{"hash":"df924c5331083e095f48d742d0ed4ad508a1b460","isMergeCommit":false,"messageTitle":"feat: Add StudentId field to Person class","messageBody":"This change prepares\nthe system for student ID-based operations such as deletion and search.\n\nAll existing Person constructors now require a StudentId parameter.\n\nLet\u0027s update the entire codebase to support this new field:\n* Add StudentId as an identity field in Person class\n* Update Person getter, equals, hashCode, and toString methods\n* Update PersonBuilder test utility with StudentId support\n* Add StudentId constants to CommandTestUtil for tests\n* Update TypicalPersons with unique student IDs\n* Update JSON storage adapter to serialize/deserialize StudentId\n* Update SampleDataUtil to include StudentIds\n* Update AddCommandParser to require student ID input\n* Add ParserUtil.parseStudentId() method\n* Update EditCommand to support StudentId field\n* Update all test cases to include StudentId parameters\n","fileTypesAndContributionMap":{"functional-code":{"insertions":77,"deletions":19},"test-code":{"insertions":71,"deletions":21}}},{"hash":"d2a0fba44044b89841383c396b00cc5fcb496d00","isMergeCommit":false,"messageTitle":"feat: Add method to find person by StudentId in Model","messageBody":"The Model and AddressBook now support finding a person by their unique\nstudent ID.\n\nLet\u0027s add getPersonByStudentId() method to:\n* AddressBook - searches the person list for matching student ID\n* Model interface - declares the new method\n* ModelManager - delegates to AddressBook implementation\n\nThis enables commands to look up persons by student ID rather than\nrequiring an index from the displayed list.\n","fileTypesAndContributionMap":{"functional-code":{"insertions":29,"deletions":0}}},{"hash":"dc91426273f897e355eabe6e11d7090aa1f5c7ae","isMergeCommit":false,"messageTitle":"feat: Implement StudentId-based deletion in DeleteCommand","messageBody":"DeleteCommand can now delete persons by student ID in addition to index.\n\nThe execute() method checks whether a StudentId or Index was provided\nin the constructor. For StudentId deletion, it queries the model for\nthe person with that ID and throws an error if not found.\n\nThis maintains backwards compatibility - index-based deletion continues\nto work as before.\n","fileTypesAndContributionMap":{"functional-code":{"insertions":17,"deletions":4}}},{"hash":"98242c60ce4aaa637d7dc63b47e223175909aef9","isMergeCommit":false,"messageTitle":"test: Add integration tests for StudentId-based deletion","messageBody":"Add tests for DeleteCommand execution with StudentId parameter.\n\nTests cover:\n* Valid student ID in unfiltered list - successful deletion\n* Invalid student ID - throws CommandException with appropriate message\n* Valid student ID in filtered list - successful deletion\n\nThese tests verify the new StudentId deletion path works correctly\nwith the Model and handles both success and error cases.\n","fileTypesAndContributionMap":{"test-code":{"insertions":41,"deletions":0}}},{"hash":"9cedc6e20c6ea44214f4685b778b159492d23b90","isMergeCommit":false,"messageTitle":"feat: Update DeleteCommandParser to parse student ID syntax","messageBody":"DeleteCommandParser now recognizes the \u0027s/\u0027 prefix for student ID.\n\nThe parser checks for the presence of the student ID prefix (s/). If found, it parses the argument as a StudentId and creates a DeleteCommand using the StudentId constructor. Otherwise, it falls back to parsing as an index for backwards compatibility.\n\nCommand format: delete s/A0123456X\n\nThis maintains full backwards compatibility with the existing index-based deletion syntax (delete 1).\n","fileTypesAndContributionMap":{"functional-code":{"insertions":18,"deletions":6}}},{"hash":"905b7ed3f2b21902d6214d5b087600eea0cab8c7","isMergeCommit":false,"messageTitle":"test: Add parser tests for student ID deletion syntax","messageBody":"Add tests for DeleteCommandParser with student ID input.\n\nTests cover:\n* Valid student ID format - successfully creates DeleteCommand\n* Invalid student ID format - throws ParseException with constraints message\n* Empty student ID - throws ParseException with constraints message\n\nThese tests verify the parser correctly handles the new s/ prefix syntax\nand properly validates student ID input before creating the command.\n","fileTypesAndContributionMap":{"test-code":{"insertions":18,"deletions":0}}},{"hash":"1859f1c8a2cf778982183d17be62dfb65503b270","isMergeCommit":true,"messageTitle":"Merge pull request #74 from yusen-luan/feature-edit","messageBody":"Finish edit student detail features","fileTypesAndContributionMap":{}},{"hash":"f0e0f470e2481064172d8ddc775ceb4a677fb24a","isMergeCommit":false,"messageTitle":"fix: Update tests to support StudentId field","messageBody":"Tests and utilities are failing because they don\u0027t account for the\nnew StudentId field in the Person class.\n\nThe Person class now includes a StudentId field, but test files and\nutilities haven\u0027t been updated to handle this new field, causing\n12 tests to fail.\n\nLet\u0027s update all test files and utilities to include StudentId:\n\n* Fix PersonTest and EditPersonDescriptorTest toString methods\n* Update PersonUtil to include StudentId in command generation\n* Update AddCommandParserTest to include StudentId in test commands\n* Update LogicManagerTest add command to include StudentId\n* Add StudentId support to EditPersonDescriptorBuilder\n* Add StudentId parsing support to EditCommandParser\n* Update JSON test data files to include StudentId fields\n* Fix checkstyle violations (line length and trailing whitespace)\n\nThis ensures all tests pass and the codebase remains consistent\nwith the enhanced Person model.\n","fileTypesAndContributionMap":{"functional-code":{"insertions":8,"deletions":2},"test-code":{"insertions":80,"deletions":28}}},{"hash":"5aa6ebd89bfb1094f82e8e5dfa84a30d5a22f627","isMergeCommit":true,"messageTitle":"Resolve merge conflicts and integrate ModuleCode functionality with StudentId features","messageBody":"","fileTypesAndContributionMap":{}}]},{"date":"2025-10-15T00:00:00","commitResults":[{"hash":"4f5963595b978a88eb00e864b72c2416415d4fe0","isMergeCommit":false,"messageTitle":"Test: Update test utilities and data for Person model changes","messageBody":"Test files were failing because the Person model now supports both student and non-student entities with optional StudentId and ModuleCode fields. Existing test utilities assumed all persons had student fields, causing\nnull pointer exceptions and assertion failures.\n\nLet\u0027s update the test infrastructure by:\n* Adding null-safe methods to PersonBuilder and EditPersonDescriptorBuilder\n* Updating PersonUtil to handle optional StudentId/ModuleCode fields\n* Correcting test data files to include ModuleCode fields\n* Fixing test expectations to match new Person constructor behavior\n\nThese changes ensure all 319 tests pass while maintaining the flexibility\nof the new Person model that supports both student and non-student entities.\n","fileTypesAndContributionMap":{"functional-code":{"insertions":7,"deletions":23},"test-code":{"insertions":71,"deletions":56}}},{"hash":"1fa2230179cb570ea1fc6ad9b598c9931aad5fd3","isMergeCommit":false,"messageTitle":"fix: Handle null studentId and moduleCode in PersonCard UI","messageBody":"Fix NullPointerException when displaying persons without student IDs or module codes. The PersonCard now checks for null before accessing studentId and moduleCode values,\ndisplaying \"N/A\" as a fallback for persons added without these optional fields.\n","fileTypesAndContributionMap":{"functional-code":{"insertions":4,"deletions":4}}}]},{"date":"2025-10-16T00:00:00","commitResults":[{"hash":"c9b888b4207116dbfebe9c688a217960732a695b","isMergeCommit":true,"messageTitle":"Merge pull request #85 from ShaoZhi21/fix/view-ui","messageBody":"Fix view not filtering ui","tags":["v1.0"],"fileTypesAndContributionMap":{}}]},{"date":"2025-10-21T00:00:00","commitResults":[{"hash":"264b3e290a5f25937aa7ce9d7ef3b55623a2e24f","isMergeCommit":true,"messageTitle":"Merge pull request #88 from ZayK1/Update/UserGuide","messageBody":"Updated the UserGuide Template to reflect the MVP/","fileTypesAndContributionMap":{}}]},{"date":"2025-10-23T00:00:00","commitResults":[{"hash":"75f19a8f6cb4cbc709d5977df8a7ada6b0507f61","isMergeCommit":false,"messageTitle":"Add Remark field class to support personalized student notes","messageBody":"Implements the Remark value object following existing field class patterns.\nThis class supports multi-line text and provides validation to ensure remarks are not blank. This is a foundational component for the upcoming feature that allows TAs to record personalized notes for each student.\n\n- Add Remark.java with validation for non-blank remarks\n- Support multi-line text using DOTALL regex mode\n- Add comprehensive unit tests in RemarkTest.java\n- All existing tests continue to pass\n","fileTypesAndContributionMap":{"functional-code":{"insertions":65,"deletions":0},"test-code":{"insertions":59,"deletions":0}}},{"hash":"2665a02eafc4137cf25778d49362474750fa6b21","isMergeCommit":true,"messageTitle":"Merge pull request #91 from yusen-luan/feature-filter-tag","messageBody":"Add filtering by tags","fileTypesAndContributionMap":{}},{"hash":"f1a3c3356b4cab28d59ea8b1b866f3e74328d5df","isMergeCommit":true,"messageTitle":"Merge pull request #93 from yusen-luan/refactor-tags","messageBody":"Add tag and untag commands","fileTypesAndContributionMap":{}},{"hash":"0aefb65c9122d5ecbfe55824c39f03a80ab47e33","isMergeCommit":true,"messageTitle":"Merge pull request #111 from jing-xiang-choong/chore/update-userguide","messageBody":"Add changes to userguide for consultations","fileTypesAndContributionMap":{}},{"hash":"50ac1abdd8f7d586a9038642c14d383d912dccb7","isMergeCommit":true,"messageTitle":"Merge pull request #109 from jing-xiang-choong/feature/add-consultation","messageBody":"Add consultation feature logic and parsing","fileTypesAndContributionMap":{}}]},{"date":"2025-10-26T00:00:00","commitResults":[{"hash":"bf3b1e7a8b9bb1c2e51e4d9c8dd1fab7e7e95d39","isMergeCommit":true,"messageTitle":"Merge pull request #116 from ShaoZhi21/fix/prevent-same-id","messageBody":"Prevent adding and editing of duplicate student ID and allow duplicate name","fileTypesAndContributionMap":{}}]},{"date":"2025-10-28T00:00:00","commitResults":[{"hash":"b1881485ce03b5aeec871b9229d107fc12fce545","isMergeCommit":true,"messageTitle":"Merge pull request #130 from ShaoZhi21/bug/add-command","messageBody":"Add spacing to fix invalid command example for add","fileTypesAndContributionMap":{}},{"hash":"295fc629430f09d4ab838e3b5de0f842fe57d7ea","isMergeCommit":true,"messageTitle":"Merge pull request #132 from ShaoZhi21/task/update-ug","messageBody":"Update user guide for view and attendance","fileTypesAndContributionMap":{}}]},{"date":"2025-10-29T00:00:00","commitResults":[{"hash":"35b668b109717f8bdca53896932514b216005b70","isMergeCommit":false,"messageTitle":"Add remark field to Person class","messageBody":"Extends the Person data model to include an optional remark field for\nstoring personalized notes about students. The remark field is nullable\nto maintain backward compatibility with existing data.\n\n- Add Remark field to Person class\n- Update main Student constructor to accept Remark parameter\n- Initialize remark to null in all other constructors\n- Update equals(), hashCode(), and toString() to include remark\n- Add getRemark() getter method\n- Update all Person constructor calls to preserve or pass null for remark\n- Update PersonTest to include remark in toString() verification\n\nAll existing tests pass with these changes.\n","fileTypesAndContributionMap":{"functional-code":{"insertions":32,"deletions":9},"test-code":{"insertions":1,"deletions":1}}},{"hash":"7b11680110b3281cf45630caa5dd8e2bb8b8a2dc","isMergeCommit":false,"messageTitle":"Update storage layer to persist remark field","messageBody":"Extends JsonAdaptedPerson to serialize and deserialize the remark field to/from JSON storage. Remarks are stored as nullable strings and properly\nvalidated during deserialization.\n\n- Add remark field to JsonAdaptedPerson\n- Update JSON constructor to accept remark parameter\n- Serialize remark from Person to JSON (null-safe)\n- Deserialize and validate remark when loading from JSON\n- Update all test cases to accommodate new constructor parameter\n\nBackward compatible: existing JSON files without remark field will load\nwith null remarks.\n","fileTypesAndContributionMap":{"functional-code":{"insertions":18,"deletions":2},"test-code":{"insertions":14,"deletions":14}}},{"hash":"db149bb594a24f720987d42d0660e34d19115cf8","isMergeCommit":false,"messageTitle":"Update PersonBuilder test utility to support remarks","messageBody":"Extends PersonBuilder with remark support to enable testing of the remarks feature. The builder now properly initializes and propagates remarks when creating test Person objects.\n\n- Add remark field to PersonBuilder\n- Initialize remark to null in default constructor\n- Copy remark in copy constructor\n- Add withRemark() fluent setter method\n- Update build() to pass remark to Person constructor\n- Use full student constructor with empty consultations and new AttendanceRecord\n\nNo changes needed to TypicalPersons as it uses PersonBuilder which now\ndefaults remark to null.\n","fileTypesAndContributionMap":{"test-code":{"insertions":16,"deletions":1}}},{"hash":"bab4037214a3b61e694f2a7ec0de8d9d7e7cd381","isMergeCommit":false,"messageTitle":"Add remark command for student notes","messageBody":"Allow TAs to add or edit personalized notes for students using their\nstudent ID via the remark command.\n\nCommand syntax: remark s/STUDENT_ID r/REMARK_TEXT\n\nExample: remark s/A0123456X r/Needs help with OOP concepts\n\nThe command locates the student by ID and updates their remark field while\npreserving all other student data. Existing remarks are overwritten.\n","fileTypesAndContributionMap":{"functional-code":{"insertions":180,"deletions":0}}},{"hash":"8849240bb4386454993b66241e95b89c58a0a44c","isMergeCommit":false,"messageTitle":"Add UI display for student remarks","messageBody":"Display student remarks in PersonCard with a dedicated section using a 📝 icon. The remark field shows \"No remarks\" when empty and supports\nmulti-line text with text wrapping enabled.\n\nThis completes the remarks feature by making the stored remark data visible to users in the student detail view, allowing TAs to quickly see personalized notes for each student.\n","fileTypesAndContributionMap":{"functional-code":{"insertions":13,"deletions":0}}},{"hash":"066618fe758b74066ef25e928cca7528b0939b1d","isMergeCommit":true,"messageTitle":"Merge pull request #149 from ShaoZhi21/task/view-uml","messageBody":"Add UML diagrams","fileTypesAndContributionMap":{}},{"hash":"df0653e7c7815ef06a2195cd731fea3e8e2e94cb","isMergeCommit":false,"messageTitle":"Update User Guide with remark command documentation","messageBody":"Add comprehensive documentation for the new remark command that allows\nTAs to add personalized notes to student records. The documentation\nincludes command format, parameter constraints, usage examples, and\nhelpful tips for using the feature effectively.\n","fileTypesAndContributionMap":{"docs":{"insertions":35,"deletions":0}}},{"hash":"3feff692568ef453ce67378f0581494e1fb5c41f","isMergeCommit":false,"messageTitle":"Update Developer Guide with remark feature documentation","messageBody":"Add comprehensive documentation for the student remarks feature across\nmultiple sections of the Developer Guide.\n","fileTypesAndContributionMap":{"docs":{"insertions":169,"deletions":0}}},{"hash":"85d2eb4fa476ba73e4b655aabb780142ed35c367","isMergeCommit":false,"messageTitle":"Add UML diagrams for remark feature","messageBody":"Create sequence diagram showing the interaction flow when a remark command is executed. The diagram illustrates parsing, validation, and\nmodel update steps within the Logic component.\n","fileTypesAndContributionMap":{"docs":{"insertions":90,"deletions":6}}},{"hash":"ce008a8b3f7da063aacb363f2afadd7ee4cf8538","isMergeCommit":false,"messageTitle":"Fix User Guide remark command wording for consistency","messageBody":"","fileTypesAndContributionMap":{"docs":{"insertions":1,"deletions":1}}}]}],"ShaoZhi21":[{"date":"2025-09-19T00:00:00","commitResults":[{"hash":"fad949450aef49fa2accc6610592d789e079ce36","isMergeCommit":false,"messageTitle":"Edit READMe.md","messageBody":"","fileTypesAndContributionMap":{"docs":{"insertions":1,"deletions":1}}},{"hash":"4581e70dd5c4b3153b5dea494018287f2831c64e","isMergeCommit":true,"messageTitle":"Merge pull request #1 from ShaoZhi21/master","messageBody":"Edit READMe.md","fileTypesAndContributionMap":{}},{"hash":"a21de12e18fac17bd2b6a40ee1155b31d372bd91","isMergeCommit":false,"messageTitle":"Update README with Codecov Badge","messageBody":"","fileTypesAndContributionMap":{"docs":{"insertions":2,"deletions":1}}},{"hash":"f9a75b5cf286940fe35a79937e9f64aed5c82cea","isMergeCommit":true,"messageTitle":"Merge pull request #2 from ShaoZhi21/master","messageBody":"Update README with Codecov Badge","fileTypesAndContributionMap":{}}]},{"date":"2025-10-02T00:00:00","commitResults":[{"hash":"9a1b842a0a10b2ea6d94cd88754ff4f3c57b1782","isMergeCommit":false,"messageTitle":"Update AboutUs.md","messageBody":"","fileTypesAndContributionMap":{"docs":{"insertions":4,"deletions":4}}},{"hash":"90e70537cbadf53a106eaee579714114fd6d82df","isMergeCommit":false,"messageTitle":"Add responsibilities","messageBody":"","fileTypesAndContributionMap":{"docs":{"insertions":1,"deletions":0}}},{"hash":"2be85182ef50a25ab3c608ade5ec8d5e138a77a4","isMergeCommit":true,"messageTitle":"Merge pull request #23 from ZayK1/Identification/AboutUs","messageBody":"[KZ] Update AboutUs.md","fileTypesAndContributionMap":{}},{"hash":"e7523d757f5d8c72820c6ab0082c6f26220beb06","isMergeCommit":false,"messageTitle":"Update Non-Functional Requirements and Glossary","messageBody":"","fileTypesAndContributionMap":{"docs":{"insertions":20,"deletions":6}}},{"hash":"280d341c22884d58d841bb0e83e1523030f7e6aa","isMergeCommit":true,"messageTitle":"Merge pull request #31 from ZayK1/task/MockUI","messageBody":"Add Mock Ui Image in docs/image/","fileTypesAndContributionMap":{}},{"hash":"b34632fb2baecc5707e19dc08d2e1ca9324f6724","isMergeCommit":true,"messageTitle":"Merge pull request #35 from ZayK1/task/InitReadMe","messageBody":"Update README.md to match our project","fileTypesAndContributionMap":{}},{"hash":"f5652223d985d249ece30a3c3bf50f4d6a518099","isMergeCommit":true,"messageTitle":"Merge pull request #41 from yusen-luan/DG-use-case","messageBody":"[YS] Add use cases in DG","fileTypesAndContributionMap":{}}]},{"date":"2025-10-09T00:00:00","commitResults":[{"hash":"3ffc3134a1e0ef3ff9a25afef761cc149dd34164","isMergeCommit":true,"messageTitle":"Merge pull request #51 from jing-xiang-choong/Feature-ListByModule","messageBody":"Add predicate and update ListCommand with placeholders","fileTypesAndContributionMap":{}},{"hash":"9f7d6822608cb1721c325766a9ac74bda8f6dd14","isMergeCommit":false,"messageTitle":"Add find student function","messageBody":"","fileTypesAndContributionMap":{"functional-code":{"insertions":17,"deletions":0}}},{"hash":"faea09e69af1287a490047d9146435b9971a5edc","isMergeCommit":false,"messageTitle":"Add view command class","messageBody":"","fileTypesAndContributionMap":{"functional-code":{"insertions":114,"deletions":0}}},{"hash":"906b7c5fbee0420c7307ef3b975882ebca358773","isMergeCommit":false,"messageTitle":"Add view commend parser class","messageBody":"","fileTypesAndContributionMap":{"functional-code":{"insertions":46,"deletions":0}}},{"hash":"dc04e11e82009d5dc9cc3e8ed3e7ba74fc6c731c","isMergeCommit":false,"messageTitle":"Add parsing for command into student id","messageBody":"","fileTypesAndContributionMap":{"functional-code":{"insertions":16,"deletions":0}}},{"hash":"08bf411d7d8bd4e0686232fae2c0fdb6eeb4fb21","isMergeCommit":false,"messageTitle":"Add styling and error throwing","messageBody":"","fileTypesAndContributionMap":{"functional-code":{"insertions":3,"deletions":3},"test-code":{"insertions":5,"deletions":0}}},{"hash":"5820121136a38a067f74caa73ad24ec16df316ca","isMergeCommit":false,"messageTitle":"Add ViewCommand test","messageBody":"","fileTypesAndContributionMap":{"test-code":{"insertions":123,"deletions":0}}},{"hash":"fb135b914ab4bae899611331be5143db39c346d2","isMergeCommit":false,"messageTitle":"Add ParserUtil test","messageBody":"","fileTypesAndContributionMap":{"test-code":{"insertions":26,"deletions":0}}},{"hash":"92cbdf8c89294986be8368b187849b2ce179fdf3","isMergeCommit":false,"messageTitle":"Add ViewCommandParser test","messageBody":"","fileTypesAndContributionMap":{"test-code":{"insertions":55,"deletions":0}}},{"hash":"20f20aa7d423d87fca5735e8078dd2cb260145c8","isMergeCommit":false,"messageTitle":"Add ModelManager test","messageBody":"","fileTypesAndContributionMap":{"test-code":{"insertions":44,"deletions":0}}},{"hash":"57a05cf1192ea93a46eac9d196a4d3d5a28969d8","isMergeCommit":false,"messageTitle":"Add view command into main parser","messageBody":"","fileTypesAndContributionMap":{"functional-code":{"insertions":4,"deletions":0}}},{"hash":"21cbda4ef13584ae05e7be3923981a945f3ab843","isMergeCommit":true,"messageTitle":"Merge pull request #62 from holeecow/feature-update-delete-command","messageBody":"Add StudentId constructor to DeleteCommand","fileTypesAndContributionMap":{}}]},{"date":"2025-10-10T00:00:00","commitResults":[{"hash":"613205144be8342a52a0000d3f784def69f7be8f","isMergeCommit":true,"messageTitle":"Merge branch \u0027master\u0027 of https://github.com/ShaoZhi21/tp into feature/view-students","messageBody":"","fileTypesAndContributionMap":{}},{"hash":"bc0a418959ed155132d1290e613e70cc68d88318","isMergeCommit":false,"messageTitle":"Add testing for view command","messageBody":"","fileTypesAndContributionMap":{"test-code":{"insertions":8,"deletions":0}}}]},{"date":"2025-10-15T00:00:00","commitResults":[{"hash":"7fa5ee1a6b01b9548f309ca2a876129d8a8da84d","isMergeCommit":true,"messageTitle":"Merge pull request #76 from holeecow/feature-update-delete-command","messageBody":"Feature update delete command","fileTypesAndContributionMap":{}}]},{"date":"2025-10-16T00:00:00","commitResults":[{"hash":"fb367cf2cb7bd3db7372d326d4c4c25639b80571","isMergeCommit":false,"messageTitle":"Fix view not filtering ui","messageBody":"","fileTypesAndContributionMap":{"functional-code":{"insertions":3,"deletions":0},"test-code":{"insertions":2,"deletions":0}}}]},{"date":"2025-10-21T00:00:00","commitResults":[{"hash":"379fc4fbf81752bf70be86380380b7debf2e6531","isMergeCommit":false,"messageTitle":"Update user guide for view command","messageBody":"","fileTypesAndContributionMap":{"docs":{"insertions":22,"deletions":2}}}]},{"date":"2025-10-22T00:00:00","commitResults":[{"hash":"d3471e16daeeb633c97ea991a44584a77b2df53e","isMergeCommit":false,"messageTitle":"Add attendance and week class","messageBody":"","fileTypesAndContributionMap":{"functional-code":{"insertions":296,"deletions":0}}},{"hash":"0176f803d57fab1b16e901ea7892de06121747b6","isMergeCommit":false,"messageTitle":"Add parsing classes for attendance","messageBody":"","fileTypesAndContributionMap":{"functional-code":{"insertions":174,"deletions":0}}},{"hash":"941baff4a7c6844abae67e64996abbfd436bb9e1","isMergeCommit":false,"messageTitle":"Add attendace record to person and also JsonAdapted storage saving","messageBody":"","fileTypesAndContributionMap":{"functional-code":{"insertions":160,"deletions":7}}},{"hash":"fc30d2db0e9a51354808c1ef924398a7d83e4ec4","isMergeCommit":false,"messageTitle":"Fix parsing for attendance","messageBody":"","fileTypesAndContributionMap":{"functional-code":{"insertions":10,"deletions":4},"test-code":{"insertions":69,"deletions":0}}},{"hash":"767c94a0a397e7122ad1a429624fa78f41a25ebd","isMergeCommit":false,"messageTitle":"Add display in student card and also view card","messageBody":"","fileTypesAndContributionMap":{"functional-code":{"insertions":101,"deletions":1}}},{"hash":"647eb369e4368cebdf648bcb858ce136d5bd8267","isMergeCommit":false,"messageTitle":"Add command to mark all students at once as present or absent","messageBody":"","fileTypesAndContributionMap":{"functional-code":{"insertions":59,"deletions":8}}},{"hash":"08ff4b8f254ecf1ed14e2a97aa6c43eae7d0f517","isMergeCommit":false,"messageTitle":"Add user guide for attendance","messageBody":"","fileTypesAndContributionMap":{"docs":{"insertions":32,"deletions":0}}}]},{"date":"2025-10-23T00:00:00","commitResults":[{"hash":"6a6181d2e86e44c6cc80aa73574040c664facfb4","isMergeCommit":false,"messageTitle":"Add test cases","messageBody":"","fileTypesAndContributionMap":{"functional-code":{"insertions":27,"deletions":14},"test-code":{"insertions":858,"deletions":26}}},{"hash":"62f49467d8d6cbab0a4fd4443ee6b4c6a49fe304","isMergeCommit":true,"messageTitle":"Merge branch \u0027feature/add-attendance\u0027 into update/attendance-user-guide","messageBody":"","fileTypesAndContributionMap":{}},{"hash":"120906438a0b949aebafc09b7c04504f1f755568","isMergeCommit":false,"messageTitle":"Fix trailing white line issues","messageBody":"","fileTypesAndContributionMap":{"functional-code":{"insertions":2,"deletions":2},"test-code":{"insertions":13,"deletions":13}}},{"hash":"b61415b0c96f58c21bdde43c1666593b6d76f215","isMergeCommit":false,"messageTitle":"Fix trailing space issue","messageBody":"","fileTypesAndContributionMap":{"functional-code":{"insertions":30,"deletions":18},"test-code":{"insertions":16,"deletions":21}}},{"hash":"0af46e76613f661bd951f873e04f541d3c8f266f","isMergeCommit":true,"messageTitle":"Merge branch \u0027feature/add-attendance\u0027 into update/attendance-user-guide","messageBody":"","fileTypesAndContributionMap":{}},{"hash":"40861f7cb6fcc79993aa13d6b41f9a11cea10dc7","isMergeCommit":true,"messageTitle":"Merge master into feature/add-attendance","messageBody":"","fileTypesAndContributionMap":{}},{"hash":"83562dd3f4b89d1ef0b51d44568f948ae8315e5c","isMergeCommit":false,"messageTitle":"Fix styling issues","messageBody":"","fileTypesAndContributionMap":{"functional-code":{"insertions":7,"deletions":8}}},{"hash":"2fe43fb5387a1e883239d79ef69cb711a850e550","isMergeCommit":false,"messageTitle":"Add Person constructor with AttendanceRecord for student creation","messageBody":"","fileTypesAndContributionMap":{"functional-code":{"insertions":17,"deletions":0}}},{"hash":"e3c2656b567bbf4433de32ee6bd85468d49f0cc3","isMergeCommit":true,"messageTitle":"Merge branch \u0027feature/add-attendance\u0027 into update/attendance-user-guide","messageBody":"","fileTypesAndContributionMap":{}}]},{"date":"2025-10-25T00:00:00","commitResults":[{"hash":"0d17680956c54ee85c33bafd0ddd8639e5cfbcbc","isMergeCommit":false,"messageTitle":"Fix build issues","messageBody":"","fileTypesAndContributionMap":{"test-code":{"insertions":17,"deletions":15}}},{"hash":"276b23d394d3f42c0708edbe8e458d65c55a63ad","isMergeCommit":false,"messageTitle":"Fix null pointer","messageBody":"","fileTypesAndContributionMap":{"functional-code":{"insertions":1,"deletions":0}}},{"hash":"10d4df1847f912571c311d5c84f7b9eb42340dc8","isMergeCommit":false,"messageTitle":"Add newline","messageBody":"","fileTypesAndContributionMap":{"docs":{"insertions":1,"deletions":1}}},{"hash":"95728ccc10d3e1914f4d040139a8505db088db76","isMergeCommit":false,"messageTitle":"Prevent duplicate student ID but allow duplicate student name","messageBody":"","fileTypesAndContributionMap":{"functional-code":{"insertions":19,"deletions":5},"test-code":{"insertions":42,"deletions":15}}},{"hash":"8782feec4b0f326a2a93b7093b324c27619707f2","isMergeCommit":false,"messageTitle":"Fix editing of student to allow same name but not same id","messageBody":"","fileTypesAndContributionMap":{"functional-code":{"insertions":43,"deletions":7},"test-code":{"insertions":46,"deletions":13}}},{"hash":"1b071cb5aafaae5912d84e9850e2d639de763fa9","isMergeCommit":false,"messageTitle":"Add more test cases","messageBody":"","fileTypesAndContributionMap":{"test-code":{"insertions":143,"deletions":0}}},{"hash":"712cd4ee74a719189e2defd4a0a19b5393f43896","isMergeCommit":false,"messageTitle":"Add more tests","messageBody":"","fileTypesAndContributionMap":{"test-code":{"insertions":42,"deletions":0}}},{"hash":"3744bb405facbb445162e8db7f27563157b2be2a","isMergeCommit":false,"messageTitle":"Add tests","messageBody":"","fileTypesAndContributionMap":{"test-code":{"insertions":39,"deletions":0}}},{"hash":"58c80564f4b2d201eb10f4ff1c52f581fee6128e","isMergeCommit":false,"messageTitle":"Add more tests","messageBody":"","fileTypesAndContributionMap":{"test-code":{"insertions":30,"deletions":0}}}]},{"date":"2025-10-27T00:00:00","commitResults":[{"hash":"6b6c8e9173714c22636a44ba5872d32871b3e2ba","isMergeCommit":false,"messageTitle":"Add UI for weekly attendance in PersonCard","messageBody":"","fileTypesAndContributionMap":{"functional-code":{"insertions":122,"deletions":26}}},{"hash":"8cd24c179254cea0a3dfa30d3abd71a625761e6a","isMergeCommit":false,"messageTitle":"Update hover effect and also result height","messageBody":"","fileTypesAndContributionMap":{"functional-code":{"insertions":27,"deletions":22}}}]},{"date":"2025-10-28T00:00:00","commitResults":[{"hash":"1e02fadc9556a970020291e391dd5cbfefce48ef","isMergeCommit":false,"messageTitle":"Add tests for attendance and week","messageBody":"","fileTypesAndContributionMap":{"test-code":{"insertions":93,"deletions":179}}},{"hash":"cc3d02c86aead3e5515a544b4df2e0a735047466","isMergeCommit":false,"messageTitle":"Remove percentage for attendance","messageBody":"","fileTypesAndContributionMap":{"functional-code":{"insertions":0,"deletions":10}}},{"hash":"cb12cb51304afa8af6f4416969e721e60cb8e2db","isMergeCommit":true,"messageTitle":"Merge pull request #122 from jing-xiang-choong/feature/consultations-storage","messageBody":"Add Storage and UI for Consultation attribute","fileTypesAndContributionMap":{}},{"hash":"dcd9530b5bbd1929c34e29dcef1e1ee767212146","isMergeCommit":false,"messageTitle":"Update DG with view and attendance features","messageBody":"","fileTypesAndContributionMap":{"docs":{"insertions":227,"deletions":0}}},{"hash":"a99b0d02863866540e72657f0986617644f326d8","isMergeCommit":false,"messageTitle":"Add missing consultations section","messageBody":"","fileTypesAndContributionMap":{"functional-code":{"insertions":10,"deletions":0}}},{"hash":"a1017ff69f26e582330318636c921116117b73a7","isMergeCommit":false,"messageTitle":"Fix blue highlighting upon click","messageBody":"","fileTypesAndContributionMap":{"functional-code":{"insertions":8,"deletions":8}}},{"hash":"0e0bc6b6f81b06fe98175138f23f24085fb24715","isMergeCommit":false,"messageTitle":"Fix missing consultation section","messageBody":"","fileTypesAndContributionMap":{"functional-code":{"insertions":18,"deletions":0}}},{"hash":"e651dcb4d18a27028ed2f082a8cab875a47efdfa","isMergeCommit":false,"messageTitle":"Add spacing","messageBody":"","fileTypesAndContributionMap":{"functional-code":{"insertions":1,"deletions":1}}},{"hash":"f066c8c9e52bad798987d04583dd669c9f592d31","isMergeCommit":false,"messageTitle":"Update user guide for view and attendance","messageBody":"","fileTypesAndContributionMap":{"docs":{"insertions":44,"deletions":11}}},{"hash":"ea01698d187679649b74bfdf29e1dce579c0ce2f","isMergeCommit":false,"messageTitle":"Update view sequence diagram","messageBody":"","fileTypesAndContributionMap":{"docs":{"insertions":82,"deletions":0}}}]},{"date":"2025-10-29T00:00:00","commitResults":[{"hash":"29ad23e5a52680ab071022cfed8d37ccb03664ba","isMergeCommit":false,"messageTitle":"Add attendance sequence diagram","messageBody":"","fileTypesAndContributionMap":{"docs":{"insertions":135,"deletions":0}}},{"hash":"26d322aa1db869652775f5639d0fa1dc5cbc0144","isMergeCommit":true,"messageTitle":"Merge pull request #146 from holeecow/feature-personalised-notes","messageBody":"Add student remarks for personalised notes","fileTypesAndContributionMap":{}},{"hash":"97e85b5ecad0ac6e99a6ff51a916c338b5ec237d","isMergeCommit":true,"messageTitle":"Merge branch \u0027master\u0027 of https://github.com/ShaoZhi21/tp into task/view-uml","messageBody":"","fileTypesAndContributionMap":{}},{"hash":"8ee59465e185c8d0685c2b70580f4700d41aa2e4","isMergeCommit":false,"messageTitle":"Add diagram to DG","messageBody":"","fileTypesAndContributionMap":{"docs":{"insertions":2,"deletions":29}}},{"hash":"cf6c221f37d3954415560c2dbb24a074eebf5aa4","isMergeCommit":true,"messageTitle":"Merge pull request #150 from holeecow/feature-remarks-ui","messageBody":"Add UI for student remarks feature","fileTypesAndContributionMap":{}},{"hash":"325ff327e8be3132fa8ea091823ae1db559f4189","isMergeCommit":true,"messageTitle":"Merge pull request #157 from holeecow/task/update-student-remarks-user-guide","messageBody":"Update User Guide with remark command documentation","fileTypesAndContributionMap":{}},{"hash":"907a2b034c5fe86f55c5b89c46b9c8e57c32b6c6","isMergeCommit":false,"messageTitle":"Move result display to right","messageBody":"","fileTypesAndContributionMap":{"functional-code":{"insertions":38,"deletions":13}}},{"hash":"4925442d58f415772fd350d242f50d2db41fc8a3","isMergeCommit":true,"messageTitle":"Merge pull request #166 from jing-xiang-choong/docs/consultation-uml","messageBody":"Add UML diagram and edit DG for consultation","fileTypesAndContributionMap":{}},{"hash":"5dab750404c17c2324d64104fea9715b959334c4","isMergeCommit":false,"messageTitle":"Update attendance to remove unwanted format and add indexing format with tests","messageBody":"","fileTypesAndContributionMap":{"functional-code":{"insertions":148,"deletions":45},"docs":{"insertions":9,"deletions":3},"test-code":{"insertions":127,"deletions":4}}},{"hash":"c99ade5aedab76a98aa6333d9c186ef4805802b0","isMergeCommit":false,"messageTitle":"Change to all instead of s/all","messageBody":"","fileTypesAndContributionMap":{"functional-code":{"insertions":37,"deletions":10},"docs":{"insertions":5,"deletions":5},"test-code":{"insertions":14,"deletions":2}}},{"hash":"6b7bc5c1783241fd4848616275c368dae6b16216","isMergeCommit":false,"messageTitle":"Update developer guide for all command","messageBody":"","fileTypesAndContributionMap":{"docs":{"insertions":44,"deletions":16}}},{"hash":"a67e86331da48e9c830a8727a1e4519b7a603fbe","isMergeCommit":false,"messageTitle":"Update UML diagram accordingly","messageBody":"","fileTypesAndContributionMap":{"docs":{"insertions":26,"deletions":53}}},{"hash":"57b778d00aa25594ac690c8ddc7db0ea3c96caed","isMergeCommit":false,"messageTitle":"Update DG","messageBody":"","fileTypesAndContributionMap":{"docs":{"insertions":1,"deletions":1}}},{"hash":"a5a03004bb95c13010e40d426bba0b841ce68632","isMergeCommit":false,"messageTitle":"Fix allowing inputs of lowercase which is then stored as uppercase","messageBody":"","fileTypesAndContributionMap":{"functional-code":{"insertions":2,"deletions":1},"test-code":{"insertions":15,"deletions":0}}},{"hash":"47c58aa0668cdd7c1fdacdcf9d7761be594ca93c","isMergeCommit":false,"messageTitle":"Add unmark command","messageBody":"","fileTypesAndContributionMap":{"functional-code":{"insertions":47,"deletions":17},"docs":{"insertions":16,"deletions":7},"test-code":{"insertions":44,"deletions":1}}},{"hash":"38fc7fe5037f65cb54344a888bfe86b2d79d8ab1","isMergeCommit":false,"messageTitle":"Update DG based on unmark command","messageBody":"","fileTypesAndContributionMap":{"docs":{"insertions":14,"deletions":5}}},{"hash":"ab34ec29a31b9f71b85bab47e964e4f2a24c8fa4","isMergeCommit":true,"messageTitle":"Merge pull request #178 from ZayK1/resultBox","messageBody":"Enhance ResultBox UI to accurately show Success and Error Messages","fileTypesAndContributionMap":{}},{"hash":"1fd6f0b191dc510d7ed798425698e83a49fdb467","isMergeCommit":false,"messageTitle":"Update UG and view to match implementation","messageBody":"","fileTypesAndContributionMap":{"functional-code":{"insertions":25,"deletions":0},"docs":{"insertions":17,"deletions":2}}},{"hash":"aca6b0c7eb4379c9d8543e0d4b3b831598c38c3e","isMergeCommit":true,"messageTitle":"Merge pull request #182 from yusen-luan/refactor-edit","messageBody":"Extend edit feature for new fields","fileTypesAndContributionMap":{}},{"hash":"2a737049fa188c3947bb420098bad317f3f34b63","isMergeCommit":true,"messageTitle":"Merge branch \u0027master\u0027 into bugfix/consultation-feature","messageBody":"","fileTypesAndContributionMap":{}},{"hash":"c04ce75a47b8f42933900f7a3478ff0b7e8469b7","isMergeCommit":true,"messageTitle":"Merge pull request #162 from jing-xiang-choong/bugfix/consultation-feature","messageBody":"Fix bugs for consultation feature","fileTypesAndContributionMap":{}},{"hash":"c395f53992593de551b526968e649b62919bc660","isMergeCommit":true,"messageTitle":"Merge pull request #184 from ZayK1/master","messageBody":"Fix alpha-test bugs for grade and add student features","fileTypesAndContributionMap":{}},{"hash":"5414125aa83644f13c06d3e13aa010a2f74e2bb4","isMergeCommit":false,"messageTitle":"Update attendance display, view display, UG","messageBody":"","fileTypesAndContributionMap":{"functional-code":{"insertions":26,"deletions":33},"docs":{"insertions":20,"deletions":3},"test-code":{"insertions":11,"deletions":5}}},{"hash":"414fb56dccb3921536086e57c004bbbef8cd0799","isMergeCommit":true,"messageTitle":"Merge branch \u0027master\u0027 of https://github.com/ShaoZhi21/tp into fix/view","messageBody":"","fileTypesAndContributionMap":{}},{"hash":"32506aa2e24ebd30b9c7127f621e53f388d2c22d","isMergeCommit":false,"messageTitle":"Fix merge conflict","messageBody":"","fileTypesAndContributionMap":{"functional-code":{"insertions":0,"deletions":3}}},{"hash":"104ca324862f02449f338f7d269d480f8188dc0c","isMergeCommit":true,"messageTitle":"Merge pull request #188 from holeecow/bug/remark-command-bug","messageBody":"Fix User Guide remark command wording for consistency","fileTypesAndContributionMap":{}}]}],"jing-xiang-choong":[{"date":"2025-10-02T00:00:00","commitResults":[{"hash":"a1b50a7f33b1e343559ebdd411d3e349cb28df98","isMergeCommit":true,"messageTitle":"Merge pull request #18 from holeecow/add-holeecow-info","messageBody":"[ZX] Upload personal photo to docs/images","fileTypesAndContributionMap":{}},{"hash":"7d8152a87719dd00791dd365b3076a5dacc93a3c","isMergeCommit":false,"messageTitle":"Update AboutUs.md","messageBody":"","fileTypesAndContributionMap":{"docs":{"insertions":5,"deletions":5}}},{"hash":"bc6f42559888cba5cabfb47360912d76aebb5f83","isMergeCommit":true,"messageTitle":"Merge pull request #28 from holeecow/update-about-us","messageBody":"[ZX] Update AboutUs.md","fileTypesAndContributionMap":{}},{"hash":"492e09314a2e0abebece0b09b6bace6d2d5dac9f","isMergeCommit":false,"messageTitle":"Update DeveloperGuide.md for target user profile, value proposition and user stories","messageBody":"","fileTypesAndContributionMap":{"docs":{"insertions":28,"deletions":14}}},{"hash":"d3e874e428883de3d5f59f1694cbf6e0e3d11ad8","isMergeCommit":false,"messageTitle":"Add more updates to DeveloperGuide.md","messageBody":"","fileTypesAndContributionMap":{"docs":{"insertions":8,"deletions":8}}},{"hash":"4d89a87cb793031ce33227f6f119bf04e1344bde","isMergeCommit":true,"messageTitle":"Merge pull request #39 from holeecow/task/update-markbind-settings","messageBody":"Update markbind site-wide settings","fileTypesAndContributionMap":{}}]},{"date":"2025-10-09T00:00:00","commitResults":[{"hash":"d66a8990ded086f49711f93c31466e58703bf790","isMergeCommit":false,"messageTitle":"Add predicate and update ListCommand with placeholders","messageBody":"","fileTypesAndContributionMap":{"functional-code":{"insertions":31,"deletions":1}}},{"hash":"bcc03b111dbb8de5c288b023648f6460ed8edab7","isMergeCommit":false,"messageTitle":"Fix checkstyle errors","messageBody":"","fileTypesAndContributionMap":{"functional-code":{"insertions":2,"deletions":3}}}]},{"date":"2025-10-14T00:00:00","commitResults":[{"hash":"47fb81f364571cb30df319049562e01e7da0412a","isMergeCommit":false,"messageTitle":"Add list by module feature","messageBody":"","fileTypesAndContributionMap":{"functional-code":{"insertions":76,"deletions":3},"test-code":{"insertions":138,"deletions":0}}},{"hash":"e8b7cc2028e3bbc89939796667b8cc671e45ded3","isMergeCommit":false,"messageTitle":"Fix checkstyle errors","messageBody":"","fileTypesAndContributionMap":{"functional-code":{"insertions":3,"deletions":4},"test-code":{"insertions":5,"deletions":10}}}]},{"date":"2025-10-16T00:00:00","commitResults":[{"hash":"5fed85064d531200f07adfba3b64b889d5eb4b1c","isMergeCommit":true,"messageTitle":"Merge pull request #78 from ZayK1/fix-person-multiple-modulecodes","messageBody":"Change Person to support multiple ModuleCodes","fileTypesAndContributionMap":{}},{"hash":"df1bd7b831931805532ec13d880876b7c58fb143","isMergeCommit":true,"messageTitle":"Merge pull request #81 from ZayK1/feature/addStudent","messageBody":"Update AddCommand to use student-specific prefixes and fields","fileTypesAndContributionMap":{}},{"hash":"d9d1fc6bf0f9a307c8f1f6472a1d85be398eae82","isMergeCommit":false,"messageTitle":"Fix ListCommandParser to not take random strings as arguments","messageBody":"","fileTypesAndContributionMap":{"functional-code":{"insertions":8,"deletions":0}}},{"hash":"4b787934888af3606f2d3ebd28c81725ed64ec19","isMergeCommit":false,"messageTitle":"Fix addressbookparsertest","messageBody":"","fileTypesAndContributionMap":{"test-code":{"insertions":2,"deletions":1}}},{"hash":"bdcf0fe1291c460de9db1a5df1ae7414a8eaffe8","isMergeCommit":false,"messageTitle":"Fix checkstyle errors","messageBody":"","fileTypesAndContributionMap":{"test-code":{"insertions":2,"deletions":2}}}]},{"date":"2025-10-21T00:00:00","commitResults":[{"hash":"a7042b2370437e40f59b12108bc99ea338271d63","isMergeCommit":true,"messageTitle":"Merge pull request #86 from yusen-luan/feature-edit","messageBody":"Add multiple module for edit","fileTypesAndContributionMap":{}}]},{"date":"2025-10-23T00:00:00","commitResults":[{"hash":"94b60dadbc33cda9fd69db9d5022c26af2594226","isMergeCommit":false,"messageTitle":"Add consultation feature logic and parsing","messageBody":"","fileTypesAndContributionMap":{"functional-code":{"insertions":161,"deletions":7}}},{"hash":"c5661d3f24e487af70c19b5141b1050bb70414db","isMergeCommit":false,"messageTitle":"Add changes to userguide for consultations","messageBody":"","fileTypesAndContributionMap":{"docs":{"insertions":18,"deletions":3}}},{"hash":"6cbece69b9b3ef4c726a4306f591583c296da62b","isMergeCommit":true,"messageTitle":"Merge branch \u0027master\u0027 into feature/add-consultation","messageBody":"","fileTypesAndContributionMap":{}},{"hash":"2015a03e86175cd576f656dcab552cd5b6defa65","isMergeCommit":false,"messageTitle":"Fixed JavaDoc comment in Person.java","messageBody":"","fileTypesAndContributionMap":{"functional-code":{"insertions":3,"deletions":0}}},{"hash":"ff279f0d1f8516fa6b479009c95ed65014e9144c","isMergeCommit":false,"messageTitle":"Fix checkstyle errors","messageBody":"","fileTypesAndContributionMap":{"functional-code":{"insertions":3,"deletions":1}}},{"hash":"d2bff7a544433064e16f82125ab68a547ee0aa74","isMergeCommit":true,"messageTitle":"Merge pull request #96 from ShaoZhi21/feature/add-attendance","messageBody":"Add mark attendance by week for student","fileTypesAndContributionMap":{}},{"hash":"6015c2cd54ccf8f34d0474eb750df22d237f5fda","isMergeCommit":true,"messageTitle":"Merge pull request #97 from ShaoZhi21/update/attendance-user-guide","messageBody":"Update user guide for mark attendance by week","tags":["v1.4"],"fileTypesAndContributionMap":{}}]},{"date":"2025-10-27T00:00:00","commitResults":[{"hash":"f08ba6d04c38cb80da55b6a9d727b7d8302870ee","isMergeCommit":false,"messageTitle":"Add Storage and UI for Consultation attribute","messageBody":"","fileTypesAndContributionMap":{"functional-code":{"insertions":95,"deletions":18},"test-code":{"insertions":29,"deletions":14}}}]},{"date":"2025-10-28T00:00:00","commitResults":[{"hash":"5596fa7b71c245f6fe2e0f5291c0bf3ca966b284","isMergeCommit":false,"messageTitle":"Fix checkstyle errors","messageBody":"","fileTypesAndContributionMap":{"functional-code":{"insertions":17,"deletions":9}}},{"hash":"ee2b9e1b0b4b4dfff380bbadfa18f630c0dbbfbe","isMergeCommit":false,"messageTitle":"Update src/main/java/seedu/address/logic/parser/AddCommandParser.java","messageBody":"Co-authored-by: Copilot \u003c175728472+Copilot@users.noreply.github.com\u003e","fileTypesAndContributionMap":{"functional-code":{"insertions":1,"deletions":1}}},{"hash":"ca3f94cc83cf00d3e2d5c90d3ba9e3c55114f2f9","isMergeCommit":false,"messageTitle":"Update src/main/java/seedu/address/storage/JsonAdaptedConsultation.java","messageBody":"Co-authored-by: Copilot \u003c175728472+Copilot@users.noreply.github.com\u003e","fileTypesAndContributionMap":{"functional-code":{"insertions":1,"deletions":1}}},{"hash":"e7c221c6495ca4a745d743232bfbf7472a347785","isMergeCommit":true,"messageTitle":"Merge branch \u0027master\u0027 into feature/consultations-storage","messageBody":"","fileTypesAndContributionMap":{}},{"hash":"f628989dbc75dee2037429f334182a994eedeea5","isMergeCommit":false,"messageTitle":"Fix build error","messageBody":"","fileTypesAndContributionMap":{"functional-code":{"insertions":1,"deletions":0}}},{"hash":"e9ed7027ed257022ebd5f363e527ba88109d0fe9","isMergeCommit":false,"messageTitle":"fix checkstyle error","messageBody":"","fileTypesAndContributionMap":{"functional-code":{"insertions":2,"deletions":1}}},{"hash":"4837e09e714eae2be53c443342015025f13ca353","isMergeCommit":true,"messageTitle":"Merge pull request #124 from ShaoZhi21/feature/attendance-ui","messageBody":"Add UI for attendance","fileTypesAndContributionMap":{}},{"hash":"3e26aa225c056ae0cae7952d9527693addf22795","isMergeCommit":true,"messageTitle":"Merge branch \u0027master\u0027 into feature/consultations-storage","messageBody":"","fileTypesAndContributionMap":{}},{"hash":"be9302d7d9663ca3cc40ddf3335f930626df559b","isMergeCommit":true,"messageTitle":"Merge pull request #125 from ShaoZhi21/fix/remove-attendancerecord","messageBody":"Remove percentage for attendance","fileTypesAndContributionMap":{}},{"hash":"7969f0d8a892a34cd7759dfef7f2bb6a340ce306","isMergeCommit":true,"messageTitle":"Merge pull request #127 from ShaoZhi21/task/update-dg","messageBody":"Update DG with view and attendance features","fileTypesAndContributionMap":{}},{"hash":"317091aead7dd507ac1b9ed1e74c8b6ad41c6f53","isMergeCommit":true,"messageTitle":"Merge pull request #128 from ShaoZhi21/fix/person-card","messageBody":"Fix missing person card due to null pointer for consultation","fileTypesAndContributionMap":{}}]},{"date":"2025-10-29T00:00:00","commitResults":[{"hash":"d8845a455d73a3a49aaf51293dca5a58ae5ac605","isMergeCommit":false,"messageTitle":"Fix bugs for consultation feature","messageBody":"","fileTypesAndContributionMap":{"functional-code":{"insertions":36,"deletions":11},"docs":{"insertions":17,"deletions":9}}},{"hash":"dd9c8962bc55546e754311d9dea1bf6ff6707c00","isMergeCommit":false,"messageTitle":"fix checkstyle errors","messageBody":"","fileTypesAndContributionMap":{"functional-code":{"insertions":1,"deletions":2}}},{"hash":"b35bcd362abe08aeb2ae0c26b5b57f1b05f3b082","isMergeCommit":false,"messageTitle":"Add UML diagram and edit DG for consultation","messageBody":"","fileTypesAndContributionMap":{"docs":{"insertions":237,"deletions":0}}}]}],"yusen-luan":[{"date":"2025-09-19T00:00:00","commitResults":[{"hash":"c5b90d9be43e987b1c0e4459818862d6a27929b0","isMergeCommit":true,"messageTitle":"Merge remote-tracking branch \u0027origin/switch-docs-to-markbind\u0027","messageBody":"","fileTypesAndContributionMap":{}},{"hash":"560f26d6b9c2429dea4f50058812413b0dce4343","isMergeCommit":false,"messageTitle":"Update product site name","messageBody":"","fileTypesAndContributionMap":{"docs":{"insertions":1,"deletions":1}}}]},{"date":"2025-10-02T00:00:00","commitResults":[{"hash":"659da35def216e4ac72a1b71a97c8614d1960a1b","isMergeCommit":false,"messageTitle":"Update personal detail in AboutUs","messageBody":"","fileTypesAndContributionMap":{"docs":{"insertions":3,"deletions":3}}},{"hash":"8b51e1a17e04c85a0bb0b7ddcb8d55968045b717","isMergeCommit":true,"messageTitle":"Merge pull request #29 from yusen-luan/AboutUs","messageBody":"Update personal detail in AboutUs","fileTypesAndContributionMap":{}},{"hash":"8a36df38267e8e36d78cd32cf9d65ec884e08120","isMergeCommit":false,"messageTitle":"Add use cases to DeveloperGuide","messageBody":"","fileTypesAndContributionMap":{"docs":{"insertions":78,"deletions":11}}},{"hash":"c6c055fb7b58db21b7798d490f4fdde2ee8c9e70","isMergeCommit":false,"messageTitle":"Add more use cases to DeveloperGuide","messageBody":"","fileTypesAndContributionMap":{"docs":{"insertions":34,"deletions":34}}}]},{"date":"2025-10-08T00:00:00","commitResults":[{"hash":"41fc04cc2182838cfed7bd1ceb18f5ccc56a3e61","isMergeCommit":true,"messageTitle":"Merge pull request #43 from ZayK1/feature1/Add_StudentID_Class","messageBody":"Add StudentId class with NUS ID validation","fileTypesAndContributionMap":{}},{"hash":"1fe98da80ba34e6f37f01eb3d5dbf9601344ef4c","isMergeCommit":true,"messageTitle":"Merge pull request #45 from ZayK1/feature/add_module_class","messageBody":"Add ModuleCode field class","fileTypesAndContributionMap":{}},{"hash":"8022e33862ed83b7369ae7d43b5467ed0312718e","isMergeCommit":true,"messageTitle":"Merge pull request #47 from ZayK1/add-studentid-modulecode-prefixes","messageBody":"Add CLI prefixes for StudentId and ModuleCode","fileTypesAndContributionMap":{}}]},{"date":"2025-10-09T00:00:00","commitResults":[{"hash":"08a7c5614d68f8669948f2cbd087233f391e3d5b","isMergeCommit":false,"messageTitle":"Add new field to Person","messageBody":"","fileTypesAndContributionMap":{"functional-code":{"insertions":3,"deletions":1}}},{"hash":"1c4f6550c62e5ae400e6bc287f4725b7f374dcd5","isMergeCommit":false,"messageTitle":"Add getters for new fields in Person","messageBody":"","fileTypesAndContributionMap":{"functional-code":{"insertions":8,"deletions":0}}},{"hash":"298fcfeb48c575a8bee827beee8cfd0c367793f0","isMergeCommit":false,"messageTitle":"Add alternate constructor in Person","messageBody":"","fileTypesAndContributionMap":{"functional-code":{"insertions":17,"deletions":0}}},{"hash":"d22315d0f84c748017b756c31f83be3679975b04","isMergeCommit":false,"messageTitle":"Add test for new Person fields","messageBody":"","fileTypesAndContributionMap":{"test-code":{"insertions":71,"deletions":1}}}]},{"date":"2025-10-10T00:00:00","commitResults":[{"hash":"f7d51a30e53b03544fb19cc2a860a3618e4a74a8","isMergeCommit":false,"messageTitle":"Add parseModuleCode in ParserUtil","messageBody":"","fileTypesAndContributionMap":{"functional-code":{"insertions":16,"deletions":0}}},{"hash":"950749e0f68e811cb88186c875a903657ac77dc4","isMergeCommit":false,"messageTitle":"Add studentId and moduleCode for editing","messageBody":"","fileTypesAndContributionMap":{"functional-code":{"insertions":44,"deletions":3}}},{"hash":"5860a2f31a76bcf1b1672ba8133a54a6a8a10b4b","isMergeCommit":false,"messageTitle":"Track untracked changes","messageBody":"","fileTypesAndContributionMap":{"functional-code":{"insertions":6,"deletions":5},"test-code":{"insertions":69,"deletions":1}}}]},{"date":"2025-10-14T00:00:00","commitResults":[{"hash":"08f1ca57d41e76c33ef1fa6c4e08afbe7c3555a5","isMergeCommit":false,"messageTitle":"Refactor UI display to include new fields","messageBody":"","fileTypesAndContributionMap":{"functional-code":{"insertions":37,"deletions":9},"test-code":{"insertions":99,"deletions":32}}},{"hash":"aca0bbcd4bdbdc563b254006e110f56b4ee4185b","isMergeCommit":false,"messageTitle":"Fix missing statements in edit feature","messageBody":"","fileTypesAndContributionMap":{"functional-code":{"insertions":2,"deletions":0}}}]},{"date":"2025-10-21T00:00:00","commitResults":[{"hash":"fee3642196b0250a857be21f2214bc26bf034a17","isMergeCommit":false,"messageTitle":"Add multiple module for edit","messageBody":"","fileTypesAndContributionMap":{"functional-code":{"insertions":1,"deletions":1}}}]},{"date":"2025-10-22T00:00:00","commitResults":[{"hash":"df03b5f9c1fbf12b61a084ba23f656f718b671d4","isMergeCommit":false,"messageTitle":"Add filtering by tags","messageBody":"","fileTypesAndContributionMap":{"functional-code":{"insertions":143,"deletions":0}}},{"hash":"0222a11ecc40f680729eb105bacfcf9f09596018","isMergeCommit":false,"messageTitle":"Add tests for filtering","messageBody":"","fileTypesAndContributionMap":{"test-code":{"insertions":299,"deletions":0}}},{"hash":"ac9713a271828abf1e4be33b9dc8cb9796352ca0","isMergeCommit":false,"messageTitle":"Add filter into UserGuide","messageBody":"","fileTypesAndContributionMap":{"docs":{"insertions":16,"deletions":0}}},{"hash":"a9f197342e67d279defab73dd8710a3fe9f27224","isMergeCommit":false,"messageTitle":"Add tag command for adding tags","messageBody":"","fileTypesAndContributionMap":{"functional-code":{"insertions":269,"deletions":0},"test-code":{"insertions":315,"deletions":0}}},{"hash":"3c744d3bd4bd742dfe6c8e274c0f70cfff618f87","isMergeCommit":false,"messageTitle":"Add untag command","messageBody":"","fileTypesAndContributionMap":{"functional-code":{"insertions":282,"deletions":0},"test-code":{"insertions":316,"deletions":0}}},{"hash":"9065ca5391e6149bdebae2558fc466897e703233","isMergeCommit":false,"messageTitle":"Add tag and untag into UserGuide","messageBody":"","fileTypesAndContributionMap":{"docs":{"insertions":48,"deletions":0}}}]},{"date":"2025-10-23T00:00:00","commitResults":[{"hash":"5ee6d357d3a5d2839ee7651691345293b69164f8","isMergeCommit":true,"messageTitle":"Merge pull request #103 from holeecow/feature-remarks","messageBody":"Add Remark field class to support personalized student notes","fileTypesAndContributionMap":{}},{"hash":"6709b4b372ba652ff0e0f1f03c07520612a158e2","isMergeCommit":true,"messageTitle":"Merge pull request #89 from ShaoZhi21/update/user-guide","messageBody":"Update user guide for view command","fileTypesAndContributionMap":{}},{"hash":"5c2561010407f7c056fe86fc6362a6dd2ea579cc","isMergeCommit":true,"messageTitle":"Merge pull request #101 from ZayK1/feature/grade-command","messageBody":"Implement grade command to add student grades","fileTypesAndContributionMap":{}},{"hash":"64d3e91dd92d4ddc5750079aef7e6e4fad3d8bca","isMergeCommit":true,"messageTitle":"Merge pull request #104 from ZayK1/fix/tag-untag-grade-compatibility","messageBody":"Enhance Tag and Untag Commands to Include Grades","fileTypesAndContributionMap":{}}]},{"date":"2025-10-27T00:00:00","commitResults":[{"hash":"8f09b4161f80f3dd3073e445844f8ad3ce4338b9","isMergeCommit":true,"messageTitle":"Merge pull request #120 from ZayK1/ui-redesign","messageBody":"Refactor UI components in PersonCard and ResultDisplay for improved aesthetics and functionality. ","fileTypesAndContributionMap":{}}]},{"date":"2025-10-28T00:00:00","commitResults":[{"hash":"f7ecbc9a2ab7d2cb75a6341f9d3e8b5859007e3f","isMergeCommit":false,"messageTitle":"Add sequence diagram for edit command","messageBody":"","fileTypesAndContributionMap":{"docs":{"insertions":71,"deletions":0}}},{"hash":"cb08dfd2b2a222ce9d4992a2a0a5a74d04728318","isMergeCommit":false,"messageTitle":"Update ModelClassDiagram","messageBody":"","fileTypesAndContributionMap":{"docs":{"insertions":10,"deletions":1}}}]},{"date":"2025-10-29T00:00:00","commitResults":[{"hash":"7e3542d5979cd44a9a05a4ec9fe7e2cc78e159a8","isMergeCommit":true,"messageTitle":"Merge pull request #176 from ShaoZhi21/fix/attendance-index","messageBody":"Fix attendance formatting issues","fileTypesAndContributionMap":{}},{"hash":"261a2ccfcc8fe02b057ee2b61eac7876ccf9cc7e","isMergeCommit":true,"messageTitle":"Merge pull request #179 from ZayK1/GradleFix","messageBody":"Gradle fix","fileTypesAndContributionMap":{}},{"hash":"873d2e8d8b93260e54893149efb7c9127705409b","isMergeCommit":false,"messageTitle":"Refactor gradle configuration for UI change","messageBody":"","fileTypesAndContributionMap":{"other":{"insertions":6,"deletions":17}}},{"hash":"5acdc8300b3efc1594a142189eaeacde1d52485c","isMergeCommit":false,"messageTitle":"Extend edit feature for new fields","messageBody":"","fileTypesAndContributionMap":{"functional-code":{"insertions":109,"deletions":8},"docs":{"insertions":9,"deletions":1}}},{"hash":"971cd9811cc6c2d969c23225388602651113e638","isMergeCommit":false,"messageTitle":"Add tests to cover edit extenstions","messageBody":"","fileTypesAndContributionMap":{"test-code":{"insertions":270,"deletions":1}}},{"hash":"a19792c803a5af12bcea33e4aa1c5d2b71c2bacb","isMergeCommit":false,"messageTitle":"Refactor tag commands to preserve new fields","messageBody":"","fileTypesAndContributionMap":{"functional-code":{"insertions":10,"deletions":5}}},{"hash":"1be507945fb3d30c676febfbde03229c20ae7f69","isMergeCommit":false,"messageTitle":"Refactor tag and untag to be case-insensitive","messageBody":"","fileTypesAndContributionMap":{"functional-code":{"insertions":22,"deletions":6},"docs":{"insertions":5,"deletions":2},"test-code":{"insertions":30,"deletions":1}}},{"hash":"947e10c9ddab86868a880d7d453d9db198ee6e1a","isMergeCommit":true,"messageTitle":"Merge pull request #181 from ShaoZhi21/fix/view-ug","messageBody":"Update UG and view to match implementation","fileTypesAndContributionMap":{}},{"hash":"887ea81a2ebea8e19efc0284264955900c6146d4","isMergeCommit":true,"messageTitle":"Merge pull request #187 from holeecow/update/dg-remarks-feature","messageBody":"Update DG and UML diagram for remarks feature","fileTypesAndContributionMap":{}}]}],"ZayK1":[{"date":"2025-09-19T00:00:00","commitResults":[{"hash":"eb56e6128b7e3cfac75bb49434e134a0a91d936b","isMergeCommit":false,"messageTitle":"Update README.md","messageBody":"","fileTypesAndContributionMap":{"docs":{"insertions":1,"deletions":14}}},{"hash":"25937b25321c367994d21cac2adebc0fb7af64b7","isMergeCommit":false,"messageTitle":"Update README.md","messageBody":"","fileTypesAndContributionMap":{"docs":{"insertions":1,"deletions":1}}},{"hash":"628bcb6dc6e711188d19ade1e28694b65d5448dd","isMergeCommit":true,"messageTitle":"Merge pull request #3 from ZayK1/switch-docs-to-markbind","messageBody":"Switch docs to markbind","fileTypesAndContributionMap":{}}]},{"date":"2025-10-02T00:00:00","commitResults":[{"hash":"b3313adef646df7f2b5587016fd2499beeef31f0","isMergeCommit":false,"messageTitle":"Update AboutUs","messageBody":"","fileTypesAndContributionMap":{"docs":{"insertions":5,"deletions":5}}},{"hash":"629fe6927bd3e05061f7526a5a32c66d2b146c9e","isMergeCommit":true,"messageTitle":"Merge pull request #20 from ShaoZhi21/task/update-aboutus","messageBody":"[SZ] Update AboutUs.md","fileTypesAndContributionMap":{}},{"hash":"92545cc880e7273b13810900635e7dee35b360b8","isMergeCommit":false,"messageTitle":"Change README.md to our project","messageBody":"","fileTypesAndContributionMap":{"docs":{"insertions":25,"deletions":11}}},{"hash":"f99d9f0c0c30efc5467b7b6b5bfac00579115adc","isMergeCommit":false,"messageTitle":"Update README to have new line at end","messageBody":"","fileTypesAndContributionMap":{"docs":{"insertions":2,"deletions":2}}}]},{"date":"2025-10-08T00:00:00","commitResults":[{"hash":"ef3f6db84c0535289f7abe90dee9a7100b1cf6c4","isMergeCommit":false,"messageTitle":"Add StudentId class with NUS ID validation","messageBody":"- Create StudentId field class following AB3 pattern\n- Implement validation for format: A + 7 digits + 1 letter\n- Add comprehensive tests for validation and equals()\n- All existing tests still pass\n\nContributes to: Add Student feature for TeachMate MVP\n","fileTypesAndContributionMap":{"functional-code":{"insertions":67,"deletions":0},"test-code":{"insertions":63,"deletions":0}}},{"hash":"d07a3121cd685a28201937369bbb1704baa3ae7f","isMergeCommit":false,"messageTitle":"Refactor StudentId class for clarity and consistency","messageBody":"- Improve comments for better readability and understanding of validation rules\n- Ensure consistent formatting in the constructor and method documentation\n- Update test annotations for consistency\n\nThis refactor enhances code maintainability while preserving existing functionality.\n","fileTypesAndContributionMap":{"functional-code":{"insertions":15,"deletions":15},"docs":{"insertions":0,"deletions":1},"test-code":{"insertions":1,"deletions":1}}},{"hash":"3efd3b0db2e284111b91c6c3b7048812d5734830","isMergeCommit":true,"messageTitle":"Merge branch \u0027master\u0027 into feature1/Add_StudentID_Class","messageBody":"","fileTypesAndContributionMap":{}},{"hash":"e3d2404407a101cb42e4e6b9b16cb69e276025b0","isMergeCommit":false,"messageTitle":"Add ModuleCode class with NUS format validation","messageBody":"- Create ModuleCode field class in model.module package\n- Implement validation for format: 2-3 letters + 4 digits + optional suffix\n- Add comprehensive tests for validation and equals()\n- All existing tests still pass\n\nContributes to: Add Student feature for TeachMate MVP\n","fileTypesAndContributionMap":{"functional-code":{"insertions":62,"deletions":0},"test-code":{"insertions":52,"deletions":0}}},{"hash":"686b4e110e94f234af944b4f6ba01e4523c4aa99","isMergeCommit":false,"messageTitle":"Add CLI prefixes for StudentId and ModuleCode","messageBody":"- Add PREFIX_STUDENT_ID constant (s/)\n- Add PREFIX_MODULE_CODE constant (m/)\n- Prepares parser infrastructure for Add Student command\n- These prefixes will be used in AddCommandParser to parse student IDs and module codes\n\nContributes to: Add Student feature for TeachMate MVP\n","fileTypesAndContributionMap":{"functional-code":{"insertions":2,"deletions":1}}}]},{"date":"2025-10-09T00:00:00","commitResults":[{"hash":"e1ce2ec4d98c220472f450d9b87622f2612cdd99","isMergeCommit":true,"messageTitle":"Merge pull request #49 from yusen-luan/feature-edit","messageBody":"Add new studentId and moduleCode fields in Person","fileTypesAndContributionMap":{}}]},{"date":"2025-10-10T00:00:00","commitResults":[{"hash":"ad349a58728cee3037a1452462cf8e7712318c9f","isMergeCommit":true,"messageTitle":"Merge pull request #65 from yusen-luan/feature-edit","messageBody":"Add studentId and moduleCode into editable fields","fileTypesAndContributionMap":{}},{"hash":"22f77243802e72df5390e1216d4c3df107afab3d","isMergeCommit":true,"messageTitle":"Merge pull request #66 from ShaoZhi21/feature/view-students","messageBody":"Add view command into main parsing class","fileTypesAndContributionMap":{}}]},{"date":"2025-10-14T00:00:00","commitResults":[{"hash":"d30b305b43e0dc2b24bc8b7a3140e1ae4d165eab","isMergeCommit":true,"messageTitle":"Merge pull request #70 from yusen-luan/ui-person-fields","messageBody":"Refactor UI display to include new fields","fileTypesAndContributionMap":{}}]},{"date":"2025-10-16T00:00:00","commitResults":[{"hash":"4e6175448a986bd03991c142dd5b7dbcf782648a","isMergeCommit":false,"messageTitle":"Change Person to support multiple ModuleCodes","messageBody":"- Modified Person class to use Set\u003cModuleCode\u003e instead of single ModuleCode\n- Updated EditCommand and EditPersonDescriptor to handle Set\u003cModuleCode\u003e\n- Updated ListCommand to filter using stream().anyMatch() for Set\n- Updated JsonAdaptedPerson for JSON serialization with List\u003cString\u003e\n- Updated SampleDataUtil with getModuleCodeSet() helper method\n- Added parseModuleCodes() method to ParserUtil\n- Updated PersonCard UI to display multiple module codes\n- Updated all test files to work with Set\u003cModuleCode\u003e\n- Maintained backward compatibility in PersonBuilderChange Person to support multiple ModuleCodes\n\n- Modified Person class to use Set\u003cModuleCode\u003e instead of single ModuleCode\n- Updated EditCommand and EditPersonDescriptor to handle Set\u003cModuleCode\u003e\n- Updated ListCommand to filter using stream().anyMatch() for Set\n- Updated JsonAdaptedPerson for JSON serialization with List\u003cString\u003e\n- Updated SampleDataUtil with getModuleCodeSet() helper method\n- Added parseModuleCodes() method to ParserUtil\n- Updated PersonCard UI to display multiple module codes\n- Updated all test files to work with Set\u003cModuleCode\u003e\n- Maintained backward compatibility in PersonBuilder\n","fileTypesAndContributionMap":{"functional-code":{"insertions":95,"deletions":50},"test-code":{"insertions":56,"deletions":45}}},{"hash":"cd52e20470a81695725d90944174c2f816cfe88a","isMergeCommit":false,"messageTitle":"Refactor AddCommand to support student management","messageBody":"- Updated AddCommand to add students instead of generic persons, reflecting the new domain model.\n- Modified command usage message and success messages to align with student terminology.\n- Adjusted AddCommandParser to parse student-specific fields including student ID and module codes.\n- Enhanced Person class to accommodate students with a new constructor that excludes phone and address.\n- Updated JSON serialization in JsonAdaptedPerson to handle student-specific fields.\n- Revised test utilities and test cases to ensure compatibility with the new student model.\n","fileTypesAndContributionMap":{"functional-code":{"insertions":96,"deletions":53},"test-code":{"insertions":154,"deletions":131}}},{"hash":"25cd4d26000ac2601487e2514ba3b1252d3f4042","isMergeCommit":false,"messageTitle":"Enhance EditCommand to support student-specific construction","messageBody":"- Updated EditCommand to differentiate between student and regular person constructors based on the presence of studentId, phone, and address.\n- Modified LogicManagerTest and EditCommandTest to accommodate the new student format for adding and editing persons.\n- Adjusted PersonUtil to generate command strings based on whether the person is a student or a regular person.\n- Updated JsonAdaptedPerson tests to ensure proper handling of null studentId and moduleCode for regular persons.\n","fileTypesAndContributionMap":{"functional-code":{"insertions":23,"deletions":9},"test-code":{"insertions":75,"deletions":21}}},{"hash":"075239188d39d8ac6164967f270e701510cb3ced","isMergeCommit":false,"messageTitle":"Update ViewCommand to format student details in success message","messageBody":"","fileTypesAndContributionMap":{"functional-code":{"insertions":1,"deletions":1}}},{"hash":"9eb7e8da3f504108cec8be1d5b5cc2111c8190df","isMergeCommit":false,"messageTitle":"Refactor ViewCommand to display student name in success message","messageBody":"","fileTypesAndContributionMap":{"functional-code":{"insertions":1,"deletions":1}}},{"hash":"af6afe0ad8d4977617ebd6cdf62ff95914288985","isMergeCommit":true,"messageTitle":"Merge pull request #83 from jing-xiang-choong/feature/list-by-module","messageBody":"Fix ListCommandParser to not take random strings as arguments","fileTypesAndContributionMap":{}}]},{"date":"2025-10-21T00:00:00","commitResults":[{"hash":"76f4131037d745d41aaebb8dee10e8a383942d3b","isMergeCommit":false,"messageTitle":"Updated the UserGuide Template to reflect the MVP/","messageBody":"","fileTypesAndContributionMap":{"docs":{"insertions":128,"deletions":64}}}]},{"date":"2025-10-23T00:00:00","commitResults":[{"hash":"efe902b5c69f6c39bd01978516b764cc0a1441ed","isMergeCommit":false,"messageTitle":"Add Grade functionality to Person model and related classes","messageBody":"- Introduced a new Grade class to represent assignment grades.\n- Updated Person class to include a Set of grades, ensuring existing grades are retained during edits.\n- Modified AddCommandParser and EditCommand to handle grades when creating or editing Person instances.\n- Enhanced JSON adaptation for Person to include grades for serialization and deserialization.\n- Updated SampleDataUtil and tests to support the new Grade feature.\n","fileTypesAndContributionMap":{"functional-code":{"insertions":186,"deletions":17},"test-code":{"insertions":31,"deletions":17}}},{"hash":"7dc2456e3e5004817b1a3bdfc62eb04297b7ff89","isMergeCommit":false,"messageTitle":"Add GradeCommand and related parsing functionality","messageBody":"- Introduced GradeCommand to add grades to existing students in the address book.\n- Implemented GradeCommandParser to handle user input for grade addition.\n- Updated CliSyntax to include a new prefix for grades.\n- Enhanced ParserUtil to parse grades from user input.\n- Added tests for GradeCommand and GradeCommandParser to ensure correct functionality.\n- Updated AddressBookParser to recognize the new GradeCommand.\n","fileTypesAndContributionMap":{"functional-code":{"insertions":245,"deletions":4},"test-code":{"insertions":381,"deletions":0}}},{"hash":"1b969d07e76301a682e6aaffd33f0824388bb2be","isMergeCommit":false,"messageTitle":"Enhance Tag and Untag Commands to Include Grades","messageBody":"Updated the Person constructor calls in TagCommand and UntagCommand to include the grades attribute. Adjusted corresponding test cases in TagCommandTest and UntagCommandTest to ensure proper functionality with the new grades field. This change ensures that grades are retained and managed correctly when tagging and untagging persons.\n","fileTypesAndContributionMap":{"functional-code":{"insertions":4,"deletions":4},"test-code":{"insertions":15,"deletions":12}}},{"hash":"59de28d8fa6dd9a4422f5cdf39fc72ba1e48f3c5","isMergeCommit":false,"messageTitle":"Add UI display for student grades in PersonCard","messageBody":"Implemented grade visualization in student list cards:\n- Added FlowPane for grades in PersonListCard.fxml\n- Updated PersonCard.java to display grades sorted by assignment name\n- Grades appear as labels with custom styling (grade-label class)\n- Maintains clean UI with sorted display\n","fileTypesAndContributionMap":{"functional-code":{"insertions":10,"deletions":0}}},{"hash":"d400ff55e5e604ca13c346fe5795ff8bc44454a5","isMergeCommit":false,"messageTitle":"Update User Guide and UI for Grade Management","messageBody":"- Added documentation for the new `grade` command in UserGuide.md, detailing usage, format, and examples for adding grades to students.\n- Enhanced the UI in PersonListCard.fxml to include a FlowPane for displaying grades, ensuring proper layout with added margins.\n- Updated DarkTheme.css to style the grades display with custom colors and fonts for better visibility.\n","fileTypesAndContributionMap":{"functional-code":{"insertions":30,"deletions":1},"docs":{"insertions":46,"deletions":0}}},{"hash":"4d62d4044a17fdee1d7c448ee8fd52f34aedf5bd","isMergeCommit":false,"messageTitle":"Implement simple grade deletion functionality","messageBody":"","fileTypesAndContributionMap":{"functional-code":{"insertions":211,"deletions":0}}},{"hash":"7da3f89a3b816bc2606dfb072e8e0c0fe0b1efa1","isMergeCommit":true,"messageTitle":"Merge pull request #105 from ZayK1/feature/grades-ui","messageBody":"Add Proper UI for Grade View","fileTypesAndContributionMap":{}},{"hash":"07419bb3796324b47616886eef1ad538f81de0ce","isMergeCommit":true,"messageTitle":"Merge pull request #106 from ZayK1/feature/delete-edit-grades","messageBody":"Implement simple grade deletion functionality","fileTypesAndContributionMap":{}},{"hash":"566721be86ad8fe27c5752b328822688d2813c76","isMergeCommit":true,"messageTitle":"Merge branch \u0027master\u0027 into feature/add-attendance","messageBody":"","fileTypesAndContributionMap":{}}]},{"date":"2025-10-25T00:00:00","commitResults":[{"hash":"c85729135c450251d991258d08b6ceaf53c90c7a","isMergeCommit":false,"messageTitle":"docs: Add UML diagrams for Grade feature","messageBody":"- Update Model class diagram to include Grade, StudentId, ModuleCode relationships\n- Add sequence diagram showing GradeCommand execution flow through Logic and Model\n- Document Grade feature implementation in Developer Guide with design considerations\n- Includes both class and sequence diagrams to demonstrate multiple UML types\n","fileTypesAndContributionMap":{"docs":{"insertions":152,"deletions":0}}},{"hash":"d29bc8fcb73df2c786ca6b33c6ee57fa530749cc","isMergeCommit":true,"messageTitle":"Merge pull request #1 from ZayK1/Update/DgUML","messageBody":"docs: Add UML diagrams for Grade feature","fileTypesAndContributionMap":{}},{"hash":"09c9f9b2a97f53a98f9681ed356c9f97c8879788","isMergeCommit":true,"messageTitle":"Merge pull request #114 from ZayK1/Update/DgUML","messageBody":"docs: Add UML diagrams for Grade feature","fileTypesAndContributionMap":{}},{"hash":"c0d13ff123eb07279cc26d7325c12cccfb292d63","isMergeCommit":true,"messageTitle":"Merge pull request #115 from ShaoZhi21/fix/build-issue","messageBody":"Fix gradlew build issue","fileTypesAndContributionMap":{}},{"hash":"286e86da00c5649e4a50ffa772b4853d3bcf7c42","isMergeCommit":true,"messageTitle":"Merge branch \u0027AY2526S1-CS2103T-F11-3:master\u0027 into master","messageBody":"","fileTypesAndContributionMap":{}}]},{"date":"2025-10-27T00:00:00","commitResults":[{"hash":"17c79022a770214d976b6f3eb8448ef2de73ef93","isMergeCommit":true,"messageTitle":"Merge branch \u0027AY2526S1-CS2103T-F11-3:master\u0027 into master","messageBody":"","fileTypesAndContributionMap":{}},{"hash":"69111fea79096e2c6a0e2400196f6b2a91bdaf25","isMergeCommit":false,"messageTitle":"Update UI components for TeachMate: modified CommandBox prompt text, enhanced DarkTheme styles, adjusted MainWindow layout, and improved PersonListCard design for better readability and aesthetics.","messageBody":"","fileTypesAndContributionMap":{"functional-code":{"insertions":428,"deletions":254}}},{"hash":"629645fb09965277629c63a7720334ed0a13a1ec","isMergeCommit":false,"messageTitle":"Add theme toggle functionality in MainWindow, enhance feedback formatting in ResultDisplay, and update UI styles for better user experience.","messageBody":"","fileTypesAndContributionMap":{"functional-code":{"insertions":669,"deletions":10}}},{"hash":"0932de88487f23bf671a5a1cccffd3518df4fe5a","isMergeCommit":false,"messageTitle":"Refactor UI components in PersonCard and ResultDisplay for improved aesthetics and functionality. Removed email display from PersonCard, updated ResultDisplay to focus on error messages, and enhanced CSS styles for a modern iOS-inspired design across themes.","messageBody":"","fileTypesAndContributionMap":{"functional-code":{"insertions":858,"deletions":569}}}]},{"date":"2025-10-28T00:00:00","commitResults":[{"hash":"8684aea9403835f72b01329c915023d0f5c5a721","isMergeCommit":true,"messageTitle":"Merge pull request #133 from yusen-luan/UML-diagram","messageBody":"Add and update UML Diagrams","fileTypesAndContributionMap":{}},{"hash":"23bf572186bf051d0c058505f3179446e183d442","isMergeCommit":true,"messageTitle":"Merge branch \u0027AY2526S1-CS2103T-F11-3:master\u0027 into master","messageBody":"","fileTypesAndContributionMap":{}}]},{"date":"2025-10-29T00:00:00","commitResults":[{"hash":"1ed382d65d9766eb7c258454c882f9fe1e1d1a93","isMergeCommit":true,"messageTitle":"Merge pull request #175 from ShaoZhi21/fix/ui-format","messageBody":"Move result display to right","fileTypesAndContributionMap":{}},{"hash":"eeacc60225693baf75e060de314eb0287b549caf","isMergeCommit":true,"messageTitle":"Merge branch \u0027AY2526S1-CS2103T-F11-3:master\u0027 into master","messageBody":"","fileTypesAndContributionMap":{}},{"hash":"c4620c7d46daf600497043ec8081f3696fbe0611","isMergeCommit":false,"messageTitle":"Enhance user feedback and formatting in TeachMate commands","messageBody":"- Updated success and error messages in AddCommand, DeleteCommand, EditCommand, GradeCommand, and TagCommand to provide clearer feedback to users.\n- Introduced new formatting utilities in Messages.java for consistent presentation of student identifiers, grades, and tags.\n- Adjusted ListCommand and ClearCommand messages to reflect the context of student management.\n- Improved test cases to align with the updated message formats and ensure accurate assertions.\n\nThese changes aim to enhance the user experience by providing more informative and user-friendly messages throughout the application.\n","fileTypesAndContributionMap":{"functional-code":{"insertions":187,"deletions":59},"test-code":{"insertions":78,"deletions":43}}},{"hash":"eee8ba3e58fe84bceef456b831566c0cbe56461c","isMergeCommit":false,"messageTitle":"Refactor ResultDisplay for GitHub-style HTML formatting","messageBody":"- Replaced TextArea with WebView for enhanced message display.\n- Implemented GitHub-style rich HTML formatting for user feedback messages.\n- Added methods for converting plain text to HTML, including support for bullet points and highlighted content.\n- Introduced CSS styles for improved visual presentation of messages.\n\nThese changes improve the clarity and aesthetics of user feedback in the application.\n","fileTypesAndContributionMap":{"functional-code":{"insertions":199,"deletions":38}}},{"hash":"80aeec9efde41d7059cb93e03204fbee004c6f4f","isMergeCommit":false,"messageTitle":"Implement theme support for ResultDisplay","messageBody":"","fileTypesAndContributionMap":{"functional-code":{"insertions":152,"deletions":30}}},{"hash":"e888511d43ceee5d4ce06d791cbddae9f67d57d3","isMergeCommit":false,"messageTitle":"Initialize ResultDisplay with empty content for immediate background color setup","messageBody":"","fileTypesAndContributionMap":{"functional-code":{"insertions":13,"deletions":6}}},{"hash":"842766bae49df24c3c2b7e261782a7a1f0e5abb6","isMergeCommit":false,"messageTitle":"Add JavaFX Web module dependencies and enable assertions in test and run configurations","messageBody":"","fileTypesAndContributionMap":{"other":{"insertions":9,"deletions":0}}},{"hash":"bb81bad4477b866e218a6d983676b5f5c8784b33","isMergeCommit":false,"messageTitle":"Remove JavaFX Web module dependencies from build.gradle to streamline project dependencies.","messageBody":"","fileTypesAndContributionMap":{"other":{"insertions":0,"deletions":3}}},{"hash":"866480045d08e3ae4c4b74ae276f30812e9a7b01","isMergeCommit":false,"messageTitle":"Add JavaFX Web module dependencies back to build.gradle","messageBody":"","fileTypesAndContributionMap":{"other":{"insertions":3,"deletions":0}}},{"hash":"3d025318e1e3e588f009e293de9a444e6d6994ea","isMergeCommit":true,"messageTitle":"Merge pull request #180 from yusen-luan/gradle-config","messageBody":"Refactor gradle configuration for UI change","fileTypesAndContributionMap":{}},{"hash":"af0c57a5df27e4c45d9fcbf2ca0731c1d949ec86","isMergeCommit":false,"messageTitle":"Enhance GradeCommand to support updating existing grades and improve success message formatting. Refactor duplicate grade handling and ensure case-insensitive assignment name checks. Update tests to reflect new behavior.","messageBody":"","fileTypesAndContributionMap":{"functional-code":{"insertions":58,"deletions":18},"test-code":{"insertions":15,"deletions":13}}},{"hash":"235037281719957d0490ca425ebff9ef6d78ef7b","isMergeCommit":true,"messageTitle":"Merge branch \u0027AY2526S1-CS2103T-F11-3:master\u0027 into master","messageBody":"","fileTypesAndContributionMap":{}},{"hash":"c40003790e6aaab7e4fbc2223a203c4f116692e3","isMergeCommit":false,"messageTitle":"Refactor ResultDisplay to improve HTML formatting for list items. Replace numbered and bullet list handling with HTML tags for better rendering. Clean up unnecessary code related to key-value pair formatting.","messageBody":"","fileTypesAndContributionMap":{"functional-code":{"insertions":1,"deletions":13}}},{"hash":"2abc7ab33bebee2e1a8638e8ab9078222ccb47a0","isMergeCommit":false,"messageTitle":"Update PersonCard to improve module and grade display. Change default text for module codes and grades to indicate when no data is recorded, enhancing user experience and clarity.","messageBody":"","fileTypesAndContributionMap":{"functional-code":{"insertions":16,"deletions":9}}},{"hash":"9ae130462e3b0d519a547ab64575f1b31c794fce","isMergeCommit":true,"messageTitle":"Merge branch \u0027AY2526S1-CS2103T-F11-3:master\u0027 into master","messageBody":"","fileTypesAndContributionMap":{}},{"hash":"a050931460bf6295d70d398cf2ff1a0c45e86714","isMergeCommit":true,"messageTitle":"Merge pull request #185 from ZayK1/master","messageBody":"Update PersonCard to improve module and grade display.","fileTypesAndContributionMap":{}}]}]},"authorFileTypeContributionMap":{"holeecow":{"docs":321,"functional-code":399,"test-code":259},"ShaoZhi21":{"docs":586,"functional-code":1460,"test-code":1591},"jing-xiang-choong":{"docs":295,"functional-code":366,"test-code":144},"yusen-luan":{"docs":223,"functional-code":885,"test-code":1347,"other":6},"ZayK1":{"docs":345,"functional-code":2760,"test-code":856,"other":6}},"authorContributionVariance":{"holeecow":13780.866,"ShaoZhi21":85836.04,"jing-xiang-choong":4827.1816,"yusen-luan":73114.79,"ZayK1":242786.44},"authorDisplayNameMap":{"holeecow":"CS2103T-F11-3 TEO ..XUAN","ShaoZhi21":"CS2103T-F11-3 SOON.. ZHI","jing-xiang-choong":"CS2103T-F11-3 CHOO..IANG","yusen-luan":"CS2103T-F11-3 LUAN..USEN","ZayK1":"CS2103T-F11-3 KASI..AYAN"}}
