{"authorDailyContributionsMap":{"TimothySzu":[{"date":"2025-10-02T00:00:00","commitResults":[{"hash":"c1fb5fa22250be9f0141b0f4e2357f240a56d9f1","isMergeCommit":false,"messageTitle":"Edit About Us.","messageBody":"About Us page does not contain updated info.\n\nReader will not be able to learn about us.\n\nEdit the About Us page.\n\nTo update the About Us page.\n","fileTypesAndContributionMap":{"docs":{"insertions":3,"deletions":40}}},{"hash":"2f27c0bc14d9ee41eaf102433117fe8b5a403ac6","isMergeCommit":false,"messageTitle":"Update the Developer Guide.","messageBody":"Developer guide is outdated.\n\nReaders may get confuede when reading.\n\nLet\u0027s update the Developer Guide.\n\nReaders can better understand the Developer Guide.\n","fileTypesAndContributionMap":{"docs":{"insertions":84,"deletions":21}}},{"hash":"93ff348e148958b80f6174a35736abbdaaf1d1fd","isMergeCommit":true,"messageTitle":"Merge branch \u0027master\u0027 into AboutUs","messageBody":"","fileTypesAndContributionMap":{}},{"hash":"a3302ac3f97a001658ce7914dcea76bc6a2b71a0","isMergeCommit":true,"messageTitle":"Merge pull request #20 from IsaiahToh/AboutUs","messageBody":"Include Isaiah in About Us","fileTypesAndContributionMap":{}}]},{"date":"2025-10-06T00:00:00","commitResults":[{"hash":"d72119499568e14468e6ad5ec4cf018a7ad5468a","isMergeCommit":false,"messageTitle":"Update the developer guide","messageBody":"Developer guide is outdated.\n\nReaders may be  misinformed.\n\nLet\u0027s update the developer guide with current information.\n\nReaders will be well informed.\n","fileTypesAndContributionMap":{"docs":{"insertions":4,"deletions":3}}}]},{"date":"2025-10-11T00:00:00","commitResults":[{"hash":"4ae09e62333185b7b83ea1d3568bb4b905e2c026","isMergeCommit":false,"messageTitle":"Add organ field","messageBody":"Person does not have an organ field.\n\nUsers cannot add an organ to perons.\n\nLet\u0027s add an organ field to person and edit aech instance of person.\n\nOrgan field will allow users to store critical information about\npersons.\n","fileTypesAndContributionMap":{"functional-code":{"insertions":154,"deletions":17},"test-code":{"insertions":144,"deletions":25}}},{"hash":"d93a17affa07faf9b78c6809c9f2420f68b0b663","isMergeCommit":false,"messageTitle":"Fix syntax","messageBody":"Current code has syntaxss errors.\n\nSyntax errors will fail checkstyle test.\n\nLet\u0027s fix the syntax.\n\nFixed syntax will pass checkstyle.\n","fileTypesAndContributionMap":{"test-code":{"insertions":9,"deletions":6}}},{"hash":"f8dc6e3855cb41ff2fcddc4c414dc0df5454b39e","isMergeCommit":true,"messageTitle":"Merge pull request #39 from TimothySzu/branch-AddOrganField","messageBody":"Add organ field","fileTypesAndContributionMap":{}}]}],"POeticPotatoes":[{"date":"2025-10-02T00:00:00","commitResults":[{"hash":"9eb94236881b9d8d1a609a1bbbcdf4406141ddbb","isMergeCommit":true,"messageTitle":"Merge pull request #5 from TimothySzu/branch-photo","messageBody":"Add Timothy\u0027s photo","fileTypesAndContributionMap":{}},{"hash":"1e15585f50bd1d5d9b93244096b5e7c92ceee670","isMergeCommit":false,"messageTitle":"Include Yang Iiyu in AboutUs","messageBody":"","fileTypesAndContributionMap":{"docs":{"insertions":4,"deletions":44}}},{"hash":"88143df23318e43eaafa637661a0f2cd733af0ed","isMergeCommit":false,"messageTitle":"Add mockup ui image","messageBody":"","fileTypesAndContributionMap":{"docs":{"insertions":1,"deletions":1}}},{"hash":"d1e930e511c7480b1d83457d1c7d7ed74d940afb","isMergeCommit":false,"messageTitle":"Update README contents","messageBody":"","fileTypesAndContributionMap":{"docs":{"insertions":11,"deletions":10}}},{"hash":"4c37e282dd8317ffaa08c28070707485f64bd180","isMergeCommit":true,"messageTitle":"Merge branch \u0027master\u0027 into baozii-aboutus","messageBody":"","fileTypesAndContributionMap":{}},{"hash":"f3fdf004231b9cec60bd3c069c9ab0d7418fbf98","isMergeCommit":true,"messageTitle":"Merge pull request #33 from baozzii/baozii-aboutus","messageBody":"Include Yuhang in AboutUs","fileTypesAndContributionMap":{}},{"hash":"3eac71c4616b6d4959ffbfe6c1d75ca2ecd4fae0","isMergeCommit":true,"messageTitle":"Merge branch \u0027master\u0027 into branch-UpdateTheDG","messageBody":"","fileTypesAndContributionMap":{}},{"hash":"8ebdce1f84be069c91fe0495e2df7e6d98e82a5b","isMergeCommit":true,"messageTitle":"Merge pull request #28 from TimothySzu/branch-UpdateTheDG","messageBody":"Update the Developer Guide.","fileTypesAndContributionMap":{}}]},{"date":"2025-10-07T00:00:00","commitResults":[{"hash":"864ff81749570af4438144cdcb7b69a0849e2323","isMergeCommit":true,"messageTitle":"Merge pull request #37 from TimothySzu/branch-UpdateTheDGv0.2","messageBody":"Update the developer guide","fileTypesAndContributionMap":{}}]}],"tch1001":[{"date":"2025-09-26T00:00:00","commitResults":[{"hash":"6330b54f4b5d0c5ad8e28c8b0393c81d26ab3f3b","isMergeCommit":true,"messageTitle":"Merge pull request #1 from AY2526S1-CS2103T-T17-3/switch-docs-to-markbind","messageBody":"Switch docs to markbind","fileTypesAndContributionMap":{}}]},{"date":"2025-10-02T00:00:00","commitResults":[{"hash":"39219699ed763190f04733764fc076f39eaf0fda","isMergeCommit":false,"messageTitle":"Add Tan Chien Hao in AboutUs","messageBody":"","fileTypesAndContributionMap":{"docs":{"insertions":4,"deletions":44}}},{"hash":"cef6d1ab475f1fa4b0ca2905c557f23bd5dd9328","isMergeCommit":false,"messageTitle":"Fixed newline linting issue","messageBody":"","fileTypesAndContributionMap":{"docs":{"insertions":1,"deletions":1}}},{"hash":"12a1141e60e39500e2a5459933464568c88ba482","isMergeCommit":true,"messageTitle":"Merge pull request #13 from IsaiahToh/Photo","messageBody":"Add photo","fileTypesAndContributionMap":{}},{"hash":"08537e7657ffa3841386360bffadcd58255650b4","isMergeCommit":true,"messageTitle":"Merge branch \u0027master\u0027 into branch-aboutus","messageBody":"","fileTypesAndContributionMap":{}},{"hash":"a97fabf1d085457fdced36b64a76af55fb0caa7a","isMergeCommit":true,"messageTitle":"Merge pull request #21 from POeticPotatoes/branch-aboutus","messageBody":"Include Yang Iiyu in AboutUs","fileTypesAndContributionMap":{}}]},{"date":"2025-10-03T00:00:00","commitResults":[{"hash":"c14e212c06a8cca8705225e1de8842e8c2ee66a7","isMergeCommit":true,"messageTitle":"Merge pull request #1 from AY2526S1-CS2103T-T17-3/master","messageBody":"Merge upstream changes","fileTypesAndContributionMap":{}},{"hash":"27bf34f406fe0a6bb84d2be5e26d71811e5fd94a","isMergeCommit":false,"messageTitle":"Fixed image name","messageBody":"","fileTypesAndContributionMap":{"docs":{"insertions":1,"deletions":1}}}]},{"date":"2025-10-05T00:00:00","commitResults":[{"hash":"175c6b67ec87525f77a9a0d61d2e88dbd9840788","isMergeCommit":false,"messageTitle":"Add a line in README","messageBody":"","fileTypesAndContributionMap":{"docs":{"insertions":1,"deletions":0}}},{"hash":"ca4582f2ce5d0c7fbef4520265f14fcce88361e0","isMergeCommit":true,"messageTitle":"Merge pull request #35 from tch1001/small-fix","messageBody":"Add a line in README","fileTypesAndContributionMap":{}}]}],"IsaiahToh":[{"date":"2025-10-02T00:00:00","commitResults":[{"hash":"a39219502f671e8028f473fad1f4c6b92ae428f5","isMergeCommit":false,"messageTitle":"Include Isaiah in AboutUs","messageBody":"","fileTypesAndContributionMap":{"docs":{"insertions":3,"deletions":43}}},{"hash":"181637efad93c4e2cac64a83292cfb88fb4a3b85","isMergeCommit":true,"messageTitle":"Merge branch \u0027master\u0027 into branch-AboutUs","messageBody":"","fileTypesAndContributionMap":{}},{"hash":"0e4d38327ece8ffe44014d3419cc5b8f92c72a34","isMergeCommit":true,"messageTitle":"Merge pull request #32 from tch1001/branch-AboutUs","messageBody":"Add Tan Chien Hao in AboutUs","fileTypesAndContributionMap":{}},{"hash":"df371ba243d0ba9239e3756abd32f95651e65d22","isMergeCommit":true,"messageTitle":"Merge pull request #26 from POeticPotatoes/branch-update-README","messageBody":"Update README","fileTypesAndContributionMap":{}}]},{"date":"2025-10-03T00:00:00","commitResults":[{"hash":"0da81ce456c44de443888eee9e24fe098aae2812","isMergeCommit":true,"messageTitle":"Merge pull request #34 from tch1001/rename-photo","messageBody":"Rename photo","fileTypesAndContributionMap":{}}]}],"baozzii":[{"date":"2025-10-02T00:00:00","commitResults":[{"hash":"52653069bb8b25df512c1c6e9f05e38f288b1f34","isMergeCommit":false,"messageTitle":"Add Yuhang\u0027s Details in AboutUs.md","messageBody":"","fileTypesAndContributionMap":{"docs":{"insertions":5,"deletions":47}}},{"hash":"af6d0ef1f1e0e850b8021877e93c3039ff7bfc67","isMergeCommit":false,"messageTitle":"Update AboutUs","messageBody":"","fileTypesAndContributionMap":{"docs":{"insertions":0,"deletions":1}}},{"hash":"eec7d5a5b5c0a405c70c554e78289c7dacd2e985","isMergeCommit":true,"messageTitle":"Merge pull request #30 from tch1001/Photo","messageBody":"Add Tan Chien Hao photo","fileTypesAndContributionMap":{}},{"hash":"23ea29a826d5f9b2ed460bc568ab63ad2caec332","isMergeCommit":true,"messageTitle":"Merge pull request #1 from baozzii/baozzii-photo","messageBody":"Add Yuhang\u0027s Photo","fileTypesAndContributionMap":{}},{"hash":"867f07f285991a1d98b426cd07bfe526054a0b1a","isMergeCommit":true,"messageTitle":"Merge pull request #22 from TimothySzu/branch-AboutUsV1","messageBody":"Include Timothy in AboutUs","fileTypesAndContributionMap":{}},{"hash":"29f2598de52bfc2a256111179ec21ccbdc5f1f23","isMergeCommit":false,"messageTitle":"Update AboutUs.md","messageBody":"","fileTypesAndContributionMap":{"docs":{"insertions":0,"deletions":2}}}]}]},"authorFileTypeContributionMap":{"TimothySzu":{"docs":85,"functional-code":154,"test-code":148},"POeticPotatoes":{"docs":16,"functional-code":0,"test-code":0},"tch1001":{"docs":4,"functional-code":0,"test-code":0},"IsaiahToh":{"docs":3,"functional-code":0,"test-code":0},"baozzii":{"docs":3,"functional-code":0,"test-code":0}},"authorContributionVariance":{"TimothySzu":5942.1436,"POeticPotatoes":209.64459,"tch1001":103.603035,"IsaiahToh":88.0,"baozzii":125.80337},"authorDisplayNameMap":{"TimothySzu":"CS2103T-T17-3 TIMO.. ERN","POeticPotatoes":"CS2103T-T17-3 YANG..IIYU","tch1001":"CS2103T-T17-3 TAN .. HAO","IsaiahToh":"CS2103T-T17-3 ISAI..MING","baozzii":"CS2103T-T17-3 LIU ..HANG"}}
