{"authorDailyContributionsMap":{"sunshinefactoryyy":[{"date":"2025-10-02T00:00:00","commitResults":[{"hash":"5927c1a1e0628f6665c0dd3c0b286683bcfa8e86","isMergeCommit":false,"messageTitle":"Add AboutUs","messageBody":"","fileTypesAndContributionMap":{"docs":{"insertions":51,"deletions":5}}},{"hash":"d0c833546d71d9ce4d2b2484fa87b51320a7f1d1","isMergeCommit":false,"messageTitle":"Refractor AboutUs.md","messageBody":"","fileTypesAndContributionMap":{"docs":{"insertions":1,"deletions":1}}},{"hash":"e062c406ef8cbd3712d0cc7eaf7b178dd7baed19","isMergeCommit":true,"messageTitle":"Merge pull request #26 from mug1wara26/edit-aloysius-aboutus","messageBody":"Add Aloysius\u0027 name to AboutUs.md","fileTypesAndContributionMap":{}},{"hash":"efd6a4690324e8310909141f8078093c3ad661ec","isMergeCommit":false,"messageTitle":"Edit README.md","messageBody":"","fileTypesAndContributionMap":{"docs":{"insertions":11,"deletions":9}}}]},{"date":"2025-10-03T00:00:00","commitResults":[{"hash":"0de2ebb4618ac4cf0268e4e75081eb5a692b46c5","isMergeCommit":false,"messageTitle":"Update Java CI badge","messageBody":"","fileTypesAndContributionMap":{"docs":{"insertions":1,"deletions":1}}},{"hash":"cf2c5b86af142ca9eb1b3d4342185f54627641af","isMergeCommit":false,"messageTitle":"Update AboutUs with right image naming","messageBody":"","fileTypesAndContributionMap":{"docs":{"insertions":1,"deletions":1}}},{"hash":"fed978aba0c6b7662d5f565d631e2f1bcb2ba846","isMergeCommit":true,"messageTitle":"Merge pull request #33 from mug1wara26/remove-jane-doe","messageBody":"Remove Jane Doe from AboutUs","fileTypesAndContributionMap":{}}]},{"date":"2025-10-07T00:00:00","commitResults":[{"hash":"d80e5c493b9967ccfb56e72e7c456172dd7486f3","isMergeCommit":true,"messageTitle":"Merge pull request #47 from mug1wara26/45-general-parser-for-commands","messageBody":"General Parser for commands","fileTypesAndContributionMap":{}}]},{"date":"2025-10-08T00:00:00","commitResults":[{"hash":"67b03e3db43addad3df391c69f62b3f79068b64a","isMergeCommit":false,"messageTitle":"Add StudentID field in Person","messageBody":"","fileTypesAndContributionMap":{"functional-code":{"insertions":116,"deletions":13},"test-code":{"insertions":163,"deletions":22}}},{"hash":"50494c97d4d692cdb03e17612eec135331e376e6","isMergeCommit":false,"messageTitle":"Add dummy student ID to facilitate functional running code","messageBody":"","fileTypesAndContributionMap":{"functional-code":{"insertions":35,"deletions":13},"test-code":{"insertions":45,"deletions":35}}},{"hash":"e28e3d6d2895ffebac03b970c6116368a9fdb840","isMergeCommit":false,"messageTitle":"Rename StudentIDTest to StudentIdTest","messageBody":"","fileTypesAndContributionMap":{"other":{"insertions":0,"deletions":0}}},{"hash":"bbeab5f2f40fdf206d20d0ccfa219510b060adab","isMergeCommit":false,"messageTitle":"Refactor Delete command","messageBody":"Added studentID field into delete command to faciliate deletion of users with studentID\n","fileTypesAndContributionMap":{"functional-code":{"insertions":218,"deletions":15},"docs":{"insertions":14,"deletions":3},"test-code":{"insertions":67,"deletions":16}}},{"hash":"e793b248d35c9f24a1778eb67a634f87ba3a3a31","isMergeCommit":false,"messageTitle":"Edit user guide","messageBody":"","fileTypesAndContributionMap":{"docs":{"insertions":1,"deletions":1}}},{"hash":"efcf3aed1fafeeeb9c474303a7506bd03359fbe4","isMergeCommit":false,"messageTitle":"Removed additional wrapper file","messageBody":"","fileTypesAndContributionMap":{"functional-code":{"insertions":0,"deletions":99}}}]},{"date":"2025-10-09T00:00:00","commitResults":[{"hash":"790d2ca30472c429198ed04a1cd515c536df7817","isMergeCommit":true,"messageTitle":"Merge pull request #62 from sirylcereal/branch-MarkCommand","messageBody":"Add Mark Command feature","fileTypesAndContributionMap":{}}]},{"date":"2025-10-15T00:00:00","commitResults":[{"hash":"b9ba9dbbb4f68d5b5ab75bb2e25d0db0e131fa2c","isMergeCommit":true,"messageTitle":"Merge pull request #75 from mug1wara26/add-stackpane-to-main-window","messageBody":"Add splitpane to contain command input and person list","fileTypesAndContributionMap":{}},{"hash":"da58d2fb41245e731cb35d7c2a2ca569059f61f7","isMergeCommit":true,"messageTitle":"Merge pull request #76 from mug1wara26/change-personlist-to-table","messageBody":"Change Person ListView to a TableView","fileTypesAndContributionMap":{}}]}],"sirylcereal":[{"date":"2025-10-02T00:00:00","commitResults":[{"hash":"a68f6ce3c2227d52c9515830ebd13dc5a7bd1050","isMergeCommit":false,"messageTitle":"Add Lyris\u0027 AboutUs","messageBody":"","fileTypesAndContributionMap":{"docs":{"insertions":51,"deletions":5}}}]},{"date":"2025-10-09T00:00:00","commitResults":[{"hash":"5925423bc2ddfedb348b98be2294ef07b492a7be","isMergeCommit":false,"messageTitle":"Add MarkCommand feature","messageBody":"","fileTypesAndContributionMap":{"functional-code":{"insertions":168,"deletions":4},"test-code":{"insertions":7,"deletions":0}}},{"hash":"979e262bbfaaa3564d0393c3fc77e33c33493c6a","isMergeCommit":false,"messageTitle":"Fix checkstyle errors","messageBody":"","fileTypesAndContributionMap":{"functional-code":{"insertions":0,"deletions":2}}},{"hash":"b125787bd685c948e21a9a5b1cb66b45581ae85e","isMergeCommit":false,"messageTitle":"Fix spotless apply","messageBody":"","fileTypesAndContributionMap":{"functional-code":{"insertions":1,"deletions":2}}}]}],"TheMythologist":[{"date":"2025-10-03T00:00:00","commitResults":[{"hash":"95320796dd851402c692016fd178bfec315e15aa","isMergeCommit":false,"messageTitle":"Update Readme with Kai Xuan\u0027s details","messageBody":"","fileTypesAndContributionMap":{"docs":{"insertions":53,"deletions":0}}}]},{"date":"2025-10-09T00:00:00","commitResults":[{"hash":"350ccba3a967b999c72e9a687eb58150837efa90","isMergeCommit":false,"messageTitle":"Replace references of address to studentId","messageBody":"","fileTypesAndContributionMap":{"functional-code":{"insertions":43,"deletions":170},"docs":{"insertions":10,"deletions":10},"test-code":{"insertions":58,"deletions":205}}},{"hash":"6e2522d702223419ff443d1268599e784f7c6367","isMergeCommit":false,"messageTitle":"Apply formatting via spotless","messageBody":"","fileTypesAndContributionMap":{"functional-code":{"insertions":7,"deletions":8},"test-code":{"insertions":28,"deletions":35}}}]},{"date":"2025-10-10T00:00:00","commitResults":[{"hash":"5adce54dd39102fca462567213eeacab14bb71a1","isMergeCommit":false,"messageTitle":"Comply with checkstyle and fix outdated tests","messageBody":"","fileTypesAndContributionMap":{"test-code":{"insertions":31,"deletions":31}}}]},{"date":"2025-10-14T00:00:00","commitResults":[{"hash":"809f154027bde63d36b50a2a69689c129126d97f","isMergeCommit":false,"messageTitle":"Rename organisation \"seedu\" to \"greynekos\"","messageBody":"","fileTypesAndContributionMap":{"other":{"insertions":827,"deletions":827},"test-code":{"insertions":2,"deletions":2}}},{"hash":"f1f193cd6fa669f0e41216ac7f473e229a9dadc7","isMergeCommit":false,"messageTitle":"Apply formatting via spotless for correct import order","messageBody":"","fileTypesAndContributionMap":{"functional-code":{"insertions":46,"deletions":45},"test-code":{"insertions":50,"deletions":50}}},{"hash":"f66548f53c404bfe0d9c5c124d8c5f63e5bc2c22","isMergeCommit":false,"messageTitle":"Update user guide to greyneko\u0027s user guide","messageBody":"","fileTypesAndContributionMap":{"functional-code":{"insertions":1,"deletions":1}}}]}],"mug1wara26":[{"date":"2025-10-01T00:00:00","commitResults":[{"hash":"ea49ee7b812318d096acf74c9f59f33c67b3e613","isMergeCommit":false,"messageTitle":"Add Aloysius details in AboutUs","messageBody":"","fileTypesAndContributionMap":{"docs":{"insertions":5,"deletions":5}}},{"hash":"c0fe1a7119c5086b1b61d04a87ad7b56f7eda1ea","isMergeCommit":false,"messageTitle":"Add acknowledgement for ab3","messageBody":"","fileTypesAndContributionMap":{"docs":{"insertions":4,"deletions":4}}}]},{"date":"2025-10-02T00:00:00","commitResults":[{"hash":"cfc640b7d62ce5bc891055a0ee53ce708b6e0b21","isMergeCommit":false,"messageTitle":"Update user stories, use cases, and NFR","messageBody":"","fileTypesAndContributionMap":{"docs":{"insertions":190,"deletions":86}}},{"hash":"121a8e25e8947d241e008afa9d92af37ab912c2e","isMergeCommit":false,"messageTitle":"Remove mention of name as unique field","messageBody":"","fileTypesAndContributionMap":{"docs":{"insertions":1,"deletions":1}}},{"hash":"fe1233048e5f5f8b12d60ed31cbc04fab6834c09","isMergeCommit":true,"messageTitle":"Merge pull request #13 from mug1wara26/dg-update-v1.1","messageBody":"Update user stories, use cases, and NFR","fileTypesAndContributionMap":{}},{"hash":"868f4c3451769667af76512823d7c211d12010b6","isMergeCommit":true,"messageTitle":"Merge pull request #11 from mug1wara26/add-ab3-acknowledgement","messageBody":"Add ab3 acknowledgement","fileTypesAndContributionMap":{}},{"hash":"a5b4ec0bd6a1c7fb3e7049891167bae142f1499c","isMergeCommit":true,"messageTitle":"Merge pull request #15 from sirylcereal/branch-AboutUsLyris","messageBody":"Add Lyris\u0027 AboutUs","fileTypesAndContributionMap":{}},{"hash":"59b8136abdc08b06ed7b41fa0c818b7bf24ade5b","isMergeCommit":true,"messageTitle":"Merge pull request #19 from ckhai01/branch-ck-AboutUs","messageBody":"Add Che Khai\u0027s AboutUs","fileTypesAndContributionMap":{}},{"hash":"54e0f208e89a68603a29479e5e59269ec89ebaab","isMergeCommit":false,"messageTitle":"Add Aloysius\u0027 name to AboutUs.md","messageBody":"","fileTypesAndContributionMap":{"docs":{"insertions":11,"deletions":11}}},{"hash":"a2ae87fb692d5a950424695e472f9cdfc74f9536","isMergeCommit":true,"messageTitle":"Merge branch \u0027master\u0027 into branch-AboutUs","messageBody":"","fileTypesAndContributionMap":{}},{"hash":"a73c61e6078606d64e89d995913ec1232b516581","isMergeCommit":false,"messageTitle":"Add project portfolio","messageBody":"","fileTypesAndContributionMap":{"docs":{"insertions":10,"deletions":0}}},{"hash":"4b0d99280c344f73f1b50be345e17f2f1e1b3ca3","isMergeCommit":true,"messageTitle":"Merge pull request #25 from sunshinefactoryyy/master","messageBody":"Add Ui Mock-up","fileTypesAndContributionMap":{}},{"hash":"4e9d41be1d675171700cbade2a9fb87f1dc8f3f9","isMergeCommit":true,"messageTitle":"Merge branch \u0027master\u0027 into branch-AboutUs","messageBody":"","fileTypesAndContributionMap":{}},{"hash":"3ed60bd1f04f7e4b633de2d92dc26cf470df2190","isMergeCommit":true,"messageTitle":"Merge pull request #23 from sunshinefactoryyy/branch-AboutUs","messageBody":"Add Yuewei\u0027s AboutUs","fileTypesAndContributionMap":{}},{"hash":"dd334d70dced74a76bd9c6ced0a3032eaaa8311b","isMergeCommit":true,"messageTitle":"Merge pull request #28 from sunshinefactoryyy/master","messageBody":"Edit README.md","fileTypesAndContributionMap":{}}]},{"date":"2025-10-03T00:00:00","commitResults":[{"hash":"c14221502ec6a8583aaa0c3b93daab4b33d2959a","isMergeCommit":true,"messageTitle":"Merge pull request #31 from TheMythologist/branch-themythologist-Update-Readme","messageBody":"Update Readme with Kai Xuan\u0027s details","fileTypesAndContributionMap":{}},{"hash":"c1500d374eec40d9a0969500028b8bbf162ac29c","isMergeCommit":false,"messageTitle":"Remove Jane Doe from AboutUs","messageBody":"","fileTypesAndContributionMap":{"docs":{"insertions":2,"deletions":16}}},{"hash":"7ffb3a8abdb768f4d3848e94e42c13f98bb24d1a","isMergeCommit":false,"messageTitle":"Remove John Doe images and md","messageBody":"","fileTypesAndContributionMap":{"docs":{"insertions":0,"deletions":46}}},{"hash":"d532bb15aebeea4d645ee4ce4c1bceccfdda1fff","isMergeCommit":false,"messageTitle":"Add spotless as a precommit hook","messageBody":"","fileTypesAndContributionMap":{"functional-code":{"insertions":662,"deletions":586},"other":{"insertions":67,"deletions":0},"test-code":{"insertions":340,"deletions":320}}},{"hash":"048912afba74d438a80b44a572c6c275b34efb46","isMergeCommit":false,"messageTitle":"Add new formatting rules","messageBody":"","fileTypesAndContributionMap":{"functional-code":{"insertions":141,"deletions":137},"other":{"insertions":19,"deletions":3},"test-code":{"insertions":183,"deletions":188}}},{"hash":"34c05d6c8ab9e419754797573b5b67de3f768cd9","isMergeCommit":false,"messageTitle":"Remove incorrect SeparatorWrap rule from checkstyle","messageBody":"","fileTypesAndContributionMap":{"other":{"insertions":0,"deletions":6},"test-code":{"insertions":10,"deletions":10}}},{"hash":"d5f590893abd899245c741f0f23a49ab0053b140","isMergeCommit":true,"messageTitle":"Merge pull request #44 from sunshinefactoryyy/branch-EditPhotoName","messageBody":"Update AboutUs with right image naming","fileTypesAndContributionMap":{}},{"hash":"69052e99be34224dd54580c3518623b6e1300023","isMergeCommit":true,"messageTitle":"Merge pull request #42 from mug1wara26/formatting-matters","messageBody":"Add spotless to project","fileTypesAndContributionMap":{}},{"hash":"1d31e817082739ef7eff8ceb95fc2b3d91bb386e","isMergeCommit":true,"messageTitle":"Merge pull request #40 from sunshinefactoryyy/branch-LinkCIBadge","messageBody":"Update Java CI badge","fileTypesAndContributionMap":{}}]},{"date":"2025-10-05T00:00:00","commitResults":[{"hash":"c49f1549d7aaab9b0a478a5cf59ccc8e5b03b18d","isMergeCommit":false,"messageTitle":"Reimplement parser and modified commands to use new parser","messageBody":"","fileTypesAndContributionMap":{"functional-code":{"insertions":477,"deletions":346}}},{"hash":"41be80ef5f11d8aea003fa2fcb4201e46179afb2","isMergeCommit":false,"messageTitle":"Reimplement tests","messageBody":"","fileTypesAndContributionMap":{"functional-code":{"insertions":45,"deletions":118},"other":{"insertions":31,"deletions":24},"test-code":{"insertions":459,"deletions":812}}},{"hash":"dd55f8487199ad08f6783670967f3c3eee7fe1b0","isMergeCommit":false,"messageTitle":"Add overrides for AddCommand","messageBody":"","fileTypesAndContributionMap":{"functional-code":{"insertions":2,"deletions":3}}}]},{"date":"2025-10-06T00:00:00","commitResults":[{"hash":"c5cca433300f3d1a6ec9f8095711084f9f97350c","isMergeCommit":false,"messageTitle":"Add javadocs for Flag","messageBody":"","fileTypesAndContributionMap":{"functional-code":{"insertions":54,"deletions":3}}},{"hash":"5e39abcf46d696cfdf21f14bf79ba12a64e59cad","isMergeCommit":false,"messageTitle":"Refactor Flag to Option","messageBody":"","fileTypesAndContributionMap":{"functional-code":{"insertions":334,"deletions":201},"test-code":{"insertions":21,"deletions":22}}},{"hash":"8c8ee60ffb62ae458c43dec3da7ab81226d95f51","isMergeCommit":false,"messageTitle":"Add JavaDoc comments to required methods and classes under main","messageBody":"","fileTypesAndContributionMap":{"functional-code":{"insertions":107,"deletions":6},"other":{"insertions":0,"deletions":5},"test-code":{"insertions":8,"deletions":8}}},{"hash":"e20220be18bd7a55652d8561be1634009e04e302","isMergeCommit":false,"messageTitle":"Add JavaDoc comment for test files","messageBody":"","fileTypesAndContributionMap":{"test-code":{"insertions":165,"deletions":155}}},{"hash":"1b197c3e4f582e5ae14c32c81e40f891786b37d6","isMergeCommit":true,"messageTitle":"Merge remote-tracking branch \u0027upstream/master\u0027 into 45-general-parser-for-commands","messageBody":"","fileTypesAndContributionMap":{}},{"hash":"87dd03ab62d44b9673c6dee4ad34b4f0fd016fe6","isMergeCommit":false,"messageTitle":"Change log level back to info","messageBody":"","fileTypesAndContributionMap":{"functional-code":{"insertions":1,"deletions":1}}}]},{"date":"2025-10-08T00:00:00","commitResults":[{"hash":"3d811fd7563bbeac446471e2e91b9d799c93655a","isMergeCommit":true,"messageTitle":"Merge pull request #52 from sunshinefactoryyy/branch-AddStudentID","messageBody":"Add StudentID field in Person","fileTypesAndContributionMap":{}}]},{"date":"2025-10-09T00:00:00","commitResults":[{"hash":"5165c910f5152cfd724d61ca563015772cbd9c46","isMergeCommit":false,"messageTitle":"Add formatting rules for array braces","messageBody":"","fileTypesAndContributionMap":{"functional-code":{"insertions":4,"deletions":11},"other":{"insertions":2,"deletions":0},"test-code":{"insertions":2,"deletions":1}}},{"hash":"0839705324c3954a70e4681ae28b1ac8f171413b","isMergeCommit":false,"messageTitle":"Add PersonIdentifier and commands use it","messageBody":"","fileTypesAndContributionMap":{"functional-code":{"insertions":35,"deletions":31},"test-code":{"insertions":26,"deletions":29}}},{"hash":"e0929cf9422a681c7a864ba416bf3e2281d67712","isMergeCommit":false,"messageTitle":"Move updateFilteredPersonList call to resolveIdentifier","messageBody":"","fileTypesAndContributionMap":{"functional-code":{"insertions":9,"deletions":5},"test-code":{"insertions":2,"deletions":4}}},{"hash":"f4a4b4700fefc3ac6d2c4b533a3d376d58ba7368","isMergeCommit":true,"messageTitle":"Merge pull request #63 from mug1wara26/add-identifier","messageBody":"Add PersonIdentifier for further type safety","fileTypesAndContributionMap":{}},{"hash":"1badb97cde210305ef3f2e8b2d99d5816875f77b","isMergeCommit":false,"messageTitle":"Change isSamePerson to check studentID","messageBody":"","fileTypesAndContributionMap":{"functional-code":{"insertions":1,"deletions":1}}},{"hash":"2599c7c185aaea71fc472db66fdb9442a71b5648","isMergeCommit":true,"messageTitle":"Merge pull request #64 from TheMythologist/branch-themythologist-Update-Add-Command","messageBody":"Replace references of address to studentId","fileTypesAndContributionMap":{}}]},{"date":"2025-10-10T00:00:00","commitResults":[{"hash":"cae012d326c3d55661e74bce1622d1a1f8e62092","isMergeCommit":true,"messageTitle":"Merge pull request #65 from TheMythologist/branch-themythologist-pass-checks","messageBody":"Comply with checkstyle standards","fileTypesAndContributionMap":{}}]},{"date":"2025-10-15T00:00:00","commitResults":[{"hash":"6256189b3644c67453f847394965649e93cfafda","isMergeCommit":false,"messageTitle":"Add split pane between command input and person list","messageBody":"","fileTypesAndContributionMap":{"functional-code":{"insertions":48,"deletions":20}}},{"hash":"f700ff8da92d91220d56c9305cf4769ab72dd85a","isMergeCommit":false,"messageTitle":"Move command input box to bottom","messageBody":"","fileTypesAndContributionMap":{"functional-code":{"insertions":12,"deletions":11}}},{"hash":"a23f541482f74508ff89be73d9ee6a9991cbb98a","isMergeCommit":false,"messageTitle":"Add javadoc to mainwindow initialize","messageBody":"","fileTypesAndContributionMap":{"functional-code":{"insertions":4,"deletions":1}}},{"hash":"f22e7106e1186da6c257032fb2d983a684a1ac0f","isMergeCommit":false,"messageTitle":"Add tableview to fxml","messageBody":"","fileTypesAndContributionMap":{"functional-code":{"insertions":15,"deletions":0}}},{"hash":"8384587cf371a25ff96ef219b69813c6a01ba817","isMergeCommit":true,"messageTitle":"Merge branch \u0027add-stackpane-to-main-window\u0027 into change-personlist-to-table","messageBody":"","fileTypesAndContributionMap":{}},{"hash":"bd70648ccd6ec3c33338286efc10ac1df69d3307","isMergeCommit":false,"messageTitle":"Add table to personlistpanel","messageBody":"","fileTypesAndContributionMap":{"functional-code":{"insertions":227,"deletions":169}}},{"hash":"b0bb3c19d95f84fa860bbdda49b63a48cdc69d00","isMergeCommit":false,"messageTitle":"Change PersonListPanel to PersonTablePanel","messageBody":"","fileTypesAndContributionMap":{"functional-code":{"insertions":3,"deletions":3},"other":{"insertions":13,"deletions":21}}},{"hash":"137e3148dfd1d1a70d2db54854c2890d238c4d56","isMergeCommit":true,"messageTitle":"Merge pull request #72 from TheMythologist/branch-themythologist-rename-addressbook","messageBody":"Rename organisation \"seedu\" to \"greynekos\"","fileTypesAndContributionMap":{}},{"hash":"2cebae46e6e1d58f6d02f606a5e914b7c505e534","isMergeCommit":true,"messageTitle":"Merge remote-tracking branch \u0027upstream/master\u0027 into branch-themythologist-update-userguide-url","messageBody":"","fileTypesAndContributionMap":{}},{"hash":"a2b128ee8dcf3865fa03910641733edf09ac691c","isMergeCommit":true,"messageTitle":"Merge pull request #74 from TheMythologist/branch-themythologist-update-userguide-url","messageBody":"Update user guide to greyneko\u0027s user guide","fileTypesAndContributionMap":{}},{"hash":"3fa43ba57884ec2f6413b00bf8ca4cf11162d488","isMergeCommit":true,"messageTitle":"Merge remote-tracking branch \u0027upstream/master\u0027 into add-stackpane-to-main-window","messageBody":"","fileTypesAndContributionMap":{}},{"hash":"9f0a5f32b6164801dd122dd09f7264b696f69475","isMergeCommit":true,"messageTitle":"Merge remote-tracking branch \u0027upstream/master\u0027 into change-personlist-to-table","messageBody":"","fileTypesAndContributionMap":{}},{"hash":"abf1c25716bab2e2d92fe3fb89af797b29ab927e","isMergeCommit":false,"messageTitle":"Merge from upstream","messageBody":"","fileTypesAndContributionMap":{"functional-code":{"insertions":3,"deletions":3}}}]}],"ckhai01":[{"date":"2025-10-02T00:00:00","commitResults":[{"hash":"81261ec22a6c592dac9031a990a9296399d43062","isMergeCommit":false,"messageTitle":"Add Che Khai\u0027s AboutUs","messageBody":"","fileTypesAndContributionMap":{"docs":{"insertions":51,"deletions":5}}}]},{"date":"2025-10-08T00:00:00","commitResults":[{"hash":"78925d3db8c9851ce81ed8e811676cd780e85537","isMergeCommit":false,"messageTitle":"Refactor helper functions from DeleteCommand to CommandUtil","messageBody":"","fileTypesAndContributionMap":{"functional-code":{"insertions":95,"deletions":0}}},{"hash":"d1bcf50b27ac815419aacd6e3f70e9c219f759ad","isMergeCommit":false,"messageTitle":"Refactor DeleteCommand to use CommandUtil","messageBody":"","fileTypesAndContributionMap":{"functional-code":{"insertions":2,"deletions":85}}},{"hash":"675e47fd6ba0b8ef2e965a64cdf6a841a3fb2b85","isMergeCommit":false,"messageTitle":"Add View Command","messageBody":"","fileTypesAndContributionMap":{"functional-code":{"insertions":61,"deletions":2}}}]},{"date":"2025-10-09T00:00:00","commitResults":[{"hash":"cd815c424bd1299349d6eb7e8aca8444b0c6acd4","isMergeCommit":true,"messageTitle":"Merge pull request #55 from sunshinefactoryyy/branch-DeleteCommand","messageBody":"Refactor Delete command","fileTypesAndContributionMap":{}},{"hash":"0e39ce017b56d07ee77e06f74b483cffd7b8c068","isMergeCommit":true,"messageTitle":"Merge branch \u0027AY2526S1-CS2103T-F13-4:master\u0027 into branch-ViewCommand","messageBody":"","fileTypesAndContributionMap":{}},{"hash":"f72f8feaef8a3c1f4bd44cf46be5ee09fa5390cd","isMergeCommit":false,"messageTitle":"Edit user guide","messageBody":"","fileTypesAndContributionMap":{"docs":{"insertions":21,"deletions":1}}},{"hash":"b4fea290e4923a7402e386a33338bee37b04d269","isMergeCommit":false,"messageTitle":"Add tests for View command","messageBody":"","fileTypesAndContributionMap":{"test-code":{"insertions":104,"deletions":0}}},{"hash":"6e2aae887398c909784ea86fca253a6ed680edfd","isMergeCommit":false,"messageTitle":"Fix checkstyle issues","messageBody":"","fileTypesAndContributionMap":{"functional-code":{"insertions":16,"deletions":5},"test-code":{"insertions":4,"deletions":4}}},{"hash":"da5996d55c0dbb3212224f0aa708406c0d3e16a3","isMergeCommit":false,"messageTitle":"Add tests for CommandUtil","messageBody":"","fileTypesAndContributionMap":{"test-code":{"insertions":102,"deletions":0}}},{"hash":"090bc92c424495c962f6bcbeed361fc82563b5bd","isMergeCommit":true,"messageTitle":"Merge pull request #56 from ckhai01/branch-ViewCommand","messageBody":"Add View command","fileTypesAndContributionMap":{}}]}]},"authorFileTypeContributionMap":{"sunshinefactoryyy":{"docs":77,"functional-code":129,"test-code":160},"sirylcereal":{"docs":50,"functional-code":142,"test-code":6},"TheMythologist":{"docs":59,"functional-code":467,"test-code":465,"other":1},"mug1wara26":{"docs":207,"functional-code":1345,"test-code":532,"other":84},"ckhai01":{"docs":25,"functional-code":118,"test-code":171}},"authorContributionVariance":{"sunshinefactoryyy":27388.322,"sirylcereal":1291.0616,"TheMythologist":130495.63,"mug1wara26":465172.62,"ckhai01":4358.444},"authorDisplayNameMap":{"sunshinefactoryyy":"CS2103T-F13-4 WU Y..EWEI","sirylcereal":"CS2103T-F13-4 LYRI..G QI","TheMythologist":"CS2103T-F13-4 LEE ..XUAN","mug1wara26":"CS2103T-F13-4 ALOY..QUAN","ckhai01":"CS2103T-F13-4 CHUA..KHAI"}}
