{"authorDailyContributionsMap":{"pei3nn":[],"dongjunnn":[],"Angmar2722":[],"isaactoh":[],"coolprogrammer000":[]},"authorFileTypeContributionMap":{"pei3nn":{"docs":0,"functional-code":0,"test-code":0},"dongjunnn":{"docs":0,"functional-code":0,"test-code":0},"Angmar2722":{"docs":0,"functional-code":0,"test-code":0},"isaactoh":{"docs":0,"functional-code":0,"test-code":0},"coolprogrammer000":{"docs":0,"functional-code":0,"test-code":0}},"authorContributionVariance":{"pei3nn":0.0,"dongjunnn":0.0,"Angmar2722":0.0,"isaactoh":0.0,"coolprogrammer000":0.0},"authorDisplayNameMap":{"pei3nn":"CS2103T-W11-3 LEE ..I EN","dongjunnn":"CS2103T-W11-3 CHAN.. JUN","Angmar2722":"CS2103T-W11-3 ANSH..NGAN","isaactoh":"CS2103T-W11-3 TOH ..SAAC","coolprogrammer000":"CS2103T-W11-3 HE Y..YIDA"}}
