{"authorDailyContributionsMap":{"darisusu":[{"date":"2025-09-30T00:00:00","commitResults":[{"hash":"7dbfcb793b1aed6068c0936abdd054133ce4aa06","isMergeCommit":false,"messageTitle":"Update Darius personal aboutus","messageBody":"","fileTypesAndContributionMap":{"docs":{"insertions":3,"deletions":4}}},{"hash":"0ad22e28ac15e44c802628925697d6f7e8898e70","isMergeCommit":false,"messageTitle":"Add back default portfolio","messageBody":"","fileTypesAndContributionMap":{"docs":{"insertions":1,"deletions":0}}},{"hash":"9e3e03ff687d898d25611650f646c757b5acb0a3","isMergeCommit":true,"messageTitle":"Merge pull request #18 from darisusu/Darius-AboutUs-Branch","messageBody":"Update Darius Personal About Us","fileTypesAndContributionMap":{}}]}],"adibice1":[{"date":"2025-09-30T00:00:00","commitResults":[{"hash":"c440784ba271a57ab9fd0a73a3389fc247398e55","isMergeCommit":false,"messageTitle":"Adib Update AboutUs.md","messageBody":"","fileTypesAndContributionMap":{"docs":{"insertions":3,"deletions":3}}},{"hash":"1b7d50e44506109bc23eefa3cd34d571b6af61eb","isMergeCommit":false,"messageTitle":"Update AboutUs.md","messageBody":"","fileTypesAndContributionMap":{"docs":{"insertions":1,"deletions":1}}},{"hash":"99820bf0f1f2c5c1910607a356008b38e30e2315","isMergeCommit":true,"messageTitle":"Merge pull request #20 from adibice1/Add-photo-command","messageBody":"Update Adib AboutUs.md","fileTypesAndContributionMap":{}}]}],"ArunV2048":[{"date":"2025-09-30T00:00:00","commitResults":[{"hash":"1114cf052134ec00d8029b66d46a2cd1cdaa4a73","isMergeCommit":false,"messageTitle":"Update AboutUs with Arun\u0027s details","messageBody":"","fileTypesAndContributionMap":{"docs":{"insertions":3,"deletions":3}}},{"hash":"beb4d7fa8666c222168cf8c324e318d56164543e","isMergeCommit":false,"messageTitle":"Fix photo filename and AboutUs entry for ArunV2048","messageBody":"","fileTypesAndContributionMap":{"docs":{"insertions":1,"deletions":1}}},{"hash":"2b0bd8c9ec48bded1b497015dc68b2512645c416","isMergeCommit":true,"messageTitle":"Merge pull request #23 from ArunV2048/update-aboutus-arunv2048","messageBody":"Update AboutUs with Arun’s details","fileTypesAndContributionMap":{}}]}],"harun-abdullah":[{"date":"2025-09-30T00:00:00","commitResults":[{"hash":"5c48591474598d3c0ccc1ef65e8640fbbab05ffe","isMergeCommit":false,"messageTitle":"Update Harun\u0027s part of About Us","messageBody":"","fileTypesAndContributionMap":{"docs":{"insertions":3,"deletions":3}}},{"hash":"d7d533b45305242d4642640fbd60ee3af2841145","isMergeCommit":true,"messageTitle":"Merge pull request #22 from harun-abdullah/aboutus","messageBody":"Update Harun\u0027s part of About Us","fileTypesAndContributionMap":{}}]}],"eltry42":[{"date":"2025-09-30T00:00:00","commitResults":[{"hash":"c767092a264f25042456a13d78cea5c012bdeb34","isMergeCommit":false,"messageTitle":"update aboutus","messageBody":"","fileTypesAndContributionMap":{"docs":{"insertions":4,"deletions":5}}},{"hash":"ae728b391c3b95e019625c6210cfd2256076cf3b","isMergeCommit":false,"messageTitle":"update aboutus","messageBody":"","fileTypesAndContributionMap":{"docs":{"insertions":1,"deletions":0}}},{"hash":"2428337c1444b61fc3b8dd8b5c028c0c196e9c6e","isMergeCommit":false,"messageTitle":"update changes","messageBody":"","fileTypesAndContributionMap":{"docs":{"insertions":1,"deletions":1}}},{"hash":"a78fb2584e6fff7b4e551a6a94657ebc26608e1e","isMergeCommit":true,"messageTitle":"Merge pull request #21 from eltry42/eldridge-aboutus","messageBody":"Add Eldridge aboutus and update image","fileTypesAndContributionMap":{}}]}]},"authorFileTypeContributionMap":{"darisusu":{"docs":3,"functional-code":0,"test-code":0},"adibice1":{"docs":3,"functional-code":0,"test-code":0},"ArunV2048":{"docs":3,"functional-code":0,"test-code":0},"harun-abdullah":{"docs":3,"functional-code":0,"test-code":0},"eltry42":{"docs":4,"functional-code":0,"test-code":0}},"authorContributionVariance":{"darisusu":4.888889,"adibice1":4.888889,"ArunV2048":4.888889,"harun-abdullah":2.75,"eltry42":11.0},"authorDisplayNameMap":{"darisusu":"CS2103T-F09-4 DARI..YANG","adibice1":"CS2103T-F09-4 MUHA..FFIN","ArunV2048":"CS2103T-F09-4 VELL..PPAN","harun-abdullah":"CS2103T-F09-4 HARU..UFRI","eltry42":"CS2103T-F09-4 ELDR..E NG"}}
