[{"path":"README.md","fileType":"docs","lines":[{"lineNumber":1,"author":{"gitId":"tofuuu67"},"content":"[![codecov](https://codecov.io/gh/AY2526S1-CS2103T-F14b-2/tp/graph/badge.svg?token\u003dUKI5OP3P0D)](https://codecov.io/gh/AY2526S1-CS2103T-F14b-2/tp)","lastModifiedDate":"2025-09-19T21:12:08","isFullCredit":false},{"lineNumber":2,"author":{"gitId":"-"},"content":"","lastModifiedDate":"2020-05-23T01:10:16","isFullCredit":false},{"lineNumber":3,"author":{"gitId":"-"},"content":"![Ui](docs/images/Ui.png)","lastModifiedDate":"2020-05-23T01:10:16","isFullCredit":false},{"lineNumber":4,"author":{"gitId":"-"},"content":"","lastModifiedDate":"2020-05-23T01:10:16","isFullCredit":false},{"lineNumber":5,"author":{"gitId":"-"},"content":"* This is **a sample project for Software Engineering (SE) students**.\u003cbr\u003e","lastModifiedDate":"2020-05-23T01:10:16","isFullCredit":false},{"lineNumber":6,"author":{"gitId":"-"},"content":"  Example usages:","lastModifiedDate":"2020-05-23T01:10:16","isFullCredit":false},{"lineNumber":7,"author":{"gitId":"-"},"content":"  * as a starting point of a course project (as opposed to writing everything from scratch)","lastModifiedDate":"2020-05-23T01:10:16","isFullCredit":false},{"lineNumber":8,"author":{"gitId":"-"},"content":"  * as a case study","lastModifiedDate":"2020-05-23T01:10:16","isFullCredit":false},{"lineNumber":9,"author":{"gitId":"-"},"content":"* The project simulates an ongoing software project for a desktop application (called _AddressBook_) used for managing contact details.","lastModifiedDate":"2020-05-23T01:10:16","isFullCredit":false},{"lineNumber":10,"author":{"gitId":"-"},"content":"  * It is **written in OOP fashion**. It provides a **reasonably well-written** code base **bigger** (around 6 KLoC) than what students usually write in beginner-level SE modules, without being overwhelmingly big.","lastModifiedDate":"2020-05-23T01:10:16","isFullCredit":false},{"lineNumber":11,"author":{"gitId":"-"},"content":"  * It comes with a **reasonable level of user and developer documentation**.","lastModifiedDate":"2020-05-23T01:10:16","isFullCredit":false},{"lineNumber":12,"author":{"gitId":"-"},"content":"* It is named `AddressBook Level 3` (`AB3` for short) because it was initially created as a part of a series of `AddressBook` projects (`Level 1`, `Level 2`, `Level 3` ...).","lastModifiedDate":"2020-05-23T01:10:16","isFullCredit":false},{"lineNumber":13,"author":{"gitId":"-"},"content":"* For the detailed documentation of this project, see the **[Address Book Product Website](https://se-education.org/addressbook-level3)**.","lastModifiedDate":"2020-05-23T01:10:16","isFullCredit":false},{"lineNumber":14,"author":{"gitId":"-"},"content":"* This project is a **part of the se-education.org** initiative. If you would like to contribute code to this project, see [se-education.org](https://se-education.org/#contributing-to-se-edu) for more info.","lastModifiedDate":"2024-08-08T15:28:12","isFullCredit":false},{"lineNumber":15,"author":{"gitId":"-"},"content":"","lastModifiedDate":"2025-09-17T20:28:12","isFullCredit":false},{"lineNumber":16,"author":{"gitId":"-"},"content":"# Project setup","lastModifiedDate":"2025-09-17T20:28:12","isFullCredit":false}],"authorContributionMap":{"tofuuu67":1,"-":15}},{"path":"docs/AboutUs.md","fileType":"docs","lines":[{"lineNumber":1,"author":{"gitId":"-"},"content":"---","lastModifiedDate":"2020-05-23T01:10:16","isFullCredit":false},{"lineNumber":2,"author":{"gitId":"-"},"content":"layout: page","lastModifiedDate":"2020-05-23T01:10:16","isFullCredit":false},{"lineNumber":3,"author":{"gitId":"-"},"content":"title: About Us","lastModifiedDate":"2020-05-23T01:10:16","isFullCredit":false},{"lineNumber":4,"author":{"gitId":"-"},"content":"---","lastModifiedDate":"2020-05-23T01:10:16","isFullCredit":false},{"lineNumber":5,"author":{"gitId":"-"},"content":"","lastModifiedDate":"2020-05-23T01:10:16","isFullCredit":false},{"lineNumber":6,"author":{"gitId":"-"},"content":"We are a team based in the [School of Computing, National University of Singapore](https://www.comp.nus.edu.sg).","lastModifiedDate":"2024-07-20T12:38:40","isFullCredit":false},{"lineNumber":7,"author":{"gitId":"-"},"content":"","lastModifiedDate":"2020-05-23T01:10:16","isFullCredit":false},{"lineNumber":8,"author":{"gitId":"-"},"content":"You can reach us at the email `seer[at]comp.nus.edu.sg`","lastModifiedDate":"2020-06-17T23:33:00","isFullCredit":false},{"lineNumber":9,"author":{"gitId":"-"},"content":"","lastModifiedDate":"2020-06-17T23:33:00","isFullCredit":false},{"lineNumber":10,"author":{"gitId":"-"},"content":"## Project team","lastModifiedDate":"2020-06-07T16:51:22","isFullCredit":false},{"lineNumber":11,"author":{"gitId":"-"},"content":"","lastModifiedDate":"2020-05-23T01:10:16","isFullCredit":false},{"lineNumber":12,"author":{"gitId":"pekyiheng"},"content":"### Chen Kaiwen","lastModifiedDate":"2025-10-01T14:19:36","isFullCredit":false},{"lineNumber":13,"author":{"gitId":"-"},"content":"","lastModifiedDate":"2025-10-01T14:19:36","isFullCredit":false},{"lineNumber":14,"author":{"gitId":"pekyiheng"},"content":"\u003cimg src\u003d\"images/ckwflash.png\" width\u003d\"200px\"\u003e","lastModifiedDate":"2025-10-01T14:19:36","isFullCredit":false},{"lineNumber":15,"author":{"gitId":"-"},"content":"","lastModifiedDate":"2025-10-01T14:19:36","isFullCredit":false},{"lineNumber":16,"author":{"gitId":"pekyiheng"},"content":"[[github](http://github.com/ckwflash)]","lastModifiedDate":"2025-10-01T14:19:36","isFullCredit":false},{"lineNumber":17,"author":{"gitId":"-"},"content":"[[portfolio](team/johndoe.md)]","lastModifiedDate":"2025-10-01T14:19:36","isFullCredit":false},{"lineNumber":18,"author":{"gitId":"-"},"content":"","lastModifiedDate":"2025-10-01T14:19:36","isFullCredit":false},{"lineNumber":19,"author":{"gitId":"pekyiheng"},"content":"* Role: Team Lead","lastModifiedDate":"2025-10-01T14:19:36","isFullCredit":false},{"lineNumber":20,"author":{"gitId":"pekyiheng"},"content":"* Oversees coordiation, schedule tasks and monitor team progress","lastModifiedDate":"2025-10-01T14:19:36","isFullCredit":false},{"lineNumber":21,"author":{"gitId":"pekyiheng"},"content":"","lastModifiedDate":"2025-10-01T14:19:36","isFullCredit":false},{"lineNumber":22,"author":{"gitId":"-"},"content":"","lastModifiedDate":"2025-10-01T14:19:36","isFullCredit":false},{"lineNumber":23,"author":{"gitId":"pekyiheng"},"content":"### Pek Yiheng","lastModifiedDate":"2025-09-30T17:35:58","isFullCredit":false},{"lineNumber":24,"author":{"gitId":"-"},"content":"","lastModifiedDate":"2020-05-23T01:10:16","isFullCredit":false},{"lineNumber":25,"author":{"gitId":"pekyiheng"},"content":"\u003cimg src\u003d\"images/pekyiheng.png\" width\u003d\"200px\"\u003e","lastModifiedDate":"2025-09-30T17:35:58","isFullCredit":false},{"lineNumber":26,"author":{"gitId":"-"},"content":"","lastModifiedDate":"2020-05-23T01:10:16","isFullCredit":false},{"lineNumber":27,"author":{"gitId":"pekyiheng"},"content":"[[github](https://github.com/pekyiheng)]","lastModifiedDate":"2025-09-30T17:35:58","isFullCredit":false},{"lineNumber":28,"author":{"gitId":"-"},"content":"[[portfolio](team/johndoe.md)]","lastModifiedDate":"2020-05-23T01:10:16","isFullCredit":false},{"lineNumber":29,"author":{"gitId":"-"},"content":"","lastModifiedDate":"2020-05-23T01:10:16","isFullCredit":false},{"lineNumber":30,"author":{"gitId":"pekyiheng"},"content":"* Role: Developer","lastModifiedDate":"2025-09-30T17:35:58","isFullCredit":false},{"lineNumber":31,"author":{"gitId":"pekyiheng"},"content":"* Responsibility: Documentation","lastModifiedDate":"2025-09-30T17:35:58","isFullCredit":false},{"lineNumber":32,"author":{"gitId":"-"},"content":"","lastModifiedDate":"2020-05-23T01:10:16","isFullCredit":false},{"lineNumber":33,"author":{"gitId":"-"},"content":"","lastModifiedDate":"2020-05-23T01:10:16","isFullCredit":false},{"lineNumber":34,"author":{"gitId":"fatbolster"},"content":"### Chua Kai Jie, Emerson","lastModifiedDate":"2025-09-30T23:52:53","isFullCredit":false},{"lineNumber":35,"author":{"gitId":"-"},"content":"","lastModifiedDate":"2020-05-23T01:10:16","isFullCredit":false},{"lineNumber":36,"author":{"gitId":"fatbolster"},"content":"\u003cimg src\u003d\"images/fatbolster.png\" width\u003d\"200px\"\u003e","lastModifiedDate":"2025-09-30T23:52:53","isFullCredit":false},{"lineNumber":37,"author":{"gitId":"-"},"content":"","lastModifiedDate":"2020-05-23T01:10:16","isFullCredit":false},{"lineNumber":38,"author":{"gitId":"fatbolster"},"content":"[[github](https://github.com/fatbolster)]","lastModifiedDate":"2025-09-30T23:52:53","isFullCredit":false},{"lineNumber":39,"author":{"gitId":"-"},"content":"[[portfolio](team/johndoe.md)]","lastModifiedDate":"2020-05-23T01:10:16","isFullCredit":false},{"lineNumber":40,"author":{"gitId":"-"},"content":"","lastModifiedDate":"2020-05-23T01:10:16","isFullCredit":false},{"lineNumber":41,"author":{"gitId":"fatbolster"},"content":"* Role: Testing Lead","lastModifiedDate":"2025-09-30T23:52:53","isFullCredit":false},{"lineNumber":42,"author":{"gitId":"fatbolster"},"content":"* Responsibilities:","lastModifiedDate":"2025-09-30T23:52:53","isFullCredit":false},{"lineNumber":43,"author":{"gitId":"fatbolster"},"content":"    * Define and maintain project\u0027s testing strategy (unit, integration and system)","lastModifiedDate":"2025-09-30T23:52:53","isFullCredit":false},{"lineNumber":44,"author":{"gitId":"fatbolster"},"content":"    * In charge of approving testing-related pull requests","lastModifiedDate":"2025-09-30T23:52:53","isFullCredit":false},{"lineNumber":45,"author":{"gitId":"fatbolster"},"content":"    * Come up with test cases and ensure new versions pass them before release","lastModifiedDate":"2025-09-30T23:52:53","isFullCredit":false},{"lineNumber":46,"author":{"gitId":"-"},"content":"","lastModifiedDate":"2020-05-23T01:10:16","isFullCredit":false},{"lineNumber":47,"author":{"gitId":"-"},"content":"","lastModifiedDate":"2020-05-23T01:10:16","isFullCredit":false},{"lineNumber":48,"author":{"gitId":"tofuuu67"},"content":"### Or Fu Xiang","lastModifiedDate":"2025-09-29T22:19:12","isFullCredit":false},{"lineNumber":49,"author":{"gitId":"-"},"content":"","lastModifiedDate":"2020-05-23T01:10:16","isFullCredit":false},{"lineNumber":50,"author":{"gitId":"tofuuu67"},"content":"\u003cimg src\u003d\"images/tofuuu67.png\" width\u003d\"200px\"\u003e","lastModifiedDate":"2025-09-29T22:19:12","isFullCredit":false},{"lineNumber":51,"author":{"gitId":"-"},"content":"","lastModifiedDate":"2020-05-23T01:10:16","isFullCredit":false},{"lineNumber":52,"author":{"gitId":"-"},"content":"[[homepage](http://www.comp.nus.edu.sg/~damithch)]","lastModifiedDate":"2020-05-23T01:10:16","isFullCredit":false},{"lineNumber":53,"author":{"gitId":"tofuuu67"},"content":"[[github](https://github.com/tofuuu67)]","lastModifiedDate":"2025-09-29T22:19:12","isFullCredit":false},{"lineNumber":54,"author":{"gitId":"-"},"content":"[[portfolio](team/johndoe.md)]","lastModifiedDate":"2020-05-23T01:10:16","isFullCredit":false},{"lineNumber":55,"author":{"gitId":"-"},"content":"","lastModifiedDate":"2020-05-23T01:10:16","isFullCredit":false},{"lineNumber":56,"author":{"gitId":"-"},"content":"* Role: Developer","lastModifiedDate":"2020-05-23T01:10:16","isFullCredit":false},{"lineNumber":57,"author":{"gitId":"-"},"content":"* Responsibilities: UI","lastModifiedDate":"2020-05-23T01:10:16","isFullCredit":false},{"lineNumber":58,"author":{"gitId":"-"},"content":"","lastModifiedDate":"2020-05-23T01:10:16","isFullCredit":false},{"lineNumber":59,"author":{"gitId":"-"},"content":"","lastModifiedDate":"2020-05-23T01:10:16","isFullCredit":false},{"lineNumber":60,"author":{"gitId":"haojun-mah"},"content":"### Hao Jun Mah","lastModifiedDate":"2025-09-30T00:10:19","isFullCredit":false},{"lineNumber":61,"author":{"gitId":"-"},"content":"","lastModifiedDate":"2020-05-23T01:10:16","isFullCredit":false},{"lineNumber":62,"author":{"gitId":"haojun-mah"},"content":"\u003cimg src\u003d\"images/haojun-mah.png\" width\u003d\"200px\"\u003e","lastModifiedDate":"2025-09-30T00:10:19","isFullCredit":false},{"lineNumber":63,"author":{"gitId":"-"},"content":"","lastModifiedDate":"2020-05-23T01:10:16","isFullCredit":false},{"lineNumber":64,"author":{"gitId":"-"},"content":"[[homepage](http://www.comp.nus.edu.sg/~damithch)]","lastModifiedDate":"2020-05-23T01:10:16","isFullCredit":false},{"lineNumber":65,"author":{"gitId":"haojun-mah"},"content":"[[github](https://github.com/haojun-mah)]","lastModifiedDate":"2025-09-30T00:10:19","isFullCredit":false},{"lineNumber":66,"author":{"gitId":"-"},"content":"[[portfolio](team/johndoe.md)]","lastModifiedDate":"2020-05-23T01:10:16","isFullCredit":false},{"lineNumber":67,"author":{"gitId":"-"},"content":"","lastModifiedDate":"2020-05-23T01:10:16","isFullCredit":false},{"lineNumber":68,"author":{"gitId":"-"},"content":"* Role: Developer","lastModifiedDate":"2020-05-23T01:10:16","isFullCredit":false},{"lineNumber":69,"author":{"gitId":"haojun-mah"},"content":"* Responsibility: Code Quality \u0026 Integration","lastModifiedDate":"2025-09-30T00:10:19","isFullCredit":false}],"authorContributionMap":{"haojun-mah":4,"pekyiheng":11,"tofuuu67":3,"fatbolster":8,"-":43}},{"path":"docs/SettingUp.md","fileType":"docs","lines":[{"lineNumber":1,"author":{"gitId":"-"},"content":"---","lastModifiedDate":"2020-05-23T01:10:16","isFullCredit":false},{"lineNumber":2,"author":{"gitId":"-"},"content":"layout: page","lastModifiedDate":"2020-05-23T01:10:16","isFullCredit":false},{"lineNumber":3,"author":{"gitId":"-"},"content":"title: Setting up and getting started","lastModifiedDate":"2020-05-23T01:10:16","isFullCredit":false},{"lineNumber":4,"author":{"gitId":"-"},"content":"---","lastModifiedDate":"2020-05-23T01:10:16","isFullCredit":false},{"lineNumber":5,"author":{"gitId":"-"},"content":"","lastModifiedDate":"2020-05-23T01:10:16","isFullCredit":false},{"lineNumber":6,"author":{"gitId":"-"},"content":"* Table of Contents","lastModifiedDate":"2020-05-23T01:10:16","isFullCredit":false},{"lineNumber":7,"author":{"gitId":"-"},"content":"{:toc}","lastModifiedDate":"2020-05-23T01:10:16","isFullCredit":false},{"lineNumber":8,"author":{"gitId":"-"},"content":"","lastModifiedDate":"2020-05-23T01:10:16","isFullCredit":false},{"lineNumber":9,"author":{"gitId":"-"},"content":"","lastModifiedDate":"2020-05-23T01:10:16","isFullCredit":false},{"lineNumber":10,"author":{"gitId":"-"},"content":"--------------------------------------------------------------------------------------------------------------------","lastModifiedDate":"2020-05-23T01:10:16","isFullCredit":false},{"lineNumber":11,"author":{"gitId":"-"},"content":"","lastModifiedDate":"2020-05-23T01:10:16","isFullCredit":false},{"lineNumber":12,"author":{"gitId":"-"},"content":"## Setting up the project in your computer","lastModifiedDate":"2020-05-23T01:10:16","isFullCredit":false},{"lineNumber":13,"author":{"gitId":"-"},"content":"","lastModifiedDate":"2020-05-23T01:10:16","isFullCredit":false},{"lineNumber":14,"author":{"gitId":"-"},"content":"\u003cdiv markdown\u003d\"span\" class\u003d\"alert alert-warning\"\u003e:exclamation: **Caution:**","lastModifiedDate":"2020-06-07T16:10:58","isFullCredit":false},{"lineNumber":15,"author":{"gitId":"-"},"content":"","lastModifiedDate":"2020-05-23T01:10:16","isFullCredit":false},{"lineNumber":16,"author":{"gitId":"-"},"content":"Follow the steps in the following guide precisely. Things will not work out if you deviate in some steps.","lastModifiedDate":"2020-06-07T16:10:58","isFullCredit":false},{"lineNumber":17,"author":{"gitId":"-"},"content":"\u003c/div\u003e","lastModifiedDate":"2020-05-23T01:10:16","isFullCredit":false},{"lineNumber":18,"author":{"gitId":"-"},"content":"","lastModifiedDate":"2020-05-23T01:10:16","isFullCredit":false},{"lineNumber":19,"author":{"gitId":"-"},"content":"First, **fork** this repo, and **clone** the fork into your computer.","lastModifiedDate":"2020-06-07T16:10:58","isFullCredit":false},{"lineNumber":20,"author":{"gitId":"-"},"content":"","lastModifiedDate":"2020-06-07T16:10:58","isFullCredit":false},{"lineNumber":21,"author":{"gitId":"-"},"content":"If you plan to use Intellij IDEA (highly recommended):","lastModifiedDate":"2020-06-07T16:10:58","isFullCredit":false},{"lineNumber":22,"author":{"gitId":"-"},"content":"1. **Configure the JDK**: Follow the guide [_[se-edu/guides] IDEA: Configuring the JDK_](https://se-education.org/guides/tutorials/intellijJdk.html) to ensure Intellij is configured to use **JDK 17**.","lastModifiedDate":"2024-07-11T14:00:08","isFullCredit":false},{"lineNumber":23,"author":{"gitId":"-"},"content":"1. **Import the project as a Gradle project**: Follow the guide [_[se-edu/guides] IDEA: Importing a Gradle project_](https://se-education.org/guides/tutorials/intellijImportGradleProject.html) to import the project into IDEA.\u003cbr\u003e","lastModifiedDate":"2020-06-07T16:10:58","isFullCredit":false},{"lineNumber":24,"author":{"gitId":"-"},"content":"  :exclamation: Note: Importing a Gradle project is slightly different from importing a normal Java project.","lastModifiedDate":"2020-06-07T16:10:58","isFullCredit":false},{"lineNumber":25,"author":{"gitId":"-"},"content":"1. **Verify the setup**:","lastModifiedDate":"2020-06-07T16:10:58","isFullCredit":false},{"lineNumber":26,"author":{"gitId":"-"},"content":"   1. Run the `seedu.address.Main` and try a few commands.","lastModifiedDate":"2020-06-07T16:10:58","isFullCredit":false},{"lineNumber":27,"author":{"gitId":"-"},"content":"   1. [Run the tests](Testing.md) to ensure they all pass.","lastModifiedDate":"2020-06-07T16:10:58","isFullCredit":false},{"lineNumber":28,"author":{"gitId":"-"},"content":"","lastModifiedDate":"2020-06-07T16:10:58","isFullCredit":false},{"lineNumber":29,"author":{"gitId":"-"},"content":"--------------------------------------------------------------------------------------------------------------------","lastModifiedDate":"2020-05-23T01:10:16","isFullCredit":false},{"lineNumber":30,"author":{"gitId":"-"},"content":"","lastModifiedDate":"2020-05-23T01:10:16","isFullCredit":false},{"lineNumber":31,"author":{"gitId":"-"},"content":"## Before writing code","lastModifiedDate":"2020-05-23T01:10:16","isFullCredit":false},{"lineNumber":32,"author":{"gitId":"-"},"content":"","lastModifiedDate":"2020-05-23T01:10:16","isFullCredit":false},{"lineNumber":33,"author":{"gitId":"-"},"content":"1. **Configure the coding style**","lastModifiedDate":"2020-06-07T16:10:58","isFullCredit":false},{"lineNumber":34,"author":{"gitId":"-"},"content":"","lastModifiedDate":"2020-05-23T01:10:16","isFullCredit":false},{"lineNumber":35,"author":{"gitId":"-"},"content":"   If using IDEA, follow the guide [_[se-edu/guides] IDEA: Configuring the code style_](https://se-education.org/guides/tutorials/intellijCodeStyle.html) to set up IDEA\u0027s coding style to match ours.","lastModifiedDate":"2020-09-15T11:05:55","isFullCredit":false},{"lineNumber":36,"author":{"gitId":"-"},"content":"","lastModifiedDate":"2020-05-23T01:10:16","isFullCredit":false},{"lineNumber":37,"author":{"gitId":"-"},"content":"   \u003cdiv markdown\u003d\"span\" class\u003d\"alert alert-primary\"\u003e:bulb: **Tip:**","lastModifiedDate":"2020-05-23T01:10:16","isFullCredit":false},{"lineNumber":38,"author":{"gitId":"-"},"content":"","lastModifiedDate":"2020-05-23T01:10:16","isFullCredit":false},{"lineNumber":39,"author":{"gitId":"-"},"content":"   Optionally, you can follow the guide [_[se-edu/guides] Using Checkstyle_](https://se-education.org/guides/tutorials/checkstyle.html) to find how to use the CheckStyle within IDEA e.g., to report problems _as_ you write code.","lastModifiedDate":"2020-06-07T16:10:58","isFullCredit":false},{"lineNumber":40,"author":{"gitId":"-"},"content":"   \u003c/div\u003e","lastModifiedDate":"2020-05-23T01:10:16","isFullCredit":false},{"lineNumber":41,"author":{"gitId":"-"},"content":"","lastModifiedDate":"2020-05-23T01:10:16","isFullCredit":false},{"lineNumber":42,"author":{"gitId":"-"},"content":"1. **Set up CI**","lastModifiedDate":"2020-06-07T16:10:58","isFullCredit":false},{"lineNumber":43,"author":{"gitId":"-"},"content":"","lastModifiedDate":"2020-05-23T01:10:16","isFullCredit":false},{"lineNumber":44,"author":{"gitId":"-"},"content":"   This project comes with a GitHub Actions config files (in `.github/workflows` folder). When GitHub detects those files, it will run the CI for your project automatically at each push to the `master` branch or to any PR. No set up required.","lastModifiedDate":"2020-05-23T01:10:16","isFullCredit":false},{"lineNumber":45,"author":{"gitId":"-"},"content":"","lastModifiedDate":"2020-05-23T01:10:16","isFullCredit":false},{"lineNumber":46,"author":{"gitId":"-"},"content":"1. **Learn the design**","lastModifiedDate":"2020-06-07T16:10:58","isFullCredit":false},{"lineNumber":47,"author":{"gitId":"-"},"content":"","lastModifiedDate":"2020-05-23T01:10:16","isFullCredit":false},{"lineNumber":48,"author":{"gitId":"-"},"content":"   When you are ready to start coding, we recommend that you get some sense of the overall design by reading about [AddressBook’s architecture](DeveloperGuide.md#architecture).","lastModifiedDate":"2020-06-07T16:10:58","isFullCredit":false},{"lineNumber":49,"author":{"gitId":"-"},"content":"","lastModifiedDate":"2020-05-23T01:10:16","isFullCredit":false},{"lineNumber":50,"author":{"gitId":"-"},"content":"1. **Do the tutorials**","lastModifiedDate":"2020-06-07T16:10:58","isFullCredit":false},{"lineNumber":51,"author":{"gitId":"-"},"content":"   These tutorials will help you get acquainted with the codebase.","lastModifiedDate":"2020-05-23T01:10:16","isFullCredit":false},{"lineNumber":52,"author":{"gitId":"-"},"content":"","lastModifiedDate":"2020-05-23T01:10:16","isFullCredit":false},{"lineNumber":53,"author":{"gitId":"-"},"content":"   * [Tracing code](https://se-education.org/guides/tutorials/ab3TracingCode.html)","lastModifiedDate":"2025-02-06T20:42:15","isFullCredit":false},{"lineNumber":54,"author":{"gitId":"-"},"content":"   * [Adding a new command](https://se-education.org/guides/tutorials/ab3AddRemark.html)","lastModifiedDate":"2025-02-06T20:42:15","isFullCredit":false},{"lineNumber":55,"author":{"gitId":"-"},"content":"   * [Removing fields](https://se-education.org/guides/tutorials/ab3RemovingFields.html)","lastModifiedDate":"2025-02-06T20:42:15","isFullCredit":false},{"lineNumber":56,"author":{"gitId":"haojun-mah"},"content":"","lastModifiedDate":"2025-09-19T22:24:35","isFullCredit":false},{"lineNumber":57,"author":{"gitId":"haojun-mah"},"content":"--------------------------------------------------------------------------------------------------------------------","lastModifiedDate":"2025-09-19T22:24:35","isFullCredit":false},{"lineNumber":58,"author":{"gitId":"haojun-mah"},"content":"","lastModifiedDate":"2025-09-19T22:24:35","isFullCredit":false},{"lineNumber":59,"author":{"gitId":"haojun-mah"},"content":"## Setting up the Jekyll documentation website","lastModifiedDate":"2025-09-19T22:24:35","isFullCredit":false},{"lineNumber":60,"author":{"gitId":"haojun-mah"},"content":"","lastModifiedDate":"2025-09-19T22:24:35","isFullCredit":false},{"lineNumber":61,"author":{"gitId":"haojun-mah"},"content":"If you want to work on the project documentation website (this website), you\u0027ll need to set up Jekyll locally.","lastModifiedDate":"2025-09-19T22:24:35","isFullCredit":false},{"lineNumber":62,"author":{"gitId":"haojun-mah"},"content":"","lastModifiedDate":"2025-09-19T22:24:35","isFullCredit":false},{"lineNumber":63,"author":{"gitId":"haojun-mah"},"content":"### Prerequisites","lastModifiedDate":"2025-09-19T22:24:35","isFullCredit":false},{"lineNumber":64,"author":{"gitId":"haojun-mah"},"content":"","lastModifiedDate":"2025-09-19T22:24:35","isFullCredit":false},{"lineNumber":65,"author":{"gitId":"haojun-mah"},"content":"Before setting up Jekyll, ensure you have Ruby installed on your system:","lastModifiedDate":"2025-09-19T22:24:35","isFullCredit":false},{"lineNumber":66,"author":{"gitId":"haojun-mah"},"content":"","lastModifiedDate":"2025-09-19T22:24:35","isFullCredit":false},{"lineNumber":67,"author":{"gitId":"haojun-mah"},"content":"```bash","lastModifiedDate":"2025-09-19T22:24:35","isFullCredit":false},{"lineNumber":68,"author":{"gitId":"haojun-mah"},"content":"ruby --version","lastModifiedDate":"2025-09-19T22:24:35","isFullCredit":false},{"lineNumber":69,"author":{"gitId":"haojun-mah"},"content":"```","lastModifiedDate":"2025-09-19T22:24:35","isFullCredit":false},{"lineNumber":70,"author":{"gitId":"haojun-mah"},"content":"","lastModifiedDate":"2025-09-19T22:24:35","isFullCredit":false},{"lineNumber":71,"author":{"gitId":"haojun-mah"},"content":"If Ruby is not installed, install it using your system\u0027s package manager.","lastModifiedDate":"2025-09-19T22:24:35","isFullCredit":false},{"lineNumber":72,"author":{"gitId":"haojun-mah"},"content":"","lastModifiedDate":"2025-09-19T22:24:35","isFullCredit":false},{"lineNumber":73,"author":{"gitId":"haojun-mah"},"content":"### Installation Steps","lastModifiedDate":"2025-09-19T22:24:35","isFullCredit":false},{"lineNumber":74,"author":{"gitId":"haojun-mah"},"content":"","lastModifiedDate":"2025-09-19T22:24:35","isFullCredit":false},{"lineNumber":75,"author":{"gitId":"haojun-mah"},"content":"1. **Install Ruby development headers and build tools** (required for compiling native gems):","lastModifiedDate":"2025-09-19T22:24:35","isFullCredit":false},{"lineNumber":76,"author":{"gitId":"haojun-mah"},"content":"","lastModifiedDate":"2025-09-19T22:24:35","isFullCredit":false},{"lineNumber":77,"author":{"gitId":"haojun-mah"},"content":"   **On Ubuntu/Debian:**","lastModifiedDate":"2025-09-19T22:24:35","isFullCredit":false},{"lineNumber":78,"author":{"gitId":"haojun-mah"},"content":"   ```bash","lastModifiedDate":"2025-09-19T22:24:35","isFullCredit":false},{"lineNumber":79,"author":{"gitId":"haojun-mah"},"content":"   sudo apt update","lastModifiedDate":"2025-09-19T22:24:35","isFullCredit":false},{"lineNumber":80,"author":{"gitId":"haojun-mah"},"content":"   sudo apt install ruby-dev build-essential","lastModifiedDate":"2025-09-19T22:24:35","isFullCredit":false},{"lineNumber":81,"author":{"gitId":"haojun-mah"},"content":"   ```","lastModifiedDate":"2025-09-19T22:24:35","isFullCredit":false},{"lineNumber":82,"author":{"gitId":"haojun-mah"},"content":"","lastModifiedDate":"2025-09-19T22:24:35","isFullCredit":false},{"lineNumber":83,"author":{"gitId":"haojun-mah"},"content":"   **On macOS:**","lastModifiedDate":"2025-09-19T22:24:35","isFullCredit":false},{"lineNumber":84,"author":{"gitId":"haojun-mah"},"content":"   ```bash","lastModifiedDate":"2025-09-19T22:24:35","isFullCredit":false},{"lineNumber":85,"author":{"gitId":"haojun-mah"},"content":"   # If using Homebrew","lastModifiedDate":"2025-09-19T22:24:35","isFullCredit":false},{"lineNumber":86,"author":{"gitId":"haojun-mah"},"content":"   brew install ruby","lastModifiedDate":"2025-09-19T22:24:35","isFullCredit":false},{"lineNumber":87,"author":{"gitId":"haojun-mah"},"content":"   # Development tools should already be available via Xcode Command Line Tools","lastModifiedDate":"2025-09-19T22:24:35","isFullCredit":false},{"lineNumber":88,"author":{"gitId":"haojun-mah"},"content":"   ```","lastModifiedDate":"2025-09-19T22:24:35","isFullCredit":false},{"lineNumber":89,"author":{"gitId":"haojun-mah"},"content":"","lastModifiedDate":"2025-09-19T22:24:35","isFullCredit":false},{"lineNumber":90,"author":{"gitId":"haojun-mah"},"content":"   **On Windows:**","lastModifiedDate":"2025-09-19T22:24:35","isFullCredit":false},{"lineNumber":91,"author":{"gitId":"haojun-mah"},"content":"   Install Ruby through [RubyInstaller](https://rubyinstaller.org/) with the DevKit.","lastModifiedDate":"2025-09-19T22:24:35","isFullCredit":false},{"lineNumber":92,"author":{"gitId":"haojun-mah"},"content":"","lastModifiedDate":"2025-09-19T22:24:35","isFullCredit":false},{"lineNumber":93,"author":{"gitId":"haojun-mah"},"content":"2. **Navigate to the docs directory:**","lastModifiedDate":"2025-09-19T22:24:35","isFullCredit":false},{"lineNumber":94,"author":{"gitId":"haojun-mah"},"content":"   ```bash","lastModifiedDate":"2025-09-19T22:24:35","isFullCredit":false},{"lineNumber":95,"author":{"gitId":"haojun-mah"},"content":"   cd docs","lastModifiedDate":"2025-09-19T22:24:35","isFullCredit":false},{"lineNumber":96,"author":{"gitId":"haojun-mah"},"content":"   ```","lastModifiedDate":"2025-09-19T22:24:35","isFullCredit":false},{"lineNumber":97,"author":{"gitId":"haojun-mah"},"content":"","lastModifiedDate":"2025-09-19T22:24:35","isFullCredit":false},{"lineNumber":98,"author":{"gitId":"haojun-mah"},"content":"3. **Install Bundler** (if not already installed):","lastModifiedDate":"2025-09-19T22:24:35","isFullCredit":false},{"lineNumber":99,"author":{"gitId":"haojun-mah"},"content":"   ```bash","lastModifiedDate":"2025-09-19T22:24:35","isFullCredit":false},{"lineNumber":100,"author":{"gitId":"haojun-mah"},"content":"   gem install bundler","lastModifiedDate":"2025-09-19T22:24:35","isFullCredit":false},{"lineNumber":101,"author":{"gitId":"haojun-mah"},"content":"   ```","lastModifiedDate":"2025-09-19T22:24:35","isFullCredit":false},{"lineNumber":102,"author":{"gitId":"haojun-mah"},"content":"","lastModifiedDate":"2025-09-19T22:24:35","isFullCredit":false},{"lineNumber":103,"author":{"gitId":"haojun-mah"},"content":"4. **Install Jekyll and dependencies:**","lastModifiedDate":"2025-09-19T22:24:35","isFullCredit":false},{"lineNumber":104,"author":{"gitId":"haojun-mah"},"content":"   ```bash","lastModifiedDate":"2025-09-19T22:24:35","isFullCredit":false},{"lineNumber":105,"author":{"gitId":"haojun-mah"},"content":"   bundle install","lastModifiedDate":"2025-09-19T22:24:35","isFullCredit":false},{"lineNumber":106,"author":{"gitId":"haojun-mah"},"content":"   ```","lastModifiedDate":"2025-09-19T22:24:35","isFullCredit":false},{"lineNumber":107,"author":{"gitId":"haojun-mah"},"content":"","lastModifiedDate":"2025-09-19T22:24:35","isFullCredit":false},{"lineNumber":108,"author":{"gitId":"haojun-mah"},"content":"   \u003cdiv markdown\u003d\"span\" class\u003d\"alert alert-info\"\u003e:information_source: **Note:**","lastModifiedDate":"2025-09-19T22:24:35","isFullCredit":false},{"lineNumber":109,"author":{"gitId":"haojun-mah"},"content":"   ","lastModifiedDate":"2025-09-19T22:24:35","isFullCredit":false},{"lineNumber":110,"author":{"gitId":"haojun-mah"},"content":"   If you encounter permission errors, you can install gems locally instead of system-wide:","lastModifiedDate":"2025-09-19T22:24:35","isFullCredit":false},{"lineNumber":111,"author":{"gitId":"haojun-mah"},"content":"   ```bash","lastModifiedDate":"2025-09-19T22:24:35","isFullCredit":false},{"lineNumber":112,"author":{"gitId":"haojun-mah"},"content":"   bundle install --path vendor/bundle","lastModifiedDate":"2025-09-19T22:24:35","isFullCredit":false},{"lineNumber":113,"author":{"gitId":"haojun-mah"},"content":"   ```","lastModifiedDate":"2025-09-19T22:24:35","isFullCredit":false},{"lineNumber":114,"author":{"gitId":"haojun-mah"},"content":"   \u003c/div\u003e","lastModifiedDate":"2025-09-19T22:24:35","isFullCredit":false},{"lineNumber":115,"author":{"gitId":"haojun-mah"},"content":"","lastModifiedDate":"2025-09-19T22:24:35","isFullCredit":false},{"lineNumber":116,"author":{"gitId":"haojun-mah"},"content":"### Running the Jekyll Site Locally","lastModifiedDate":"2025-09-19T22:24:35","isFullCredit":false},{"lineNumber":117,"author":{"gitId":"haojun-mah"},"content":"","lastModifiedDate":"2025-09-19T22:24:35","isFullCredit":false},{"lineNumber":118,"author":{"gitId":"haojun-mah"},"content":"1. **Start the Jekyll server:**","lastModifiedDate":"2025-09-19T22:24:35","isFullCredit":false},{"lineNumber":119,"author":{"gitId":"haojun-mah"},"content":"   ```bash","lastModifiedDate":"2025-09-19T22:24:35","isFullCredit":false},{"lineNumber":120,"author":{"gitId":"haojun-mah"},"content":"   bundle exec jekyll serve","lastModifiedDate":"2025-09-19T22:24:35","isFullCredit":false},{"lineNumber":121,"author":{"gitId":"haojun-mah"},"content":"   ```","lastModifiedDate":"2025-09-19T22:24:35","isFullCredit":false},{"lineNumber":122,"author":{"gitId":"haojun-mah"},"content":"","lastModifiedDate":"2025-09-19T22:24:35","isFullCredit":false},{"lineNumber":123,"author":{"gitId":"haojun-mah"},"content":"2. **Access the website:**","lastModifiedDate":"2025-09-19T22:24:35","isFullCredit":false},{"lineNumber":124,"author":{"gitId":"haojun-mah"},"content":"   Open your web browser and navigate to `http://localhost:4000` or `http://127.0.0.1:4000`","lastModifiedDate":"2025-09-19T22:24:35","isFullCredit":false},{"lineNumber":125,"author":{"gitId":"haojun-mah"},"content":"","lastModifiedDate":"2025-09-19T22:24:35","isFullCredit":false},{"lineNumber":126,"author":{"gitId":"haojun-mah"},"content":"3. **Live reloading:**","lastModifiedDate":"2025-09-19T22:24:35","isFullCredit":false},{"lineNumber":127,"author":{"gitId":"haojun-mah"},"content":"   The Jekyll server will automatically reload when you make changes to the documentation files.","lastModifiedDate":"2025-09-19T22:24:35","isFullCredit":false},{"lineNumber":128,"author":{"gitId":"haojun-mah"},"content":"","lastModifiedDate":"2025-09-19T22:24:35","isFullCredit":false},{"lineNumber":129,"author":{"gitId":"haojun-mah"},"content":"### Troubleshooting","lastModifiedDate":"2025-09-19T22:24:35","isFullCredit":false},{"lineNumber":130,"author":{"gitId":"haojun-mah"},"content":"","lastModifiedDate":"2025-09-19T22:24:35","isFullCredit":false},{"lineNumber":131,"author":{"gitId":"haojun-mah"},"content":"**Error: `mkmf.rb can\u0027t find header files for ruby`**","lastModifiedDate":"2025-09-19T22:24:35","isFullCredit":false},{"lineNumber":132,"author":{"gitId":"haojun-mah"},"content":"- This means you need to install Ruby development headers. Follow step 1 in the installation instructions above.","lastModifiedDate":"2025-09-19T22:24:35","isFullCredit":false},{"lineNumber":133,"author":{"gitId":"haojun-mah"},"content":"","lastModifiedDate":"2025-09-19T22:24:35","isFullCredit":false},{"lineNumber":134,"author":{"gitId":"haojun-mah"},"content":"**Error: `Permission denied` when installing gems**","lastModifiedDate":"2025-09-19T22:24:35","isFullCredit":false},{"lineNumber":135,"author":{"gitId":"haojun-mah"},"content":"- Use `bundle install --path vendor/bundle` to install gems locally instead of system-wide.","lastModifiedDate":"2025-09-19T22:24:35","isFullCredit":false},{"lineNumber":136,"author":{"gitId":"haojun-mah"},"content":"- Alternatively, use a Ruby version manager like `rbenv` or `rvm` to manage Ruby installations in your user directory.","lastModifiedDate":"2025-09-19T22:24:35","isFullCredit":false}],"authorContributionMap":{"haojun-mah":81,"-":55}},{"path":"docs/_config.yml","fileType":"other","lines":[{"lineNumber":1,"author":{"gitId":"haojun-mah"},"content":"title: \"MediSaveContact\"","lastModifiedDate":"2025-10-01T17:26:31","isFullCredit":false},{"lineNumber":2,"author":{"gitId":"-"},"content":"theme: minima","lastModifiedDate":"2020-05-23T01:10:16","isFullCredit":false},{"lineNumber":3,"author":{"gitId":"-"},"content":"","lastModifiedDate":"2020-05-23T01:10:16","isFullCredit":false},{"lineNumber":4,"author":{"gitId":"-"},"content":"header_pages:","lastModifiedDate":"2020-05-23T01:10:16","isFullCredit":false},{"lineNumber":5,"author":{"gitId":"-"},"content":"  - UserGuide.md","lastModifiedDate":"2020-05-23T01:10:16","isFullCredit":false},{"lineNumber":6,"author":{"gitId":"-"},"content":"  - DeveloperGuide.md","lastModifiedDate":"2020-05-23T01:10:16","isFullCredit":false},{"lineNumber":7,"author":{"gitId":"-"},"content":"  - AboutUs.md","lastModifiedDate":"2020-05-23T01:10:16","isFullCredit":false},{"lineNumber":8,"author":{"gitId":"-"},"content":"","lastModifiedDate":"2020-05-23T01:10:16","isFullCredit":false},{"lineNumber":9,"author":{"gitId":"-"},"content":"markdown: kramdown","lastModifiedDate":"2020-05-23T01:10:16","isFullCredit":false},{"lineNumber":10,"author":{"gitId":"-"},"content":"","lastModifiedDate":"2020-05-23T01:10:16","isFullCredit":false},{"lineNumber":11,"author":{"gitId":"-"},"content":"repository: \"se-edu/addressbook-level3\"","lastModifiedDate":"2020-05-23T01:10:16","isFullCredit":false},{"lineNumber":12,"author":{"gitId":"-"},"content":"github_icon: \"images/github-icon.png\"","lastModifiedDate":"2020-08-01T00:36:14","isFullCredit":false},{"lineNumber":13,"author":{"gitId":"-"},"content":"","lastModifiedDate":"2020-05-23T01:10:16","isFullCredit":false},{"lineNumber":14,"author":{"gitId":"-"},"content":"plugins:","lastModifiedDate":"2020-05-23T01:10:16","isFullCredit":false},{"lineNumber":15,"author":{"gitId":"-"},"content":"  - jemoji","lastModifiedDate":"2020-05-23T01:10:16","isFullCredit":false}],"authorContributionMap":{"haojun-mah":1,"-":14}},{"path":"src/main/java/seedu/address/Main.java","fileType":"functional-code","lines":[{"lineNumber":1,"author":{"gitId":"-"},"content":"package seedu.address;","lastModifiedDate":"2019-02-08T22:31:56","isFullCredit":false},{"lineNumber":2,"author":{"gitId":"-"},"content":"","lastModifiedDate":"2019-02-08T22:31:56","isFullCredit":false},{"lineNumber":3,"author":{"gitId":"-"},"content":"import java.util.logging.Logger;","lastModifiedDate":"2023-07-27T07:45:49","isFullCredit":false},{"lineNumber":4,"author":{"gitId":"-"},"content":"","lastModifiedDate":"2023-07-27T07:45:49","isFullCredit":false},{"lineNumber":5,"author":{"gitId":"-"},"content":"import javafx.application.Application;","lastModifiedDate":"2019-02-08T22:31:56","isFullCredit":false},{"lineNumber":6,"author":{"gitId":"-"},"content":"import seedu.address.commons.core.LogsCenter;","lastModifiedDate":"2023-07-27T07:45:49","isFullCredit":false},{"lineNumber":7,"author":{"gitId":"-"},"content":"","lastModifiedDate":"2019-02-08T22:31:56","isFullCredit":false},{"lineNumber":8,"author":{"gitId":"tofuuu67"},"content":"// testing","lastModifiedDate":"2025-09-19T20:46:34","isFullCredit":false},{"lineNumber":9,"author":{"gitId":"-"},"content":"/**","lastModifiedDate":"2019-02-08T22:31:56","isFullCredit":false},{"lineNumber":10,"author":{"gitId":"-"},"content":" * The main entry point to the application.","lastModifiedDate":"2019-02-08T22:31:56","isFullCredit":false},{"lineNumber":11,"author":{"gitId":"-"},"content":" *","lastModifiedDate":"2019-02-08T22:31:56","isFullCredit":false},{"lineNumber":12,"author":{"gitId":"-"},"content":" * This is a workaround for the following error when MainApp is made the","lastModifiedDate":"2019-02-08T22:31:56","isFullCredit":false},{"lineNumber":13,"author":{"gitId":"-"},"content":" * entry point of the application:","lastModifiedDate":"2019-02-08T22:31:56","isFullCredit":false},{"lineNumber":14,"author":{"gitId":"-"},"content":" *","lastModifiedDate":"2019-02-08T22:31:56","isFullCredit":false},{"lineNumber":15,"author":{"gitId":"-"},"content":" *     Error: JavaFX runtime components are missing, and are required to run this application","lastModifiedDate":"2019-02-08T22:31:56","isFullCredit":false},{"lineNumber":16,"author":{"gitId":"-"},"content":" *","lastModifiedDate":"2019-02-08T22:31:56","isFullCredit":false},{"lineNumber":17,"author":{"gitId":"-"},"content":" * The reason is that MainApp extends Application. In that case, the","lastModifiedDate":"2019-02-08T22:31:56","isFullCredit":false},{"lineNumber":18,"author":{"gitId":"-"},"content":" * LauncherHelper will check for the javafx.graphics module to be present","lastModifiedDate":"2019-02-08T22:31:56","isFullCredit":false},{"lineNumber":19,"author":{"gitId":"-"},"content":" * as a named module. We don\u0027t use JavaFX via the module system so it can\u0027t","lastModifiedDate":"2019-02-08T22:31:56","isFullCredit":false},{"lineNumber":20,"author":{"gitId":"-"},"content":" * find the javafx.graphics module, and so the launch is aborted.","lastModifiedDate":"2019-02-08T22:31:56","isFullCredit":false},{"lineNumber":21,"author":{"gitId":"-"},"content":" *","lastModifiedDate":"2019-02-08T22:31:56","isFullCredit":false},{"lineNumber":22,"author":{"gitId":"-"},"content":" * By having a separate main class (Main) that doesn\u0027t extend Application","lastModifiedDate":"2019-02-08T22:31:56","isFullCredit":false},{"lineNumber":23,"author":{"gitId":"-"},"content":" * to be the entry point of the application, we avoid this issue.","lastModifiedDate":"2019-02-08T22:31:56","isFullCredit":false},{"lineNumber":24,"author":{"gitId":"-"},"content":" */","lastModifiedDate":"2019-02-08T22:31:56","isFullCredit":false},{"lineNumber":25,"author":{"gitId":"-"},"content":"public class Main {","lastModifiedDate":"2019-02-08T22:31:56","isFullCredit":false},{"lineNumber":26,"author":{"gitId":"-"},"content":"    private static Logger logger \u003d LogsCenter.getLogger(Main.class);","lastModifiedDate":"2023-07-27T07:45:49","isFullCredit":false},{"lineNumber":27,"author":{"gitId":"-"},"content":"","lastModifiedDate":"2023-07-27T07:45:49","isFullCredit":false},{"lineNumber":28,"author":{"gitId":"-"},"content":"    public static void main(String[] args) {","lastModifiedDate":"2019-02-08T22:31:56","isFullCredit":false},{"lineNumber":29,"author":{"gitId":"-"},"content":"","lastModifiedDate":"2023-07-27T07:45:49","isFullCredit":false},{"lineNumber":30,"author":{"gitId":"-"},"content":"        // As per https://github.com/openjdk/jfx/blob/master/doc-files/release-notes-16.md","lastModifiedDate":"2023-07-27T07:45:49","isFullCredit":false},{"lineNumber":31,"author":{"gitId":"-"},"content":"        // JavaFX 16 (or later) runtime logs a warning at startup if JavaFX classes are loaded from","lastModifiedDate":"2023-07-27T07:45:49","isFullCredit":false},{"lineNumber":32,"author":{"gitId":"-"},"content":"        // the classpath instead of a module.","lastModifiedDate":"2023-07-27T07:45:49","isFullCredit":false},{"lineNumber":33,"author":{"gitId":"-"},"content":"        // Our application does not use Java modules yet. Even if it did, modules are ignored when","lastModifiedDate":"2023-07-27T07:45:49","isFullCredit":false},{"lineNumber":34,"author":{"gitId":"-"},"content":"        // packed into a FAT Jar file (as we do), which means this warning will persist even then.","lastModifiedDate":"2023-07-27T07:45:49","isFullCredit":false},{"lineNumber":35,"author":{"gitId":"-"},"content":"        // The warning however, can be safely ignored. Thus, the following log informs","lastModifiedDate":"2023-07-27T07:45:49","isFullCredit":false},{"lineNumber":36,"author":{"gitId":"-"},"content":"        // the user (if looking at the log output) that the said warning appearing in the log","lastModifiedDate":"2023-07-27T07:45:49","isFullCredit":false},{"lineNumber":37,"author":{"gitId":"-"},"content":"        // can be ignored.","lastModifiedDate":"2023-07-27T07:45:49","isFullCredit":false},{"lineNumber":38,"author":{"gitId":"-"},"content":"","lastModifiedDate":"2023-07-27T07:45:49","isFullCredit":false},{"lineNumber":39,"author":{"gitId":"-"},"content":"        logger.warning(\"The warning about Unsupported JavaFX configuration below (if any) can be ignored.\");","lastModifiedDate":"2024-08-08T19:18:40","isFullCredit":false},{"lineNumber":40,"author":{"gitId":"-"},"content":"        Application.launch(MainApp.class, args);","lastModifiedDate":"2019-02-08T22:31:56","isFullCredit":false},{"lineNumber":41,"author":{"gitId":"-"},"content":"    }","lastModifiedDate":"2019-02-08T22:31:56","isFullCredit":false},{"lineNumber":42,"author":{"gitId":"-"},"content":"}","lastModifiedDate":"2019-02-08T22:31:56","isFullCredit":false}],"authorContributionMap":{"tofuuu67":1,"-":41}}]
