{"authorDailyContributionsMap":{"keitht8y":[{"date":"2025-09-29T00:00:00","commitResults":[{"hash":"203345cb904fca5b9072b3c8b20ee243f09a4bb4","isMergeCommit":false,"messageTitle":"Update AboutUs.md","messageBody":"","fileTypesAndContributionMap":{"docs":{"insertions":4,"deletions":5}}},{"hash":"fe8e5da3490187d758439e27364c87e3c3b7a382","isMergeCommit":false,"messageTitle":"Add responsibilities","messageBody":"","fileTypesAndContributionMap":{"docs":{"insertions":2,"deletions":1}}},{"hash":"11f3aca1959085bcbf17253c5127c38db1481121","isMergeCommit":true,"messageTitle":"Merge pull request #21 from sjinho/update-aboutus-sjinho","messageBody":"Update AboutUs.md with Jinho\u0027s info","fileTypesAndContributionMap":{}},{"hash":"19145dd268690f5ec5fab3fc0b3ce8a795aceb45","isMergeCommit":true,"messageTitle":"Merge pull request #25 from its-me-orion/fix-aboutus","messageBody":"Fix AboutUs.md typo","fileTypesAndContributionMap":{}}]},{"date":"2025-09-30T00:00:00","commitResults":[{"hash":"4dd7ca10b1a5bc9f3cb62a826a6254d23b4ab164","isMergeCommit":false,"messageTitle":"Update Java CI badge and UI.png","messageBody":"","fileTypesAndContributionMap":{"docs":{"insertions":1,"deletions":1}}},{"hash":"8d602649910f9766d40a0e9d3aab95fe729888dd","isMergeCommit":true,"messageTitle":"Merge branch \u0027master\u0027 into update-readme","messageBody":"","fileTypesAndContributionMap":{}},{"hash":"e3949ffd2076a2e759e848f7855d2cd1d456e79c","isMergeCommit":false,"messageTitle":"Add acknowledgement of original source code","messageBody":"","fileTypesAndContributionMap":{"docs":{"insertions":4,"deletions":2}}},{"hash":"34ea4d0114df9c983d02b1d99719b81e806a24e4","isMergeCommit":false,"messageTitle":"Add blank line to README.md for EOF","messageBody":"","fileTypesAndContributionMap":{"docs":{"insertions":1,"deletions":1}}}]},{"date":"2025-10-01T00:00:00","commitResults":[{"hash":"178fbc5c8ba0864655ff6fcd8e4ba46a7c1a9568","isMergeCommit":true,"messageTitle":"Merge pull request #38 from its-me-orion/dg/user-stories","messageBody":"Update the DG: User Stories","fileTypesAndContributionMap":{}}]},{"date":"2025-10-06T00:00:00","commitResults":[{"hash":"530c4f0379062b6dc1264c23ace43d1dc3bb9d8f","isMergeCommit":false,"messageTitle":"Rename packages and associated parts","messageBody":"","fileTypesAndContributionMap":{"functional-code":{"insertions":477,"deletions":477},"other":{"insertions":1044,"deletions":1058},"docs":{"insertions":35,"deletions":35},"test-code":{"insertions":1063,"deletions":1068}}},{"hash":"931da018e34af958ab17905c0d440d2e41c3faf2","isMergeCommit":false,"messageTitle":"Fix checkstyle","messageBody":"","fileTypesAndContributionMap":{"functional-code":{"insertions":27,"deletions":14}}},{"hash":"30ec90b39e40b5d8acdb28899c511e824db6871a","isMergeCommit":false,"messageTitle":"Update checkstyle again","messageBody":"","fileTypesAndContributionMap":{"functional-code":{"insertions":2,"deletions":1},"test-code":{"insertions":62,"deletions":30}}}]},{"date":"2025-10-08T00:00:00","commitResults":[{"hash":"e00a4165e7506e396a3be4183cefd11348fb1525","isMergeCommit":true,"messageTitle":"Merge pull request #52 from not-a-scam/delete/command","messageBody":"Modify delete command","fileTypesAndContributionMap":{}},{"hash":"2e8d12f529e443ee4240ecde129cb71fcb6a9b76","isMergeCommit":true,"messageTitle":"Merge pull request #57 from its-me-orion/parser/argument-position-mapper","messageBody":"Add parser support for whitespace separated command formats","fileTypesAndContributionMap":{}}]},{"date":"2025-10-09T00:00:00","commitResults":[{"hash":"c809aec54f18aa0e51d7278d452c21514f5260e6","isMergeCommit":false,"messageTitle":"Add Rate command initial support","messageBody":"","fileTypesAndContributionMap":{"functional-code":{"insertions":298,"deletions":35},"docs":{"insertions":11,"deletions":11},"test-code":{"insertions":171,"deletions":13}}},{"hash":"3e443d59a00ca3833ef2b6f4f4c843f5c8ddfcd7","isMergeCommit":false,"messageTitle":"Update Rate","messageBody":"","fileTypesAndContributionMap":{"functional-code":{"insertions":5,"deletions":3},"test-code":{"insertions":106,"deletions":105}}},{"hash":"1136ebd24393812191eb57b8063eb5720ea42634","isMergeCommit":true,"messageTitle":"Merge from Upstream master","messageBody":"","fileTypesAndContributionMap":{}},{"hash":"018ca984fd900a35fa7696e2d4b627b44246af81","isMergeCommit":false,"messageTitle":"Update Rate command and tests","messageBody":"","fileTypesAndContributionMap":{"functional-code":{"insertions":39,"deletions":17},"test-code":{"insertions":43,"deletions":110}}},{"hash":"a0a03bafd53c6476e7af7982cdbd6eb811df1513","isMergeCommit":false,"messageTitle":"Fix Checkstyle","messageBody":"","fileTypesAndContributionMap":{"functional-code":{"insertions":37,"deletions":14},"test-code":{"insertions":13,"deletions":10}}},{"hash":"44c1cf3060d3a557b8ccd39041e76e416dbff6e3","isMergeCommit":false,"messageTitle":"Add Rate command tests to expand Codecov","messageBody":"","fileTypesAndContributionMap":{"functional-code":{"insertions":4,"deletions":5},"test-code":{"insertions":41,"deletions":2}}},{"hash":"4733dd15a65d6c9cd9b24af525692d435f05ab1f","isMergeCommit":false,"messageTitle":"Remove unused imports in RateCommandTest","messageBody":"","fileTypesAndContributionMap":{"test-code":{"insertions":0,"deletions":9}}},{"hash":"dc5c8a71b72ecdecaec6fbde5c3049290f2b8bdf","isMergeCommit":false,"messageTitle":"Update Rate command test cases in ParserUtilTest.java","messageBody":"","fileTypesAndContributionMap":{"functional-code":{"insertions":1,"deletions":1},"test-code":{"insertions":5,"deletions":4}}},{"hash":"11f369ea0eafd86de738da105d26d62a103743c1","isMergeCommit":false,"messageTitle":"Add more tests for Rate for Codecov","messageBody":"","fileTypesAndContributionMap":{"functional-code":{"insertions":12,"deletions":14},"test-code":{"insertions":162,"deletions":2}}},{"hash":"bb857ac0b783c5982ca69f82f417175fa2d7bf3b","isMergeCommit":true,"messageTitle":"Merge from Upstream master","messageBody":"","fileTypesAndContributionMap":{}},{"hash":"e9838940072e66046c8c67da52bc242060e12c78","isMergeCommit":true,"messageTitle":"Merge from Upstream master with minor edits to DG and Rate tests","messageBody":"","fileTypesAndContributionMap":{}}]},{"date":"2025-10-14T00:00:00","commitResults":[{"hash":"2185219bce096ca28e081ed889f465f1640895f1","isMergeCommit":true,"messageTitle":"Merge pull request #75 from not-a-scam/bugs/ui","messageBody":"Update UI to use BiteBuddy, and adding Logger and test stubs.","fileTypesAndContributionMap":{}}]}],"its-me-orion":[{"date":"2025-09-29T00:00:00","commitResults":[{"hash":"810b7c2c420f8cae1626c84a59250c4fe5b77d1a","isMergeCommit":false,"messageTitle":"Add Orion info to AboutUs.md","messageBody":"","fileTypesAndContributionMap":{"docs":{"insertions":5,"deletions":5}}},{"hash":"2dedcd15b9357658931d566fb95de9ed08ff42d6","isMergeCommit":true,"messageTitle":"Merge pull request #23 from lkxben/about-us-benjamin","messageBody":"Update About Us with Benjamin\u0027s info","fileTypesAndContributionMap":{}},{"hash":"5d269b563066cae47336e9ba8f564b6e0f3ef40a","isMergeCommit":false,"messageTitle":"Fix AboutUs.md typo","messageBody":"","fileTypesAndContributionMap":{"docs":{"insertions":0,"deletions":1}}}]},{"date":"2025-09-30T00:00:00","commitResults":[{"hash":"73523439433414e5ff54907f1d7aa14b0515abfe","isMergeCommit":true,"messageTitle":"Merge pull request #35 from not-a-scam/readme/content","messageBody":"Update README.md","fileTypesAndContributionMap":{}}]},{"date":"2025-10-01T00:00:00","commitResults":[{"hash":"1587d0dd1cff007ee8cc783eedc511c4e9a6f82c","isMergeCommit":true,"messageTitle":"Merge pull request #37 from lkxben/dg-nfr","messageBody":"Update the DG: NFRs","fileTypesAndContributionMap":{}},{"hash":"dfb5dd25b69bd478426160e1f5900b9765f0e873","isMergeCommit":false,"messageTitle":"Update target user profile with persona","messageBody":"","fileTypesAndContributionMap":{"docs":{"insertions":8,"deletions":2}}},{"hash":"9f531ca3fd9ac544401e2f49b39055570273e0e9","isMergeCommit":false,"messageTitle":"Update value proposition","messageBody":"","fileTypesAndContributionMap":{"docs":{"insertions":6,"deletions":2}}},{"hash":"93dd67366ea3be8a9d42f2cd5028ca6b64011b0d","isMergeCommit":false,"messageTitle":"Update user stories","messageBody":"","fileTypesAndContributionMap":{"docs":{"insertions":38,"deletions":9}}},{"hash":"996e9de2403039c1824abe4572655ebf767e9f7a","isMergeCommit":false,"messageTitle":"Fix grammar issues in DeveloperGuide.md","messageBody":"","fileTypesAndContributionMap":{"docs":{"insertions":8,"deletions":8}}}]},{"date":"2025-10-08T00:00:00","commitResults":[{"hash":"da7390ff86d4976cd6c21a90524a1fe0febc001b","isMergeCommit":false,"messageTitle":"Add parser support for whitespace separated command formats","messageBody":"Commands like add uses prefix and is supported with argumentmultimapp\nand argumenttokenizer to parse arguments for commands with prefixes.\n\nAdd new argument parser for new commands to be implemented that uses\na different (non-prefixed, whitespace separated) format.\n\nAdhere to DRY principle when implementing these new commands.\n\nLet\u0027s,\n* Add parser support to interpret these new command format\n* Add test cases to ensure parser works as intended\n","fileTypesAndContributionMap":{"functional-code":{"insertions":76,"deletions":0},"test-code":{"insertions":83,"deletions":0}}},{"hash":"de00c5682b8a39fe8096aaf7c09985182eb96926","isMergeCommit":false,"messageTitle":"Add more test case to improve conditional coverage","messageBody":"","fileTypesAndContributionMap":{"test-code":{"insertions":21,"deletions":0}}},{"hash":"3984e96f461dee6e6e8aab5d78183577ea6c04e1","isMergeCommit":true,"messageTitle":"Merge pull request #53 from not-a-scam/testing/typical","messageBody":"Update test cases to use food places","fileTypesAndContributionMap":{}},{"hash":"06a97b0476a12cf4c9af196ce9c9c656d18985d9","isMergeCommit":false,"messageTitle":"Add note command","messageBody":"","fileTypesAndContributionMap":{"functional-code":{"insertions":217,"deletions":11},"test-code":{"insertions":248,"deletions":12}}}]},{"date":"2025-10-09T00:00:00","commitResults":[{"hash":"e5920ae776f93b769bb840fac764abbc7e171d3b","isMergeCommit":false,"messageTitle":"Improve code test coverage for note command","messageBody":"","fileTypesAndContributionMap":{"functional-code":{"insertions":1,"deletions":1},"test-code":{"insertions":27,"deletions":0}}},{"hash":"f489be1a94c8e8b5e9ad4b4617c707e09e173226","isMergeCommit":false,"messageTitle":"Fix typo for comments","messageBody":"","fileTypesAndContributionMap":{"test-code":{"insertions":3,"deletions":3}}},{"hash":"728db0f28bbce8f89fc94ef05e8d0169d1ff9303","isMergeCommit":true,"messageTitle":"Fix merge conflict for duplicateFoodplace","messageBody":"","fileTypesAndContributionMap":{}},{"hash":"985b2509ddff9de1ce63b986e546a9afd1fdef60","isMergeCommit":false,"messageTitle":"Fix changes from feedback","messageBody":"","fileTypesAndContributionMap":{"functional-code":{"insertions":14,"deletions":4},"test-code":{"insertions":33,"deletions":3}}}]}],"not-a-scam":[{"date":"2025-09-29T00:00:00","commitResults":[{"hash":"b153856f6f7aa44e42923c6bcad71b7585f3fbe5","isMergeCommit":false,"messageTitle":"AboutUs.md: Add Zechariah\u0027s information","messageBody":"","fileTypesAndContributionMap":{"docs":{"insertions":5,"deletions":5}}},{"hash":"83735146f55eebce088822fe43ede230e9af12ab","isMergeCommit":true,"messageTitle":"Merge pull request #19 from keitht8y/update-aboutus","messageBody":"Update AboutUs.md with Keith\u0027s info","fileTypesAndContributionMap":{}},{"hash":"df374247412470dcab3ae75de966efabea5dc215","isMergeCommit":true,"messageTitle":"Resolve merge conflict","messageBody":"","fileTypesAndContributionMap":{}}]},{"date":"2025-09-30T00:00:00","commitResults":[{"hash":"82d67fe9d3d470d8482441443350d0110fb41d36","isMergeCommit":false,"messageTitle":"Update README.md content","messageBody":"","fileTypesAndContributionMap":{"docs":{"insertions":14,"deletions":10}}},{"hash":"17b67599692990a215f2851e7790d0b7ff6fc486","isMergeCommit":false,"messageTitle":"README.md: Add newline","messageBody":"","fileTypesAndContributionMap":{"docs":{"insertions":1,"deletions":1}}},{"hash":"94250aef95cf93b48a13c302b3d00d124cd2a33c","isMergeCommit":false,"messageTitle":"Fix product website url","messageBody":"","fileTypesAndContributionMap":{"docs":{"insertions":1,"deletions":1}}},{"hash":"b68138708af062a8802063a04752af54ea837082","isMergeCommit":false,"messageTitle":"Fix whitespaces","messageBody":"","fileTypesAndContributionMap":{"docs":{"insertions":0,"deletions":3}}},{"hash":"9571a911a54225e7fbb8734cfe5353d77ade3eb4","isMergeCommit":true,"messageTitle":"Merge pull request #36 from keitht8y/update-readme","messageBody":"Update README.md to include UI mockup, build status badge and acknowledgement","fileTypesAndContributionMap":{}}]},{"date":"2025-10-01T00:00:00","commitResults":[{"hash":"b5e58d28543ce856783de9c889db6f275f6ab0a2","isMergeCommit":false,"messageTitle":"Update Glossary","messageBody":"","fileTypesAndContributionMap":{"docs":{"insertions":4,"deletions":1}}},{"hash":"b39f046c5d1aef2c05ea1ac3f3a92d2f163587b0","isMergeCommit":true,"messageTitle":"Merge branch \u0027master\u0027 into dg/glossary","messageBody":"","fileTypesAndContributionMap":{}},{"hash":"a8a8b44d0f8549173e8d3f20c0f6b68419b91e53","isMergeCommit":false,"messageTitle":"Add terms to glossary","messageBody":"","fileTypesAndContributionMap":{"docs":{"insertions":4,"deletions":1}}},{"hash":"9e6215ca9f17e1faf424a13563158439d8c6757f","isMergeCommit":true,"messageTitle":"Merge pull request #39 from lkxben/fix-nfrs","messageBody":"Fix NFRs","fileTypesAndContributionMap":{}},{"hash":"6371671f14226f6dde3ddbb3659c091fe1a0c218","isMergeCommit":true,"messageTitle":"Merge remote-tracking branch \u0027upstream/master\u0027 into dg/glossary","messageBody":"","fileTypesAndContributionMap":{}},{"hash":"a9dce30bbb46ea4a7feff270dadc09997d956390","isMergeCommit":false,"messageTitle":"Fix grammar","messageBody":"","fileTypesAndContributionMap":{"docs":{"insertions":2,"deletions":2}}}]},{"date":"2025-10-08T00:00:00","commitResults":[{"hash":"c0a4ec0f4c81d78a145c052bf8ac7f61e4d84e7f","isMergeCommit":false,"messageTitle":"Add Comments","messageBody":"","fileTypesAndContributionMap":{"functional-code":{"insertions":4,"deletions":0}}},{"hash":"09afa81c6347ab5a80f4430d084e9ea633b4216b","isMergeCommit":false,"messageTitle":"Add Override annotation","messageBody":"","fileTypesAndContributionMap":{"functional-code":{"insertions":1,"deletions":0}}},{"hash":"5b17d7dc828e6c6a89ea82e34f9dc74ee1882a3e","isMergeCommit":false,"messageTitle":"Change access modifiers","messageBody":"","fileTypesAndContributionMap":{"test-code":{"insertions":1,"deletions":1}}},{"hash":"45674798a431c79002ab2de5d8717d8c918ff00f","isMergeCommit":false,"messageTitle":"Update CommandTestUtil","messageBody":"","fileTypesAndContributionMap":{"test-code":{"insertions":229,"deletions":224}}},{"hash":"1ef0421d48e0e49aaf1f8195c888bf82da075c2e","isMergeCommit":false,"messageTitle":"Update typical food places","messageBody":"","fileTypesAndContributionMap":{"test-code":{"insertions":149,"deletions":149}}},{"hash":"6458ed1cd749faa00586664d6c81962539d2f00b","isMergeCommit":false,"messageTitle":"Fix typo","messageBody":"","fileTypesAndContributionMap":{"test-code":{"insertions":1,"deletions":1}}},{"hash":"0dd2091acfdfbf3e6577af43816c408a6904000c","isMergeCommit":false,"messageTitle":"Update shop names","messageBody":"","fileTypesAndContributionMap":{"test-code":{"insertions":103,"deletions":102}}}]},{"date":"2025-10-09T00:00:00","commitResults":[{"hash":"73f76a608b9bb7666315ea03da7a89fdae71f72f","isMergeCommit":true,"messageTitle":"Merge pull request #54 from lkxben/command-add","messageBody":"Modify add command","fileTypesAndContributionMap":{}},{"hash":"dea708d51e05f460149cf2c199e06f63d624df0d","isMergeCommit":true,"messageTitle":"Merge pull request #64 from sjinho/modify-tag-command","messageBody":"Modify tag command","fileTypesAndContributionMap":{}}]},{"date":"2025-10-13T00:00:00","commitResults":[{"hash":"1332bb3bee9d590e94a2d930cc2b90667d87658b","isMergeCommit":false,"messageTitle":"Update MainApp.java","messageBody":"","fileTypesAndContributionMap":{"functional-code":{"insertions":5,"deletions":5}}},{"hash":"d0e430d4d54c008f8e6fb1b6a319d08bf0bb24bc","isMergeCommit":false,"messageTitle":"Update app icon","messageBody":"","fileTypesAndContributionMap":{"functional-code":{"insertions":1,"deletions":1}}},{"hash":"8c7d2bcd26a7318ef18825f3015574ebf2421686","isMergeCommit":false,"messageTitle":"Update window title","messageBody":"","fileTypesAndContributionMap":{"functional-code":{"insertions":2,"deletions":2}}},{"hash":"fbe6517cb30c13c3e32e23a29cb498b9bc498d30","isMergeCommit":false,"messageTitle":"Add tests for MainApp","messageBody":"","fileTypesAndContributionMap":{"test-code":{"insertions":302,"deletions":0}}},{"hash":"d758fff5b5c56347b8d5b43d9317112a4110a292","isMergeCommit":false,"messageTitle":"fix style","messageBody":"","fileTypesAndContributionMap":{"test-code":{"insertions":51,"deletions":6}}}]}],"lkxben":[{"date":"2025-09-29T00:00:00","commitResults":[{"hash":"61d2fc4ed7cff7ed7e099062cf98dce81235f2ff","isMergeCommit":false,"messageTitle":"Update About Us Benjamin","messageBody":"","fileTypesAndContributionMap":{"docs":{"insertions":4,"deletions":4}}},{"hash":"aeba44f25b17d76244f0ca605fab0d58234f08b0","isMergeCommit":true,"messageTitle":"Merge pull request #20 from not-a-scam/aboutme/zech","messageBody":"Update AboutUs.md with Zechariah\u0027s Info","fileTypesAndContributionMap":{}}]},{"date":"2025-10-01T00:00:00","commitResults":[{"hash":"bc8e11b0dbe08abd1f50f1d787c0cb8738a2f597","isMergeCommit":false,"messageTitle":"Add NFRs","messageBody":"","fileTypesAndContributionMap":{"docs":{"insertions":7,"deletions":2}}},{"hash":"385768670d26b17b1f246327c04ab266283f800a","isMergeCommit":false,"messageTitle":"Fixed NFRs","messageBody":"","fileTypesAndContributionMap":{"docs":{"insertions":1,"deletions":1}}}]},{"date":"2025-10-02T00:00:00","commitResults":[{"hash":"6dfdaa25aa5a1482c8fbcce23808c196dec96c21","isMergeCommit":true,"messageTitle":"Merge pull request #42 from sjinho/update-dg-usecase","messageBody":"Update the DG: Use Cases","fileTypesAndContributionMap":{}}]},{"date":"2025-10-08T00:00:00","commitResults":[{"hash":"0c45354c979061d8ca65129de37b37f4d55de369","isMergeCommit":false,"messageTitle":"Change duplication checking","messageBody":"","fileTypesAndContributionMap":{"functional-code":{"insertions":7,"deletions":4}}},{"hash":"abcaa246cd60a1d371cd9010e4a64c8f22d64738","isMergeCommit":false,"messageTitle":"Fix test cases","messageBody":"- To match the new\nduplicate logic\n","fileTypesAndContributionMap":{"test-code":{"insertions":6,"deletions":7}}},{"hash":"a68667bdfba2614722476c91b98ef3a37dff5a15","isMergeCommit":false,"messageTitle":"Fix styling issues","messageBody":"","fileTypesAndContributionMap":{"test-code":{"insertions":0,"deletions":1}}},{"hash":"0287f83c946bcff663955ac7226b57dc49e77acb","isMergeCommit":false,"messageTitle":"Add foodplace test cases","messageBody":"","fileTypesAndContributionMap":{"functional-code":{"insertions":1,"deletions":1},"test-code":{"insertions":15,"deletions":3}}}]},{"date":"2025-10-09T00:00:00","commitResults":[{"hash":"d4cb0b67867ddccfcb5d61b9e5690ab3ec6276e7","isMergeCommit":true,"messageTitle":"Resolve merge conflicts","messageBody":"","fileTypesAndContributionMap":{}},{"hash":"1a44515784b454fb68a624fd036a359446bd0f97","isMergeCommit":false,"messageTitle":"Fix issues from PR review","messageBody":"","fileTypesAndContributionMap":{"test-code":{"insertions":1,"deletions":5}}},{"hash":"c9ef4b49ad74610701aed1ceee9a7aa9dbcef968","isMergeCommit":true,"messageTitle":"Merge pull request #62 from keitht8y/add-rating","messageBody":"Add Rate command","fileTypesAndContributionMap":{}}]}],"sjinho":[{"date":"2025-09-29T00:00:00","commitResults":[{"hash":"ec6d0509db035338a95fb5a0681ad53bb152ce37","isMergeCommit":false,"messageTitle":"Update AboutUs Page","messageBody":"","fileTypesAndContributionMap":{"docs":{"insertions":5,"deletions":5}}},{"hash":"26f4576349b27631c6b3761364579e78399adfd0","isMergeCommit":true,"messageTitle":"Merge pull request #22 from its-me-orion/add-aboutme-orion","messageBody":"Update AboutUs.md with Orion\u0027s info","fileTypesAndContributionMap":{}},{"hash":"de3ec2ffee5aa734f5c74c343b30c83cdafaff64","isMergeCommit":true,"messageTitle":"Resolve Merge Conflicts","messageBody":"","fileTypesAndContributionMap":{}}]},{"date":"2025-10-01T00:00:00","commitResults":[{"hash":"486c3e659c8c9286fdf916820f9d5eea0a3733c6","isMergeCommit":true,"messageTitle":"Merge pull request #40 from not-a-scam/dg/glossary","messageBody":"Update the DG: Glossary","fileTypesAndContributionMap":{}}]},{"date":"2025-10-02T00:00:00","commitResults":[{"hash":"0a2f41681df6010242e1905afc8cec1f7ea67337","isMergeCommit":false,"messageTitle":"Update Developer Guide Use Case","messageBody":"","fileTypesAndContributionMap":{"docs":{"insertions":121,"deletions":12}}},{"hash":"f47d345fd0ad201671ddf6bd54a32a8c7f139d9f","isMergeCommit":true,"messageTitle":"Merge branch \u0027master\u0027 into update-dg-usecase","messageBody":"","fileTypesAndContributionMap":{}},{"hash":"14b1bfe26ae46d64fcce58eacd32256a20d3a968","isMergeCommit":false,"messageTitle":"Update minor issues in DG: Use Cases","messageBody":"","fileTypesAndContributionMap":{"docs":{"insertions":4,"deletions":0}}},{"hash":"67141230fe9a1c4ad0d16c7c4a08c1baf7988d30","isMergeCommit":false,"messageTitle":"Update minor issues in DG: Use Cases","messageBody":"","fileTypesAndContributionMap":{"docs":{"insertions":10,"deletions":0}}},{"hash":"9ebc1c4bc34692f2f1a3fbb400967b7ee98da42d","isMergeCommit":false,"messageTitle":"Update minor issues in DG: Use Cases","messageBody":"","fileTypesAndContributionMap":{"docs":{"insertions":11,"deletions":9}}},{"hash":"311f789b9668470f231c0647999fa5a235e36b03","isMergeCommit":false,"messageTitle":"Update minor issues in DG: Use Cases","messageBody":"","fileTypesAndContributionMap":{"docs":{"insertions":22,"deletions":28}}},{"hash":"fb859e03e4c35f00bdfa88d5f17b9f6bf90aeb00","isMergeCommit":false,"messageTitle":"Update minor issues based on PR review","messageBody":"","fileTypesAndContributionMap":{"docs":{"insertions":22,"deletions":24}}}]},{"date":"2025-10-06T00:00:00","commitResults":[{"hash":"5fb9813d2162aa1af0a87f6b3e8517a9f7472efb","isMergeCommit":true,"messageTitle":"Merge pull request #45 from keitht8y/rename_packages","messageBody":"Rename packages and associated parts","fileTypesAndContributionMap":{}}]},{"date":"2025-10-09T00:00:00","commitResults":[{"hash":"c36cc2b23d80f737b77318877e837e26484f276c","isMergeCommit":true,"messageTitle":"Merge pull request #58 from its-me-orion/command/note","messageBody":"Add note command","fileTypesAndContributionMap":{}},{"hash":"0d975040a506bb6593194c54b5df3740f27f5038","isMergeCommit":false,"messageTitle":"Add tag command","messageBody":"","fileTypesAndContributionMap":{"functional-code":{"insertions":157,"deletions":0}}},{"hash":"aeac35818787a7260f623641efd40e290d428c42","isMergeCommit":true,"messageTitle":"Merge master into modify-tag-command","messageBody":"","fileTypesAndContributionMap":{}},{"hash":"3e228dc4ea59b66da6daff963b3ad0120f316c6e","isMergeCommit":false,"messageTitle":"Fix minor issues","messageBody":"","fileTypesAndContributionMap":{"functional-code":{"insertions":5,"deletions":6}}},{"hash":"2334f847fc9c66134a17a78d15aae4c6eed76694","isMergeCommit":false,"messageTitle":"Fix minor issues","messageBody":"","fileTypesAndContributionMap":{"functional-code":{"insertions":4,"deletions":4}}},{"hash":"b496c67893314184a68a4362bcda561076a262f8","isMergeCommit":false,"messageTitle":"Update javadoc","messageBody":"","fileTypesAndContributionMap":{"functional-code":{"insertions":10,"deletions":2}}},{"hash":"06b2a79285397f9c0dbc1c5917e8d4cedb035126","isMergeCommit":false,"messageTitle":"Add test for AddTagCommand","messageBody":"","fileTypesAndContributionMap":{"functional-code":{"insertions":7,"deletions":5},"test-code":{"insertions":127,"deletions":0}}},{"hash":"de737c6a6189478a73b2e809d06417e4ef3e3127","isMergeCommit":false,"messageTitle":"Add test for TagCommandParser","messageBody":"","fileTypesAndContributionMap":{"functional-code":{"insertions":1,"deletions":7},"test-code":{"insertions":88,"deletions":0}}}]}]},"authorFileTypeContributionMap":{"keitht8y":{"docs":45,"functional-code":1327,"test-code":1653,"other":1},"its-me-orion":{"docs":53,"functional-code":287,"test-code":393},"not-a-scam":{"docs":26,"functional-code":13,"test-code":674},"lkxben":{"docs":8,"functional-code":7,"test-code":21},"sjinho":{"docs":124,"functional-code":159,"test-code":215}},"authorContributionVariance":{"keitht8y":1117179.6,"its-me-orion":16657.842,"not-a-scam":38394.613,"lkxben":79.1361,"sjinho":8829.486},"authorDisplayNameMap":{"keitht8y":"CS2103T-W14-2 TAY ..EITH","its-me-orion":"CS2103T-W14-2 ORIO.. LEE","not-a-scam":"CS2103T-W14-2 ZECH.. WEN","lkxben":"CS2103T-W14-2 BENJ.. XIN","sjinho":"CS2103T-W14-2 SON ..INHO"}}
