{"authorDailyContributionsMap":{"sngdarren":[{"date":"2025-09-30T00:00:00","commitResults":[{"hash":"ac04a6eb0515b48d5ed09638bc7dbc346c3a11a1","isMergeCommit":false,"messageTitle":"Update AboutUs","messageBody":"","fileTypesAndContributionMap":{"docs":{"insertions":51,"deletions":5}}},{"hash":"a2205840abebdacf1e8c4603a9989dcec3d9c810","isMergeCommit":false,"messageTitle":"Update AboutUs","messageBody":"","fileTypesAndContributionMap":{"docs":{"insertions":51,"deletions":5}}}]},{"date":"2025-10-03T00:00:00","commitResults":[{"hash":"9e858908ab3b50d8220a71fbbcc7544221037380","isMergeCommit":true,"messageTitle":"Merge pull request #33 from timxthytia/branch_update_dg","messageBody":"w7 tp 3 Update the DG: user stories, glossary, NFRs, use cases #32","fileTypesAndContributionMap":{}},{"hash":"f6f823a7d0558f3ceca21d38ac57d054bcc556f3","isMergeCommit":false,"messageTitle":"Update Week7 DG","messageBody":"","fileTypesAndContributionMap":{"docs":{"insertions":222,"deletions":39}}},{"hash":"95e49a74bdb30956bf20b0b7ff4c9b218fea4f13","isMergeCommit":false,"messageTitle":"Update indentation","messageBody":"","fileTypesAndContributionMap":{"docs":{"insertions":46,"deletions":46}}}]},{"date":"2025-10-04T00:00:00","commitResults":[{"hash":"fa1a1cc87b2b72734ca486e625194dbc69b104f6","isMergeCommit":true,"messageTitle":"Merge pull request #39 from hninsatphyusin/Hnin-ProjectSiteWideSettings","messageBody":"Replace AB-3 or AddressBook-3 to TutorTrack","fileTypesAndContributionMap":{}}]},{"date":"2025-10-09T00:00:00","commitResults":[{"hash":"cfea36061320f56bb771774114d51169ce6e7a1f","isMergeCommit":false,"messageTitle":"Add skeleton code","messageBody":"","fileTypesAndContributionMap":{"functional-code":{"insertions":50,"deletions":0}}},{"hash":"ad4549ffb213211f4a47ad7663aaaf2b0e225d25","isMergeCommit":false,"messageTitle":"Fix checkstyle issue","messageBody":"","fileTypesAndContributionMap":{"other":{"insertions":30,"deletions":7}}}]},{"date":"2025-10-16T00:00:00","commitResults":[{"hash":"68b4f0aea945a70b5a853206b92e4a3d34a0af29","isMergeCommit":true,"messageTitle":"Merge pull request #59 from llamawithhats/branch-deladd-addlvl","messageBody":"Replace address with level #54","fileTypesAndContributionMap":{}},{"hash":"5d5840f109ae94a31b5fccb2b02ccb804a31a0d4","isMergeCommit":false,"messageTitle":"Add Assignment Class","messageBody":"","fileTypesAndContributionMap":{"functional-code":{"insertions":237,"deletions":53},"test-code":{"insertions":37,"deletions":10}}},{"hash":"3a77e5bb02b784d9a543cda721ba44a8d74b2241","isMergeCommit":false,"messageTitle":"Match stylechecks","messageBody":"","fileTypesAndContributionMap":{"functional-code":{"insertions":22,"deletions":6}}},{"hash":"378c0ca7910ed68d75a1d9b91961b7715fa68968","isMergeCommit":false,"messageTitle":"Add checkstyle whitespace","messageBody":"","fileTypesAndContributionMap":{"test-code":{"insertions":3,"deletions":2}}},{"hash":"43bf4f0307938cf2dad9f7bdb6ba6777024d76e6","isMergeCommit":false,"messageTitle":"Add assign command","messageBody":"","fileTypesAndContributionMap":{"functional-code":{"insertions":318,"deletions":0}}},{"hash":"afc61d32584da844c8c3e3d3816039f047fcaca5","isMergeCommit":false,"messageTitle":"Correct checkstyle","messageBody":"","fileTypesAndContributionMap":{"functional-code":{"insertions":4,"deletions":4}}},{"hash":"44c79baffb46122ee03b97dde98af2678904c5f6","isMergeCommit":false,"messageTitle":"Add DeleteAssingmentCommdn","messageBody":"","fileTypesAndContributionMap":{"functional-code":{"insertions":307,"deletions":12}}},{"hash":"f142b7b7295c2f632d19286d8b0bcbd759c6b5a3","isMergeCommit":false,"messageTitle":"Update checkstyle","messageBody":"","fileTypesAndContributionMap":{"functional-code":{"insertions":11,"deletions":1}}}]},{"date":"2025-10-19T00:00:00","commitResults":[{"hash":"14a57170f0e66041643350e36d0bee635f194bbe","isMergeCommit":false,"messageTitle":"Update ClassGroup halfway","messageBody":"","fileTypesAndContributionMap":{"functional-code":{"insertions":97,"deletions":154},"test-code":{"insertions":27,"deletions":5}}}]},{"date":"2025-10-20T00:00:00","commitResults":[{"hash":"6b258f4b7ed69963bb112489aad16b34ddf97c6e","isMergeCommit":false,"messageTitle":"Add ClassGroup Class","messageBody":"","fileTypesAndContributionMap":{"functional-code":{"insertions":99,"deletions":35},"test-code":{"insertions":32,"deletions":24}}},{"hash":"748f3093d621213d8ec3bad1243f983ace5f79b6","isMergeCommit":false,"messageTitle":"Update Checkstyle","messageBody":"","fileTypesAndContributionMap":{"functional-code":{"insertions":3,"deletions":3}}},{"hash":"fbcf4088023421922d69dfe1170fbfdf3f3ea83d","isMergeCommit":false,"messageTitle":"Edit Checkstyle second","messageBody":"","fileTypesAndContributionMap":{"test-code":{"insertions":5,"deletions":4}}},{"hash":"1f650248b47c725cbd24aeb61ae225f98ab48911","isMergeCommit":false,"messageTitle":"Update Amy Test","messageBody":"","fileTypesAndContributionMap":{"test-code":{"insertions":4,"deletions":1}}},{"hash":"15a7f895651b2e953e880dac3d72bded4309db09","isMergeCommit":false,"messageTitle":"Update Amy","messageBody":"","fileTypesAndContributionMap":{"test-code":{"insertions":1,"deletions":4}}},{"hash":"c4837ba8dcdf1b39d021e5110a9c60549165ddf5","isMergeCommit":false,"messageTitle":"Update Amy","messageBody":"","fileTypesAndContributionMap":{"test-code":{"insertions":1,"deletions":2}}}]},{"date":"2025-10-21T00:00:00","commitResults":[{"hash":"58810da5d00981d3e6b088ad3cddd80a83a4dc23","isMergeCommit":false,"messageTitle":"Update ClassGroup","messageBody":"","fileTypesAndContributionMap":{"functional-code":{"insertions":3,"deletions":2},"test-code":{"insertions":2,"deletions":2}}},{"hash":"94bf880956abde52cd3bc7c6c0bf47c0ff35b2d1","isMergeCommit":true,"messageTitle":"Edit Merge Conflict","messageBody":"","fileTypesAndContributionMap":{}},{"hash":"0069c8ef53f03d9623988333c5464d5e6cf2b270","isMergeCommit":false,"messageTitle":"Fix Test Failure","messageBody":"","fileTypesAndContributionMap":{"test-code":{"insertions":13,"deletions":11}}},{"hash":"2f2ba77afb35b18b5e84b2cd9d434fb6f968475a","isMergeCommit":false,"messageTitle":"Fix Checkstyle","messageBody":"","fileTypesAndContributionMap":{"test-code":{"insertions":1,"deletions":1}}},{"hash":"81775f6f5da1d3dfeca837753db551363cf4ff9d","isMergeCommit":false,"messageTitle":"Fix Checkstyle","messageBody":"","fileTypesAndContributionMap":{"functional-code":{"insertions":2,"deletions":1}}},{"hash":"c13e638cec2004fea45cdac1869c445529f11362","isMergeCommit":false,"messageTitle":"Add Unit Test for AddClassCommand and DeleteClassCommand","messageBody":"","fileTypesAndContributionMap":{"test-code":{"insertions":482,"deletions":0}}},{"hash":"6bd35f58d1480fda01637ece53056d394ebc6d7c","isMergeCommit":false,"messageTitle":"Fix Checkstyle","messageBody":"","fileTypesAndContributionMap":{"test-code":{"insertions":2,"deletions":1}}}]},{"date":"2025-10-22T00:00:00","commitResults":[{"hash":"3f1a27ace70d70a49fd9c50e7f0fa7d38332d523","isMergeCommit":false,"messageTitle":"Update import checkstyle mismatch","messageBody":"","fileTypesAndContributionMap":{"functional-code":{"insertions":219,"deletions":2}}},{"hash":"cbc64321d10587e3b80df75bb66a5a779200d8ff","isMergeCommit":false,"messageTitle":"Remove unused imports","messageBody":"","fileTypesAndContributionMap":{"functional-code":{"insertions":0,"deletions":2}}},{"hash":"61c1da15c8e45942bde7d191365ca410f7911e24","isMergeCommit":false,"messageTitle":"Add Assign All Command Test","messageBody":"","fileTypesAndContributionMap":{"test-code":{"insertions":428,"deletions":0}}}]},{"date":"2025-10-23T00:00:00","commitResults":[{"hash":"a6539bd317fa675b8976395a9e1f0782d10769e0","isMergeCommit":false,"messageTitle":"Add Logging for AssignAllCommand","messageBody":"","fileTypesAndContributionMap":{"functional-code":{"insertions":26,"deletions":1}}}]},{"date":"2025-10-24T00:00:00","commitResults":[{"hash":"b7a4e9aec95787edf14c206c16694af9d926bfa3","isMergeCommit":true,"messageTitle":"Merge pull request #100 from llamawithhats/branch-dg","messageBody":"add assignment to model uml diagram","fileTypesAndContributionMap":{}}]},{"date":"2025-10-25T00:00:00","commitResults":[{"hash":"412dd3fdadf1237c0d799c319c261a68e1f52526","isMergeCommit":false,"messageTitle":"fix(Assignment): add ClassGroupName","messageBody":"This commit introduces a new ClassGroupName field to each Assignment Object.\nThis ensures that Assignments assigned from different classes that have the same name can be distinguished from one another.\nAnother feature of storing AssignmentNames and ClassGroupNames as lowercase characters only ensures consistency in duplicate checking.\n","fileTypesAndContributionMap":{"functional-code":{"insertions":345,"deletions":108},"test-code":{"insertions":419,"deletions":187}}},{"hash":"8b2edd5cedc7e70eebecdf9e15aa9925e7168f0d","isMergeCommit":false,"messageTitle":"Update for Checkstyle","messageBody":"","fileTypesAndContributionMap":{"functional-code":{"insertions":2,"deletions":1},"test-code":{"insertions":87,"deletions":51}}},{"hash":"75e5141e62113ea57c459110e062ee38d7824341","isMergeCommit":false,"messageTitle":"Remove trailing whitespaces","messageBody":"","fileTypesAndContributionMap":{"functional-code":{"insertions":16,"deletions":19}}},{"hash":"103b47f2c2e316ce93094d785a05c6502eacd4ae","isMergeCommit":true,"messageTitle":"Merge pull request #108 from ren0716/branch-updateUML","messageBody":"update uml from tag to class","fileTypesAndContributionMap":{}},{"hash":"a9d4659aa704f695339768dd42cece45d73a4c78","isMergeCommit":true,"messageTitle":"Merge pull request #103 from ren0716/branch-undo","messageBody":"add undo/redo commands","fileTypesAndContributionMap":{}},{"hash":"1c271b7bafda893373607041632924aaaf4ca761","isMergeCommit":false,"messageTitle":"Improve code coverage","messageBody":"","fileTypesAndContributionMap":{"test-code":{"insertions":349,"deletions":0}}},{"hash":"eb4610b7aa3bc54b7ab8b1b9ff3d4899d0cbe41a","isMergeCommit":true,"messageTitle":"Merge pull request #110 from hninsatphyusin/b-UMLDiag","messageBody":"B-UMLDiag","fileTypesAndContributionMap":{}},{"hash":"11d252077e66b2a90e7242998b718b578ba384cd","isMergeCommit":false,"messageTitle":"Update UML Diagram","messageBody":"","fileTypesAndContributionMap":{"docs":{"insertions":4,"deletions":1}}},{"hash":"60cfa9cf0cb6ac5070423467b63a787e2906635c","isMergeCommit":false,"messageTitle":"Update CheckStyle","messageBody":"","fileTypesAndContributionMap":{"docs":{"insertions":1,"deletions":1}}}]},{"date":"2025-10-26T00:00:00","commitResults":[{"hash":"c0768db281ecbe4073a7334f2bb85a5ce964b3aa","isMergeCommit":false,"messageTitle":"Fix minor mark/ unmark issue","messageBody":"","fileTypesAndContributionMap":{"functional-code":{"insertions":63,"deletions":42},"test-code":{"insertions":16,"deletions":12}}},{"hash":"c71f1c4f1c97b4ac8ebea91821bf9a9efc725957","isMergeCommit":false,"messageTitle":"Update checkstyle","messageBody":"","fileTypesAndContributionMap":{"test-code":{"insertions":10,"deletions":11}}},{"hash":"4eb974bdaad276f6fd2fcf278fac3f1cccea5a9f","isMergeCommit":false,"messageTitle":"Improve code coverage","messageBody":"","fileTypesAndContributionMap":{"test-code":{"insertions":516,"deletions":0}}},{"hash":"f4f41ad2c33e89983a9f96b7c4c7ec89f3b7775d","isMergeCommit":false,"messageTitle":"Refine code coverage","messageBody":"","fileTypesAndContributionMap":{"test-code":{"insertions":185,"deletions":0}}},{"hash":"5fc5bac3f48b8012d44a2030d514007a9fec4c2f","isMergeCommit":false,"messageTitle":"Update to pass codecov","messageBody":"","fileTypesAndContributionMap":{"test-code":{"insertions":107,"deletions":0}}},{"hash":"0c6330e6a2c0e833b060ee8127bc0fcc0583a12f","isMergeCommit":false,"messageTitle":"Abstract parser usage","messageBody":"","fileTypesAndContributionMap":{"functional-code":{"insertions":66,"deletions":118},"test-code":{"insertions":0,"deletions":107}}}]}],"ren0716":[{"date":"2025-09-29T00:00:00","commitResults":[{"hash":"243cca9d616da259dfba6b68a86fdaa67abe9c43","isMergeCommit":false,"messageTitle":"Update AboutUs","messageBody":"","fileTypesAndContributionMap":{"docs":{"insertions":51,"deletions":5}}}]},{"date":"2025-10-09T00:00:00","commitResults":[{"hash":"af9d1baa4dc79df42d0ef36ae678b3b158c65b4c","isMergeCommit":false,"messageTitle":"update ren0716.md","messageBody":"","fileTypesAndContributionMap":{"docs":{"insertions":0,"deletions":1}}},{"hash":"fd61d8940b5a01dc92782c72a8e3b2147721a023","isMergeCommit":true,"messageTitle":"Merge pull request #46 from ren0716/branch-updateMD","messageBody":"update ren0716.md","fileTypesAndContributionMap":{}}]},{"date":"2025-10-10T00:00:00","commitResults":[{"hash":"0f76d9bda99131438920b535526f9c12c50aaf0c","isMergeCommit":false,"messageTitle":"remove all instances of email","messageBody":"","fileTypesAndContributionMap":{"functional-code":{"insertions":0,"deletions":79},"test-code":{"insertions":0,"deletions":88}}},{"hash":"16a5f3c1089d084497129ee4dc8c9574dc053851","isMergeCommit":false,"messageTitle":"update person to exclude email","messageBody":"","fileTypesAndContributionMap":{"functional-code":{"insertions":20,"deletions":95},"test-code":{"insertions":23,"deletions":116}}},{"hash":"8dfc79922e8aa66b0419479b3a24a0b19fbe2362","isMergeCommit":false,"messageTitle":"update person to exclude email","messageBody":"","fileTypesAndContributionMap":{"docs":{"insertions":7,"deletions":11},"test-code":{"insertions":34,"deletions":91}}},{"hash":"a33b457f9dc0d27eef8afbaf9a862f3f52286d51","isMergeCommit":false,"messageTitle":"fix failed checkstyle","messageBody":"","fileTypesAndContributionMap":{"test-code":{"insertions":19,"deletions":1}}},{"hash":"e8eba53a0ee48d2c2cefd238da2f9567db792d1b","isMergeCommit":false,"messageTitle":"add test for hash value of person","messageBody":"","fileTypesAndContributionMap":{"test-code":{"insertions":18,"deletions":3}}},{"hash":"82c1bf51c5b6e7747d7ceb9aac646d393a459ece","isMergeCommit":false,"messageTitle":"fix failed checkstyle","messageBody":"","fileTypesAndContributionMap":{"test-code":{"insertions":4,"deletions":1}}},{"hash":"5b16eb3f77285d7b2907db0e9f66fda5aeac33f9","isMergeCommit":false,"messageTitle":"fix failed checkstyle again","messageBody":"","fileTypesAndContributionMap":{"test-code":{"insertions":2,"deletions":2}}}]},{"date":"2025-10-16T00:00:00","commitResults":[{"hash":"5cc9308470be95540eb0436113701df449144416","isMergeCommit":false,"messageTitle":"add classGroup placeholder","messageBody":"","fileTypesAndContributionMap":{"functional-code":{"insertions":84,"deletions":114},"test-code":{"insertions":119,"deletions":165}}},{"hash":"0c73a727e0ded1fcb9b04951cd4e0991639e9c70","isMergeCommit":false,"messageTitle":"fix checkstyle issues","messageBody":"","fileTypesAndContributionMap":{"functional-code":{"insertions":25,"deletions":14}}},{"hash":"1e232b5a25fcde566d0c6a6b34568a4322893541","isMergeCommit":false,"messageTitle":"fix checkstyle issues again","messageBody":"","fileTypesAndContributionMap":{"functional-code":{"insertions":9,"deletions":4}}},{"hash":"fe674c13f542b265d1c63d8ba4bfac2e1631d5d0","isMergeCommit":false,"messageTitle":"fix checkstyle issues again","messageBody":"","fileTypesAndContributionMap":{"functional-code":{"insertions":0,"deletions":1}}},{"hash":"82ef1e6f19e30d14ecf3096137cb681aae0a6cf9","isMergeCommit":false,"messageTitle":"rerun checkstyle","messageBody":"","fileTypesAndContributionMap":{"functional-code":{"insertions":1,"deletions":1}}},{"hash":"43b86d6f033902c5d23d67e75065e7e3828a62a9","isMergeCommit":false,"messageTitle":"fix failed cases","messageBody":"","fileTypesAndContributionMap":{"functional-code":{"insertions":2,"deletions":2},"test-code":{"insertions":6,"deletions":29}}},{"hash":"a1b39d1e5ce0e6b02edf91eb3f2d59d275ac2ad4","isMergeCommit":false,"messageTitle":"fix checkstyle","messageBody":"","fileTypesAndContributionMap":{"test-code":{"insertions":0,"deletions":2}}},{"hash":"708affccd1566a3f8565253ba688bf6341814808","isMergeCommit":false,"messageTitle":"fix checkstyle","messageBody":"","fileTypesAndContributionMap":{"test-code":{"insertions":0,"deletions":4}}},{"hash":"b6ae98e9acfd6e3ce4f053bf21726ecd90a7031e","isMergeCommit":true,"messageTitle":"Merge pull request #64 from sngdarren/branch-ClassGroup","messageBody":"Add assign command","fileTypesAndContributionMap":{}},{"hash":"47e2b9422f3d67ffa83ca62e3d8e2b4cb36d93a9","isMergeCommit":true,"messageTitle":"Merge branch \u0027master\u0027 of https://github.com/AY2526S1-CS2103T-F14b-3/tp into branch-addClass","messageBody":"","fileTypesAndContributionMap":{}},{"hash":"a1ba5e1e6dba29190b09ecf50a32b6bb2fdeba97","isMergeCommit":false,"messageTitle":"resolve conflict","messageBody":"","fileTypesAndContributionMap":{"functional-code":{"insertions":556,"deletions":34},"test-code":{"insertions":0,"deletions":1}}},{"hash":"8f55a8e812c8af7cd1ef919d237209e4b0693243","isMergeCommit":false,"messageTitle":"fix checkstyle","messageBody":"","fileTypesAndContributionMap":{"functional-code":{"insertions":72,"deletions":13}}}]},{"date":"2025-10-21T00:00:00","commitResults":[{"hash":"e102c99ae2c5f24df51dbc99de7247bc5e8511d2","isMergeCommit":false,"messageTitle":"update UG for find command","messageBody":"","fileTypesAndContributionMap":{"docs":{"insertions":2,"deletions":2}}},{"hash":"f024dc082e1c4e7648caddba9d730bceff8ee972","isMergeCommit":false,"messageTitle":"update terms in user guide","messageBody":"","fileTypesAndContributionMap":{"docs":{"insertions":3,"deletions":3}}},{"hash":"aa49d46dd9779ef6129c93154ecb974c3d889c96","isMergeCommit":false,"messageTitle":"improve layout spacing and readability","messageBody":"","fileTypesAndContributionMap":{"functional-code":{"insertions":5,"deletions":5}}},{"hash":"7cdeda021f0f7dd1a27c8d671650ea621ce45824","isMergeCommit":false,"messageTitle":"fix wording issues","messageBody":"","fileTypesAndContributionMap":{"docs":{"insertions":1,"deletions":1}}},{"hash":"803353579abb1c620c4fac8cda51f728cfb1ab2e","isMergeCommit":false,"messageTitle":"fix wording issues","messageBody":"","fileTypesAndContributionMap":{"docs":{"insertions":1,"deletions":1}}}]},{"date":"2025-10-22T00:00:00","commitResults":[{"hash":"2de1722cd291ddf3823bb137f661ce7b07638547","isMergeCommit":true,"messageTitle":"Merge pull request #90 from timxthytia/branch-UG-edit","messageBody":"Branch ug edit","fileTypesAndContributionMap":{}},{"hash":"343fb356ac7b3609ac86740e0f6b1c1292e48fc3","isMergeCommit":false,"messageTitle":"change naming requirement","messageBody":"","fileTypesAndContributionMap":{"functional-code":{"insertions":8,"deletions":10}}},{"hash":"cb8c3f8265a6b4f45376735c7ba446b632aebcf6","isMergeCommit":false,"messageTitle":"change parser to enforce lowercase input and update tests","messageBody":"","fileTypesAndContributionMap":{"functional-code":{"insertions":11,"deletions":5},"test-code":{"insertions":10,"deletions":14}}},{"hash":"1ccaf63bbd730151ce388e90a725ad446e097ccf","isMergeCommit":true,"messageTitle":"Merge pull request #92 from hninsatphyusin/b-MarkAssignment","messageBody":"Mark Assignment","fileTypesAndContributionMap":{}},{"hash":"5380a9b925c2479466b1148857c9ce6283f5e421","isMergeCommit":true,"messageTitle":"handle merge conflicts","messageBody":"","fileTypesAndContributionMap":{}}]},{"date":"2025-10-24T00:00:00","commitResults":[{"hash":"7cd3bcef6b20d0083974762d9703988e38c0c202","isMergeCommit":false,"messageTitle":"add undo command","messageBody":"","fileTypesAndContributionMap":{"functional-code":{"insertions":92,"deletions":4}}},{"hash":"0115b1254ce78ebea7990c2b94ca00ebead13fb4","isMergeCommit":false,"messageTitle":"add redo command","messageBody":"","fileTypesAndContributionMap":{"functional-code":{"insertions":131,"deletions":7}}},{"hash":"07a33c7adba1047cd39a1a6b0fc3dc854dd12c1a","isMergeCommit":false,"messageTitle":"add test for undo and redo method","messageBody":"","fileTypesAndContributionMap":{"test-code":{"insertions":367,"deletions":0}}}]},{"date":"2025-10-25T00:00:00","commitResults":[{"hash":"47e04d47f0df60f39b2c13ed2c1be919176c698d","isMergeCommit":false,"messageTitle":"refactor to correctly identify undoable commands","messageBody":"","fileTypesAndContributionMap":{"functional-code":{"insertions":210,"deletions":35},"test-code":{"insertions":63,"deletions":16}}},{"hash":"70077a359fbcc4c92e5fdcba6836400108228ac5","isMergeCommit":false,"messageTitle":"update uml from tag to class","messageBody":"","fileTypesAndContributionMap":{"docs":{"insertions":3,"deletions":3}}},{"hash":"f7a8334849644c1a45438f4bf8f4604e60f4eab6","isMergeCommit":true,"messageTitle":"Merge pull request #106 from sngdarren/branch-AssignmentClassString","messageBody":"fix(Assignment): add ClassGroupName","fileTypesAndContributionMap":{}},{"hash":"5e312625d243be3c13035935738bd7e24d57c9dc","isMergeCommit":true,"messageTitle":"Merge pull request #112 from llamawithhats/branch-dg","messageBody":"Branch dg","fileTypesAndContributionMap":{}},{"hash":"71de062502467b34855447f056c105d8b548f2d8","isMergeCommit":false,"messageTitle":"add new layout for personcard","messageBody":"","fileTypesAndContributionMap":{"functional-code":{"insertions":70,"deletions":42}}}]},{"date":"2025-10-26T00:00:00","commitResults":[{"hash":"a796ca42b0f9cd45b0691d0fb39fa35166e421de","isMergeCommit":true,"messageTitle":"Merge pull request #116 from hninsatphyusin/b-MultiIndexMarking","messageBody":"B multi index marking","fileTypesAndContributionMap":{}},{"hash":"c591e839a08436a6fbf663f251fb4e4ae6a7c40b","isMergeCommit":false,"messageTitle":"allow parsing of multiple indices","messageBody":"","fileTypesAndContributionMap":{"functional-code":{"insertions":32,"deletions":7},"test-code":{"insertions":35,"deletions":19}}},{"hash":"787435781ec973be3947a8d7c8c962da58ec853f","isMergeCommit":false,"messageTitle":"remove redundant line","messageBody":"","fileTypesAndContributionMap":{"functional-code":{"insertions":13,"deletions":5}}},{"hash":"0b89298259768b562b070b232a19212ed604ef34","isMergeCommit":false,"messageTitle":"add comments","messageBody":"","fileTypesAndContributionMap":{"functional-code":{"insertions":10,"deletions":2}}},{"hash":"1113538ad67082f38a36084578d1d0edc9dd8473","isMergeCommit":false,"messageTitle":"fix checkstyle errors","messageBody":"","fileTypesAndContributionMap":{"functional-code":{"insertions":9,"deletions":3}}}]},{"date":"2025-10-27T00:00:00","commitResults":[{"hash":"c3ce95e33307f73c12d3dc0ca68c0125333f3416","isMergeCommit":false,"messageTitle":"fix intended message for user error in mark and unmark","messageBody":"","fileTypesAndContributionMap":{"functional-code":{"insertions":35,"deletions":26}}},{"hash":"084632d384dab8d45503715c6f196035410c5af8","isMergeCommit":false,"messageTitle":"fix checkstyle errors","messageBody":"","fileTypesAndContributionMap":{"functional-code":{"insertions":6,"deletions":8}}},{"hash":"22caf1b34c35c58f24970df2855cfed3f5cbced0","isMergeCommit":true,"messageTitle":"Merge pull request #138 from llamawithhats/branch-messages","messageBody":"Shift messages and standardise","fileTypesAndContributionMap":{}}]}],"hninsatphyusin":[{"date":"2025-09-29T00:00:00","commitResults":[{"hash":"b425c318340417864e45d04aef55959b6b31d7ff","isMergeCommit":false,"messageTitle":"Update AboutUs.md to add Hnin","messageBody":"","fileTypesAndContributionMap":{"docs":{"insertions":3,"deletions":3}}},{"hash":"9ea516d3c2f73ef85a5cd9270e79bc4be7688463","isMergeCommit":false,"messageTitle":"Add portfolio page under teams","messageBody":"","fileTypesAndContributionMap":{"docs":{"insertions":46,"deletions":0}}}]},{"date":"2025-10-03T00:00:00","commitResults":[{"hash":"e7fa10a7770044c7abc3a49a9739af6ceacf2ab6","isMergeCommit":false,"messageTitle":"Update Site Settings from AB-3 to TutorTrack","messageBody":"","fileTypesAndContributionMap":{"other":{"insertions":2,"deletions":2},"docs":{"insertions":3,"deletions":3}}}]},{"date":"2025-10-04T00:00:00","commitResults":[{"hash":"5a174c8181d29fd5f54810b49b66679a1a504418","isMergeCommit":true,"messageTitle":"Merge pull request #38 from llamawithhats/branch-update-readme","messageBody":"Update README #29","fileTypesAndContributionMap":{}},{"hash":"4539399e78e36fdb07bc2934688273921b741ad2","isMergeCommit":false,"messageTitle":"Replace AB-3 or AddressBook-3 to TutorTrack","messageBody":"","fileTypesAndContributionMap":{"other":{"insertions":1,"deletions":1},"docs":{"insertions":8,"deletions":8}}},{"hash":"15ed98b334ca19bc8e76cc0f9edb16a12e52b4d3","isMergeCommit":false,"messageTitle":"Fix trailing whitespace in DeveloperGuide.md","messageBody":"","fileTypesAndContributionMap":{"docs":{"insertions":8,"deletions":8}}},{"hash":"1649239e3fc4aecee32d1a9f186c028d3ab2574e","isMergeCommit":false,"messageTitle":"Fix EOF and trailing whitespace in README.md","messageBody":"","fileTypesAndContributionMap":{"docs":{"insertions":2,"deletions":3}}},{"hash":"fdc1cbc7fb4101832ac016ef8d2bb8725bd7b8d0","isMergeCommit":true,"messageTitle":"Merge branch \u0027master\u0027 into Hnin-ProjectSiteWideSettings","messageBody":"","fileTypesAndContributionMap":{}},{"hash":"b6bbfcd6bdbaf33d8671f14d9941c17e6a4f4461","isMergeCommit":false,"messageTitle":"Change title of github page from AddressBook to TutorTrack","messageBody":"","fileTypesAndContributionMap":{"docs":{"insertions":2,"deletions":2}}}]},{"date":"2025-10-09T00:00:00","commitResults":[{"hash":"773eb40521e4cacfc1858da71f00dd374faee2a6","isMergeCommit":true,"messageTitle":"Merge pull request #48 from timxthytia/branch-Assignment","messageBody":"Create classes","fileTypesAndContributionMap":{}},{"hash":"ec70a4d19658093c9ab67da0dcc354b156f279e9","isMergeCommit":false,"messageTitle":"Add skeletons for marking Assignment in ClassGroup","messageBody":"","fileTypesAndContributionMap":{"functional-code":{"insertions":4,"deletions":0}}}]},{"date":"2025-10-10T00:00:00","commitResults":[{"hash":"d7c7fa9bb74d3b0e4951140fc65522fa6d3e7663","isMergeCommit":true,"messageTitle":"Merge pull request #52 from ren0716/branch-removeEmail","messageBody":"Branch remove email","fileTypesAndContributionMap":{}}]},{"date":"2025-10-16T00:00:00","commitResults":[{"hash":"4388128981706077add20999e0d3e7b423f6df04","isMergeCommit":false,"messageTitle":"Add Predicate for Student in Class Group","messageBody":"","fileTypesAndContributionMap":{"functional-code":{"insertions":42,"deletions":0}}},{"hash":"d9dc9469bbb19c3d66c2d0aca74a8e3097c8f919","isMergeCommit":false,"messageTitle":"Add FilterByClassCommand into Commands","messageBody":"","fileTypesAndContributionMap":{"functional-code":{"insertions":59,"deletions":1}}},{"hash":"f616ca6a8d85ce3baeda0928fe75ff1a7c2be623","isMergeCommit":false,"messageTitle":"Add Parser for FilterByClassCommand","messageBody":"","fileTypesAndContributionMap":{"functional-code":{"insertions":43,"deletions":0}}},{"hash":"df525ac3f15d081e5061dbdb59e3bd480365d370","isMergeCommit":false,"messageTitle":"Edit AddressBookParser to add FilterByClassGroup functionality","messageBody":"","fileTypesAndContributionMap":{"functional-code":{"insertions":5,"deletions":1},"other":{"insertions":21,"deletions":12}}},{"hash":"aa2b5e61573645c3ac8a791d18c85697fe63c2fd","isMergeCommit":false,"messageTitle":"Fix errors when running .github/run-checks.sh","messageBody":"","fileTypesAndContributionMap":{"functional-code":{"insertions":6,"deletions":8},"docs":{"insertions":3,"deletions":4}}},{"hash":"4af47c8e8f7a072fc778f579401b2cb8de0d15b0","isMergeCommit":false,"messageTitle":"Fix checkstyle errors","messageBody":"","fileTypesAndContributionMap":{"functional-code":{"insertions":20,"deletions":19}}}]},{"date":"2025-10-21T00:00:00","commitResults":[{"hash":"b1a378e7f3af149168ce225409632b180dc32857","isMergeCommit":false,"messageTitle":"Create MarkASsignmentCommand class","messageBody":"","fileTypesAndContributionMap":{"functional-code":{"insertions":163,"deletions":1}}},{"hash":"6f5610aebec2ce8861ec2068df5fd53d960168ae","isMergeCommit":false,"messageTitle":"Create a new MarkAssignmentCommandParser class","messageBody":"","fileTypesAndContributionMap":{"functional-code":{"insertions":54,"deletions":0}}},{"hash":"6943ec0c17529de1ab5567b2ae2a16a2a77ec9c2","isMergeCommit":false,"messageTitle":"Add logging to MarkAssignmentCommand","messageBody":"","fileTypesAndContributionMap":{"functional-code":{"insertions":62,"deletions":11}}}]},{"date":"2025-10-22T00:00:00","commitResults":[{"hash":"774ea5b41b88d88af1f3ca9e9df44963e4be8b44","isMergeCommit":false,"messageTitle":"Add UI to strikethrough when Assignment is marked","messageBody":"","fileTypesAndContributionMap":{"functional-code":{"insertions":91,"deletions":10},"test-code":{"insertions":15,"deletions":9}}},{"hash":"b56172154e6f912f77c7c4333fb3db7bb03b9cad","isMergeCommit":false,"messageTitle":"Fix checkstyle build errors in PersonCard","messageBody":"","fileTypesAndContributionMap":{"functional-code":{"insertions":4,"deletions":7}}},{"hash":"68faee07af93dac9c2dedc9883871700d101b4d6","isMergeCommit":false,"messageTitle":"Make mark assignment persistent","messageBody":"","fileTypesAndContributionMap":{"functional-code":{"insertions":63,"deletions":5},"test-code":{"insertions":0,"deletions":0}}},{"hash":"3886a08bbbf8e076d7d1b4af14acc209b06d9bef","isMergeCommit":false,"messageTitle":"Fix checkstyle errors","messageBody":"","fileTypesAndContributionMap":{"functional-code":{"insertions":1,"deletions":1}}},{"hash":"f8baad8c76c33940f641e88816d28078eccd86ba","isMergeCommit":false,"messageTitle":"Edit to make Assignment immutable","messageBody":"","fileTypesAndContributionMap":{"functional-code":{"insertions":71,"deletions":41}}},{"hash":"c6130f80cafad1bf1afb2403ed3bf18496d7ce2c","isMergeCommit":false,"messageTitle":"Add test cases for mark assignment","messageBody":"","fileTypesAndContributionMap":{"test-code":{"insertions":209,"deletions":0}}},{"hash":"f90863a665032deef37f9b8f45217ff8480fe483","isMergeCommit":false,"messageTitle":"Add more test cases","messageBody":"","fileTypesAndContributionMap":{"functional-code":{"insertions":22,"deletions":4},"test-code":{"insertions":180,"deletions":6}}},{"hash":"2c8afa37269dc22de6e2d10f89c17c9bbf3ee2d1","isMergeCommit":false,"messageTitle":"Remove uirefresh","messageBody":"","fileTypesAndContributionMap":{"functional-code":{"insertions":7,"deletions":29},"test-code":{"insertions":9,"deletions":15}}},{"hash":"da01fffefcfaa94634be0bd60a54e8efc1b6812e","isMergeCommit":false,"messageTitle":"Move css attributes from PersonCard.java to DarkTheme.css","messageBody":"","fileTypesAndContributionMap":{"functional-code":{"insertions":1,"deletions":2}}},{"hash":"2e02d6eac48f857a97b96775f415d9fbff7d0285","isMergeCommit":true,"messageTitle":"Merge branch \u0027master\u0027 into b-MarkAssignment","messageBody":"","fileTypesAndContributionMap":{}}]},{"date":"2025-10-23T00:00:00","commitResults":[{"hash":"73cc4bcb7372bbe3391a6584e241ecd6de1b341c","isMergeCommit":true,"messageTitle":"Merge pull request #98 from llamawithhats/branch-upgrades","messageBody":"Add error msgs for assignall \u0026 unassignall","fileTypesAndContributionMap":{}}]},{"date":"2025-10-25T00:00:00","commitResults":[{"hash":"480ba367f5b06245dda61064e5335380d1c0b798","isMergeCommit":false,"messageTitle":"Update StorageClassDiagram.puml","messageBody":"","fileTypesAndContributionMap":{"docs":{"insertions":6,"deletions":0}}},{"hash":"acecd309bbfc0033275d861a64d892100aab1805","isMergeCommit":false,"messageTitle":"Edit StorageClassDiagram to add classgroup and assignment","messageBody":"","fileTypesAndContributionMap":{"docs":{"insertions":0,"deletions":3}}},{"hash":"2357496fd00d8a641dcf20c94be62a73ee717a73","isMergeCommit":true,"messageTitle":"Merge pull request #111 from sngdarren/branch-UpdateUML","messageBody":"Update UML Diagram","fileTypesAndContributionMap":{}}]},{"date":"2025-10-26T00:00:00","commitResults":[{"hash":"3a9f373f7305db54f39d71fd366df501d471b4f5","isMergeCommit":true,"messageTitle":"Merge pull request #114 from sngdarren/branch-FixMarkBug","messageBody":"Fix minor mark/ unmark issue","tags":["v1.4.2"],"fileTypesAndContributionMap":{}},{"hash":"e3b124fda164ce72f50affece3e205fefb684db5","isMergeCommit":false,"messageTitle":"Fix merge conflicts with upstrema","messageBody":"","fileTypesAndContributionMap":{"functional-code":{"insertions":3,"deletions":3},"docs":{"insertions":0,"deletions":0}}},{"hash":"d1fda0a4fc6b3ecefe5ff146862541cdd6c9c819","isMergeCommit":false,"messageTitle":"Fix pull upstream","messageBody":"\tmodified:   src/main/java/seedu/address/ui/PersonCard.java\n","fileTypesAndContributionMap":{"functional-code":{"insertions":4,"deletions":4}}},{"hash":"1f588e58d858e40615679c70f3cddce913a150fe","isMergeCommit":false,"messageTitle":"Remove StorageClassInteractionDiagram.puml","messageBody":"","fileTypesAndContributionMap":{"docs":{"insertions":0,"deletions":0}}},{"hash":"9ab4df6a15939345be3a6a40457dfaa6776ab30e","isMergeCommit":false,"messageTitle":"Add parsing support for multi-index","messageBody":"","fileTypesAndContributionMap":{"functional-code":{"insertions":37,"deletions":0}}},{"hash":"3dd0247e0a14c6828c6949763e91066d685c3344","isMergeCommit":false,"messageTitle":"Edit mark command to support multi-index marking","messageBody":"","fileTypesAndContributionMap":{"functional-code":{"insertions":42,"deletions":37}}},{"hash":"0de1c0a22311177ec633f4a5fccf666711c8d683","isMergeCommit":false,"messageTitle":"Edit to keep single index marking too","messageBody":"","fileTypesAndContributionMap":{"functional-code":{"insertions":39,"deletions":9}}},{"hash":"2ae9f03bae7bf34cb11ef2dbcf4a5dfacc14d555","isMergeCommit":false,"messageTitle":"Add multi-index unmarking","messageBody":"","fileTypesAndContributionMap":{"functional-code":{"insertions":46,"deletions":40}}},{"hash":"73ea643bd8b12187bff425c31ec81f04852695c3","isMergeCommit":false,"messageTitle":"Modify existing JavaDoc for multi-index","messageBody":"","fileTypesAndContributionMap":{"functional-code":{"insertions":12,"deletions":6}}},{"hash":"47013408cbbc273abab0d0d7a7c0f7065a381b21","isMergeCommit":false,"messageTitle":"Fix test cases for mark and unmark","messageBody":"","fileTypesAndContributionMap":{"functional-code":{"insertions":8,"deletions":7},"test-code":{"insertions":266,"deletions":67}}},{"hash":"947c18f88483190140091506ec115d98fec1c1f1","isMergeCommit":false,"messageTitle":"Fix bug for marking 1 in the range and marking all","messageBody":"","fileTypesAndContributionMap":{"functional-code":{"insertions":80,"deletions":12}}}]}],"llamawithhats":[{"date":"2025-09-29T00:00:00","commitResults":[{"hash":"c7bd5074193f3dd441fed6761f242126247a0814","isMergeCommit":false,"messageTitle":"Update AboutUs page","messageBody":"","fileTypesAndContributionMap":{"docs":{"insertions":47,"deletions":6}}},{"hash":"bdb5f3b8d516cf647af03143022d0f57e52477b7","isMergeCommit":false,"messageTitle":"Fix llamawithhats.md to pass CI","messageBody":"","fileTypesAndContributionMap":{"docs":{"insertions":6,"deletions":1}}}]},{"date":"2025-10-03T00:00:00","commitResults":[{"hash":"27fbcfd8f8323b3f344513283b4a882beaaefde5","isMergeCommit":false,"messageTitle":"Update README.md","messageBody":"","fileTypesAndContributionMap":{"docs":{"insertions":15,"deletions":11}}}]},{"date":"2025-10-04T00:00:00","commitResults":[{"hash":"b1ed1b5b48fec8dabd0c719b2c6528a25c2ce635","isMergeCommit":false,"messageTitle":"Add Tutortrack Ui.png","messageBody":"","fileTypesAndContributionMap":{"docs":{"insertions":1,"deletions":1}}},{"hash":"125c03eb1522e50143839d9cd584c87f993b1682","isMergeCommit":true,"messageTitle":"Merge pull request #37 from hninsatphyusin/Hnin-ProjectSiteWideSettings","messageBody":"Update Site Settings from AB-3 to TutorTrack","fileTypesAndContributionMap":{}}]},{"date":"2025-10-14T00:00:00","commitResults":[{"hash":"7930b1b49978eead16fb9b8b92021850c9a271fc","isMergeCommit":false,"messageTitle":"Replace address with level","messageBody":"","fileTypesAndContributionMap":{"functional-code":{"insertions":70,"deletions":70},"other":{"insertions":2,"deletions":2},"test-code":{"insertions":28,"deletions":28}}},{"hash":"fc89b2ba5475cf59dcce27978450c16739ccd41d","isMergeCommit":false,"messageTitle":"Fix CI code coverage","messageBody":"","fileTypesAndContributionMap":{"test-code":{"insertions":99,"deletions":99}}},{"hash":"ca65057c9f11be98e5575f08f0056c04b46edc2c","isMergeCommit":false,"messageTitle":"Fix CI code coverage","messageBody":"","fileTypesAndContributionMap":{"test-code":{"insertions":2,"deletions":2}}},{"hash":"96022d911bb79bfdf52a541d9b61c7baaa7df670","isMergeCommit":false,"messageTitle":"Fix checkstyle lexicogrphical","messageBody":"","fileTypesAndContributionMap":{"test-code":{"insertions":4,"deletions":4}}},{"hash":"bbb613927e26e7b95d50a9e0203d1dea536cf7d9","isMergeCommit":false,"messageTitle":"Fix some failed test","messageBody":"","fileTypesAndContributionMap":{"test-code":{"insertions":14,"deletions":14}}}]},{"date":"2025-10-21T00:00:00","commitResults":[{"hash":"bcc0b85e42bea321f7f7d18d348b46f97f085853","isMergeCommit":false,"messageTitle":"Enable assertion in build.gradle","messageBody":"","fileTypesAndContributionMap":{"other":{"insertions":4,"deletions":0}}},{"hash":"48078acfe86c6fca74f47d575be2874a7bbebeec","isMergeCommit":false,"messageTitle":"Update add/delete student in UG and above details","messageBody":"","fileTypesAndContributionMap":{"docs":{"insertions":19,"deletions":19}}},{"hash":"74cf48b6c436cbbcdf8e3a204bd5a5f97150a6be","isMergeCommit":false,"messageTitle":"Update help command link + ss","messageBody":"","fileTypesAndContributionMap":{"functional-code":{"insertions":1,"deletions":1},"docs":{"insertions":1,"deletions":1}}},{"hash":"d044f94d85588579128780edb67161a66379ca07","isMergeCommit":true,"messageTitle":"Merge pull request #75 from timxthytia/branch-filterbyclass","messageBody":"Create test files for filtering by class command","fileTypesAndContributionMap":{}},{"hash":"3274d7347fdd03b3d6a886a0dc2f8a381cf17779","isMergeCommit":true,"messageTitle":"Merge pull request #74 from timxthytia/branch-tests","messageBody":"Create test for adding assignments","fileTypesAndContributionMap":{}},{"hash":"39c4a99ddd1a7e956b48577e537110c6f69dfc04","isMergeCommit":true,"messageTitle":"Merge pull request #82 from ren0716/branch-updateUG","messageBody":"update UG for find command","fileTypesAndContributionMap":{}},{"hash":"888106d0cdb35d5f105fa35c74ee687afe8ca117","isMergeCommit":true,"messageTitle":"Merge pull request #85 from ren0716/branch-editGUI","messageBody":"edit GUI: Oval shaped assignments","fileTypesAndContributionMap":{}}]},{"date":"2025-10-22T00:00:00","commitResults":[{"hash":"25a7c95e99895c701c01d09379edf7b90bf3bcf6","isMergeCommit":true,"messageTitle":"Merge pull request #93 from timxthytia/branch-UG-edit","messageBody":"Replace occurences of AddressBook with TutorTrack in UG","fileTypesAndContributionMap":{}},{"hash":"fce4f7368fe0f0c9121e4231307abf9c0392e19b","isMergeCommit":true,"messageTitle":"Merge pull request #96 from ren0716/branch-alignConvention","messageBody":"Branch align convention","fileTypesAndContributionMap":{}}]},{"date":"2025-10-23T00:00:00","commitResults":[{"hash":"dc2604f1596025702679c182b51f3e9a0111f1d8","isMergeCommit":true,"messageTitle":"Merge branch \u0027master\u0027 into branch-unmark-ass","messageBody":"","fileTypesAndContributionMap":{}},{"hash":"08ed2de512bb209503cdf907749b34bb9732c6e0","isMergeCommit":false,"messageTitle":"Add unmarkassignment and other improvements","messageBody":"","fileTypesAndContributionMap":{"functional-code":{"insertions":314,"deletions":16},"test-code":{"insertions":238,"deletions":7}}},{"hash":"a375eae650542de089510d7e4564a7eb135cb7c9","isMergeCommit":true,"messageTitle":"Merge pull request #95 from timxthytia/branch-unassignall","messageBody":"Branch unassignall","fileTypesAndContributionMap":{}},{"hash":"c7a60911f1c586756147342cfceec5fee9a8b2be","isMergeCommit":false,"messageTitle":"Add error msgs for assignall \u0026 unassignall","messageBody":"","fileTypesAndContributionMap":{"functional-code":{"insertions":16,"deletions":1}}},{"hash":"ee1aa578361c26b0c3d01de596fb057ccb2fe616","isMergeCommit":false,"messageTitle":"Add test coverage","messageBody":"","fileTypesAndContributionMap":{"test-code":{"insertions":47,"deletions":0}}},{"hash":"2a32ba36c0cc224e80295a3d473520aa4a048c62","isMergeCommit":false,"messageTitle":"Add header comments to assignallcommandtest","messageBody":"","fileTypesAndContributionMap":{"test-code":{"insertions":37,"deletions":0}}},{"hash":"c0841e6059aa3fe9cefcaac19ae358f5e9ba671a","isMergeCommit":false,"messageTitle":"update ab3 to tutortrack inside settingup.md","messageBody":"","fileTypesAndContributionMap":{"docs":{"insertions":1,"deletions":1}}},{"hash":"b2bb25108f0cd34e494f2baec080f914450d3546","isMergeCommit":true,"messageTitle":"Merge branch \u0027master\u0027 into branch-dg","messageBody":"","fileTypesAndContributionMap":{}},{"hash":"5a2c3840a1e8ac8032ea3601c0981c9676402ccd","isMergeCommit":false,"messageTitle":"change jar name\u0027 :wq","messageBody":"","fileTypesAndContributionMap":{"other":{"insertions":1,"deletions":1}}},{"hash":"28c8c3dcfea3e089f81262c8b285b54540bf2c2b","isMergeCommit":true,"messageTitle":"Merge pull request #99 from sngdarren/branch-AddLogging","messageBody":"","tags":["v1.4.1"],"fileTypesAndContributionMap":{}}]},{"date":"2025-10-24T00:00:00","commitResults":[{"hash":"583b4483e8b03d3fbed87072385ea14991247c46","isMergeCommit":false,"messageTitle":"Add assignment to model class uml","messageBody":"","fileTypesAndContributionMap":{"docs":{"insertions":3,"deletions":0}}},{"hash":"4e6ee0192047e130da6673972895002cfe5446c3","isMergeCommit":true,"messageTitle":"Merge branch \u0027master\u0027 into branch-dg","messageBody":"","fileTypesAndContributionMap":{}}]},{"date":"2025-10-25T00:00:00","commitResults":[{"hash":"fcd890211f109a951f49384b3d192ddb543f1a0d","isMergeCommit":true,"messageTitle":"Merge pull request #105 from timxthytia/branch-UML","messageBody":"","fileTypesAndContributionMap":{}},{"hash":"c12090b13f46cc5df697c4c7352a745d418fe2c6","isMergeCommit":true,"messageTitle":"Merge branch \u0027master\u0027 into branch-dg","messageBody":"","fileTypesAndContributionMap":{}},{"hash":"9d637e76483bcedd6b37bf6edaca4c79fa722eca","isMergeCommit":false,"messageTitle":"Update dg","messageBody":"","fileTypesAndContributionMap":{"docs":{"insertions":1,"deletions":0}}}]},{"date":"2025-10-26T00:00:00","commitResults":[{"hash":"46a6788db1f0f508aeb1ed433991e365cd88104e","isMergeCommit":true,"messageTitle":"Merge pull request #118 from ren0716/branch-changeUI","messageBody":"Branch change UI","fileTypesAndContributionMap":{}}]},{"date":"2025-10-27T00:00:00","commitResults":[{"hash":"d27fb179a46d9470cd57f8b85df15405886607d7","isMergeCommit":true,"messageTitle":"Merge pull request #117 from ren0716/branch-multipleIndex","messageBody":"allow parsing of multiple indices","fileTypesAndContributionMap":{}},{"hash":"9d5666e86cb6cd2dfb4f65a95f0101765b97d617","isMergeCommit":true,"messageTitle":"Merge branch \u0027master\u0027 into branch-messages","messageBody":"","fileTypesAndContributionMap":{}},{"hash":"3367759f53da2e99e1d068a41a1202a90dccaeed","isMergeCommit":false,"messageTitle":"collate and standardise msgs inside Messages","messageBody":"","fileTypesAndContributionMap":{"functional-code":{"insertions":152,"deletions":104},"test-code":{"insertions":108,"deletions":71}}},{"hash":"61d3b174b5deced80cbd29ed78abbed9ca177bb1","isMergeCommit":true,"messageTitle":"Merge pull request #135 from ren0716/branch-debugMark","messageBody":"fix for alpha bug #16 and clean up unused code blocks","fileTypesAndContributionMap":{}}]}],"timxthytia":[{"date":"2025-09-29T00:00:00","commitResults":[{"hash":"c408ff1a39615c7c1e72eb14c4eea9eb4ca8c8e5","isMergeCommit":false,"messageTitle":"Updated about us","messageBody":"","fileTypesAndContributionMap":{"docs":{"insertions":50,"deletions":4}}}]},{"date":"2025-09-30T00:00:00","commitResults":[{"hash":"d4c5237631c12b7d3c5e52a3d5bb2483f7bf9791","isMergeCommit":true,"messageTitle":"Merge pull request #25 from sngdarren/branch-AddDarrenPhoto","messageBody":"Add Darren\u0027s Photo","fileTypesAndContributionMap":{}},{"hash":"46749ef64b94318ae2496553ab85d901503e469b","isMergeCommit":true,"messageTitle":"Merge pull request #17 from hninsatphyusin/Update-AboutUs","messageBody":"Update the AboutUs page","fileTypesAndContributionMap":{}},{"hash":"8e37befb4e3f647ee1446919f61464516c8ddc98","isMergeCommit":true,"messageTitle":"Merge pull request #19 from llamawithhats/branch-update-aboutus","messageBody":"Update AboutUs page","fileTypesAndContributionMap":{}},{"hash":"ff63696c75975a0f2fe87e9b56c14741949aa171","isMergeCommit":true,"messageTitle":"Merge pull request #22 from timxthytia/branch_update_about_us","messageBody":"Updated About Us Page","fileTypesAndContributionMap":{}},{"hash":"63c1ad5e1c9beb5d02ce38f80e8a00bfd82790e6","isMergeCommit":true,"messageTitle":"Merge pull request #23 from ren0716/branch-UpdateAboutUs","messageBody":"Update AboutUs","fileTypesAndContributionMap":{}},{"hash":"f80aa3cb72251db8858cb08ff460959a28bd6e58","isMergeCommit":true,"messageTitle":"Merge pull request #27 from sngdarren/branch-UpdateAboutUs","messageBody":"Branch update about us","fileTypesAndContributionMap":{}}]},{"date":"2025-10-03T00:00:00","commitResults":[{"hash":"15df0b5dac330ac97c2e104b58edad96b9185e9a","isMergeCommit":false,"messageTitle":"Add Non-Functional Requirements","messageBody":"","fileTypesAndContributionMap":{"docs":{"insertions":17,"deletions":3}}},{"hash":"291e8aad44ad491c2cda48f2318b00071ec89978","isMergeCommit":false,"messageTitle":"Add Glossary","messageBody":"","fileTypesAndContributionMap":{"docs":{"insertions":11,"deletions":1}}},{"hash":"03b0596185e50a85a0df3239be567fe02ea70cf6","isMergeCommit":true,"messageTitle":"Merge pull request #35 from sngdarren/branch-UpdateDG","messageBody":"Update Week7 DG","fileTypesAndContributionMap":{}},{"hash":"4bbaa15ba37263054f4428c939260cf1cd4cdd81","isMergeCommit":true,"messageTitle":"Merge pull request #36 from sngdarren/branch-UpdateDG","messageBody":"Update indentation","fileTypesAndContributionMap":{}}]},{"date":"2025-10-04T00:00:00","commitResults":[{"hash":"25200717f787b21c6df62ef55adedc3b513f3d24","isMergeCommit":true,"messageTitle":"Merge pull request #40 from hninsatphyusin/branch-ProjectSite","messageBody":"Change title of github page from AddressBook to TutorTrack","fileTypesAndContributionMap":{}}]},{"date":"2025-10-09T00:00:00","commitResults":[{"hash":"5ada7be75cb0aa0cf8976c340067f21166ce680f","isMergeCommit":true,"messageTitle":"Merge pull request #43 from sngdarren/branch-ClassGroup","messageBody":"Branch class group","fileTypesAndContributionMap":{}},{"hash":"bb4f04b3e91f7a5e62efd773518cc48658031417","isMergeCommit":false,"messageTitle":"Create classes: Level, Subject, Assignment","messageBody":"","fileTypesAndContributionMap":{"functional-code":{"insertions":317,"deletions":1}}},{"hash":"76b37321261662a6531d6590a6a2facf6e7b59bc","isMergeCommit":true,"messageTitle":"Merge pull request #51 from hninsatphyusin/branch-ClassGroup","messageBody":"Add skeletons for marking Assignment in ClassGroup","fileTypesAndContributionMap":{}}]},{"date":"2025-10-16T00:00:00","commitResults":[{"hash":"5b5b77004f0c1017103a845714a950f445afdaa6","isMergeCommit":true,"messageTitle":"Merge pull request #61 from sngdarren/branch-ClassGroup","messageBody":"Add Assignment Class","fileTypesAndContributionMap":{}},{"hash":"b75c73526b7995678886eeb370c5164684275a78","isMergeCommit":true,"messageTitle":"Merge pull request #63 from ren0716/branch-addClass","messageBody":"add classGroup placeholder","fileTypesAndContributionMap":{}},{"hash":"ba6ce3df8af49680e4c8e18202c304d990154d6d","isMergeCommit":true,"messageTitle":"Merge pull request #66 from hninsatphyusin/b-FilterByClassCommand","messageBody":"filter by class command","fileTypesAndContributionMap":{}},{"hash":"bce4b723731cc61285870c625f1d37b75ec09d95","isMergeCommit":false,"messageTitle":"Change version number for v1.3.0 release","messageBody":"","fileTypesAndContributionMap":{"functional-code":{"insertions":1,"deletions":1}}},{"hash":"73633d0cccf150f623a2495c54db91ea1430ec51","isMergeCommit":true,"messageTitle":"Merge pull request #70 from timxthytia/bracnh-v1.3.0-release","messageBody":"Change version number for v1.3.0 release","fileTypesAndContributionMap":{}}]},{"date":"2025-10-19T00:00:00","commitResults":[{"hash":"44871c73addbd60b73a8451ef3dec69d7627e342","isMergeCommit":false,"messageTitle":"Fix error message formatting for AddCommand","messageBody":"","fileTypesAndContributionMap":{"functional-code":{"insertions":5,"deletions":3}}},{"hash":"d82834ef1929e12c3079a1f1064f0cfce2f07f3c","isMergeCommit":false,"messageTitle":"Update success message for EditCommand","messageBody":"","fileTypesAndContributionMap":{"functional-code":{"insertions":12,"deletions":3}}}]},{"date":"2025-10-20T00:00:00","commitResults":[{"hash":"a3a73de807dd2a70739daefb3cd1d6226033929b","isMergeCommit":false,"messageTitle":"Create AssignmentBuilder and AddAssignmentCommand","messageBody":"","fileTypesAndContributionMap":{"functional-code":{"insertions":2,"deletions":2},"test-code":{"insertions":152,"deletions":0}}},{"hash":"6df1fe546f6c6023ae80a2adb34f498fb0d7f0ac","isMergeCommit":false,"messageTitle":"Add more tests in AddAssignmentCommandTest","messageBody":"","fileTypesAndContributionMap":{"test-code":{"insertions":95,"deletions":1}}},{"hash":"3e67e125bf2b93275d6f9bd80426c7e61c498726","isMergeCommit":false,"messageTitle":"Included more string literals in FilterByClassGroupCommand","messageBody":"","fileTypesAndContributionMap":{"functional-code":{"insertions":10,"deletions":5}}},{"hash":"6792ed430b52fb32b66daabdcb50b78fd7b723cd","isMergeCommit":false,"messageTitle":"Update c/CLASS_NAME input to case-insensitive for filter command","messageBody":"","fileTypesAndContributionMap":{"functional-code":{"insertions":28,"deletions":2}}},{"hash":"cffcdf6174d0dbd3f1991566d044fd916945a986","isMergeCommit":false,"messageTitle":"Create test for FilterByClassGroupCommand","messageBody":"","fileTypesAndContributionMap":{"test-code":{"insertions":134,"deletions":0}}}]},{"date":"2025-10-21T00:00:00","commitResults":[{"hash":"27fa12f9f604171d87898a1c347e51faa013f17c","isMergeCommit":true,"messageTitle":"Merge pull request #79 from llamawithhats/branch-add-assertions","messageBody":"Enable assertion in build.gradle","fileTypesAndContributionMap":{}},{"hash":"1b2e0e63e902fe19c5c5db1d7312e483840eb89f","isMergeCommit":true,"messageTitle":"Merge pull request #80 from llamawithhats/branch-update-UG","messageBody":"Update UG (above description + delete/add student)","fileTypesAndContributionMap":{}},{"hash":"8a77d7964526cc33fe6b2f72c7bb711d504e99b6","isMergeCommit":true,"messageTitle":"Merge pull request #81 from llamawithhats/branch-update-helpCommand","messageBody":"Update Help command (UG screenshot + link in pop up)","fileTypesAndContributionMap":{}},{"hash":"d8339ddeb3dc96224201b205bcb2769909b7121f","isMergeCommit":false,"messageTitle":"Removed extra Name: in MESSAGE_USAGE in AddCommand","messageBody":"","fileTypesAndContributionMap":{"functional-code":{"insertions":0,"deletions":1}}},{"hash":"185a00f59f0528c0635e2968b2efb3104c3f0541","isMergeCommit":false,"messageTitle":"Update description of edit command in UG","messageBody":"","fileTypesAndContributionMap":{"docs":{"insertions":8,"deletions":8}}},{"hash":"de12a904148c1ecc8c0ee9c4b14e64289fd57677","isMergeCommit":false,"messageTitle":"Update UG with Add Assignment description","messageBody":"","fileTypesAndContributionMap":{"docs":{"insertions":17,"deletions":0}}},{"hash":"cf13f80c03b4c4f353a6da26343fa0460fd97413","isMergeCommit":false,"messageTitle":"Update Delete Assignment description in UG","messageBody":"","fileTypesAndContributionMap":{"docs":{"insertions":16,"deletions":0}}}]},{"date":"2025-10-22T00:00:00","commitResults":[{"hash":"fb9a6360fff0f291a9a7f7b2acc967cb38372161","isMergeCommit":false,"messageTitle":"Update UG with description for Add Class to Student","messageBody":"","fileTypesAndContributionMap":{"docs":{"insertions":18,"deletions":3}}},{"hash":"2381fc6af2afb8e2877c9950bd592633de9c97fa","isMergeCommit":false,"messageTitle":"Update UG with description for deleting class from student","messageBody":"","fileTypesAndContributionMap":{"docs":{"insertions":15,"deletions":0}}},{"hash":"b39529757be62673b0bb60a4a9d3c3ad86068d3d","isMergeCommit":true,"messageTitle":"Merge pull request #72 from sngdarren/branch-ClassGroup","messageBody":"Branch class group","fileTypesAndContributionMap":{}},{"hash":"3af1c57c7243f94d50572500e467c3535f50835c","isMergeCommit":false,"messageTitle":"Update UG with description for Filter by class group","messageBody":"","fileTypesAndContributionMap":{"docs":{"insertions":15,"deletions":0}}},{"hash":"edea58a7cf0e727569e949ce08813c9e54a28c9d","isMergeCommit":false,"messageTitle":"Update command summary in UG","messageBody":"","fileTypesAndContributionMap":{"docs":{"insertions":11,"deletions":5}}},{"hash":"efc7e6417b83e48afcc3194b41c4a2da786cf0e3","isMergeCommit":true,"messageTitle":"Merge branch \u0027master\u0027 into branch-UG-edit Merge master into branch-UG-edit","messageBody":"","fileTypesAndContributionMap":{}},{"hash":"4713655ea65c8a9705eefa69a1997cc4410998d3","isMergeCommit":true,"messageTitle":"Merge pull request #88 from sngdarren/branch-AssignAllCommandTest","messageBody":"Add Assign All Command Test","fileTypesAndContributionMap":{}},{"hash":"a876b200b59bab2f5099ac0f1dcbb5452bae9d5e","isMergeCommit":true,"messageTitle":"Merge branch \u0027master\u0027 into branch-UG-edit Inlcude tests for AssignAllCommand","messageBody":"","fileTypesAndContributionMap":{}},{"hash":"fab211bac78c5582f6db81c08934741855a822d8","isMergeCommit":false,"messageTitle":"Update format for class names for add and deleting classes in UG","messageBody":"","fileTypesAndContributionMap":{"docs":{"insertions":8,"deletions":2}}},{"hash":"1f950a6b6ad0953b00fa0b8e79494c6817926574","isMergeCommit":false,"messageTitle":"Replace occurences of AddressBook with TutorTrack in UG","messageBody":"","fileTypesAndContributionMap":{"functional-code":{"insertions":1,"deletions":1},"docs":{"insertions":20,"deletions":24},"test-code":{"insertions":2,"deletions":2}}},{"hash":"12e4b764d04a6e3580c41265dd74bd7a1dd74dda","isMergeCommit":false,"messageTitle":"Revert back to addressbook usage","messageBody":"","fileTypesAndContributionMap":{"functional-code":{"insertions":1,"deletions":1},"test-code":{"insertions":2,"deletions":2}}},{"hash":"5b911c77eb970059812915974453949f237f3175","isMergeCommit":false,"messageTitle":"Create UnassignAllCommand.java","messageBody":"","fileTypesAndContributionMap":{"functional-code":{"insertions":178,"deletions":0}}},{"hash":"bdf280b6df1e23ff75e6216ab84a02dbf65dc9c0","isMergeCommit":false,"messageTitle":"Add UnassignAllCommand and parser file","messageBody":"","fileTypesAndContributionMap":{"functional-code":{"insertions":67,"deletions":0}}},{"hash":"d82052f5446850477c153da6d4ccf451548b119f","isMergeCommit":false,"messageTitle":"Create UnassignAllCommandTest file","messageBody":"","fileTypesAndContributionMap":{"functional-code":{"insertions":4,"deletions":0},"test-code":{"insertions":270,"deletions":0}}},{"hash":"6f6242bd2c5711afbdc1ba7fbc1e0a802d04e438","isMergeCommit":false,"messageTitle":"Create UnassignAllCommandParserTest file","messageBody":"","fileTypesAndContributionMap":{"test-code":{"insertions":245,"deletions":0}}}]},{"date":"2025-10-23T00:00:00","commitResults":[{"hash":"536f3624665e16f2c4f4738db0d42863f8b32817","isMergeCommit":true,"messageTitle":"Resolve conflicts in AddressBookParser","messageBody":"","fileTypesAndContributionMap":{}},{"hash":"fbaa8e8f7a6f5656f539344b5278194a49eaadef","isMergeCommit":true,"messageTitle":"Merge pull request #97 from llamawithhats/branch-unmark-ass","messageBody":"Unmark Assignments ","fileTypesAndContributionMap":{}},{"hash":"43951ffa651703c59bb85789d0f843fcf38ed097","isMergeCommit":false,"messageTitle":"Resolve merge conflict in AddressBookParser","messageBody":"","fileTypesAndContributionMap":{"functional-code":{"insertions":4,"deletions":1}}},{"hash":"658f7362268cb78430f0185f7f9d3f51627e8554","isMergeCommit":true,"messageTitle":"Add UnmarkAssignmentCommand into AddressBookParser","messageBody":"","fileTypesAndContributionMap":{}},{"hash":"8c29b272bb73df43722304548195720b4a53cc68","isMergeCommit":false,"messageTitle":"Remove ClassGroup from Assignment","messageBody":"","fileTypesAndContributionMap":{"functional-code":{"insertions":0,"deletions":3}}},{"hash":"15fbf5aac90f87796b3d40b0b14d4664e3ecc635","isMergeCommit":false,"messageTitle":"Update parse_assignmentWithSpecialCharacters_success in UnassignAllCommandParserTest","messageBody":"","fileTypesAndContributionMap":{"test-code":{"insertions":1,"deletions":1}}}]},{"date":"2025-10-25T00:00:00","commitResults":[{"hash":"1d68e59087208978fb626469394578a889074d9d","isMergeCommit":false,"messageTitle":"Change Address to Level in ModelClassDiagram","messageBody":"","fileTypesAndContributionMap":{"docs":{"insertions":3,"deletions":3}}}]}]},"authorFileTypeContributionMap":{"sngdarren":{"docs":249,"functional-code":1471,"test-code":2359},"ren0716":{"docs":57,"functional-code":1146,"test-code":556},"hninsatphyusin":{"docs":62,"functional-code":679,"test-code":571,"other":3},"llamawithhats":{"docs":84,"functional-code":448,"test-code":493,"other":5},"timxthytia":{"docs":194,"functional-code":525,"test-code":822}},"authorContributionVariance":{"sngdarren":132422.4,"ren0716":58304.62,"hninsatphyusin":30562.406,"llamawithhats":19911.668,"timxthytia":25984.342},"authorDisplayNameMap":{"sngdarren":"CS2103T-F14b-3 SNG ..RREN","ren0716":"CS2103T-F14b-3 BEH .. REN","hninsatphyusin":"CS2103T-F14b-3 HNIN.. SIN","llamawithhats":"CS2103T-F14b-3 YU T..NGAN","timxthytia":"CS2103T-F14b-3 TIMO.. ZHI"}}
