{"authorDailyContributionsMap":{"shockingly134":[{"date":"2025-09-30T00:00:00","commitResults":[{"hash":"09af6c50391cfcd1244d65836b5e67cae77253c8","isMergeCommit":false,"messageTitle":"portfolio branch","messageBody":"","fileTypesAndContributionMap":{"docs":{"insertions":2,"deletions":2}}}]},{"date":"2025-10-02T00:00:00","commitResults":[{"hash":"c646e9b048a85cc2cb0ec028ad47b4676936f846","isMergeCommit":true,"messageTitle":"Merge pull request #34 from Strikerprv/edit-readme","messageBody":"Edit README.md","fileTypesAndContributionMap":{}},{"hash":"18df9cfd71ce1d6108b03fe19103159d5bbe2325","isMergeCommit":false,"messageTitle":"Update glossary","messageBody":"","fileTypesAndContributionMap":{"docs":{"insertions":6,"deletions":2}}}]},{"date":"2025-10-09T00:00:00","commitResults":[{"hash":"0c038f0735dfdee90f00d61b155030e7d7ef49e1","isMergeCommit":false,"messageTitle":"Add event field to person","messageBody":"","fileTypesAndContributionMap":{"functional-code":{"insertions":168,"deletions":35},"test-code":{"insertions":24,"deletions":10}}},{"hash":"6a0a4a2cde91821976e3646f83bc15177d972348","isMergeCommit":true,"messageTitle":"Merge with upstrem repo","messageBody":"","fileTypesAndContributionMap":{}}]},{"date":"2025-10-10T00:00:00","commitResults":[{"hash":"cd9fcdf23fbd4a93a60a121dc2e1b17b8ae38f42","isMergeCommit":false,"messageTitle":"Update event parameter in person","messageBody":"","fileTypesAndContributionMap":{"functional-code":{"insertions":92,"deletions":45},"test-code":{"insertions":158,"deletions":51}}},{"hash":"b8a752221e8f082b638e831f0f6cb36f36dbfe83","isMergeCommit":false,"messageTitle":"Improve test coverage","messageBody":"","fileTypesAndContributionMap":{"test-code":{"insertions":34,"deletions":0}}},{"hash":"a6064224c4c0bf80107b5c3f0c20721912a8534c","isMergeCommit":false,"messageTitle":"Vary GUI settings test case","messageBody":"","fileTypesAndContributionMap":{"test-code":{"insertions":1,"deletions":1}}},{"hash":"cd403b43855d50dd2e439b06043bd189ea65badd","isMergeCommit":false,"messageTitle":"Fix code coverage","messageBody":"","fileTypesAndContributionMap":{"test-code":{"insertions":9,"deletions":12}}},{"hash":"288ec9f0f72f557fa0fae2a2fa4a88ba46851de5","isMergeCommit":false,"messageTitle":"Remove unused method in AddCommandParser","messageBody":"","fileTypesAndContributionMap":{"functional-code":{"insertions":0,"deletions":6},"test-code":{"insertions":8,"deletions":2}}},{"hash":"373bc5f8886bd0f9f453ca3605934df7592a37b2","isMergeCommit":false,"messageTitle":"Improve test coverage even more","messageBody":"","fileTypesAndContributionMap":{"test-code":{"insertions":29,"deletions":0}}}]},{"date":"2025-10-15T00:00:00","commitResults":[{"hash":"135d3739361b7856381304c9df2717426993f499","isMergeCommit":false,"messageTitle":"Update user guide","messageBody":"","fileTypesAndContributionMap":{"functional-code":{"insertions":1,"deletions":1},"docs":{"insertions":27,"deletions":5}}}]},{"date":"2025-10-17T00:00:00","commitResults":[{"hash":"84385ab0691e6bc016a0286fb4cead5a5b8037d9","isMergeCommit":false,"messageTitle":"Increase code coverage for duplicate email and phone","messageBody":"","fileTypesAndContributionMap":{"test-code":{"insertions":106,"deletions":0}}}]},{"date":"2025-10-21T00:00:00","commitResults":[{"hash":"b1b8fe31ee26001d3e1133960004bf14a0a9157a","isMergeCommit":false,"messageTitle":"Update FAQ with more questions","messageBody":"","fileTypesAndContributionMap":{"docs":{"insertions":12,"deletions":2}}},{"hash":"38b4cfd2a426f00511159ec7e508a92035c25922","isMergeCommit":false,"messageTitle":"Update FAQ with more explanation","messageBody":"","fileTypesAndContributionMap":{"docs":{"insertions":10,"deletions":4}}},{"hash":"237de1fe33327712283e8d30e84e46f31ebbce11","isMergeCommit":true,"messageTitle":"Merge branch \u0027master\u0027 into branch-userguide","messageBody":"","fileTypesAndContributionMap":{}},{"hash":"6cecd2c3aea00213f272492e5984eace9f6f8d49","isMergeCommit":true,"messageTitle":"Merge pull request #88 from timothyleejin/branch-userguide","messageBody":"Edit UserGuide and README to fix command errors and make it more readable","fileTypesAndContributionMap":{}}]},{"date":"2025-10-22T00:00:00","commitResults":[{"hash":"67c3c63cb310ca2c3e37c7979bf758c8992b9250","isMergeCommit":false,"messageTitle":"Update UI to better design","messageBody":"","fileTypesAndContributionMap":{"functional-code":{"insertions":154,"deletions":55}}},{"hash":"44ffc8e8fd6b7422bf34e0b8c7968be45fc53d6d","isMergeCommit":false,"messageTitle":"Update spacing for CSS file","messageBody":"","fileTypesAndContributionMap":{"functional-code":{"insertions":0,"deletions":5}}},{"hash":"711849d718552d532b121d036ec1aab571aeb821","isMergeCommit":false,"messageTitle":"Add outputs to various commands in user guide","messageBody":"","fileTypesAndContributionMap":{"docs":{"insertions":29,"deletions":2}}}]},{"date":"2025-10-23T00:00:00","commitResults":[{"hash":"2ac1126dd080485764636290c571b14fde458ab1","isMergeCommit":false,"messageTitle":"Fix outputs for ReadMe","messageBody":"","fileTypesAndContributionMap":{"docs":{"insertions":24,"deletions":17}}},{"hash":"9e63774c24831d25526a3d9b1b9aa458a6284c89","isMergeCommit":true,"messageTitle":"Merge pull request #126 from timothyleejin/branch-editfav","messageBody":"Enable favourites feature to be saved in storage","fileTypesAndContributionMap":{}},{"hash":"17c57805e0341702d7ef3d82e35b929ab29b4d39","isMergeCommit":true,"messageTitle":"Merge pull request #131 from timothyleejin/branch-assertions","messageBody":"Enable assertion in build.gradle","tags":["v1.4","v0.4"],"fileTypesAndContributionMap":{}}]},{"date":"2025-10-24T00:00:00","commitResults":[{"hash":"7e4902b69e202d33e4d9dab6fdab6ec69ccd52e6","isMergeCommit":true,"messageTitle":"Merge pull request #133 from isaaclim01/branch-Filter-Sequence-Diagram","messageBody":"Add sequence diagram for Filter Command","fileTypesAndContributionMap":{}}]},{"date":"2025-10-26T00:00:00","commitResults":[{"hash":"cff15cfaac3c96dcc7e7807b9bfa4d96a00238fb","isMergeCommit":false,"messageTitle":"Update favourite function and enhance it","messageBody":"","fileTypesAndContributionMap":{"functional-code":{"insertions":27,"deletions":16},"docs":{"insertions":1,"deletions":1},"test-code":{"insertions":1,"deletions":1}}},{"hash":"794bbdc9ab4426f2992c9ca6a99781f867008f19","isMergeCommit":false,"messageTitle":"Increase patch coverage","messageBody":"","fileTypesAndContributionMap":{"functional-code":{"insertions":1,"deletions":4}}},{"hash":"a5d103b7bf588b846cc24828f14a8b8da43c348c","isMergeCommit":false,"messageTitle":"Increase patch cov","messageBody":"","fileTypesAndContributionMap":{"functional-code":{"insertions":8,"deletions":1},"test-code":{"insertions":53,"deletions":0}}},{"hash":"461415c498e5fc29cf6b1239b0b0352d517de29c","isMergeCommit":false,"messageTitle":"Update to test cov","messageBody":"","fileTypesAndContributionMap":{"functional-code":{"insertions":4,"deletions":13},"test-code":{"insertions":0,"deletions":53}}}]},{"date":"2025-10-27T00:00:00","commitResults":[{"hash":"378267b064c24189a5ed1f63ac070f165a85515a","isMergeCommit":false,"messageTitle":"Update UML files","messageBody":"","fileTypesAndContributionMap":{"docs":{"insertions":9,"deletions":0}}}]},{"date":"2025-10-29T00:00:00","commitResults":[{"hash":"9d6544166b4075efa2a1bd129c1d7610bde14183","isMergeCommit":false,"messageTitle":"Update use cases","messageBody":"","fileTypesAndContributionMap":{"docs":{"insertions":155,"deletions":4}}}]},{"date":"2025-10-30T00:00:00","commitResults":[{"hash":"039ffb57cc839cd55b430375bd51f1653eb1a561","isMergeCommit":false,"messageTitle":"add skill feature","messageBody":"","fileTypesAndContributionMap":{"functional-code":{"insertions":167,"deletions":0},"test-code":{"insertions":171,"deletions":0}}},{"hash":"7f73e0b9e8811bbc94bb6560afb68cd6a2637ef8","isMergeCommit":true,"messageTitle":"Merge pull request #177 from isaaclim01/branch-User-Guide","messageBody":"Branch user guide","fileTypesAndContributionMap":{}},{"hash":"255147a656fb568e15b0f61039feebf978521bdd","isMergeCommit":true,"messageTitle":"Merge branch \u0027master\u0027 into add-skill-command","messageBody":"","fileTypesAndContributionMap":{}},{"hash":"ac56f94ea8adfdff1d5c4d5f24f4d8084449c11c","isMergeCommit":false,"messageTitle":"Fix checkstyle in AddressBookParser","messageBody":"","fileTypesAndContributionMap":{"functional-code":{"insertions":0,"deletions":1}}},{"hash":"1a571e7d4b9b55c9f66fb68dd947ce480bfe4303","isMergeCommit":false,"messageTitle":"Increase Code Coverage","messageBody":"","fileTypesAndContributionMap":{"functional-code":{"insertions":1,"deletions":0},"test-code":{"insertions":19,"deletions":0}}},{"hash":"5bdae7a787318872d3a7665012fe4f86b6069637","isMergeCommit":false,"messageTitle":"Increase code cov","messageBody":"","fileTypesAndContributionMap":{"test-code":{"insertions":2,"deletions":2}}},{"hash":"07c409315a9b9bd7116a823adb4feb75eb338ba3","isMergeCommit":true,"messageTitle":"Merge pull request #183 from isaaclim01/branch-Multiple-Event","messageBody":"Branch multiple event","fileTypesAndContributionMap":{}},{"hash":"819c013def6b0e1677bac00f6f50655890f63b3d","isMergeCommit":true,"messageTitle":"Merge pull request #189 from isaaclim01/branch-UI","messageBody":"Update UI","fileTypesAndContributionMap":{}},{"hash":"bb2438e513e345449d01ad374eb8c2fd4480c355","isMergeCommit":false,"messageTitle":"change delete skill command word","messageBody":"","fileTypesAndContributionMap":{"functional-code":{"insertions":1,"deletions":1}}},{"hash":"11c50432c7da868682e8a7f5d1e543ae34b61270","isMergeCommit":false,"messageTitle":"Update developer guide","messageBody":"","fileTypesAndContributionMap":{"docs":{"insertions":128,"deletions":2}}},{"hash":"a545b0e41039ab5af93af2d2ca9b671e3265606c","isMergeCommit":false,"messageTitle":"update developer guide","messageBody":"","fileTypesAndContributionMap":{"docs":{"insertions":17,"deletions":0}}},{"hash":"31f603444298f45c803ba5b04f0db3a1a81ca7e6","isMergeCommit":false,"messageTitle":"update developer guide","messageBody":"","fileTypesAndContributionMap":{"docs":{"insertions":1,"deletions":1}}}]}],"isaaclim01":[{"date":"2025-09-30T00:00:00","commitResults":[{"hash":"d86ba88d99d01c262f892e71f3692a4c4a0bd7c6","isMergeCommit":false,"messageTitle":"Adds my details into AboutUs","messageBody":"","fileTypesAndContributionMap":{"docs":{"insertions":4,"deletions":4}}},{"hash":"a31f96d0c2779c4bec1293fb3eb2733012914641","isMergeCommit":true,"messageTitle":"Merge branch \u0027master\u0027 into edit-aboutus","messageBody":"","fileTypesAndContributionMap":{}},{"hash":"18f0d8a3b228a49ad5ed317914defd769f48416d","isMergeCommit":true,"messageTitle":"Merge pull request #25 from Strikerprv/edit-aboutus","messageBody":"Add Dong Jun\u0027s details in AboutUs page","fileTypesAndContributionMap":{}}]},{"date":"2025-10-01T00:00:00","commitResults":[{"hash":"b32d37bf3b0dcaa2930c18c26970a72e55878f80","isMergeCommit":false,"messageTitle":"Update AboutUs.md","messageBody":"","fileTypesAndContributionMap":{"docs":{"insertions":1,"deletions":1}}}]},{"date":"2025-10-02T00:00:00","commitResults":[{"hash":"0e0901625414ba05fffb2e3a11e76e26586492d9","isMergeCommit":false,"messageTitle":"Updates site-wide settings","messageBody":"","fileTypesAndContributionMap":{"other":{"insertions":1,"deletions":1}}},{"hash":"6f2854fff1602f28347c48327fe42a9eabd0731b","isMergeCommit":false,"messageTitle":"Adds non-functional requirements to developer guide","messageBody":"","fileTypesAndContributionMap":{"docs":{"insertions":10,"deletions":11}}},{"hash":"f77abf110279b1cf458280ed75215472805990df","isMergeCommit":true,"messageTitle":"Merge branch \u0027master\u0027 into edit-developerguide-use-cases","messageBody":"","fileTypesAndContributionMap":{}},{"hash":"413906ad356d45c4c3ade544a8dd8888856cb424","isMergeCommit":true,"messageTitle":"Merge pull request #46 from Strikerprv/edit-developerguide-use-cases","messageBody":"Edit developerguide use cases","fileTypesAndContributionMap":{}},{"hash":"b31f18389ee3126a5ff626c15b59d802e6defcf3","isMergeCommit":true,"messageTitle":"Merge branch \u0027master\u0027 into branch-developerguide","messageBody":"","fileTypesAndContributionMap":{}},{"hash":"647132ca4a4b5ef3271bb86433fe49d4ffb2f533","isMergeCommit":true,"messageTitle":"Merge pull request #47 from timothyleejin/branch-developerguide","messageBody":"Branch developerguide","fileTypesAndContributionMap":{}},{"hash":"2b0e758f209f648fd57c706ded47c1b7dede9561","isMergeCommit":true,"messageTitle":"Merge branch \u0027master\u0027 into update-glossary-branch","messageBody":"","fileTypesAndContributionMap":{}},{"hash":"b5626ac1df954681359d86c91c05af1d52c133c7","isMergeCommit":true,"messageTitle":"Merge pull request #49 from shockingly134/update-glossary-branch","messageBody":"Update glossary","fileTypesAndContributionMap":{}},{"hash":"35e62c4a596aef78d3db6d7b8cba7b28fd3b6504","isMergeCommit":true,"messageTitle":"Merge pull request #50 from timothyleejin/branch-developerguide","messageBody":"Format developer guide","fileTypesAndContributionMap":{}}]},{"date":"2025-10-10T00:00:00","commitResults":[{"hash":"ae94080a9431ef981cbb25e3036bc908422c8c3c","isMergeCommit":false,"messageTitle":"Add shortcuts for most commands","messageBody":"","fileTypesAndContributionMap":{"functional-code":{"insertions":12,"deletions":6}}}]},{"date":"2025-10-16T00:00:00","commitResults":[{"hash":"a4e23bbcc800b971d0d36e7725da4d08324463fb","isMergeCommit":false,"messageTitle":"Add Filter Command basic functionality","messageBody":"","fileTypesAndContributionMap":{"functional-code":{"insertions":315,"deletions":0}}},{"hash":"faa8eae6e64b6a7b300bdf6545fe23b9f8ff8ca9","isMergeCommit":false,"messageTitle":"Add javadoc comments to fix checkstyle issues","messageBody":"","fileTypesAndContributionMap":{"functional-code":{"insertions":22,"deletions":0}}},{"hash":"7a12afe4058787fb32400dde1a1cb6e6b05d82b8","isMergeCommit":false,"messageTitle":"Add tests for Filter Command classes","messageBody":"","fileTypesAndContributionMap":{"functional-code":{"insertions":69,"deletions":1},"test-code":{"insertions":523,"deletions":5}}},{"hash":"bba2ac759f57e02066809e66681e5ef65ba54a8f","isMergeCommit":true,"messageTitle":"Merge pull request #75 from timothyleejin/branch-helpcommand","messageBody":"Edit HelpCommand to update User Guide link and include more information on commands","fileTypesAndContributionMap":{}},{"hash":"4c4d11191947681918dc358148d45b3fbf8e0df0","isMergeCommit":true,"messageTitle":"Merge pull request #78 from timothyleejin/branch-skills","messageBody":"Rename tag field to skill field","fileTypesAndContributionMap":{}},{"hash":"5e32d8fcdee8d5857925753b5641c82d1ea1d1e1","isMergeCommit":true,"messageTitle":"Merge pull request #81 from Kineeeeee/branch-update-filter","messageBody":"Improve filter command","fileTypesAndContributionMap":{}}]},{"date":"2025-10-22T00:00:00","commitResults":[{"hash":"ea72682e72a464b35cba1d8f889a9be05793d3a5","isMergeCommit":true,"messageTitle":"Merge pull request #100 from Strikerprv/fix-home-page","messageBody":"Fix home page","fileTypesAndContributionMap":{}},{"hash":"4f5494a7e00e75cff3dd1af2624de2ba0aead82d","isMergeCommit":true,"messageTitle":"Merge pull request #103 from Strikerprv/add-target-user-into-user-guide","messageBody":"Add target user information","fileTypesAndContributionMap":{}},{"hash":"7dce819c8c98fcddb8369f88725c3385e7031c0f","isMergeCommit":false,"messageTitle":"Revert \"Add target user information\"","messageBody":"","fileTypesAndContributionMap":{"docs":{"insertions":0,"deletions":6}}},{"hash":"f103acd9d26ecc74356f398f7f3b1c202cebb314","isMergeCommit":true,"messageTitle":"Merge pull request #106 from timothyleejin/branch-testmethods","messageBody":"Add more test methods for code coverage","fileTypesAndContributionMap":{}},{"hash":"f5894409a64491edd98808951d53719cc0355d06","isMergeCommit":true,"messageTitle":"Merge pull request #109 from Strikerprv/add-target-user-into-user-guide","messageBody":"Add target user information and prior knowledge","fileTypesAndContributionMap":{}},{"hash":"fcb05c6c30293a755592d07ee57bbaf8c6c3aa9e","isMergeCommit":true,"messageTitle":"Merge pull request #111 from Kineeeeee/branch-update-README","messageBody":"Update UserGuide and README","fileTypesAndContributionMap":{}},{"hash":"d6e305200ea579e92f46ed67d9bc92dd2ceed79b","isMergeCommit":true,"messageTitle":"Merge pull request #105 from Kineeeeee/branch-change-address-to-telegram","messageBody":"Change the Address field to Telegram field","fileTypesAndContributionMap":{}},{"hash":"479ce75cbfbe93aabe00637737f3ff8ec0292524","isMergeCommit":false,"messageTitle":"Revert \"Change the Address field to Telegram field\"","messageBody":"","fileTypesAndContributionMap":{"functional-code":{"insertions":96,"deletions":98},"other":{"insertions":16,"deletions":15},"test-code":{"insertions":234,"deletions":236}}}]},{"date":"2025-10-23T00:00:00","commitResults":[{"hash":"5d650c1a4ddb934b44dfef7eed73ae79e0374a4c","isMergeCommit":true,"messageTitle":"Merge branch \u0027master\u0027 into update-UserGuide-branch","messageBody":"","fileTypesAndContributionMap":{}},{"hash":"c46da2175fc4c2e5de16bfa18268aa7d8c873d98","isMergeCommit":true,"messageTitle":"Merge pull request #114 from shockingly134/update-UserGuide-branch","messageBody":"Add outputs to various commands in user guide","fileTypesAndContributionMap":{}},{"hash":"b3eea775f893a4ee16c71f5d860f6db7606d870b","isMergeCommit":true,"messageTitle":"Merge pull request #116 from Kineeeeee/branch-fix-telegram-field","messageBody":"Fix telegram field","fileTypesAndContributionMap":{}},{"hash":"6215ea6c9cd3a20cd8dbbef45ebfa6a7af8a30f0","isMergeCommit":true,"messageTitle":"Merge pull request #117 from timothyleejin/branch-guichanges","messageBody":"Edit skills and role placement in GUI for improved readability","fileTypesAndContributionMap":{}},{"hash":"b572e85e1da39c168d885337aa45c679b906117b","isMergeCommit":false,"messageTitle":"Update UI with bubble for telegram handle","messageBody":"","fileTypesAndContributionMap":{"functional-code":{"insertions":17,"deletions":8}}},{"hash":"cdc14b235e760c1de43e93323577ea42d66ce732","isMergeCommit":false,"messageTitle":"Add newline at EOF to fix CI","messageBody":"","fileTypesAndContributionMap":{"functional-code":{"insertions":1,"deletions":1}}},{"hash":"4c83afcb89a7b9452d9344448c02b16dab357f17","isMergeCommit":false,"messageTitle":"Change all example addresses to telegram handles","messageBody":"","fileTypesAndContributionMap":{"functional-code":{"insertions":19,"deletions":21},"other":{"insertions":1,"deletions":1},"test-code":{"insertions":55,"deletions":53}}},{"hash":"9a8f324e2c88ec52b6c4d8f4ceb6b7796d94aac1","isMergeCommit":true,"messageTitle":"Merge pull request #123 from timothyleejin/branch-fav","messageBody":"Implement Favourites feature","fileTypesAndContributionMap":{}}]},{"date":"2025-10-24T00:00:00","commitResults":[{"hash":"c1160acf057d32eb511dd93de175943935988fc7","isMergeCommit":false,"messageTitle":"Add sequence diagram for Filter Command","messageBody":"","fileTypesAndContributionMap":{"docs":{"insertions":109,"deletions":0}}},{"hash":"3903792efa7f8c9ea0a6ee2d75e857550ae427ae","isMergeCommit":false,"messageTitle":"Add newline at EOF to fix CI","messageBody":"","fileTypesAndContributionMap":{"docs":{"insertions":1,"deletions":1}}}]},{"date":"2025-10-29T00:00:00","commitResults":[{"hash":"c50007d3369b589aba5af31a00caf6c42c7c1868","isMergeCommit":false,"messageTitle":"Update Filter Sequence Diagram reducing detail","messageBody":"","fileTypesAndContributionMap":{"docs":{"insertions":8,"deletions":12}}},{"hash":"0dd11c2609f3082ede798ebd48a43ac8518c791d","isMergeCommit":false,"messageTitle":"Update Filter Command Message for clarity","messageBody":"","fileTypesAndContributionMap":{"functional-code":{"insertions":1,"deletions":1}}},{"hash":"b51bbe7002786074a441294f8f6f3b9e9fc0b12a","isMergeCommit":false,"messageTitle":"Adds multiple event and roles","messageBody":"","fileTypesAndContributionMap":{"functional-code":{"insertions":229,"deletions":114},"test-code":{"insertions":122,"deletions":106}}},{"hash":"b2292b163a4ec5e798bafdedf6cbf462d04b3343","isMergeCommit":true,"messageTitle":"Merge pull request #160 from timothyleejin/branch-dg","messageBody":"Edit UserGuide and UML diagrams to suit the new features","fileTypesAndContributionMap":{}}]},{"date":"2025-10-30T00:00:00","commitResults":[{"hash":"d05fcc28979e0bb94c4c2fdfad1b8fa8f77655b3","isMergeCommit":false,"messageTitle":"Add partial filtering for remaining fields","messageBody":"","fileTypesAndContributionMap":{"functional-code":{"insertions":4,"deletions":4}}},{"hash":"3fcd90a490493a1e67ddc2912aed5ff5f3c734d3","isMergeCommit":false,"messageTitle":"Fix checkstyle issues","messageBody":"","fileTypesAndContributionMap":{"functional-code":{"insertions":9,"deletions":10}}},{"hash":"b5f463890bb12ff3ec062048a49efcff076a0d4e","isMergeCommit":true,"messageTitle":"Merge pull request #169 from timothyleejin/branch-dg1","messageBody":"Update developer guide appendix","fileTypesAndContributionMap":{}},{"hash":"21dbce137bd8a69ada83deb30cc2c1f7310b8352","isMergeCommit":false,"messageTitle":"Add FilterSequenceDiagram to developer guide","messageBody":"","fileTypesAndContributionMap":{"docs":{"insertions":5,"deletions":1}}},{"hash":"00a8a12b536e5ac3307f8dd4ea99671cec797baa","isMergeCommit":false,"messageTitle":"Update User Guide with screenshots","messageBody":"","fileTypesAndContributionMap":{"docs":{"insertions":19,"deletions":19}}},{"hash":"48c8afba44090e10b061bf181f8986d16eb6be56","isMergeCommit":false,"messageTitle":"Implement multiple event and role functionality","messageBody":"","fileTypesAndContributionMap":{"functional-code":{"insertions":73,"deletions":26},"test-code":{"insertions":12,"deletions":35}}},{"hash":"785ba4f033ef95200002b6f67d0a4d1a4b330831","isMergeCommit":true,"messageTitle":"Merge branch \u0027master\u0027 into branch-Multiple-Event","messageBody":"","fileTypesAndContributionMap":{}},{"hash":"2dbe411afacca5041d20661607435601482cba5e","isMergeCommit":false,"messageTitle":"Add newline at EOF","messageBody":"","fileTypesAndContributionMap":{"functional-code":{"insertions":1,"deletions":1}}},{"hash":"af2c43011a4d9529d9570079aa800882f716387c","isMergeCommit":true,"messageTitle":"Merge branch \u0027branch-Multiple-Event\u0027 of https://github.com/isaaclim01/tp into branch-Multiple-Event","messageBody":"","fileTypesAndContributionMap":{}},{"hash":"5359301507902410d3314cbf5c236a7aae0c62a2","isMergeCommit":true,"messageTitle":"Merge pull request #180 from shockingly134/add-skill-command","messageBody":"Add skill Feature","fileTypesAndContributionMap":{}},{"hash":"7ce3ff10fff620ba3211147c4df59ad3103f05dd","isMergeCommit":true,"messageTitle":"Merge pull request #182 from Strikerprv/add-copy-command","messageBody":"Add copy command","fileTypesAndContributionMap":{}},{"hash":"b141f7bd6bd1780a904fe9427c361914f4b85647","isMergeCommit":false,"messageTitle":"Update DeleteSkillCommand","messageBody":"","fileTypesAndContributionMap":{"functional-code":{"insertions":1,"deletions":2}}},{"hash":"36ad81a8a98e8c7b8694c2a33ae40d56bfbd780f","isMergeCommit":true,"messageTitle":"Merge branch \u0027master\u0027 into branch-Multiple-Event","messageBody":"","fileTypesAndContributionMap":{}},{"hash":"c3cc7bc4275d05c66dcce705ef2060054901a134","isMergeCommit":false,"messageTitle":"Update SampleDataUtil","messageBody":"","fileTypesAndContributionMap":{"functional-code":{"insertions":7,"deletions":7}}},{"hash":"784a918463e1a16703f21267e82ea3453edce796","isMergeCommit":false,"messageTitle":"Update CopyCommand","messageBody":"","fileTypesAndContributionMap":{"functional-code":{"insertions":2,"deletions":2}}},{"hash":"a9f36b3c405b498b6049e5e66154de3f0f15f5ad","isMergeCommit":false,"messageTitle":"Update Person","messageBody":"","fileTypesAndContributionMap":{"functional-code":{"insertions":1,"deletions":1}}},{"hash":"20be84a377f9ce93097b3060c19e1a344f0d4feb","isMergeCommit":false,"messageTitle":"Adjust tests","messageBody":"","fileTypesAndContributionMap":{"test-code":{"insertions":4,"deletions":2}}},{"hash":"94b28532909b542554d9fc3556eb7f5646943bf0","isMergeCommit":true,"messageTitle":"Merge pull request #185 from shockingly134/increase-code-cov","messageBody":"Increase code cov","fileTypesAndContributionMap":{}},{"hash":"f6c202c188f7993b8c195f500e576f2977a81c5a","isMergeCommit":false,"messageTitle":"Update UI","messageBody":"","fileTypesAndContributionMap":{"functional-code":{"insertions":7,"deletions":5}}},{"hash":"c3e262aacb486537f6a6255ac557e6d58e50554d","isMergeCommit":false,"messageTitle":"Fix filter command to validate input","messageBody":"","fileTypesAndContributionMap":{"functional-code":{"insertions":161,"deletions":66},"test-code":{"insertions":1,"deletions":1}}},{"hash":"fa51af2914dbe57cde9b7baad66718eb4853a781","isMergeCommit":true,"messageTitle":"Merge pull request #191 from shockingly134/update-deleteskill-commandword","messageBody":"Change delete skill command word","fileTypesAndContributionMap":{}},{"hash":"3a4d2b9a3edf1205bbdada9e9b4da20c05b0e30e","isMergeCommit":true,"messageTitle":"Merge branch \u0027master\u0027 into branch-Bug-Fix","messageBody":"","fileTypesAndContributionMap":{}},{"hash":"a3c573491dac1cbdbee52385d968ffb12f861779","isMergeCommit":false,"messageTitle":"Fix checkstyle","messageBody":"","fileTypesAndContributionMap":{"functional-code":{"insertions":3,"deletions":4}}},{"hash":"dc20847012e71c12a7a165d2623405c1bf8a8330","isMergeCommit":true,"messageTitle":"Merge branch \u0027branch-Bug-Fix\u0027 of https://github.com/isaaclim01/tp into branch-Bug-Fix","messageBody":"","fileTypesAndContributionMap":{}},{"hash":"7ed04ea0fcdd74c1d582b28b77962418ad83a688","isMergeCommit":false,"messageTitle":"Fix EditCommand bugs","messageBody":"","fileTypesAndContributionMap":{"functional-code":{"insertions":11,"deletions":2}}},{"hash":"1d93b6352e111b23c2a84256d1c9365067a008d4","isMergeCommit":false,"messageTitle":"Adds tests for new error messages","messageBody":"","fileTypesAndContributionMap":{"test-code":{"insertions":28,"deletions":0}}},{"hash":"1e018089a017b914382fcaf56da5bce0452bcd1f","isMergeCommit":true,"messageTitle":"Merge pull request #204 from Strikerprv/initialise-website","messageBody":"Change details of website","fileTypesAndContributionMap":{}},{"hash":"cce6ebe08e0639939e38ed7f8e20332157b9c458","isMergeCommit":true,"messageTitle":"Merge pull request #201 from timothyleejin/branch-bugs","messageBody":"Fix fav feature error message","fileTypesAndContributionMap":{}},{"hash":"3d077d7fa38d21f985051b6d85467c3fcdfa61db","isMergeCommit":true,"messageTitle":"Merge pull request #203 from shockingly134/update-usecase","messageBody":"Update developer guide uses cases and appendix","fileTypesAndContributionMap":{}}]}],"Kineeeeee":[{"date":"2025-09-30T00:00:00","commitResults":[{"hash":"4bcb006bc275ce0bec2890e2c9f3496efb5544d8","isMergeCommit":false,"messageTitle":"Update AboutUs.md","messageBody":"","fileTypesAndContributionMap":{"docs":{"insertions":2,"deletions":2}}},{"hash":"52475192841b1280c5f23194292c981dfac8263f","isMergeCommit":false,"messageTitle":"Update AboutUs","messageBody":"","fileTypesAndContributionMap":{"docs":{"insertions":2,"deletions":2}}}]},{"date":"2025-10-01T00:00:00","commitResults":[{"hash":"5dfde859cfad7a8a2382a6e8b56e0e98fb9b98d0","isMergeCommit":false,"messageTitle":"Update file\u0027s name","messageBody":"","fileTypesAndContributionMap":{"docs":{"insertions":1,"deletions":1}}},{"hash":"0f253d86ef1b0558f4051dab7ccfba8af0125f98","isMergeCommit":true,"messageTitle":"Merge pull request #31 from Kineeeeee/branch-update-file-name","messageBody":"Update file\u0027s name","fileTypesAndContributionMap":{}}]},{"date":"2025-10-16T00:00:00","commitResults":[{"hash":"976f485a8de69a84ce9e435bb802cb980890493a","isMergeCommit":false,"messageTitle":"Improve filter command","messageBody":"","fileTypesAndContributionMap":{"functional-code":{"insertions":160,"deletions":145},"test-code":{"insertions":104,"deletions":39}}},{"hash":"473926db0f847f31a188b83a6459844ce669eae4","isMergeCommit":false,"messageTitle":"Fix code style","messageBody":"","fileTypesAndContributionMap":{"functional-code":{"insertions":9,"deletions":12},"test-code":{"insertions":12,"deletions":16}}}]},{"date":"2025-10-22T00:00:00","commitResults":[{"hash":"f349764e0aeedc9fc64f4495bff546deed66241a","isMergeCommit":false,"messageTitle":"Change the Address field to Telegram field","messageBody":"","fileTypesAndContributionMap":{"functional-code":{"insertions":98,"deletions":96},"other":{"insertions":15,"deletions":16},"test-code":{"insertions":236,"deletions":234}}},{"hash":"f7b38d7c9af2d5ab129f4c77e5b3aba66f902037","isMergeCommit":true,"messageTitle":"Merge branch \u0027master\u0027 into branch-change-address-to-telegram","messageBody":"","fileTypesAndContributionMap":{}},{"hash":"a2cfaad30a20803c1738d7b0145d140f6d02a918","isMergeCommit":false,"messageTitle":"Update UserGuide and README","messageBody":"","fileTypesAndContributionMap":{"docs":{"insertions":26,"deletions":22}}},{"hash":"ebea9051613d68db56ccc46cba1d75d487472c09","isMergeCommit":true,"messageTitle":"Merge branch \u0027master\u0027 into branch-update-README","messageBody":"","fileTypesAndContributionMap":{}}]},{"date":"2025-10-23T00:00:00","commitResults":[{"hash":"32e9f6f04cac58f7bf39ef1661e4a5023c2d1437","isMergeCommit":false,"messageTitle":"Change the Address field to Telegram field","messageBody":"","fileTypesAndContributionMap":{"functional-code":{"insertions":98,"deletions":96},"other":{"insertions":15,"deletions":16},"test-code":{"insertions":236,"deletions":234}}},{"hash":"72aaccf172c993ee91ce664aac8d5defaa352170","isMergeCommit":false,"messageTitle":"Fix change from address to telegram","messageBody":"","fileTypesAndContributionMap":{"test-code":{"insertions":5,"deletions":5}}},{"hash":"18ea64ce39147ba8310fa8b6babb9a49e3c421aa","isMergeCommit":false,"messageTitle":"Update BetterModelClassDiagram.puml","messageBody":"","fileTypesAndContributionMap":{"docs":{"insertions":6,"deletions":5}}}]},{"date":"2025-10-24T00:00:00","commitResults":[{"hash":"e391851bc2fca7a23387a06b8619824492e6a0f2","isMergeCommit":false,"messageTitle":"Update BetterModelClassDiagram.puml","messageBody":"","fileTypesAndContributionMap":{"docs":{"insertions":0,"deletions":2}}}]},{"date":"2025-10-29T00:00:00","commitResults":[{"hash":"51f529686abce8621e5df5c3ec2c9041cc3c0612","isMergeCommit":false,"messageTitle":"Fix UserGuide","messageBody":"","fileTypesAndContributionMap":{"docs":{"insertions":14,"deletions":14}}},{"hash":"591bc87f4a943de291b3bceb87c61a177b1cd32e","isMergeCommit":false,"messageTitle":"Add DeleteSkillCommand feature","messageBody":"","fileTypesAndContributionMap":{"functional-code":{"insertions":167,"deletions":3},"test-code":{"insertions":154,"deletions":0}}},{"hash":"83f4c0687ee1dd5d530544ff49e5eaa56d99a880","isMergeCommit":false,"messageTitle":"Fix test coverage","messageBody":"","fileTypesAndContributionMap":{"functional-code":{"insertions":0,"deletions":3},"test-code":{"insertions":17,"deletions":0}}}]}],"Strikerprv":[{"date":"2025-09-30T00:00:00","commitResults":[{"hash":"c1866a44f71aa0fb223038d10d52996bf98e3d88","isMergeCommit":false,"messageTitle":"Edit aboutus and add strikerprv.md into team folder","messageBody":"","fileTypesAndContributionMap":{"docs":{"insertions":67,"deletions":20}}},{"hash":"f4f5b1d81bac24dfeeb382fbf88a8a8962fa3a93","isMergeCommit":true,"messageTitle":"Merge pull request #15 from timothyleejin/branch-editAboutMe","messageBody":"Add Timothy\u0027s details to AboutUs.md","fileTypesAndContributionMap":{}},{"hash":"d30103e5a22ba3870cad2913b73dc0bd9e514d67","isMergeCommit":true,"messageTitle":"Merge pull request #16 from isaaclim01/branch-About-Us","messageBody":"Adds my details into AboutUs","fileTypesAndContributionMap":{}},{"hash":"dcde1346422f20acec9f0788715781787cf59bae","isMergeCommit":true,"messageTitle":"Merge pull request #18 from shockingly134/branch-portfolio","messageBody":"Updated About Me","fileTypesAndContributionMap":{}}]},{"date":"2025-10-01T00:00:00","commitResults":[{"hash":"db978e495da47db3572b26787b7e66b734e5cf94","isMergeCommit":false,"messageTitle":"Edit README.md","messageBody":"","fileTypesAndContributionMap":{"docs":{"insertions":141,"deletions":11}}}]},{"date":"2025-10-02T00:00:00","commitResults":[{"hash":"2443364289569a0d650656ed390fabe154d310a8","isMergeCommit":true,"messageTitle":"Merge pull request #36 from isaaclim01/branch-site-settings","messageBody":"Updates site-wide settings","fileTypesAndContributionMap":{}},{"hash":"91594641525d19293e61e355eb196040ddc0e3af","isMergeCommit":true,"messageTitle":"Merge pull request #39 from timothyleejin/branch-developerguide","messageBody":"Edit developer guide heading","fileTypesAndContributionMap":{}},{"hash":"04903deda447f2a0468c15305c5730455a340b46","isMergeCommit":false,"messageTitle":"Add user cases in DeveloperGuide","messageBody":"","fileTypesAndContributionMap":{"docs":{"insertions":31,"deletions":1}}},{"hash":"67f3e5b75717759b7c5800dc0c1085ef2f969cb4","isMergeCommit":false,"messageTitle":"Edit use case placement in Developer Guide","messageBody":"","fileTypesAndContributionMap":{"docs":{"insertions":39,"deletions":74}}}]},{"date":"2025-10-09T00:00:00","commitResults":[{"hash":"08e43bf7573e490164429b2b90aa00272a186306","isMergeCommit":true,"messageTitle":"Merge pull request #58 from timothyleejin/branch-rolefeature","messageBody":"Add role feature","fileTypesAndContributionMap":{}},{"hash":"bb56fb1f6d5164e47f7ed65de52acc11981bfa5b","isMergeCommit":false,"messageTitle":"Add role as a field for contact construction","messageBody":"","fileTypesAndContributionMap":{"functional-code":{"insertions":28,"deletions":6}}},{"hash":"7a7a213183062b5f9ef9ae99b71cb12893401816","isMergeCommit":false,"messageTitle":"Integrate RoleCommand and RoleCommandParser class into EditCommand and EditCommandParser","messageBody":"","fileTypesAndContributionMap":{"functional-code":{"insertions":25,"deletions":151},"test-code":{"insertions":0,"deletions":107}}},{"hash":"511e701078d2022d968dc9a5792c26298dee08d9","isMergeCommit":false,"messageTitle":"Fix test cases to include new role field","messageBody":"","fileTypesAndContributionMap":{"functional-code":{"insertions":1,"deletions":1},"test-code":{"insertions":68,"deletions":61}}},{"hash":"b3680f0365ad23981d80b8c61d4f51867fc74e4a","isMergeCommit":false,"messageTitle":"Fix trailing whitespace in README.md and DeveloperGuide.md","messageBody":"","fileTypesAndContributionMap":{"docs":{"insertions":33,"deletions":31}}},{"hash":"49df43fd5754490924f4646e035c25cd714bfe97","isMergeCommit":false,"messageTitle":"Fix ubuntu CI build fail","messageBody":"","fileTypesAndContributionMap":{"docs":{"insertions":3,"deletions":3},"test-code":{"insertions":1,"deletions":1}}},{"hash":"c59cf250ff7c3b246db141ac0208f8b02b5c4e1f","isMergeCommit":false,"messageTitle":"Fix checkstyle violataion","messageBody":"","fileTypesAndContributionMap":{"functional-code":{"insertions":1,"deletions":1}}},{"hash":"2c11a732dba4a7f9c04c08034645e4624f05773c","isMergeCommit":false,"messageTitle":"Fix more checkstyle errors","messageBody":"","fileTypesAndContributionMap":{"functional-code":{"insertions":2,"deletions":1},"test-code":{"insertions":41,"deletions":5}}},{"hash":"84ffee420c52215c2921fb8d5c3357aba9336e50","isMergeCommit":false,"messageTitle":"Increase code test coverage","messageBody":"","fileTypesAndContributionMap":{"test-code":{"insertions":45,"deletions":2}}}]},{"date":"2025-10-14T00:00:00","commitResults":[{"hash":"5cb6a14c9657e8935048e5b7566ce9cd177cfba5","isMergeCommit":true,"messageTitle":"Merge pull request #69 from timothyleejin/branch-gui","messageBody":"Add field names in GUI","fileTypesAndContributionMap":{}}]},{"date":"2025-10-16T00:00:00","commitResults":[{"hash":"3824ff4a52a1f946023980d56d0cc520a64c8803","isMergeCommit":false,"messageTitle":"Fix minor errors in UI display texts","messageBody":"","fileTypesAndContributionMap":{"functional-code":{"insertions":9,"deletions":9},"test-code":{"insertions":1,"deletions":1}}},{"hash":"1f82872b12c67a0b6fde632fb2942df33c3b872a","isMergeCommit":true,"messageTitle":"Merge branch \u0027master\u0027 of https://github.com/AY2526S1-CS2103T-F13-2/tp","messageBody":"","fileTypesAndContributionMap":{}},{"hash":"bbcc0b89dba39a949165a4977bd7fd74f71f8716","isMergeCommit":false,"messageTitle":"Add phone number and email validation to prevent duplicates in AddCommand and EditCommand","messageBody":"","fileTypesAndContributionMap":{"functional-code":{"insertions":158,"deletions":17},"test-code":{"insertions":38,"deletions":14}}},{"hash":"a9e4fe6e5e6570a6cfe8c4eb0c67bcbbdcb42b99","isMergeCommit":false,"messageTitle":"Fix editCommand validation bugs caused by validation checks of phone number and email","messageBody":"","fileTypesAndContributionMap":{"functional-code":{"insertions":11,"deletions":11},"test-code":{"insertions":17,"deletions":17}}},{"hash":"51f70d50843bdab66dd4fc3ed0612d13641bf256","isMergeCommit":false,"messageTitle":"Fix style of code according to checkstyle audit","messageBody":"","fileTypesAndContributionMap":{"functional-code":{"insertions":14,"deletions":14}}}]},{"date":"2025-10-17T00:00:00","commitResults":[{"hash":"5c4d052548dbbcf1e72662e9064cfa5d92bae812","isMergeCommit":true,"messageTitle":"Merge pull request #85 from shockingly134/increase-code-coverage","messageBody":"Increase code coverage for duplicate email and phone","fileTypesAndContributionMap":{}}]},{"date":"2025-10-22T00:00:00","commitResults":[{"hash":"565cc57cc5987241fb0d96361966aacb30ebd6d6","isMergeCommit":true,"messageTitle":"Merge pull request #92 from timothyleejin/branch-userguide1","messageBody":"Add table of contents and fix duplicate titles in UserGuide","fileTypesAndContributionMap":{}},{"hash":"228a81b883b623a1230e2d0a8131ac41bb2903a8","isMergeCommit":true,"messageTitle":"Merge pull request #96 from timothyleejin/branch-userguide1","messageBody":"Edit table of contents in UserGuide","fileTypesAndContributionMap":{}},{"hash":"1aa91ab21c0ec5a48cb167fc317d17d23c062439","isMergeCommit":true,"messageTitle":"Merge pull request #97 from timothyleejin/branch-userguide1","messageBody":"Edit table of contents in userguide","fileTypesAndContributionMap":{}},{"hash":"1667a7d2641079e94fb5a01aea766d1f49db31f1","isMergeCommit":false,"messageTitle":"Update index.md with details of LinkUp","messageBody":"","fileTypesAndContributionMap":{"other":{"insertions":1,"deletions":1},"docs":{"insertions":12,"deletions":7}}},{"hash":"d8b2fd66426306ffd6f54a4c2ea522215e7e4954","isMergeCommit":false,"messageTitle":"Enable assertions for application run and test","messageBody":"","fileTypesAndContributionMap":{"functional-code":{"insertions":0,"deletions":1},"other":{"insertions":5,"deletions":0}}},{"hash":"6fde8147fa467b89ed33b001a1bc0e374d3b115f","isMergeCommit":false,"messageTitle":"Remove old UI.png and add LinkUpUI.png","messageBody":"","fileTypesAndContributionMap":{"docs":{"insertions":1,"deletions":1}}},{"hash":"d2b4ad7ca41561ca5c96514e041258ebfd1b64a9","isMergeCommit":true,"messageTitle":"Merge pull request #94 from shockingly134/update-UI-branch","messageBody":"Update UI to better design","fileTypesAndContributionMap":{}},{"hash":"7dee067b196f2f390a1bf09b27a91978f837919a","isMergeCommit":false,"messageTitle":"Add target user information","messageBody":"","fileTypesAndContributionMap":{"docs":{"insertions":6,"deletions":0}}},{"hash":"3240ff421af80dc8e38ae3493b28bb81b3ff8d15","isMergeCommit":true,"messageTitle":"Merge pull request #107 from AY2526S1-CS2103T-F13-2/revert-103-add-target-user-into-user-guide","messageBody":"Revert \"Add target user information\"","fileTypesAndContributionMap":{}},{"hash":"c28a423c952421f07d066cd22940c72b4f89d11e","isMergeCommit":false,"messageTitle":"Add target user information and prior knowledge","messageBody":"","fileTypesAndContributionMap":{"docs":{"insertions":12,"deletions":3}}},{"hash":"18d2d3530fb4dbeacbb3e0eb653833538c4ece0f","isMergeCommit":true,"messageTitle":"Merge branch \u0027master\u0027 into add-target-user-into-user-guide","messageBody":"","fileTypesAndContributionMap":{}}]},{"date":"2025-10-23T00:00:00","commitResults":[{"hash":"518369e9870dccfbc9239db6f2dbeddfe5a9377a","isMergeCommit":true,"messageTitle":"Merge pull request #124 from isaaclim01/branch-Fix-Telegram-Examples","messageBody":"Change all example addresses to telegram handles","fileTypesAndContributionMap":{}},{"hash":"6015a448302f649d5ec9d24b411b0dcc84b375c7","isMergeCommit":false,"messageTitle":"Add delete multiple indices functionality into DeleteCommand and the respective parser","messageBody":"","fileTypesAndContributionMap":{"functional-code":{"insertions":64,"deletions":20}}},{"hash":"c40311560516814d65db2a2b635f3e46eb61b954","isMergeCommit":false,"messageTitle":"Refactor DeleteCommand code to remove repetitions","messageBody":"","fileTypesAndContributionMap":{"functional-code":{"insertions":7,"deletions":12}}},{"hash":"640af510fe95a39f9bff9c5f416c7810ffe00f6b","isMergeCommit":false,"messageTitle":"Fix test cases for DeleteCommand and DeleteCommandParser","messageBody":"","fileTypesAndContributionMap":{"functional-code":{"insertions":6,"deletions":10},"test-code":{"insertions":62,"deletions":17}}},{"hash":"fd561b776a925651db1624a0d8d7f4602e73cc21","isMergeCommit":true,"messageTitle":"Merge branch \u0027master\u0027 into delete-multiple-feature","messageBody":"","fileTypesAndContributionMap":{}}]},{"date":"2025-10-27T00:00:00","commitResults":[{"hash":"52522ea29415ad936bee9a4341061e9708e5f28d","isMergeCommit":false,"messageTitle":"Amend the UML diagram for Delete Command","messageBody":"","fileTypesAndContributionMap":{"docs":{"insertions":9,"deletions":8}}}]},{"date":"2025-10-28T00:00:00","commitResults":[{"hash":"2dd52a4b00f4f28affbac683ac19910c71e669bd","isMergeCommit":false,"messageTitle":"Implement Telegram validation regex","messageBody":"","fileTypesAndContributionMap":{"functional-code":{"insertions":4,"deletions":3},"test-code":{"insertions":32,"deletions":12}}},{"hash":"75b8abb7e0cb55b802e676f7b9f474f07158703e","isMergeCommit":false,"messageTitle":"Fix failing failing test cases and check style","messageBody":"","fileTypesAndContributionMap":{"test-code":{"insertions":10,"deletions":8}}}]},{"date":"2025-10-29T00:00:00","commitResults":[{"hash":"a497803de6ccd29bd9dc015da9cf55cf8a0c1388","isMergeCommit":false,"messageTitle":"Fix UI to remove black boxes at the bottom when there is only one contact","messageBody":"","fileTypesAndContributionMap":{"functional-code":{"insertions":6,"deletions":0}}}]},{"date":"2025-10-30T00:00:00","commitResults":[{"hash":"e89c5716630b43d31ae8d4902f7a98335f0b61ca","isMergeCommit":false,"messageTitle":"Change colour of contacts display when it is empty","messageBody":"","fileTypesAndContributionMap":{"functional-code":{"insertions":1,"deletions":1}}},{"hash":"a7a18e463024ad107a101cc14af4f980efdbb762","isMergeCommit":false,"messageTitle":"Fix mislabelling of Telegram and Email in Messages format function","messageBody":"","fileTypesAndContributionMap":{"functional-code":{"insertions":5,"deletions":5}}},{"hash":"97dba82632e7127f9022ede1e846b8866dae0729","isMergeCommit":true,"messageTitle":"Merge pull request #166 from Kineeeeee/branch-add-deleteSkill-command","messageBody":"Add DeleteSkillCommand feature","fileTypesAndContributionMap":{}},{"hash":"964ee99c4e5e2c699c397bce688b12501b37de79","isMergeCommit":false,"messageTitle":"Fix duplicate name issue where you can add John Doe and john doe","messageBody":"","fileTypesAndContributionMap":{"functional-code":{"insertions":2,"deletions":2}}},{"hash":"156f805f1affffff38944e895a9db4d9bed1b8cb","isMergeCommit":false,"messageTitle":"Add CopyCommand functionality","messageBody":"","fileTypesAndContributionMap":{"functional-code":{"insertions":129,"deletions":18}}},{"hash":"15f97061998af72db5f5219dbd8c08224902e54f","isMergeCommit":false,"messageTitle":"Change CopyCommand fuctionality to work even when clipboard is unavailable","messageBody":"","fileTypesAndContributionMap":{"functional-code":{"insertions":25,"deletions":20}}},{"hash":"9b8030ae6a0508bced8cbbfcd301ae797cbf430d","isMergeCommit":false,"messageTitle":"Construct and Fix test code","messageBody":"","fileTypesAndContributionMap":{"functional-code":{"insertions":28,"deletions":5},"test-code":{"insertions":129,"deletions":2}}},{"hash":"c4177b739f204c6ed2123b9c79da11dbc8c1cb56","isMergeCommit":false,"messageTitle":"Amend test case","messageBody":"","fileTypesAndContributionMap":{"test-code":{"insertions":1,"deletions":1}}},{"hash":"9ead240dffc1ac1a0f8f73c9bbaeb70565bdc6ec","isMergeCommit":false,"messageTitle":"Add validation to prevent duplicate Telegrams","messageBody":"","fileTypesAndContributionMap":{"functional-code":{"insertions":45,"deletions":2}}},{"hash":"4320f39371d920da8f469ca6acab79f473d7cddc","isMergeCommit":false,"messageTitle":"Add test case for duplicate telegram","messageBody":"","fileTypesAndContributionMap":{"test-code":{"insertions":34,"deletions":4}}},{"hash":"80b9bba2370b0a60d3c108410f887fffd9ef24a7","isMergeCommit":false,"messageTitle":"Add test cases for Copy Command","messageBody":"","fileTypesAndContributionMap":{"functional-code":{"insertions":3,"deletions":2},"test-code":{"insertions":23,"deletions":13}}},{"hash":"25d56c95f3912b7ffea1fdcc5867a599f7f5178b","isMergeCommit":false,"messageTitle":"Fix checkstyle issues","messageBody":"","fileTypesAndContributionMap":{"test-code":{"insertions":14,"deletions":3}}},{"hash":"25de124c871a89b821eae1e83e9ffaf337853829","isMergeCommit":true,"messageTitle":"Merge switch-to-markbind branch","messageBody":"","fileTypesAndContributionMap":{}},{"hash":"2b0e1c031db8ddcc55b8f33779027b8d11fce201","isMergeCommit":false,"messageTitle":"Change details of website","messageBody":"","fileTypesAndContributionMap":{"docs":{"insertions":1,"deletions":1}}}]}],"timothyleejin":[{"date":"2025-09-20T00:00:00","commitResults":[{"hash":"dc8838903d4c0c6b67d0607f8e51c2d4eb882065","isMergeCommit":false,"messageTitle":"Add product name to README","messageBody":"","fileTypesAndContributionMap":{"docs":{"insertions":2,"deletions":0}}},{"hash":"2f1830d54b23ac94df3d1a13fd2485160dc0c79b","isMergeCommit":true,"messageTitle":"Merge pull request #1 from timothyleejin/master","messageBody":"Add product name to README","fileTypesAndContributionMap":{}},{"hash":"8d9ff0302834a4f42f52e88bef2b0dd294c4490a","isMergeCommit":false,"messageTitle":"Edit user guide","messageBody":"","fileTypesAndContributionMap":{"docs":{"insertions":1,"deletions":1}}},{"hash":"4b08dbc2ff5fcb716d624b6ea0ddeade2877c3ba","isMergeCommit":true,"messageTitle":"Merge pull request #2 from timothyleejin/master","messageBody":"Edit user guide","fileTypesAndContributionMap":{}}]},{"date":"2025-09-30T00:00:00","commitResults":[{"hash":"c2cc81f5eb0fbd82fc264d46356af77f99f1476c","isMergeCommit":false,"messageTitle":"Add Timothy\u0027s details to AboutUs.md","messageBody":"","fileTypesAndContributionMap":{"docs":{"insertions":4,"deletions":5}}},{"hash":"106508f6d72c85f9d5d46b63c717da3f89e507fe","isMergeCommit":true,"messageTitle":"Merge pull request #26 from Kineeeeee/branch-add-aboutUs","messageBody":"Add Kien\u0027s details in AboutUs","fileTypesAndContributionMap":{}},{"hash":"f1f6b61f853b37467a438eb5dda3de100ea2539f","isMergeCommit":false,"messageTitle":"Add shockingly134.md","messageBody":"","fileTypesAndContributionMap":{"docs":{"insertions":1,"deletions":1}}}]},{"date":"2025-10-01T00:00:00","commitResults":[{"hash":"cf62b5e04386e5414d3294e392ef7e23ec059a49","isMergeCommit":true,"messageTitle":"Merge pull request #27 from timothyleejin/master","messageBody":"Edit AboutUs to make the page appear as expected","fileTypesAndContributionMap":{}},{"hash":"f61c2e75b066aa324d9c3976bf0817dd930192d8","isMergeCommit":true,"messageTitle":"Merge pull request #30 from isaaclim01/branch-Dummy","messageBody":"Update AboutUs.md","fileTypesAndContributionMap":{}}]},{"date":"2025-10-02T00:00:00","commitResults":[{"hash":"134efcd788a69ff602771b76ad129a724f6b53f4","isMergeCommit":false,"messageTitle":"Edit developer guide heading","messageBody":"","fileTypesAndContributionMap":{"docs":{"insertions":24,"deletions":0}}},{"hash":"af9d5977edbaa7470e8a89ad83802f67d67c0ddd","isMergeCommit":false,"messageTitle":"Add target user profile in developer guide","messageBody":"","fileTypesAndContributionMap":{"docs":{"insertions":51,"deletions":2}}},{"hash":"83940f6dba776a97f00f2bc285db5de91447258d","isMergeCommit":false,"messageTitle":"Add target user profile to developer guide","messageBody":"","fileTypesAndContributionMap":{"docs":{"insertions":42,"deletions":78}}},{"hash":"05f5174d4d3099553fa5cd79c009419b4c1a7de3","isMergeCommit":true,"messageTitle":"Merge pull request #45 from isaaclim01/branch-developer-guide","messageBody":"Adds non-functional requirements to developer guide","fileTypesAndContributionMap":{}},{"hash":"0ed1500beca205224266693900855279803a4457","isMergeCommit":false,"messageTitle":"Format developer guide","messageBody":"","fileTypesAndContributionMap":{"docs":{"insertions":5,"deletions":9}}}]},{"date":"2025-10-08T00:00:00","commitResults":[{"hash":"c6db9d9cfd53468fbe08239b5135e472e206a76f","isMergeCommit":false,"messageTitle":"Add role feature","messageBody":"","fileTypesAndContributionMap":{"functional-code":{"insertions":228,"deletions":11},"test-code":{"insertions":10,"deletions":9}}},{"hash":"542a60fb7b3c9761561ea37de6d7a06feed8ef92","isMergeCommit":false,"messageTitle":"Fix bugs to pass PR checks","messageBody":"","fileTypesAndContributionMap":{"functional-code":{"insertions":1,"deletions":0}}},{"hash":"ebb6f9f049d32a11971c3c5439a8d0f029b9bc46","isMergeCommit":false,"messageTitle":"Fix bugs to pass PR checks","messageBody":"","fileTypesAndContributionMap":{"functional-code":{"insertions":1,"deletions":1}}},{"hash":"2192ee47d03ef02ede197f77440347c4cb6e4444","isMergeCommit":false,"messageTitle":"Fix bugs to pass PR checks","messageBody":"","fileTypesAndContributionMap":{"functional-code":{"insertions":16,"deletions":9}}},{"hash":"746ee016e8a81c8b4c6e2be505a57dedceb16b3c","isMergeCommit":false,"messageTitle":"Fix bugs to pass PR checks","messageBody":"","fileTypesAndContributionMap":{"functional-code":{"insertions":3,"deletions":1},"test-code":{"insertions":30,"deletions":3}}},{"hash":"fc685a34da0d0095236f21799c9bd9a302cc4cb9","isMergeCommit":false,"messageTitle":"Fix bugs to pass PR checks","messageBody":"","fileTypesAndContributionMap":{"test-code":{"insertions":8,"deletions":4}}},{"hash":"ddd8e9b10797fedb0e7ca1f3c95d74ff9844a9b3","isMergeCommit":false,"messageTitle":"Fix bugs to pass PR checks","messageBody":"","fileTypesAndContributionMap":{"test-code":{"insertions":133,"deletions":0}}}]},{"date":"2025-10-09T00:00:00","commitResults":[{"hash":"eb70d8b1d767fac36633bf91366992d27bf0bfb5","isMergeCommit":false,"messageTitle":"Fix bugs to pass PR checks","messageBody":"","fileTypesAndContributionMap":{"test-code":{"insertions":3,"deletions":3}}},{"hash":"c0b8f2277990d88766b8305e815a16e95dabf684","isMergeCommit":false,"messageTitle":"Fix bugs to pass PR checks","messageBody":"","fileTypesAndContributionMap":{"test-code":{"insertions":0,"deletions":6}}},{"hash":"2f3d6ac779b81aab25acfcce8c7a8887634c9f30","isMergeCommit":false,"messageTitle":"Added tests to pass codecov checks","messageBody":"","fileTypesAndContributionMap":{"test-code":{"insertions":41,"deletions":0}}},{"hash":"b3f638a9dd16686f00e468f5dcca0d7b27854a54","isMergeCommit":true,"messageTitle":"Merge pull request #63 from Strikerprv/add-role-field","messageBody":"Add role field","fileTypesAndContributionMap":{}}]},{"date":"2025-10-10T00:00:00","commitResults":[{"hash":"ac84f2f080df9a6b7af925d253620f6c7ba1dcce","isMergeCommit":true,"messageTitle":"Merge pull request #67 from shockingly134/update-person-event","messageBody":"Update person event","fileTypesAndContributionMap":{}},{"hash":"b9e527f3bb754af4f2bb99b9e78e0e4ee58ca792","isMergeCommit":true,"messageTitle":"Merge pull request #66 from isaaclim01/branch-shortcut-commands","messageBody":"Add shortcuts for most commands","fileTypesAndContributionMap":{}},{"hash":"c476c5226d7b36d391b7d8b27243af7a658acc90","isMergeCommit":false,"messageTitle":"Add field names in GUI","messageBody":"","fileTypesAndContributionMap":{"functional-code":{"insertions":20,"deletions":5}}}]},{"date":"2025-10-14T00:00:00","commitResults":[{"hash":"9e89104f582c8898f55f654c77cb84250909eeed","isMergeCommit":false,"messageTitle":"Edit GUI by swapping role and event placements","messageBody":"","fileTypesAndContributionMap":{"functional-code":{"insertions":4,"deletions":4}}}]},{"date":"2025-10-16T00:00:00","commitResults":[{"hash":"2a40d94cb3ef49169dc1568a4344427d3792738c","isMergeCommit":true,"messageTitle":"Merge pull request #70 from shockingly134/update-user-guide","messageBody":"Update user guide","fileTypesAndContributionMap":{}},{"hash":"4dd5108280372946a50bbaf4a7a71c84e48ee92e","isMergeCommit":false,"messageTitle":"Edit HelpCommand to include more information on commands","messageBody":"","fileTypesAndContributionMap":{"functional-code":{"insertions":13,"deletions":3}}},{"hash":"5584e22d1f376cfa646176baa2f24bb1e6dc17c0","isMergeCommit":false,"messageTitle":"Fix checkstyle errors","messageBody":"","fileTypesAndContributionMap":{"functional-code":{"insertions":11,"deletions":11}}},{"hash":"2c9ab490eef7d14bcb5c71f3164178f85b7bf34a","isMergeCommit":false,"messageTitle":"Rename tag field to skill field","messageBody":"","fileTypesAndContributionMap":{"functional-code":{"insertions":206,"deletions":208},"docs":{"insertions":15,"deletions":15},"test-code":{"insertions":188,"deletions":184}}},{"hash":"bb431b35f4ba045ea44acf4495e0210ef2389cd7","isMergeCommit":false,"messageTitle":"Edit GUI to shift skills row to the last row","messageBody":"","fileTypesAndContributionMap":{"functional-code":{"insertions":5,"deletions":2}}},{"hash":"fb35161f231438553f9f944f757b5478adefa570","isMergeCommit":false,"messageTitle":"Edit ReadMe to change tags to skills","messageBody":"","fileTypesAndContributionMap":{"docs":{"insertions":6,"deletions":6}}},{"hash":"bde275aa943ef546a17f03dc1b642cb90a39456d","isMergeCommit":true,"messageTitle":"Merge branch \u0027master\u0027 into branch-Filter-Command","messageBody":"","fileTypesAndContributionMap":{}},{"hash":"425714bff63b7eeecaec49bf2a936dc43d2475af","isMergeCommit":false,"messageTitle":"Update PersonFilter.java","messageBody":"","fileTypesAndContributionMap":{"functional-code":{"insertions":10,"deletions":10}}},{"hash":"cbec2cbe05bf5935f063352e21c0315402dcd98c","isMergeCommit":false,"messageTitle":"Update FilterCommandParser.java","messageBody":"","fileTypesAndContributionMap":{"functional-code":{"insertions":9,"deletions":9}}},{"hash":"5870a7f8c5436e36d758170fe4ba1b7caef0adbb","isMergeCommit":false,"messageTitle":"Update FilterCommand.java","messageBody":"","fileTypesAndContributionMap":{"functional-code":{"insertions":2,"deletions":2}}},{"hash":"b8bfdff4c8c937cd93151a5b485b8fe88a3bea12","isMergeCommit":false,"messageTitle":"Update FilterPredicate.java","messageBody":"","fileTypesAndContributionMap":{"functional-code":{"insertions":4,"deletions":4}}},{"hash":"17fab52b75b74576dbf133cecc3eb793ffb9576b","isMergeCommit":false,"messageTitle":"Update FilterCommandTest.java","messageBody":"","fileTypesAndContributionMap":{"test-code":{"insertions":2,"deletions":2}}},{"hash":"faa72d908428b18bc6f8fb41a38faac52fc8ec83","isMergeCommit":false,"messageTitle":"Update FilterPredicateTest.java","messageBody":"","fileTypesAndContributionMap":{"test-code":{"insertions":8,"deletions":8}}},{"hash":"a83969e1b26c633a9f6ee28c1b03e524093fdf0c","isMergeCommit":false,"messageTitle":"Update PersonFilterTest.java","messageBody":"","fileTypesAndContributionMap":{"test-code":{"insertions":2,"deletions":2}}},{"hash":"2e6f108873a5030ab9ebb73dc5aa2db137e94a76","isMergeCommit":false,"messageTitle":"Update PersonUtil.java","messageBody":"","fileTypesAndContributionMap":{"test-code":{"insertions":2,"deletions":2}}},{"hash":"6570aa923b9834b55abb8e3b3d32f6ec9eef2146","isMergeCommit":false,"messageTitle":"Update PersonFilterBuilder.java","messageBody":"","fileTypesAndContributionMap":{"test-code":{"insertions":8,"deletions":8}}},{"hash":"5c04981b01d2dd4957590b7e16167b3143e8c3aa","isMergeCommit":false,"messageTitle":"Update PersonFilterBuilder.java","messageBody":"","fileTypesAndContributionMap":{"test-code":{"insertions":1,"deletions":1}}},{"hash":"ca5a015dd4f5c6f4d57ebd0ec86e2b1ce6ffd92c","isMergeCommit":true,"messageTitle":"Merge pull request #79 from isaaclim01/branch-Filter-Command","messageBody":"","fileTypesAndContributionMap":{}},{"hash":"5ef6ee746502f05a52d55de1bbbd719e1ec4f9f6","isMergeCommit":true,"messageTitle":"Merge pull request #83 from Strikerprv/addcommand-validation","messageBody":"Add validation to reject duplicate emails or phone numbers in AddCommand and EditCommand","fileTypesAndContributionMap":{}}]},{"date":"2025-10-21T00:00:00","commitResults":[{"hash":"180ae718706476c61f436af5c4b510b6df58709a","isMergeCommit":false,"messageTitle":"Edit UserGuide to fix command errors and make it more readable","messageBody":"","fileTypesAndContributionMap":{"docs":{"insertions":121,"deletions":113}}},{"hash":"fde6001f14746f3bd4f507790d9df4d23b769491","isMergeCommit":false,"messageTitle":"Edit README to fix errors and make it more readable","messageBody":"","fileTypesAndContributionMap":{"docs":{"insertions":116,"deletions":63}}},{"hash":"2532be1ff1fe9ce56ce0266d945c8cbe6dd36a0e","isMergeCommit":false,"messageTitle":"Edit UserGuide for improved readability","messageBody":"","fileTypesAndContributionMap":{"docs":{"insertions":4,"deletions":8}}},{"hash":"13f6c46fa0d85da1682046522bce77ec38c59b80","isMergeCommit":true,"messageTitle":"Merge pull request #89 from shockingly134/add-faq-branch","messageBody":"Update FAQ with more questions ","fileTypesAndContributionMap":{}}]},{"date":"2025-10-22T00:00:00","commitResults":[{"hash":"2b19cd3823353fd07bac47695527e0e464b8de1f","isMergeCommit":false,"messageTitle":"Add table of contents and fix duplicate titles in UserGuide","messageBody":"","fileTypesAndContributionMap":{"docs":{"insertions":16,"deletions":21}}},{"hash":"d2657f1942c07c481f00c980f775eda0dd0f9412","isMergeCommit":false,"messageTitle":"Edit UserGuide to address PR review comments","messageBody":"","fileTypesAndContributionMap":{"docs":{"insertions":2,"deletions":2}}},{"hash":"845f1b56e37740242481964da8ec28df6b2492fd","isMergeCommit":false,"messageTitle":"Edit table of contents in UserGuide","messageBody":"","fileTypesAndContributionMap":{"docs":{"insertions":2,"deletions":3}}},{"hash":"95270a86b4273c9e55e3a56c4b44d5e1ed9bb141","isMergeCommit":false,"messageTitle":"Edit table of contents in userguide","messageBody":"","fileTypesAndContributionMap":{"docs":{"insertions":4,"deletions":7}}},{"hash":"f4890d49a7ce0a9ebfc8b87bd5f956dfa330ad23","isMergeCommit":false,"messageTitle":"Add more test methods for code coverage","messageBody":"","fileTypesAndContributionMap":{"functional-code":{"insertions":5,"deletions":22},"docs":{"insertions":32,"deletions":22},"test-code":{"insertions":204,"deletions":10}}},{"hash":"16c389bf16cb6e23c9883c91cbcc16fc9f07b434","isMergeCommit":true,"messageTitle":"Merge pull request #112 from AY2526S1-CS2103T-F13-2/revert-105-branch-change-address-to-telegram","messageBody":"Revert \"Change the Address field to Telegram field\"","fileTypesAndContributionMap":{}}]},{"date":"2025-10-23T00:00:00","commitResults":[{"hash":"1e604109631615506749dad959658947f5acad78","isMergeCommit":false,"messageTitle":"Edit skills and role placement in GUI for improved readability","messageBody":"","fileTypesAndContributionMap":{"functional-code":{"insertions":40,"deletions":53}}},{"hash":"e38046db5af032956db90706bd393180b9b16210","isMergeCommit":false,"messageTitle":"Fix checkstyle errors","messageBody":"","fileTypesAndContributionMap":{"functional-code":{"insertions":2,"deletions":2},"docs":{"insertions":11,"deletions":11}}},{"hash":"f7cbaa779d31db169bacdf1858f301e34ca41056","isMergeCommit":false,"messageTitle":"Implement Favourites feature","messageBody":"","fileTypesAndContributionMap":{"functional-code":{"insertions":254,"deletions":0},"test-code":{"insertions":227,"deletions":0}}},{"hash":"21fc6289a97fdcbbfea4cf898a517238e335bdaf","isMergeCommit":false,"messageTitle":"Enable favourites feature to be saved in storage","messageBody":"","fileTypesAndContributionMap":{"functional-code":{"insertions":43,"deletions":9},"docs":{"insertions":10,"deletions":9},"test-code":{"insertions":15,"deletions":13}}},{"hash":"99a3e581668b45dd6087b3747e982485ddd55563","isMergeCommit":false,"messageTitle":"Fix bugs in EditCommand and issues in UserGuide","messageBody":"","fileTypesAndContributionMap":{"functional-code":{"insertions":2,"deletions":2},"docs":{"insertions":8,"deletions":6}}},{"hash":"2e600b80f9d7def810477078f291f2a6719332e0","isMergeCommit":true,"messageTitle":"Merge pull request #121 from isaaclim01/branch-Add-Telegram-Bubble","messageBody":"Update UI with bubble for telegram handle","fileTypesAndContributionMap":{}},{"hash":"bff1281ccb6f7e8cc38eb5764ffc851fe8a06458","isMergeCommit":false,"messageTitle":"Edit UserGuide for favourites feature","messageBody":"","fileTypesAndContributionMap":{"functional-code":{"insertions":1,"deletions":1},"docs":{"insertions":188,"deletions":61},"test-code":{"insertions":1,"deletions":1}}},{"hash":"f3df41f872b39fe2cacddb4cf5d2e5ceed4d6e23","isMergeCommit":true,"messageTitle":"Merge pull request #128 from Strikerprv/delete-multiple-feature","messageBody":"Delete multiple indices feature","fileTypesAndContributionMap":{}},{"hash":"3d66429d98abe82a6c76c8892043c2657e8a0ed8","isMergeCommit":false,"messageTitle":"Enable assertion in build.gradle","messageBody":"","fileTypesAndContributionMap":{"other":{"insertions":1,"deletions":0}}}]},{"date":"2025-10-26T00:00:00","commitResults":[{"hash":"d8eb371adf4f5cc6b186a89dd3691595cda29d57","isMergeCommit":true,"messageTitle":"Merge pull request #135 from Kineeeeee/update-better-model-diagram","messageBody":"Update better model diagram","fileTypesAndContributionMap":{}}]},{"date":"2025-10-27T00:00:00","commitResults":[{"hash":"46207cede7532df9bcc24cd65d63986f49317a54","isMergeCommit":true,"messageTitle":"Merge pull request #139 from shockingly134/update-uml-branch","messageBody":"Update UML files","fileTypesAndContributionMap":{}},{"hash":"3b0a87e408218b194b2440d99357899d7abe4df9","isMergeCommit":true,"messageTitle":"Merge pull request #138 from shockingly134/update-fav-feature","messageBody":"Update favourite feature","fileTypesAndContributionMap":{}},{"hash":"001e2a6ad6876b50c7043df340ba0823e4369110","isMergeCommit":true,"messageTitle":"Merge pull request #141 from Strikerprv/edit-deletecommand-uml-diagram","messageBody":"Amend the UML diagram for Delete Command","fileTypesAndContributionMap":{}}]},{"date":"2025-10-28T00:00:00","commitResults":[{"hash":"0a3aa9aec5289459be7e9502987e12d98dbbe198","isMergeCommit":true,"messageTitle":"Merge pull request #144 from Strikerprv/fix-telegram-validation","messageBody":"Amend Telegram validation regex to correct restrictions","fileTypesAndContributionMap":{}}]},{"date":"2025-10-29T00:00:00","commitResults":[{"hash":"8415ff8c0598463fd24c12b54bdf62a3ac7733db","isMergeCommit":false,"messageTitle":"Update FilterCommand.java","messageBody":"","fileTypesAndContributionMap":{"functional-code":{"insertions":7,"deletions":7}}},{"hash":"abf75a5864b67122cd75f6eac0e3af87b17dad29","isMergeCommit":false,"messageTitle":"Update FilterCommand.java","messageBody":"","fileTypesAndContributionMap":{"functional-code":{"insertions":1,"deletions":1}}},{"hash":"59998dfe87090ca2be6686bfa56b03e9604c0375","isMergeCommit":false,"messageTitle":"Edit UserGuide and UML diagrams to suit the new features","messageBody":"","fileTypesAndContributionMap":{"docs":{"insertions":146,"deletions":127}}},{"hash":"4590fa11e3ef65479f7f40ba0d94f6af902e4d5d","isMergeCommit":true,"messageTitle":"Merge pull request #154 from isaaclim01/branch-Fix-Filter-Message","messageBody":"Update Filter Command Message for clarity","fileTypesAndContributionMap":{}},{"hash":"9926f20470fc60f5c0139d5a68e28761b4e931b4","isMergeCommit":true,"messageTitle":"Merge pull request #148 from isaaclim01/branch-Fix-Filter-Diagram","messageBody":"Update Filter Sequence Diagram reducing detail","fileTypesAndContributionMap":{}},{"hash":"40cffff8f955ef48e3c8bf5780342b19b24dbb29","isMergeCommit":true,"messageTitle":"Merge pull request #163 from Kineeeeee/branch-update-UserGuide","messageBody":"Fix UserGuide","fileTypesAndContributionMap":{}},{"hash":"55a0731fa6f900c79b1429cc502322904d7524d8","isMergeCommit":true,"messageTitle":"Merge pull request #162 from shockingly134/update-use-cases","messageBody":"Update use cases","fileTypesAndContributionMap":{}}]},{"date":"2025-10-30T00:00:00","commitResults":[{"hash":"75224fb99de86bd2b5d1f15fcfbc87a1bb7602fc","isMergeCommit":false,"messageTitle":"Update developer guide appendix","messageBody":"","fileTypesAndContributionMap":{"docs":{"insertions":285,"deletions":201}}},{"hash":"4bd34917322210cc38e0530b60288091f36168e2","isMergeCommit":true,"messageTitle":"Merge pull request #167 from Strikerprv/fix-ui-display","messageBody":"Fix UI display to remove black boxes when contact book has one or no contacts","fileTypesAndContributionMap":{}},{"hash":"394fc92bb6d3662f4a610fcaf73ec29c940150b8","isMergeCommit":true,"messageTitle":"Merge pull request #170 from isaaclim01/branch-Partial-Filter","messageBody":"Add partial filtering for remaining fields","fileTypesAndContributionMap":{}},{"hash":"892df4f1488492e0f3a2696a421d469a33c0215f","isMergeCommit":true,"messageTitle":"Merge pull request #187 from Strikerprv/add-telegram-validation","messageBody":"Add telegram validation to prevent duplicate telegrams","fileTypesAndContributionMap":{}},{"hash":"9cd2e948d1be35e21a77ae9e3f56b3b0c9bbe262","isMergeCommit":false,"messageTitle":"Fix fav feature error message","messageBody":"","fileTypesAndContributionMap":{"functional-code":{"insertions":34,"deletions":10}}},{"hash":"7336a6d43474b3e1a8aa7047d2bebcd38dac45d8","isMergeCommit":false,"messageTitle":"Fix checkstyle issues","messageBody":"","fileTypesAndContributionMap":{"functional-code":{"insertions":30,"deletions":24}}},{"hash":"3d04061843990ce542c15c4c84ec1c187cb78fd3","isMergeCommit":true,"messageTitle":"Merge pull request #192 from isaaclim01/branch-Bug-Fix","messageBody":"Fix filter command to validate input","fileTypesAndContributionMap":{}},{"hash":"f48a62b6a4e29945fe52d7df4d4583da74111f83","isMergeCommit":true,"messageTitle":"Merge pull request #198 from isaaclim01/branch-Bug-Fix-Multiple-Event","messageBody":"Fix EditCommand bugs","fileTypesAndContributionMap":{}},{"hash":"c5f31c8c30728dbc3ec38e97380674bd0f0d25cc","isMergeCommit":true,"messageTitle":"Merge pull request #200 from Strikerprv/change-to-markbind","messageBody":"Switch docs to markbind","fileTypesAndContributionMap":{}},{"hash":"533ed0dd7e5b85231bc473e261aeb8dfe2a62ca3","isMergeCommit":false,"messageTitle":"Update HelpCommand.java","messageBody":"","fileTypesAndContributionMap":{"functional-code":{"insertions":2,"deletions":2}}}]}]},"authorFileTypeContributionMap":{"shockingly134":{"docs":196,"functional-code":438,"test-code":411},"isaaclim01":{"docs":135,"functional-code":739,"test-code":626,"other":2},"Kineeeeee":{"docs":23,"functional-code":328,"test-code":436},"Strikerprv":{"docs":188,"functional-code":415,"test-code":370,"other":6},"timothyleejin":{"docs":704,"functional-code":565,"test-code":652,"other":1}},"authorContributionVariance":{"shockingly134":13294.88,"isaaclim01":43349.203,"Kineeeeee":31423.78,"Strikerprv":17736.486,"timothyleejin":57791.793},"authorDisplayNameMap":{"shockingly134":"CS2103T-F13-2 SHAN..UMAR","isaaclim01":"CS2103T-F13-2 LIM ..SAAC","Kineeeeee":"CS2103T-F13-2 NGUY..KIEN","Strikerprv":"CS2103T-F13-2 CHEN.. JUN","timothyleejin":"CS2103T-F13-2 LEE ..OTHY"}}
