{"authorDailyContributionsMap":{"SAKICHANNN":[{"date":"2025-10-02T00:00:00","commitResults":[{"hash":"ec79486c4c5d2f77ed8b7a7523b9c2313d07a7f3","isMergeCommit":false,"messageTitle":"Add information in Aboutus.md and in team folder","messageBody":"","fileTypesAndContributionMap":{"docs":{"insertions":55,"deletions":0}}}]},{"date":"2025-10-08T00:00:00","commitResults":[{"hash":"31d7bac64ab58c7e862cc55fca32d9f8726f4d47","isMergeCommit":false,"messageTitle":"docs: add UC10 and UC11, and remove redundant note after UC09","messageBody":"","fileTypesAndContributionMap":{"docs":{"insertions":43,"deletions":10}}},{"hash":"c963f3752b9833a065247a278139310d5c1949dc","isMergeCommit":false,"messageTitle":"recover unintentionally modified UC09","messageBody":"","fileTypesAndContributionMap":{"docs":{"insertions":2,"deletions":1}}}]},{"date":"2025-10-09T00:00:00","commitResults":[{"hash":"2ce6273eda014d0e265b764933739f6efc01e577","isMergeCommit":false,"messageTitle":"fix invalid tag names in sample data","messageBody":"","fileTypesAndContributionMap":{"functional-code":{"insertions":2,"deletions":2}}},{"hash":"e68c02467cf6f12f67c753be46e1d0014e2f3c94","isMergeCommit":false,"messageTitle":"Add Favorite class to model layer","messageBody":"","fileTypesAndContributionMap":{"functional-code":{"insertions":72,"deletions":0},"test-code":{"insertions":25,"deletions":0}}},{"hash":"d190c13a201023e6c53c7bdcfc89e2cce6b7c347","isMergeCommit":false,"messageTitle":"Integrate Favorite field into Person model","messageBody":"","fileTypesAndContributionMap":{"functional-code":{"insertions":40,"deletions":15},"test-code":{"insertions":10,"deletions":1}}},{"hash":"08e0cb918894f81686da0db00dda8a5cbd63b1d1","isMergeCommit":false,"messageTitle":"Add favorite field support to add and edit commands and update tests","messageBody":"","fileTypesAndContributionMap":{"functional-code":{"insertions":59,"deletions":12},"test-code":{"insertions":28,"deletions":12}}},{"hash":"2bb66adafacaef0e8e2128efc6d9aeac9f863ba4","isMergeCommit":false,"messageTitle":"Add favorite star display in UI","messageBody":"","fileTypesAndContributionMap":{"functional-code":{"insertions":12,"deletions":0}}}]},{"date":"2025-10-10T00:00:00","commitResults":[{"hash":"27ef2d98ef5b7f41b67bd66b1d204c177efe7303","isMergeCommit":true,"messageTitle":"Merge remote-tracking branch \u0027origin/master\u0027 into add-favorite","messageBody":"","fileTypesAndContributionMap":{}},{"hash":"2ef4725f747f4d3004d90c56aac251ca57295084","isMergeCommit":false,"messageTitle":"Fix CsvUtil to support Favorite field in Person constructor","messageBody":"","fileTypesAndContributionMap":{"functional-code":{"insertions":3,"deletions":1},"test-code":{"insertions":5,"deletions":2}}},{"hash":"14370531a3adff1d6221d77e10fe684ac77e14ab","isMergeCommit":false,"messageTitle":"Refactor Favorite to separate package for better architecture","messageBody":"","fileTypesAndContributionMap":{"functional-code":{"insertions":7,"deletions":6},"other":{"insertions":2,"deletions":2},"test-code":{"insertions":2,"deletions":2}}}]},{"date":"2025-10-14T00:00:00","commitResults":[{"hash":"6d816eed964d4ee1a25c5c84beda52cbd2994218","isMergeCommit":false,"messageTitle":"Standardize favorite parsing format in AddCommandParser","messageBody":"","fileTypesAndContributionMap":{"functional-code":{"insertions":1,"deletions":3}}},{"hash":"954eee08624da80878f29aa6140cd65a927e4a0f","isMergeCommit":false,"messageTitle":"Sort person list with favorites displayed first","messageBody":"","fileTypesAndContributionMap":{"functional-code":{"insertions":11,"deletions":2}}},{"hash":"1cc3305e54ecebb0607433a493592ad091538fa4","isMergeCommit":false,"messageTitle":"Add visual styling for favorite contacts","messageBody":"","fileTypesAndContributionMap":{"functional-code":{"insertions":11,"deletions":1}}}]},{"date":"2025-10-16T00:00:00","commitResults":[{"hash":"72c0b99ceabd50b4c242579be3431c14976597bd","isMergeCommit":false,"messageTitle":"Optimize favorite sorting mechanism","messageBody":"","fileTypesAndContributionMap":{"functional-code":{"insertions":81,"deletions":13}}},{"hash":"2d68a37baa5acb63dd14017ada0481e1f4983c4b","isMergeCommit":true,"messageTitle":"Merge branch \u0027master\u0027 into add-favorite","messageBody":"","fileTypesAndContributionMap":{}},{"hash":"07c21642e029e3c94b895901e787e160407b3b76","isMergeCommit":false,"messageTitle":"Fix tag and module validation errors in sample data","messageBody":"","fileTypesAndContributionMap":{"functional-code":{"insertions":6,"deletions":2}}}]},{"date":"2025-10-18T00:00:00","commitResults":[{"hash":"ecd88ae4b10aec326c5e2ebb54ce337a5e5dfbd9","isMergeCommit":false,"messageTitle":"Add CommandHistory model class","messageBody":"","fileTypesAndContributionMap":{"functional-code":{"insertions":107,"deletions":0}}},{"hash":"f81f3dd8304c0e603eed577600939f1709264a1c","isMergeCommit":false,"messageTitle":"Add CommandHistoryStorage for persistence","messageBody":"","fileTypesAndContributionMap":{"functional-code":{"insertions":164,"deletions":4}}},{"hash":"c16f775f65bf39536a7ef4c02a24ef8052ad2a27","isMergeCommit":false,"messageTitle":"Integrate CommandHistory into Logic layer","messageBody":"","fileTypesAndContributionMap":{"functional-code":{"insertions":42,"deletions":0}}},{"hash":"56388118f66782020c36a5bde2a9846edc1873fd","isMergeCommit":false,"messageTitle":"Add keyboard navigation to CommandBox UI","messageBody":"","fileTypesAndContributionMap":{"functional-code":{"insertions":79,"deletions":3}}}]},{"date":"2025-10-19T00:00:00","commitResults":[{"hash":"9f05f2be7659d238c47487ee98b50c5d1f9eb8db","isMergeCommit":false,"messageTitle":"Add tests and fix issues in CommandHistory functionality","messageBody":"","fileTypesAndContributionMap":{"functional-code":{"insertions":26,"deletions":6},"test-code":{"insertions":370,"deletions":0}}},{"hash":"d747551203cee9a9b453406b6f930663e5560c55","isMergeCommit":false,"messageTitle":"Restore original command execution flow through MainWindow","messageBody":"","fileTypesAndContributionMap":{"functional-code":{"insertions":4,"deletions":4}}},{"hash":"e95a0d74d3a2fbc0c42cff2428511cd400c16f8e","isMergeCommit":false,"messageTitle":"Fix test failure by ensuring parent directory exists before saving command history","messageBody":"","fileTypesAndContributionMap":{"functional-code":{"insertions":3,"deletions":4}}}]},{"date":"2025-10-28T00:00:00","commitResults":[{"hash":"4528521643d29a1ce2f0f3e67cea523c20678299","isMergeCommit":false,"messageTitle":"Update UserGuide to document favorite and command history features","messageBody":"","fileTypesAndContributionMap":{"docs":{"insertions":75,"deletions":9}}},{"hash":"cfcd1fbe2349f79fb4127eb0202618dd593ccd48","isMergeCommit":false,"messageTitle":"Refactor: Simplify UserGuide style to be more user-focused","messageBody":"- Changed section titles to be more concise\n- Removed implementation details (e.g., \u002710 command limit\u0027, \u0027duplicate filtering\u0027)\n- Focused on what users can do, not how system works\n- Made content more consistent with existing UserGuide style\n- Shortened explanations to be more practical\n","fileTypesAndContributionMap":{"docs":{"insertions":26,"deletions":43}}},{"hash":"39f91c2481e86ed5eb6e2fe878f5ab7ebd37c62f","isMergeCommit":false,"messageTitle":"Remove standalone sections for favorite and command history features","messageBody":"- Deleted \u0027Favorite Contacts\u0027 standalone section\n- Deleted \u0027Navigating Command History\u0027 standalone section\n- Features already documented in add/edit commands where they belong\n- Favorite field already listed in \u0027How Fields Work\u0027 table\n- Fixed incorrect description in Contact Details Panel section\n- Updated table of contents to reflect changes\n","fileTypesAndContributionMap":{"docs":{"insertions":5,"deletions":54}}}]}],"nicholaslimzixian":[{"date":"2025-09-30T00:00:00","commitResults":[{"hash":"840614576c9f85f388a0b2dda81301d5f0529c51","isMergeCommit":false,"messageTitle":"Add Nicholas\u0027s data to AboutUs page","messageBody":"","fileTypesAndContributionMap":{"docs":{"insertions":5,"deletions":47}}}]},{"date":"2025-10-04T00:00:00","commitResults":[{"hash":"6d9484c15bb12a3450580b1b5cd2cc56fae16fd6","isMergeCommit":false,"messageTitle":"Update Developer Guide","messageBody":"","fileTypesAndContributionMap":{"docs":{"insertions":139,"deletions":18}}}]},{"date":"2025-10-08T00:00:00","commitResults":[{"hash":"4c320ebbb98b9350e8144a221bd8b68188cdf7d0","isMergeCommit":false,"messageTitle":"Refine Developer Guide","messageBody":"","fileTypesAndContributionMap":{"docs":{"insertions":34,"deletions":5}}},{"hash":"089bcd9f691d98e2d5b692802e072b8274592faf","isMergeCommit":false,"messageTitle":"Add Faculty field and relevant test cases","messageBody":"","fileTypesAndContributionMap":{"functional-code":{"insertions":306,"deletions":46},"test-code":{"insertions":254,"deletions":45}}}]},{"date":"2025-10-09T00:00:00","commitResults":[{"hash":"a6c1edd00f0174eb5af70005b7e457dbdc348feb","isMergeCommit":false,"messageTitle":"Add Faculty field and relevant test cases","messageBody":"","fileTypesAndContributionMap":{"functional-code":{"insertions":37,"deletions":29},"test-code":{"insertions":241,"deletions":117}}},{"hash":"3754760f301b0c6022445b9974df34d1852f8209","isMergeCommit":false,"messageTitle":"Add Module field","messageBody":"","fileTypesAndContributionMap":{"functional-code":{"insertions":333,"deletions":25}}},{"hash":"cb6df74b793214a8583f58b52d0cf5205de45367","isMergeCommit":false,"messageTitle":"Update Module field RegEx to accomodate more module names","messageBody":"","fileTypesAndContributionMap":{"functional-code":{"insertions":3,"deletions":3}}}]},{"date":"2025-10-15T00:00:00","commitResults":[{"hash":"2d4d6b20fe4a4a01923b3f77f22dd6d1675a8ca9","isMergeCommit":false,"messageTitle":"Fix Checkstyle issues","messageBody":"","fileTypesAndContributionMap":{"functional-code":{"insertions":31,"deletions":8},"test-code":{"insertions":349,"deletions":49}}},{"hash":"f669eab0896e766bbe3c50bed906992aad0b07c5","isMergeCommit":true,"messageTitle":"Fix merge conflicts","messageBody":"","fileTypesAndContributionMap":{}}]},{"date":"2025-10-16T00:00:00","commitResults":[{"hash":"0410be606d1efbf27fad81749a18727655d1b03e","isMergeCommit":true,"messageTitle":"Merge pull request #54 from nuszuoyi/branch-support-find-for-module","messageBody":"Branch support find for module","tags":["v1.3"],"fileTypesAndContributionMap":{}}]},{"date":"2025-10-20T00:00:00","commitResults":[{"hash":"2f7077fb3210be14dc4512516338961d42c20b2a","isMergeCommit":false,"messageTitle":"Add SplitPane for Contact Details Pane in GUI","messageBody":"","fileTypesAndContributionMap":{"functional-code":{"insertions":188,"deletions":6}}},{"hash":"73b1353dd902a3d5591192a479a24eaabcb800b9","isMergeCommit":false,"messageTitle":"Improve GUI of ContactDetailPanel","messageBody":"","fileTypesAndContributionMap":{"functional-code":{"insertions":135,"deletions":63}}},{"hash":"d7469463898d8f8ed264953c2fcd3371f0c0c109","isMergeCommit":false,"messageTitle":"Fix checkstyle issues","messageBody":"","fileTypesAndContributionMap":{"functional-code":{"insertions":3,"deletions":6}}},{"hash":"9d8bf8c8c1fffe944d8132a4b63e1f834f387ba6","isMergeCommit":false,"messageTitle":"Fix checkstyle issues in ContactDetailsPanel.fxml","messageBody":"","fileTypesAndContributionMap":{"functional-code":{"insertions":1,"deletions":2}}}]},{"date":"2025-10-21T00:00:00","commitResults":[{"hash":"bbfaf0ebc350ef7a56f5169bf1ed9ae64183ad55","isMergeCommit":false,"messageTitle":"Change colour scheme to fit NUS colour schema and change UI details","messageBody":"","fileTypesAndContributionMap":{"functional-code":{"insertions":19,"deletions":16}}}]},{"date":"2025-10-22T00:00:00","commitResults":[{"hash":"670066f25f9d3024891072fb4755a0ad4cd4eed3","isMergeCommit":false,"messageTitle":"Fix overflowing texts","messageBody":"","fileTypesAndContributionMap":{"functional-code":{"insertions":102,"deletions":59}}},{"hash":"29ce42b4f2918c1c47ee5b0b72974c82c12f8265","isMergeCommit":false,"messageTitle":"Update UiClassDiagram to reflect ContactDetailsPanel Class","messageBody":"","fileTypesAndContributionMap":{"docs":{"insertions":5,"deletions":1}}}]},{"date":"2025-10-27T00:00:00","commitResults":[{"hash":"e83fbcedf967f2193aaa8a8c4a233e814b0560e5","isMergeCommit":false,"messageTitle":"Update the UG","messageBody":"","fileTypesAndContributionMap":{"docs":{"insertions":134,"deletions":45}}},{"hash":"d68f0b832bbbd6b8862b711e8142908d437047dc","isMergeCommit":false,"messageTitle":"Update DG for v1.5 and index.md","messageBody":"","fileTypesAndContributionMap":{"docs":{"insertions":48,"deletions":6}}}]},{"date":"2025-10-30T00:00:00","commitResults":[{"hash":"1f297207adb6c0c561ee25af53115df8086c7ddf","isMergeCommit":false,"messageTitle":"Change tag colour","messageBody":"","fileTypesAndContributionMap":{"functional-code":{"insertions":2,"deletions":2}}},{"hash":"19b763c37454bd903739da99ed3fb27b85ca4337","isMergeCommit":false,"messageTitle":"Update UG v1.5","messageBody":"","fileTypesAndContributionMap":{"docs":{"insertions":43,"deletions":65}}},{"hash":"d2ae21390467603b31187e6865acdbe3cd4ff05e","isMergeCommit":true,"messageTitle":"Merge branch \u0027master\u0027 into branch-bugfixes-v1.5","messageBody":"","fileTypesAndContributionMap":{}}]}],"DJsudartha":[{"date":"2025-09-30T00:00:00","commitResults":[{"hash":"82c06f9f30e660f44d68a47c8f0daf14a4700533","isMergeCommit":false,"messageTitle":"Add photo","messageBody":"FORGOT TO ADD MESSAGE IN PREVIOUS COMMIT\n\nThis commit is just for fixing previous commit\n","fileTypesAndContributionMap":{"functional-code":{"insertions":1,"deletions":0}}},{"hash":"a7d64b1cdf3d7cee2097cda2f2ec4145ae906a20","isMergeCommit":true,"messageTitle":"Merge pull request #16 from nicholaslimzixian/branch-updating-aboutuspage","messageBody":"Add Nicholas\u0027s data to AboutUs page","fileTypesAndContributionMap":{}},{"hash":"46b5964710de79466f5350cb59afc21977e18aeb","isMergeCommit":false,"messageTitle":"Add data about me in aboutus","messageBody":"","fileTypesAndContributionMap":{"docs":{"insertions":53,"deletions":5}}},{"hash":"5406ef4ce21c19a01b9ad68a626a5dc4474c2851","isMergeCommit":true,"messageTitle":"Merge branch \u0027master\u0027 into master","messageBody":"","fileTypesAndContributionMap":{}},{"hash":"5e28e847eab8bb9891c649fea305ce08ddbaaab2","isMergeCommit":true,"messageTitle":"Merge pull request #18 from nuszuoyi/master","messageBody":"Add Yi\u0027s data to AboutUs page","fileTypesAndContributionMap":{}}]},{"date":"2025-10-05T00:00:00","commitResults":[{"hash":"39ab3d5174f925082639750f704bfdde085fde5b","isMergeCommit":true,"messageTitle":"Merge pull request #27 from nicholaslimzixian/branch-updating-developerguide","messageBody":"Update Developer Guide (Glossary, NFRs, and part of Use Cases)","fileTypesAndContributionMap":{}},{"hash":"7bf04da6435e9b52e6692264021a8449e8fa508f","isMergeCommit":false,"messageTitle":"Add user stories and use case to DG","messageBody":"","fileTypesAndContributionMap":{"docs":{"insertions":120,"deletions":8}}}]},{"date":"2025-10-07T00:00:00","commitResults":[{"hash":"e704d1219b703fb6eec675bd11aa85e2abb44fdd","isMergeCommit":false,"messageTitle":"Update DeveloperGuide.md","messageBody":"","fileTypesAndContributionMap":{"docs":{"insertions":24,"deletions":23}}},{"hash":"06531821756cd121a7f5aa493b642c1b71d2eeb0","isMergeCommit":false,"messageTitle":"Fix DG","messageBody":"","fileTypesAndContributionMap":{"docs":{"insertions":2,"deletions":14}}},{"hash":"3c84f98d2d1ea53addce4b11523892299d90de1b","isMergeCommit":false,"messageTitle":"Fix format for use cases in DG","messageBody":"","fileTypesAndContributionMap":{"docs":{"insertions":38,"deletions":14}}},{"hash":"06160c5fbbf5b1de3b7711127ac4221778ae8416","isMergeCommit":true,"messageTitle":"Merge pull request #32 from DJsudartha/branch-DG","messageBody":"Add changes to Developer Guide","fileTypesAndContributionMap":{}}]},{"date":"2025-10-09T00:00:00","commitResults":[{"hash":"f439325d5088b19e2c996c8dda1db6af706c5391","isMergeCommit":true,"messageTitle":"Merge pull request #34 from SAKICHANNN/branch-Docs-UseCases","messageBody":"Add UC10 and UC11","fileTypesAndContributionMap":{}},{"hash":"bdcd3a3d363bd5d0e705792c5a5783cb1b5d16f2","isMergeCommit":false,"messageTitle":"made readCSV function and all classes needed for CSV","messageBody":"","fileTypesAndContributionMap":{"functional-code":{"insertions":83,"deletions":0},"other":{"insertions":2,"deletions":0}}},{"hash":"ecf50312a4c7231731be7736a6273281cbe73a97","isMergeCommit":false,"messageTitle":"Made writeContactsToCSV function","messageBody":"","fileTypesAndContributionMap":{"functional-code":{"insertions":35,"deletions":1}}},{"hash":"18dc4f5e8ceb2c2bfdf2a40a97d3298292af55bf","isMergeCommit":false,"messageTitle":"Fix checkstyle issues","messageBody":"","fileTypesAndContributionMap":{"functional-code":{"insertions":14,"deletions":10}}},{"hash":"e0fd7e3548a6cb924c1473d5397db2edc507fd52","isMergeCommit":false,"messageTitle":"more checkstyle fixing","messageBody":"","fileTypesAndContributionMap":{"functional-code":{"insertions":42,"deletions":5}}},{"hash":"b4e4d827a28181b4678257032242be0861acc7ea","isMergeCommit":true,"messageTitle":"Merge branch \u0027master\u0027 into branch-support-tag-find","messageBody":"","fileTypesAndContributionMap":{}},{"hash":"9735f2bdee31c34f221ad31402581cf5dfdbdda3","isMergeCommit":true,"messageTitle":"Merge pull request #36 from nuszuoyi/branch-support-tag-find","messageBody":"Feature: Enhance find command to allow searching by tag","fileTypesAndContributionMap":{}},{"hash":"6dfac99b48e66986c0266018af0b9dfb6d59fa23","isMergeCommit":false,"messageTitle":"add tests for csvutil","messageBody":"","fileTypesAndContributionMap":{"functional-code":{"insertions":6,"deletions":2},"test-code":{"insertions":86,"deletions":0}}},{"hash":"84344e4cdfa02479803d06836b14897814dc2cac","isMergeCommit":false,"messageTitle":"checkstyle fix on testdata","messageBody":"","fileTypesAndContributionMap":{"test-code":{"insertions":3,"deletions":1}}},{"hash":"aa59d4caaeb705843bdfaa6e8d7f3df87034ea03","isMergeCommit":false,"messageTitle":"Code style fix","messageBody":"","fileTypesAndContributionMap":{"functional-code":{"insertions":38,"deletions":20}}},{"hash":"0a4d0b6e1a0fdbb7e407ca01f99d68608df8afc7","isMergeCommit":true,"messageTitle":"Merge branch \u0027AY2526S1-CS2103T-T17-2:master\u0027 into branch-CSVFile","messageBody":"","fileTypesAndContributionMap":{}},{"hash":"44d79893c96d1088c711b116c60771ce8ec4a6d7","isMergeCommit":false,"messageTitle":"Update CsvUtil.java","messageBody":"","fileTypesAndContributionMap":{"functional-code":{"insertions":0,"deletions":2}}},{"hash":"47a8c396a81d891e7a8e4cbd4186c8330ad6a973","isMergeCommit":true,"messageTitle":"Merge pull request #42 from DJsudartha/branch-CSVFile","messageBody":"Add CSV features","fileTypesAndContributionMap":{}}]},{"date":"2025-10-15T00:00:00","commitResults":[{"hash":"7e533dc18a22546c08875793ff4f5f85e12819f7","isMergeCommit":true,"messageTitle":"Merge pull request #45 from nuszuoyi/branch-add-select","messageBody":"Feature: Add select command to preload faculty contacts","fileTypesAndContributionMap":{}}]},{"date":"2025-10-16T00:00:00","commitResults":[{"hash":"78bbcc6ebadcd84db134c9307c5cae0ea92be10c","isMergeCommit":true,"messageTitle":"Merge pull request #47 from nuszuoyi/branch-more-find","messageBody":"Enhance find command to support faculty and compound searches","fileTypesAndContributionMap":{}},{"hash":"93e6ec46bf7f785a6ad5f6a4cf22ab082de1f621","isMergeCommit":false,"messageTitle":"Fix compatibility bug with Module","messageBody":"","fileTypesAndContributionMap":{"functional-code":{"insertions":31,"deletions":9},"test-code":{"insertions":2,"deletions":4}}},{"hash":"cde04af1d8de9572b9a71a26e28d7b6322c40261","isMergeCommit":false,"messageTitle":"Fix checkstyle warnings","messageBody":"","fileTypesAndContributionMap":{"functional-code":{"insertions":6,"deletions":5}}},{"hash":"28f9f3cbb8b46a2423931cf985b7f526e5164e73","isMergeCommit":false,"messageTitle":"Removed unnecessary fields","messageBody":"","fileTypesAndContributionMap":{"functional-code":{"insertions":5,"deletions":12}}},{"hash":"5e69f031674ea22039ceca6962ffabd5e26c3da0","isMergeCommit":false,"messageTitle":"Make the export command","messageBody":"","fileTypesAndContributionMap":{"functional-code":{"insertions":78,"deletions":19},"test-code":{"insertions":4,"deletions":0}}},{"hash":"e6a53998b1b707310d05fa22c32fb2891858e85b","isMergeCommit":false,"messageTitle":"Make import command","messageBody":"No test cases made yet\n","fileTypesAndContributionMap":{"functional-code":{"insertions":68,"deletions":10},"other":{"insertions":1,"deletions":1}}},{"hash":"e20914368157741c69c8b36e690567d3c8d3d6ac","isMergeCommit":false,"messageTitle":"Fix bugs for import command","messageBody":"","fileTypesAndContributionMap":{"functional-code":{"insertions":10,"deletions":2},"test-code":{"insertions":37,"deletions":3}}},{"hash":"9fa83ab062c804c24e7352d6683cf896f344b609","isMergeCommit":false,"messageTitle":"Add testing for all new classes","messageBody":"","fileTypesAndContributionMap":{"functional-code":{"insertions":0,"deletions":6},"test-code":{"insertions":422,"deletions":1}}},{"hash":"515642df177093154ed62e02232f5d7bf5984a76","isMergeCommit":false,"messageTitle":"fix checkstyle errors","messageBody":"","fileTypesAndContributionMap":{"functional-code":{"insertions":47,"deletions":19},"test-code":{"insertions":16,"deletions":15}}}]},{"date":"2025-10-22T00:00:00","commitResults":[{"hash":"1b2712cac8aee6fd5e5fc52db63bfb08871d447c","isMergeCommit":true,"messageTitle":"Merge pull request #63 from AY2526S1-CS2103T-T17-2/branch-batch-delete","messageBody":"Implement Batch Delete Command","fileTypesAndContributionMap":{}},{"hash":"19b8988666ae4515b847bd7e2141f30ac58767c8","isMergeCommit":false,"messageTitle":"Add default import path for importcommand","messageBody":"","fileTypesAndContributionMap":{"functional-code":{"insertions":21,"deletions":2},"test-code":{"insertions":20,"deletions":85}}},{"hash":"39490903b4a0adc30671d8539660e1bcbe1d8778","isMergeCommit":false,"messageTitle":"Minor styling fixes","messageBody":"","fileTypesAndContributionMap":{"functional-code":{"insertions":4,"deletions":2},"test-code":{"insertions":3,"deletions":92}}},{"hash":"744282b56f9d98090693f5d6ffddc38096af6734","isMergeCommit":false,"messageTitle":"fix checkstyle errors","messageBody":"","fileTypesAndContributionMap":{"functional-code":{"insertions":5,"deletions":10},"test-code":{"insertions":4,"deletions":1}}},{"hash":"631b1ed9138888424d91517d9d4bc6afcfc80b3d","isMergeCommit":false,"messageTitle":"Make autocomplete of commands","messageBody":"","fileTypesAndContributionMap":{"functional-code":{"insertions":69,"deletions":3}}},{"hash":"224f9eeee4da96cea11120da867fa3d3a8a82b40","isMergeCommit":true,"messageTitle":"Merge pull request #65 from nicholaslimzixian/branch-improving-ui","messageBody":"Improve GUI","fileTypesAndContributionMap":{}},{"hash":"135ffc365cd6215e1ee8a90461ddab166469d658","isMergeCommit":true,"messageTitle":"Merge pull request #66 from nicholaslimzixian/branch-change-ui-colour-scheme","messageBody":"Change colour scheme to fit NUS colour schema and change UI details","fileTypesAndContributionMap":{}},{"hash":"2df5bd6b5d81af56ae0af982625cf15bda3def9a","isMergeCommit":false,"messageTitle":"Added autocomplete for import","messageBody":"","fileTypesAndContributionMap":{"functional-code":{"insertions":102,"deletions":5}}},{"hash":"b9dfa5cad46c638aac7a782926e00bd43831bba4","isMergeCommit":true,"messageTitle":"Merge branch \u0027master\u0027 into branch-AutoComplete","messageBody":"","fileTypesAndContributionMap":{}},{"hash":"ac87c68723bdc85caa54461e75c885474d9481f3","isMergeCommit":false,"messageTitle":"Changes to import to fit with Autocomplete","messageBody":"","fileTypesAndContributionMap":{"functional-code":{"insertions":18,"deletions":6}}},{"hash":"3e993fde7dcb1fde63fb7cae5ff8430838469e91","isMergeCommit":false,"messageTitle":"Change message in import","messageBody":"","fileTypesAndContributionMap":{"functional-code":{"insertions":0,"deletions":1}}},{"hash":"3d9871f46217f21ab7558f1703c3536a138de331","isMergeCommit":false,"messageTitle":"fix checkstyle errors","messageBody":"","fileTypesAndContributionMap":{"functional-code":{"insertions":37,"deletions":20},"test-code":{"insertions":29,"deletions":0}}},{"hash":"774b31d8ada125ea4f5748f5b17480f17f9d0e27","isMergeCommit":true,"messageTitle":"Merge pull request #73 from nicholaslimzixian/branch-updating-ui-puml","messageBody":"Update UiClassDiagram to reflect ContactDetailsPanel Class","fileTypesAndContributionMap":{}}]},{"date":"2025-10-23T00:00:00","commitResults":[{"hash":"5726c5a0842caabf0191a79580897783483c1e66","isMergeCommit":true,"messageTitle":"Merge pull request #64 from AY2526S1-CS2103T-T17-2/branch-add-alias","messageBody":"Add alias command","fileTypesAndContributionMap":{}},{"hash":"6334fd0cda3e8d9666a3e57400cdf3d01d10e477","isMergeCommit":true,"messageTitle":"Merge branch \u0027master\u0027 into branch-AutoComplete","messageBody":"","fileTypesAndContributionMap":{}},{"hash":"18be3b2f7b4496139a1aed13d514582edc49e510","isMergeCommit":true,"messageTitle":"Merge branch \u0027master\u0027 into branch-CSVFile","messageBody":"","fileTypesAndContributionMap":{}},{"hash":"b79a1141afb69edf3c93fec6e65af38c4c835a14","isMergeCommit":false,"messageTitle":"enable assertions","messageBody":"","fileTypesAndContributionMap":{"other":{"insertions":4,"deletions":0}}},{"hash":"996939e22c801856fbeaa34139fde2e38b505aa3","isMergeCommit":false,"messageTitle":"Make corrections based on github comments","messageBody":"","fileTypesAndContributionMap":{"functional-code":{"insertions":127,"deletions":107},"test-code":{"insertions":16,"deletions":10}}},{"hash":"d13047827ce3b957a07b777bbc0ca168d698e8c5","isMergeCommit":false,"messageTitle":"github suggestion changes","messageBody":"","fileTypesAndContributionMap":{"functional-code":{"insertions":9,"deletions":1},"test-code":{"insertions":8,"deletions":2}}},{"hash":"52a7e9f1b66f423218fd9e271385efb026114c51","isMergeCommit":true,"messageTitle":"Merge branch \u0027master\u0027 into branch-CSVFile","messageBody":"","fileTypesAndContributionMap":{}},{"hash":"ee00994496796cf12442feaf24c89f4c21ba6858","isMergeCommit":false,"messageTitle":"Merge correction","messageBody":"","fileTypesAndContributionMap":{"test-code":{"insertions":1,"deletions":0}}}]},{"date":"2025-10-25T00:00:00","commitResults":[{"hash":"be37ddde0f866b2d696f393028bfa7a940a6515f","isMergeCommit":false,"messageTitle":"Add UML diagram for Export command","messageBody":"","fileTypesAndContributionMap":{"docs":{"insertions":62,"deletions":2}}}]},{"date":"2025-10-28T00:00:00","commitResults":[{"hash":"3e41824db85c438820cdbda76cacb610813ea9da","isMergeCommit":true,"messageTitle":"Merge pull request #84 from nicholaslimzixian/branch-updating-developerguide-v1.5","messageBody":"Update DG for v1.5 and index.md","fileTypesAndContributionMap":{}},{"hash":"394674ae0ae3dd928be4a0d3df0a8f3507b99250","isMergeCommit":false,"messageTitle":"Add import and export inside UG","messageBody":"","fileTypesAndContributionMap":{"docs":{"insertions":30,"deletions":1}}},{"hash":"02fa43d862f874683ffd06becdf9af60651fc656","isMergeCommit":true,"messageTitle":"Merge pull request #85 from AY2526S1-CS2103T-T17-2/branch-fix-alpha-bug-yi","messageBody":"Update my UG and fix bug in alias","fileTypesAndContributionMap":{}},{"hash":"a0b5c8e11a328685ed7d287d013898d70cf5eac1","isMergeCommit":true,"messageTitle":"Merge branch \u0027master\u0027 into branch-Documentation","messageBody":"","fileTypesAndContributionMap":{}},{"hash":"3f9edc0e096eca74a8970beebadb4425aad9bd3c","isMergeCommit":false,"messageTitle":"synchronize changes in UG","messageBody":"","fileTypesAndContributionMap":{"docs":{"insertions":28,"deletions":13}}},{"hash":"310adbe84ba5b3145ad978088439858557e7a789","isMergeCommit":false,"messageTitle":"Minor bug fixes","messageBody":"","fileTypesAndContributionMap":{"docs":{"insertions":13,"deletions":11}}},{"hash":"1e8a167e340383acdcf200ec12fa012dbdb9dfd3","isMergeCommit":false,"messageTitle":"Update build.gradle","messageBody":"","fileTypesAndContributionMap":{"other":{"insertions":1,"deletions":1}}}]},{"date":"2025-10-29T00:00:00","commitResults":[{"hash":"a8c2c81fdbb00f34f40fcc3ce43dc537fb9c6a91","isMergeCommit":true,"messageTitle":"Merge branch \u0027AY2526S1-CS2103T-T17-2:master\u0027 into master","messageBody":"","fileTypesAndContributionMap":{}},{"hash":"8f4c0a4ec33f75df17f83f61679d46e86c8f0091","isMergeCommit":true,"messageTitle":"Merge branch \u0027AY2526S1-CS2103T-T17-2:master\u0027 into master","messageBody":"","fileTypesAndContributionMap":{}},{"hash":"c8d398910cf07c49e54dbad5da54091238405d76","isMergeCommit":false,"messageTitle":"Fix error #90","messageBody":"","fileTypesAndContributionMap":{"functional-code":{"insertions":85,"deletions":29}}},{"hash":"dc8f2f1557c34a7c42415b802d0baf630c7e9314","isMergeCommit":false,"messageTitle":"Update test cases to suit the changes above","messageBody":"","fileTypesAndContributionMap":{"test-code":{"insertions":6,"deletions":3}}}]},{"date":"2025-10-30T00:00:00","commitResults":[{"hash":"717f185abbcab49665e604670ef8171fa40b4e26","isMergeCommit":false,"messageTitle":"Update ImportCommandTest.java","messageBody":"","fileTypesAndContributionMap":{"test-code":{"insertions":2,"deletions":2}}},{"hash":"9a954cdfe245ae38bb282ec88914e3519eabdd72","isMergeCommit":false,"messageTitle":"checkstyle fix","messageBody":"","fileTypesAndContributionMap":{"test-code":{"insertions":4,"deletions":2}}},{"hash":"d21fed9110ad66ada2c2ee1265db2c3861639bcc","isMergeCommit":true,"messageTitle":"Merge branch \u0027master\u0027 into update-userguide-features","messageBody":"","fileTypesAndContributionMap":{}},{"hash":"059e9910e139d96046eb06b2fd8ab9e8f1e983fe","isMergeCommit":true,"messageTitle":"Merge pull request #92 from SAKICHANNN/update-userguide-features","messageBody":"Update UserGuide to document favorite and command history features","fileTypesAndContributionMap":{}},{"hash":"f2f17264afa09a5c673ae116690e53d708a2da1b","isMergeCommit":true,"messageTitle":"Merge pull request #109 from nicholaslimzixian/branch-bugfixes-v1.5","messageBody":"Change tag colour","fileTypesAndContributionMap":{}}]}],"nuszuoyi":[{"date":"2025-09-30T00:00:00","commitResults":[{"hash":"00d241d78641d52b685db0629c9a360e3123f736","isMergeCommit":true,"messageTitle":"Merge branch \u0027AY2526S1-CS2103T-T17-2:master\u0027 into master","messageBody":"","fileTypesAndContributionMap":{}},{"hash":"9241648c8681b82d00eadd39d89c0c7729dc25c2","isMergeCommit":true,"messageTitle":"Merge pull request #8 from DJsudartha/branch-Addphoto","messageBody":"Add David\u0027s Photo","fileTypesAndContributionMap":{}},{"hash":"9c3f5ff6bc0c4562f08a9d4af07b387b4e034673","isMergeCommit":true,"messageTitle":"Merge pull request #11 from nicholaslimzixian/branch-adding-photo","messageBody":"Add Nicholas\u0027s photo","fileTypesAndContributionMap":{}},{"hash":"c185c4babca64231f129c03138d008b49cb9c215","isMergeCommit":false,"messageTitle":"Editted AboutUs","messageBody":"","fileTypesAndContributionMap":{"docs":{"insertions":3,"deletions":43}}},{"hash":"24d36e0de754bb540681395cea904524d904eaef","isMergeCommit":false,"messageTitle":"Editted AboutUs.md","messageBody":"","fileTypesAndContributionMap":{"docs":{"insertions":4,"deletions":4}}},{"hash":"8a7f3283dfcba9e24619378b803b28f26890fa16","isMergeCommit":true,"messageTitle":"Merge branch \u0027AY2526S1-CS2103T-T17-2:master\u0027 into master","messageBody":"","fileTypesAndContributionMap":{}},{"hash":"6635df9f7b916b18115ee0f0024d76a9d9cecc1c","isMergeCommit":false,"messageTitle":"Update AboutUs.md","messageBody":"","fileTypesAndContributionMap":{"docs":{"insertions":8,"deletions":1}}},{"hash":"848222e2459f38cc4df89c8f11efff0689bff17c","isMergeCommit":true,"messageTitle":"Merge branch \u0027master\u0027 into branch-UpdateAboutUs","messageBody":"","fileTypesAndContributionMap":{}},{"hash":"76f406da0146dbdeda0f9d798c0f086629559c7c","isMergeCommit":true,"messageTitle":"Merge pull request #19 from DJsudartha/branch-UpdateAboutUs","messageBody":"Add David\u0027s data in AboutUs page","fileTypesAndContributionMap":{}}]},{"date":"2025-10-02T00:00:00","commitResults":[{"hash":"b565d13399dfc0eb668a7565532d13beec8a62d7","isMergeCommit":false,"messageTitle":"Update the project website","messageBody":"","fileTypesAndContributionMap":{"docs":{"insertions":17,"deletions":13}}},{"hash":"4c78bde27e788a58fc7a92651daadea43a99cf51","isMergeCommit":true,"messageTitle":"Merge branch \u0027master\u0027 of https://github.com/nuszuoyi/tp into Branch-Update-Website","messageBody":"","fileTypesAndContributionMap":{}},{"hash":"4491ce903a2b4b7623a6f1d44745708682861d28","isMergeCommit":false,"messageTitle":"Update README.md","messageBody":"","fileTypesAndContributionMap":{"docs":{"insertions":0,"deletions":2}}},{"hash":"30194310ea5530157f2f3b23ce5f0bce1d8bffe5","isMergeCommit":true,"messageTitle":"Merge pull request #23 from nuszuoyi/Branch-Update-Website","messageBody":"Update the website","fileTypesAndContributionMap":{}},{"hash":"bcabb9b68338341d8f4d507398a15194dca0d7a7","isMergeCommit":true,"messageTitle":"Merge branch \u0027Branch-Update-Website\u0027 of https://github.com/nuszuoyi/tp into Branch-Update-Website","messageBody":"","fileTypesAndContributionMap":{}}]},{"date":"2025-10-05T00:00:00","commitResults":[{"hash":"75c799d33eb12b9d15dcfe4829ae4199f0bcf73c","isMergeCommit":true,"messageTitle":"Merge pull request #21 from SAKICHANNN/add-markdown","messageBody":"Add information in Aboutus.md and in team folder","fileTypesAndContributionMap":{}}]},{"date":"2025-10-08T00:00:00","commitResults":[{"hash":"899d9c55665ecb3bba909737a257e2f42663ea2b","isMergeCommit":false,"messageTitle":"Support tag find","messageBody":"","fileTypesAndContributionMap":{"functional-code":{"insertions":76,"deletions":16}}},{"hash":"f9da1aa493edf4f7093334833355730a334a5212","isMergeCommit":false,"messageTitle":"Test: Add tests for find-by-tag feature","messageBody":"","fileTypesAndContributionMap":{"test-code":{"insertions":134,"deletions":14}}},{"hash":"b4d528880a3843f1c5d7d623e2fa229b4eae97dd","isMergeCommit":false,"messageTitle":"Fix format problems","messageBody":"","fileTypesAndContributionMap":{"functional-code":{"insertions":12,"deletions":9},"test-code":{"insertions":5,"deletions":5}}}]},{"date":"2025-10-09T00:00:00","commitResults":[{"hash":"3e5288868947d4cd222d81200eb9b7b32c1cc454","isMergeCommit":true,"messageTitle":"Merge pull request #38 from nicholaslimzixian/branch-adding-faculty","messageBody":"Add Faculty field and relevant test cases","fileTypesAndContributionMap":{}}]},{"date":"2025-10-14T00:00:00","commitResults":[{"hash":"20578ee4a636ef35ea3958ac0878c13893f81aed","isMergeCommit":false,"messageTitle":"Add select command","messageBody":"","fileTypesAndContributionMap":{"functional-code":{"insertions":199,"deletions":0}}},{"hash":"e344653b8fd3119930f30a65fa07f5a471467f3f","isMergeCommit":false,"messageTitle":"Add test cases of select","messageBody":"","fileTypesAndContributionMap":{"functional-code":{"insertions":3,"deletions":3},"test-code":{"insertions":105,"deletions":0}}},{"hash":"bc9ed1884274539ed8c753ddcbd0bf115722a80a","isMergeCommit":false,"messageTitle":"Fix minor format problems","messageBody":"","fileTypesAndContributionMap":{"functional-code":{"insertions":15,"deletions":5}}},{"hash":"53a66bb71b604b25eb7c935f90c4d1c4895afc44","isMergeCommit":false,"messageTitle":"Fix another minor format problems","messageBody":"","fileTypesAndContributionMap":{"functional-code":{"insertions":0,"deletions":2}}},{"hash":"1469d79fc205f44481fa6a42cc053bbf56cb92ae","isMergeCommit":false,"messageTitle":"Modify find command to support faculty and multifield search","messageBody":"","fileTypesAndContributionMap":{"functional-code":{"insertions":99,"deletions":24}}},{"hash":"97d03405a5caf85bd9d70b9fc64bcebd5c66e7fc","isMergeCommit":false,"messageTitle":"Add test cases on find command to support faculty and multifield search","messageBody":"","fileTypesAndContributionMap":{"test-code":{"insertions":141,"deletions":54}}},{"hash":"bb6ad85ddefdf1e0a89f4edfa0531b8a364d9d52","isMergeCommit":true,"messageTitle":"Merge pull request #43 from SAKICHANNN/add-favorite","messageBody":"Add favorite","fileTypesAndContributionMap":{}},{"hash":"2d873ec356b8fc6a0da9ec346460d9bb41d4d71d","isMergeCommit":false,"messageTitle":"Fix minor format problem","messageBody":"","fileTypesAndContributionMap":{"functional-code":{"insertions":1,"deletions":1}}},{"hash":"88b97067dbc4170af521773ff04160f176a15848","isMergeCommit":false,"messageTitle":"Fix minor format problem","messageBody":"","fileTypesAndContributionMap":{"functional-code":{"insertions":2,"deletions":2}}},{"hash":"e32a6e4b26d67068c46bb62b171f0b710f304dc2","isMergeCommit":false,"messageTitle":"Fix minor format problem","messageBody":"","fileTypesAndContributionMap":{"test-code":{"insertions":2,"deletions":1}}},{"hash":"71bf99a0d2377002b2a9d7839e5e06b6d2193949","isMergeCommit":false,"messageTitle":"Fix minor format problem","messageBody":"","fileTypesAndContributionMap":{"test-code":{"insertions":17,"deletions":9}}},{"hash":"a0569da38d047aaa03f911502b23663e3a8ebe66","isMergeCommit":false,"messageTitle":"Fix minor format problem","messageBody":"","fileTypesAndContributionMap":{"test-code":{"insertions":1,"deletions":1}}},{"hash":"1d1c7e56ea3089198003569fadaba66af3c4edb8","isMergeCommit":false,"messageTitle":"Fix minor format problem","messageBody":"","fileTypesAndContributionMap":{"functional-code":{"insertions":4,"deletions":0},"test-code":{"insertions":25,"deletions":9}}},{"hash":"2f0d75f541f844dc5ad2906b21cd0c801fe2524e","isMergeCommit":false,"messageTitle":"Fix minor format problem","messageBody":"","fileTypesAndContributionMap":{"test-code":{"insertions":1,"deletions":1}}},{"hash":"fb49edf9d48e3f5a82715cd2da4a453bf5ed9ef3","isMergeCommit":false,"messageTitle":"Fix minor format problem","messageBody":"","fileTypesAndContributionMap":{"test-code":{"insertions":0,"deletions":1}}}]},{"date":"2025-10-15T00:00:00","commitResults":[{"hash":"12063e330d647033af7f35b968dc79ca888dd398","isMergeCommit":true,"messageTitle":"Merge pull request #51 from nicholaslimzixian/branch-adding-module","messageBody":"Add Module field","fileTypesAndContributionMap":{}}]},{"date":"2025-10-16T00:00:00","commitResults":[{"hash":"2b5182fda02cfeb69fef923e77bdacf2c185c475","isMergeCommit":true,"messageTitle":"Merge pull request #52 from DJsudartha/branch-CSVFile","messageBody":"Fix compatibility bug with Module","fileTypesAndContributionMap":{}},{"hash":"741ff3d75af7b62e8fce361e409c3d5eb9411024","isMergeCommit":false,"messageTitle":"Fix minor issue","messageBody":"","fileTypesAndContributionMap":{"functional-code":{"insertions":9,"deletions":5}}},{"hash":"c176d811daecdfe4ba25ce5b47ae0f291f2f1992","isMergeCommit":true,"messageTitle":"Merge pull request #49 from SAKICHANNN/add-favorite","messageBody":"Enhance favorite feature with automatic sorting and visual styling","fileTypesAndContributionMap":{}},{"hash":"1516defed50cbba1898dc0dd979c13470cc8f2b5","isMergeCommit":true,"messageTitle":"Merge pull request #53 from DJsudartha/branch-CSVFile","messageBody":"Add import and export functionality to CampusBook (Csv files)","fileTypesAndContributionMap":{}},{"hash":"d51918f2166ff28c3d1e8b49f47b2946ad33c259","isMergeCommit":true,"messageTitle":"Merge branch \u0027master\u0027 of https://github.com/nuszuoyi/tp","messageBody":"","fileTypesAndContributionMap":{}},{"hash":"07b487fb50ee0f003757bf29ae3f45e402ab56f5","isMergeCommit":false,"messageTitle":"test","messageBody":"","fileTypesAndContributionMap":{"functional-code":{"insertions":58,"deletions":7}}},{"hash":"2c7a02397889613be8d99ff6dcbd4aed01e42fa0","isMergeCommit":false,"messageTitle":"Support find for module","messageBody":"","fileTypesAndContributionMap":{"functional-code":{"insertions":27,"deletions":16},"test-code":{"insertions":156,"deletions":18}}},{"hash":"5e496b28b7d30ba18baa145dbde36466f8031649","isMergeCommit":false,"messageTitle":"Fix minor format problem","messageBody":"","fileTypesAndContributionMap":{"functional-code":{"insertions":2,"deletions":2},"test-code":{"insertions":1,"deletions":1}}},{"hash":"dde5fae4c08e3441261122f3e827f122dbe9d266","isMergeCommit":false,"messageTitle":"Fix minor format problem","messageBody":"","fileTypesAndContributionMap":{"functional-code":{"insertions":2,"deletions":1}}},{"hash":"6d69974616781a6268dbfd8f86acb1ca93edd049","isMergeCommit":false,"messageTitle":"Fix minor format problem","messageBody":"","fileTypesAndContributionMap":{"test-code":{"insertions":11,"deletions":6}}},{"hash":"a35701f051b27676e98f3a301c2e365baa31382d","isMergeCommit":false,"messageTitle":"Fix minor format problem","messageBody":"","fileTypesAndContributionMap":{"test-code":{"insertions":6,"deletions":4}}},{"hash":"bb5bf4dfa207b9ce893468b43ac61d4121203135","isMergeCommit":false,"messageTitle":"Fix minor format problem","messageBody":"","fileTypesAndContributionMap":{"test-code":{"insertions":1,"deletions":3}}},{"hash":"24c75bef51ab020fee8eefde996ca83d872da01d","isMergeCommit":false,"messageTitle":"Fix minor format problem","messageBody":"","fileTypesAndContributionMap":{"test-code":{"insertions":2,"deletions":1}}},{"hash":"16f8c9623f4ed0059020c0ece8875c145bbd2764","isMergeCommit":false,"messageTitle":"Change export message","messageBody":"","fileTypesAndContributionMap":{"functional-code":{"insertions":1,"deletions":1}}}]},{"date":"2025-10-19T00:00:00","commitResults":[{"hash":"4bf0969abe13e74aa44e23dc852c94635094e933","isMergeCommit":false,"messageTitle":"Add motivational message","messageBody":"","fileTypesAndContributionMap":{"functional-code":{"insertions":39,"deletions":0}}},{"hash":"4f5026d9ab7ab9250c91bb84cf6ebb61fd377d11","isMergeCommit":false,"messageTitle":"Add motivational message","messageBody":"","fileTypesAndContributionMap":{"functional-code":{"insertions":1,"deletions":0}}},{"hash":"a415fd609239c1d6a6ad562292fc46f60d7282ea","isMergeCommit":false,"messageTitle":"Add motivational message","messageBody":"","fileTypesAndContributionMap":{"functional-code":{"insertions":0,"deletions":1}}}]},{"date":"2025-10-20T00:00:00","commitResults":[{"hash":"c92d0ade008667f03924f1d361b4879bde863591","isMergeCommit":true,"messageTitle":"Merge pull request #61 from SAKICHANNN/add-command-history","messageBody":"Add command history feature","fileTypesAndContributionMap":{}},{"hash":"73a5f02e9f9a2f25b11df4209f56d9f4d88f7eb5","isMergeCommit":true,"messageTitle":"Merge pull request #59 from nuszuoyi/branch-motivational-message","messageBody":"Display random motivational message on startup","fileTypesAndContributionMap":{}},{"hash":"2a994e9c1f5f1c0964bc883048143e03f65dfaba","isMergeCommit":false,"messageTitle":"Support more powerful delete command","messageBody":"","fileTypesAndContributionMap":{"functional-code":{"insertions":164,"deletions":15},"test-code":{"insertions":242,"deletions":34}}},{"hash":"9aa0a3877955202f3b43d85bfb522a9c0b3e1bce","isMergeCommit":false,"messageTitle":"Solve format problem","messageBody":"","fileTypesAndContributionMap":{"functional-code":{"insertions":3,"deletions":3}}},{"hash":"93334ce9e9db098e3e0daf0791089ca6fa6fad76","isMergeCommit":false,"messageTitle":"Solve format problem","messageBody":"","fileTypesAndContributionMap":{"test-code":{"insertions":4,"deletions":5}}},{"hash":"a252981669517b16313b4a6ecba7e7101c0f46a0","isMergeCommit":false,"messageTitle":"Add alias command","messageBody":"","fileTypesAndContributionMap":{"functional-code":{"insertions":500,"deletions":17},"test-code":{"insertions":287,"deletions":18}}},{"hash":"9cc9bc0fa4e0078cedd19f28e1eefcc2c6faf6a6","isMergeCommit":false,"messageTitle":"Fix format issues","messageBody":"","fileTypesAndContributionMap":{"functional-code":{"insertions":7,"deletions":3},"test-code":{"insertions":18,"deletions":19}}},{"hash":"0539d9344fb561abf34def0833c9e6993f49ef09","isMergeCommit":false,"messageTitle":"Fix format issues","messageBody":"","fileTypesAndContributionMap":{"test-code":{"insertions":193,"deletions":193}}},{"hash":"3cadde12141d61d4afbfa8cc7f15a83fd8086fe8","isMergeCommit":false,"messageTitle":"Fix format issues","messageBody":"","fileTypesAndContributionMap":{"test-code":{"insertions":207,"deletions":191}}},{"hash":"2adec82aebb91f5c7094ad081e27a9e7894a2a45","isMergeCommit":false,"messageTitle":"Fix format issues","messageBody":"","fileTypesAndContributionMap":{"test-code":{"insertions":1,"deletions":1}}},{"hash":"491708dbd67db7c3523fc3e94c4056900015d1a2","isMergeCommit":false,"messageTitle":"Add test cases","messageBody":"","fileTypesAndContributionMap":{"test-code":{"insertions":326,"deletions":265}}},{"hash":"97cb7f4d1f429ab7b84091c793fb5243e4a318b5","isMergeCommit":false,"messageTitle":"Add newlines at EOF","messageBody":"","fileTypesAndContributionMap":{"test-code":{"insertions":4,"deletions":4}}},{"hash":"c0348477dbe738c0cb50db1da327f16fdb230f95","isMergeCommit":false,"messageTitle":"Add newlines at EOF","messageBody":"","fileTypesAndContributionMap":{"test-code":{"insertions":1,"deletions":1}}},{"hash":"919aaca2fb8d42bb9a41a2f5952ecbd2ddf298da","isMergeCommit":false,"messageTitle":"Fix format problems","messageBody":"","fileTypesAndContributionMap":{"test-code":{"insertions":6,"deletions":5}}}]},{"date":"2025-10-22T00:00:00","commitResults":[{"hash":"e6872caa6c18cfc93c8666807b1e8c3a69f88a15","isMergeCommit":true,"messageTitle":"Merge branch \u0027master\u0027 of https://github.com/AY2526S1-CS2103T-T17-2/tp","messageBody":"","fileTypesAndContributionMap":{}}]},{"date":"2025-10-23T00:00:00","commitResults":[{"hash":"287adb41a49655e3733e6808fd1eb7e2ab043462","isMergeCommit":true,"messageTitle":"Merge branch \u0027master\u0027 of https://github.com/AY2526S1-CS2103T-T17-2/tp","messageBody":"","fileTypesAndContributionMap":{}},{"hash":"467ab90fac92339feb84ef6eede0ffcd537b43ec","isMergeCommit":true,"messageTitle":"Merge pull request #72 from DJsudartha/branch-AutoComplete","messageBody":"Add autocomplete feature","fileTypesAndContributionMap":{}},{"hash":"e61c40e9512b59731d9e7e30922cd4df63650f93","isMergeCommit":true,"messageTitle":"Merge pull request #71 from DJsudartha/branch-CSVFile","messageBody":"Added flexibility for inputs in ImportCommand","tags":["v1.4"],"fileTypesAndContributionMap":{}}]},{"date":"2025-10-25T00:00:00","commitResults":[{"hash":"e9975876420fba5a68c4d1cf006376ee1b4867b9","isMergeCommit":true,"messageTitle":"Merge branch \u0027master\u0027 of https://github.com/AY2526S1-CS2103T-T17-2/tp","messageBody":"","fileTypesAndContributionMap":{}},{"hash":"a6efd3fcccc6b2bad61789db9daf0a7cc5c685a7","isMergeCommit":false,"messageTitle":"Update UML diagram","messageBody":"","fileTypesAndContributionMap":{"functional-code":{"insertions":1,"deletions":1},"docs":{"insertions":17,"deletions":9}}},{"hash":"33bb2938b32a826b8f74c64d1649f67d251e7a30","isMergeCommit":true,"messageTitle":"Merge pull request #74 from DJsudartha/branch-Documentation","messageBody":"Add UML diagram for Export command","fileTypesAndContributionMap":{}}]},{"date":"2025-10-27T00:00:00","commitResults":[{"hash":"b5bb758f829796c993c6366240e9db20a1b28102","isMergeCommit":true,"messageTitle":"Merge pull request #80 from nicholaslimzixian/branch-updating-userguide","messageBody":"Update the UG","fileTypesAndContributionMap":{}}]},{"date":"2025-10-28T00:00:00","commitResults":[{"hash":"26ba0d33b2fa58dde71b602ac2a4dfe37a25cf2b","isMergeCommit":false,"messageTitle":"Fix bug in alias and update ug","messageBody":"","fileTypesAndContributionMap":{"functional-code":{"insertions":22,"deletions":7},"docs":{"insertions":94,"deletions":15}}},{"hash":"a4a002517fef30efb1e82c3d4b0659a122c5e7bf","isMergeCommit":false,"messageTitle":"Fix format bugs","messageBody":"","fileTypesAndContributionMap":{"functional-code":{"insertions":9,"deletions":1},"docs":{"insertions":8,"deletions":0}}},{"hash":"79959268af5d4daa572cb7dc2af877bbdfc58388","isMergeCommit":false,"messageTitle":"Fix format bugs","messageBody":"","fileTypesAndContributionMap":{"functional-code":{"insertions":0,"deletions":7}}},{"hash":"e3193134c51ea73b25f6e91a2e195612dcf0e28e","isMergeCommit":false,"messageTitle":"Fix format bugs","messageBody":"","fileTypesAndContributionMap":{"functional-code":{"insertions":1,"deletions":0}}},{"hash":"6c20c554cdb397994292f131cb1a6593abd4469e","isMergeCommit":true,"messageTitle":"Merge branch \u0027master\u0027 into branch-fix-alpha-bug-yi","messageBody":"","fileTypesAndContributionMap":{}},{"hash":"0beae1778bbc1a8d75e26c034ad5d9c96c939ce8","isMergeCommit":true,"messageTitle":"Merge pull request #91 from DJsudartha/branch-Documentation","messageBody":"Add import and export inside UG","fileTypesAndContributionMap":{}}]},{"date":"2025-10-29T00:00:00","commitResults":[{"hash":"5efc12c60c156ace3a0aad519ec657ff66608e85","isMergeCommit":false,"messageTitle":"Edit help link","messageBody":"","fileTypesAndContributionMap":{"functional-code":{"insertions":1,"deletions":1},"docs":{"insertions":6,"deletions":5}}},{"hash":"e96026c2df8d2e75965377dbfe30302e81b094ae","isMergeCommit":true,"messageTitle":"Merge pull request #106 from AY2526S1-CS2103T-T17-2/Small-UG-change","messageBody":"Update help link","fileTypesAndContributionMap":{}}]},{"date":"2025-10-30T00:00:00","commitResults":[{"hash":"7459f019cdf901b74a5af3bbe2f7430f084ee2be","isMergeCommit":false,"messageTitle":"Reduce coupling in alias","messageBody":"","fileTypesAndContributionMap":{"functional-code":{"insertions":33,"deletions":41},"docs":{"insertions":77,"deletions":40},"test-code":{"insertions":22,"deletions":5}}},{"hash":"eda28007331a0eeeefa970727c85e32029b57709","isMergeCommit":false,"messageTitle":"Fix minor format problems","messageBody":"","fileTypesAndContributionMap":{"functional-code":{"insertions":2,"deletions":2},"docs":{"insertions":1,"deletions":1},"test-code":{"insertions":1,"deletions":1}}},{"hash":"fd3c426c845778ebb8b5aab2427b1a9fb7573edc","isMergeCommit":false,"messageTitle":"Fix minor format problems","messageBody":"","fileTypesAndContributionMap":{"docs":{"insertions":0,"deletions":0}}},{"hash":"39d65149d24580396bafe9cc61fe2995829c9d6d","isMergeCommit":true,"messageTitle":"Merge pull request #111 from AY2526S1-CS2103T-T17-2/Small-UG-change","messageBody":"Decouple AddressBookParser from Model","fileTypesAndContributionMap":{}},{"hash":"2a0acb3957bef6b8c69398cdb6b08c66547361ae","isMergeCommit":false,"messageTitle":"Combine logic of conditional delete and find","messageBody":"","fileTypesAndContributionMap":{"functional-code":{"insertions":84,"deletions":93}}},{"hash":"076c43d3f388499f48f65653c0468c431205845b","isMergeCommit":false,"messageTitle":"Fix EOF issue","messageBody":"","fileTypesAndContributionMap":{"functional-code":{"insertions":1,"deletions":1}}},{"hash":"37790ce29a167825ebfd458990f02a99854c6944","isMergeCommit":false,"messageTitle":"Fix EOF issue","messageBody":"","fileTypesAndContributionMap":{"functional-code":{"insertions":1,"deletions":1}}},{"hash":"46cee09ba80054ec48c679fba1183a89cb4baa01","isMergeCommit":true,"messageTitle":"Merge pull request #116 from AY2526S1-CS2103T-T17-2/branch-combine-logic-batch","messageBody":"Combine logic of conditional delete and find","fileTypesAndContributionMap":{}},{"hash":"2d027bb5605301f54726d2c1c5cdff5f1b8542bd","isMergeCommit":true,"messageTitle":"Merge pull request #107 from DJsudartha/branch-bugFinding","messageBody":"Closes #90","fileTypesAndContributionMap":{}},{"hash":"5e1b9d890c38f5aa7e784bf8b93c403fe70ba1f4","isMergeCommit":true,"messageTitle":"Merge pull request #115 from nicholaslimzixian/branch-bugfixes-v1.5","messageBody":"Update UG v1.5","fileTypesAndContributionMap":{}}]}]},"authorFileTypeContributionMap":{"SAKICHANNN":{"docs":52,"functional-code":644,"test-code":437},"nicholaslimzixian":{"docs":330,"functional-code":979,"test-code":716},"DJsudartha":{"docs":279,"functional-code":639,"test-code":405,"other":5},"nuszuoyi":{"docs":156,"functional-code":1133,"test-code":1071}},"authorContributionVariance":{"SAKICHANNN":10005.232,"nicholaslimzixian":32128.46,"DJsudartha":25921.572,"nuszuoyi":187065.38},"authorDisplayNameMap":{"SAKICHANNN":"CS2103T-T17-2 ZHOU..IRUN","nicholaslimzixian":"CS2103T-T17-2 NICH..XIAN","DJsudartha":"CS2103T-T17-2 DAVI..RTHA","nuszuoyi":"CS2103T-T17-2 ZUO ..O YI"}}
