{"authorDailyContributionsMap":{"SAKICHANNN":[],"nicholaslimzixian":[],"DJsudartha":[],"nuszuoyi":[]},"authorFileTypeContributionMap":{"SAKICHANNN":{"docs":0,"functional-code":0,"test-code":0},"nicholaslimzixian":{"docs":0,"functional-code":0,"test-code":0},"DJsudartha":{"docs":0,"functional-code":0,"test-code":0},"nuszuoyi":{"docs":0,"functional-code":0,"test-code":0}},"authorContributionVariance":{"SAKICHANNN":0.0,"nicholaslimzixian":0.0,"DJsudartha":0.0,"nuszuoyi":0.0},"authorDisplayNameMap":{"SAKICHANNN":"CS2103T-T17-2 ZHOU..IRUN","nicholaslimzixian":"CS2103T-T17-2 NICH..XIAN","DJsudartha":"CS2103T-T17-2 DAVI..RTHA","nuszuoyi":"CS2103T-T17-2 ZUO ..O YI"}}
