{"authorDailyContributionsMap":{"Tan-Guan-Lin":[{"date":"2025-10-01T00:00:00","commitResults":[{"hash":"9aa56c3ac45c590b726eb5f3f99b0a2192039d7d","isMergeCommit":false,"messageTitle":"Add Guan Lin\u0027s AboutUs","messageBody":"","fileTypesAndContributionMap":{"docs":{"insertions":7,"deletions":44}}},{"hash":"e421f18429ac84420c0cb03b9a409a5d10c9188f","isMergeCommit":true,"messageTitle":"Merge branch \u0027master\u0027 into update-about-us","messageBody":"","fileTypesAndContributionMap":{}},{"hash":"1208df6c292e6211877b12886981685ae2d10851","isMergeCommit":true,"messageTitle":"Merge pull request #17 from NgoHoangNhatMinh/update-about-us","messageBody":"Update Minh\u0027s AboutUs","fileTypesAndContributionMap":{}}]},{"date":"2025-10-09T00:00:00","commitResults":[{"hash":"c07eb3b07a0263a93b26b22da92a6f58e7b6d2e3","isMergeCommit":false,"messageTitle":"Add Prescription List Models","messageBody":"","fileTypesAndContributionMap":{"functional-code":{"insertions":146,"deletions":2}}},{"hash":"000f956abe440548ed5752fb3ba8c17a52a22930","isMergeCommit":true,"messageTitle":"Merge branch \u0027master\u0027 into prescription-list","messageBody":"","fileTypesAndContributionMap":{}},{"hash":"3f560bbf09f5dfccd151465a41ef97fa76e3d76f","isMergeCommit":true,"messageTitle":"Merge pull request #44 from Tan-Guan-Lin/prescription-list","messageBody":"Add Prescription List Models","fileTypesAndContributionMap":{}}]},{"date":"2025-10-14T00:00:00","commitResults":[{"hash":"25cc49b67dbc97ccd1690e5d4881a0eab6e6d29e","isMergeCommit":false,"messageTitle":"Add backend code for ViewPrescriptionsCommand","messageBody":"Add code for storage, parsing and the command itself\n","fileTypesAndContributionMap":{"functional-code":{"insertions":611,"deletions":141},"test-code":{"insertions":20,"deletions":0}}}]},{"date":"2025-10-15T00:00:00","commitResults":[{"hash":"c2faaa76785ac3bc117b484a5b8b2bb06f845fb3","isMergeCommit":false,"messageTitle":"Add UI for ViewPrescriptionsCommand and some test cases","messageBody":"","fileTypesAndContributionMap":{"functional-code":{"insertions":40,"deletions":0},"test-code":{"insertions":131,"deletions":0}}},{"hash":"43a97e08fd113b87504db30c676ed1558bd65edc","isMergeCommit":false,"messageTitle":"Fix checkstyle issues","messageBody":"","fileTypesAndContributionMap":{"functional-code":{"insertions":206,"deletions":28},"test-code":{"insertions":317,"deletions":15}}},{"hash":"9dd03c50b2465dccd2f0d862ab342f37209f4011","isMergeCommit":false,"messageTitle":"Add more test cases","messageBody":"","fileTypesAndContributionMap":{"test-code":{"insertions":228,"deletions":0}}},{"hash":"a7cf67b34fbbcbbf03ae2a57aa29e21b2dc9563c","isMergeCommit":false,"messageTitle":"Add test cases in AddressBook and JsonAdaptedPrescription","messageBody":"","fileTypesAndContributionMap":{"test-code":{"insertions":58,"deletions":0}}},{"hash":"57a4f8e316a4736817a1f3a6782c3caaf580fbaf","isMergeCommit":false,"messageTitle":"Add more test cases for AddressBook","messageBody":"","fileTypesAndContributionMap":{"test-code":{"insertions":27,"deletions":0}}},{"hash":"28910bb16c3341dd8ac07cfdcd0952d5bfeb9ba0","isMergeCommit":false,"messageTitle":"Add test cases to HavingPatientIdPredicateTest","messageBody":"","fileTypesAndContributionMap":{"test-code":{"insertions":33,"deletions":0}}},{"hash":"136e40d9c563600f44ca69e94d6331af774bb05e","isMergeCommit":false,"messageTitle":"Change COMMAND_WORD to p-view","messageBody":"","fileTypesAndContributionMap":{"functional-code":{"insertions":1,"deletions":1}}},{"hash":"eab9a05a4962da97d5a6f37a18a6d310e32cd1b7","isMergeCommit":false,"messageTitle":"Change tests","messageBody":"","fileTypesAndContributionMap":{"functional-code":{"insertions":7,"deletions":9},"test-code":{"insertions":5,"deletions":5}}},{"hash":"fbf965f25b1b420a91a95d9bb8e042f6cdc41ed4","isMergeCommit":true,"messageTitle":"Merge pull request #57 from Tan-Guan-Lin/ViewPrescriptionCommand","messageBody":"Change prefixes and fix tests","fileTypesAndContributionMap":{}}]},{"date":"2025-10-16T00:00:00","commitResults":[{"hash":"1ece833aa0d2102a27d04435795717e37330e8f1","isMergeCommit":false,"messageTitle":"Add DeletePrescriptionCommand","messageBody":"","fileTypesAndContributionMap":{"functional-code":{"insertions":130,"deletions":0},"test-code":{"insertions":15,"deletions":0}}}]},{"date":"2025-10-23T00:00:00","commitResults":[{"hash":"b24b6b24f555c10951db16d60857b2142b1fcb12","isMergeCommit":false,"messageTitle":"Modify ViewPrescriptionsCommand","messageBody":"","fileTypesAndContributionMap":{"functional-code":{"insertions":6,"deletions":6}}},{"hash":"f020df943d302a095f81a38fbe103737b124b1dc","isMergeCommit":true,"messageTitle":"Merge branch \u0027master\u0027 into feature/DeletePrescriptionCommand","messageBody":"","fileTypesAndContributionMap":{}},{"hash":"a6acc84a440cc17af6ce62677f79640cf46e0c7c","isMergeCommit":false,"messageTitle":"Remove duplicated methods","messageBody":"","fileTypesAndContributionMap":{"functional-code":{"insertions":0,"deletions":5}}},{"hash":"b2d88f0288ca130a920ad69b30ebf4bd7f2b315a","isMergeCommit":false,"messageTitle":"Fix CheckStyle Issues","messageBody":"","fileTypesAndContributionMap":{"functional-code":{"insertions":4,"deletions":5},"test-code":{"insertions":0,"deletions":11}}},{"hash":"e6742553b8492a29f1b1c11f14f2ced963f8c5a9","isMergeCommit":false,"messageTitle":"Update UserGuide to include p-view and p-delete","messageBody":"","fileTypesAndContributionMap":{"docs":{"insertions":23,"deletions":0}}},{"hash":"8cb4fafa7a7498823420f4e2487f81325366d127","isMergeCommit":false,"messageTitle":"Add test case for DeletePrescriptionCommand","messageBody":"","fileTypesAndContributionMap":{"functional-code":{"insertions":2,"deletions":2},"test-code":{"insertions":45,"deletions":0}}},{"hash":"7a85ca375f99ce41bc9537b146c7fbb01e70fc9d","isMergeCommit":false,"messageTitle":"Add header for p-delete","messageBody":"","fileTypesAndContributionMap":{"docs":{"insertions":1,"deletions":1}}},{"hash":"3652f9cf4f79c5de62197be2a0ed1e4aaccf0ed5","isMergeCommit":true,"messageTitle":"Merge pull request #73 from Tan-Guan-Lin/docs/UserGuidePrescription","messageBody":"Update UserGuide to include p-view and p-delete","fileTypesAndContributionMap":{}},{"hash":"59b74357df9a3439d7fe20b0fe664e2db97d5ea9","isMergeCommit":false,"messageTitle":"Add test cases for DeletePrescriptionCommandParser","messageBody":"","fileTypesAndContributionMap":{"test-code":{"insertions":63,"deletions":0}}},{"hash":"37fad7efbe92f4da8cfc23da9c32d4f912cc5ce7","isMergeCommit":false,"messageTitle":"Add test cases in AddressBookParserTest","messageBody":"","fileTypesAndContributionMap":{"test-code":{"insertions":6,"deletions":0}}},{"hash":"3c7dac54ba5d28798349d71662312bd5299c41f8","isMergeCommit":true,"messageTitle":"Merge pull request #71 from Tan-Guan-Lin/feature/DeletePrescriptionCommand","messageBody":"Add Delete Prescription Command","fileTypesAndContributionMap":{}},{"hash":"49ffc24e7d00431f55fbe826d33b894ab8869e32","isMergeCommit":true,"messageTitle":"Merge pull request #76 from Jiru-code/feature/appointments","messageBody":"Update appointment classes in the model","fileTypesAndContributionMap":{}},{"hash":"4b74c3853dfa10609e92dad6b07ab46bf94a2d85","isMergeCommit":true,"messageTitle":"Merge pull request #77 from Jiru-code/documents","messageBody":"Change person to patient","fileTypesAndContributionMap":{}},{"hash":"ee1fef8dae2a29d02b4420c92d1c5f6f46625d2b","isMergeCommit":true,"messageTitle":"Merge branch \u0027master\u0027 into v1.4-branch","messageBody":"","fileTypesAndContributionMap":{}},{"hash":"5a6e37ff85553d3aaf7caa5b78392f3b760b9d5d","isMergeCommit":true,"messageTitle":"Merge pull request #78 from Xinxiang0257/v1.4-branch","messageBody":"Implement delete appointment command","tags":["v1.4"],"fileTypesAndContributionMap":{}}]},{"date":"2025-10-27T00:00:00","commitResults":[{"hash":"b78e4115f647746afa564d6743ba196f1ff34bd4","isMergeCommit":false,"messageTitle":"Add Prescription and UniquePrescriptionList classes to UML","messageBody":"","fileTypesAndContributionMap":{"docs":{"insertions":5,"deletions":0}}},{"hash":"fabe0126ccee758f80800a1affdf104b68c9fb82","isMergeCommit":false,"messageTitle":"Add Prescription Classes to BetterModelClassDiagram","messageBody":"","fileTypesAndContributionMap":{"docs":{"insertions":3,"deletions":0}}},{"hash":"dde4fb36ea702304cc3752938bce9a10838b2d47","isMergeCommit":false,"messageTitle":"Add ListPrescriptionsCommand to show all Prescriptions","messageBody":"","fileTypesAndContributionMap":{"functional-code":{"insertions":44,"deletions":5}}}]},{"date":"2025-10-28T00:00:00","commitResults":[{"hash":"60d7d37b1a67b0463364b1630ec8f41e54fe61f3","isMergeCommit":true,"messageTitle":"Merge pull request #83 from Tan-Guan-Lin/docs/uml-diagrams","messageBody":"Add Prescription and UniquePrescriptionList classes to UML","fileTypesAndContributionMap":{}},{"hash":"f7f576166892c4c8d4dcc2e17e8f83c31418c494","isMergeCommit":false,"messageTitle":"Fix Checkstyle Issues","messageBody":"","fileTypesAndContributionMap":{"functional-code":{"insertions":2,"deletions":4}}},{"hash":"a71bd3eb9e131accba45cba136623825a32a94eb","isMergeCommit":false,"messageTitle":"Fix CheckStyle Issues","messageBody":"","fileTypesAndContributionMap":{"test-code":{"insertions":35,"deletions":0}}},{"hash":"2eb21f26992f2b9d43571d74c55ddd4ceb65186f","isMergeCommit":false,"messageTitle":"Add test cases for AddressBookParser","messageBody":"","fileTypesAndContributionMap":{"other":{"insertions":1,"deletions":1},"test-code":{"insertions":12,"deletions":0}}}]}],"Xinxiang0257":[{"date":"2025-10-01T00:00:00","commitResults":[{"hash":"980846f958bd5fc186aa55152a8894ad046b9a1d","isMergeCommit":false,"messageTitle":"Add Xinxiang\u0027s AboutUs","messageBody":"","fileTypesAndContributionMap":{"docs":{"insertions":5,"deletions":44}}},{"hash":"794f670030c30a10b8860360640ecd5579c32b60","isMergeCommit":true,"messageTitle":"Merge branch \u0027master\u0027 of https://github.com/Xinxiang0257/tp","messageBody":"","fileTypesAndContributionMap":{}},{"hash":"c9daea2617f9e487ea4c2eeb6b7d391d650e3917","isMergeCommit":true,"messageTitle":"Merge branch \u0027master\u0027 into master","messageBody":"","fileTypesAndContributionMap":{}},{"hash":"f7cece6106bb012c16e7a1072c30cf0ea45d1fbd","isMergeCommit":true,"messageTitle":"Merge pull request #20 from Xinxiang0257/master","messageBody":"Add Xinxiang\u0027s AboutUs","fileTypesAndContributionMap":{}}]},{"date":"2025-10-09T00:00:00","commitResults":[{"hash":"2316e03982fd8afae9f5a61595fe625e181c8953","isMergeCommit":false,"messageTitle":"Add models for Patient and Birthday","messageBody":"","fileTypesAndContributionMap":{"functional-code":{"insertions":152,"deletions":0}}},{"hash":"23490a10b3f140641318352d3e1c8fcf54aa0574","isMergeCommit":false,"messageTitle":"Make some minor changes","messageBody":"","fileTypesAndContributionMap":{"functional-code":{"insertions":1,"deletions":1}}},{"hash":"f46a4ce93f132f78b4bb99705499ea1f4a7566c6","isMergeCommit":true,"messageTitle":"Merge pull request #46 from Xinxiang0257/v1.2-branch","messageBody":"Make some minor changes","fileTypesAndContributionMap":{}}]},{"date":"2025-10-15T00:00:00","commitResults":[{"hash":"1caca67356cba10d53d2c1c3874a8fe35f9d24dc","isMergeCommit":false,"messageTitle":"Change patient class","messageBody":"","fileTypesAndContributionMap":{"functional-code":{"insertions":15,"deletions":20}}},{"hash":"2201b0b193e12d6a02e7297a48072f1cb9d80613","isMergeCommit":false,"messageTitle":"Change patient class","messageBody":"","fileTypesAndContributionMap":{"functional-code":{"insertions":0,"deletions":4}}},{"hash":"ca92164e8f2ac25fa043656dfef630384e61eaf4","isMergeCommit":true,"messageTitle":"Merge branch \u0027AY2526S1-CS2103T-T17-1:master\u0027 into v1.3-branch","messageBody":"","fileTypesAndContributionMap":{}}]},{"date":"2025-10-16T00:00:00","commitResults":[{"hash":"35c5680ef0a33f187f2307f95b7be6d75f387b5b","isMergeCommit":true,"messageTitle":"Merge branch \u0027AY2526S1-CS2103T-T17-1:master\u0027 into v1.3-branch","messageBody":"","fileTypesAndContributionMap":{}},{"hash":"716d463e3dd3f9413ed9a5906afaaad8457c298e","isMergeCommit":false,"messageTitle":"Add the addPatientInfomationCommand, remove tags and patientId","messageBody":"","fileTypesAndContributionMap":{"functional-code":{"insertions":221,"deletions":33}}},{"hash":"b9cd29090d4aa5e97d5233721ed4c2e8950d7cf5","isMergeCommit":false,"messageTitle":"Solve formatting issues for CI","messageBody":"","fileTypesAndContributionMap":{"functional-code":{"insertions":65,"deletions":14}}},{"hash":"7963eed961026e81fabe48bce8423f6a0b4fbde1","isMergeCommit":true,"messageTitle":"Merge branch \u0027master\u0027 into v1.3-branch","messageBody":"","fileTypesAndContributionMap":{}},{"hash":"63f15fcf276c0b63e94b50975fa34014815cb06b","isMergeCommit":false,"messageTitle":"Make minor changes to remove the use of tag","messageBody":"","fileTypesAndContributionMap":{"functional-code":{"insertions":2,"deletions":2}}},{"hash":"51212c8e337d5591d5a385edc815ec1d66e1fd8e","isMergeCommit":false,"messageTitle":"Resolve conflicts and remove references to tag","messageBody":"","fileTypesAndContributionMap":{"functional-code":{"insertions":10,"deletions":24}}},{"hash":"6eb7d6aa815eb467d78a8114d470473c8cfde17e","isMergeCommit":false,"messageTitle":"Resolve formatting issues","messageBody":"","fileTypesAndContributionMap":{"functional-code":{"insertions":53,"deletions":36}}},{"hash":"0bdca87ead32c2b59bd99d1c017ea01d33164ff0","isMergeCommit":false,"messageTitle":"Remove references of tag in all files except test classes","messageBody":"","fileTypesAndContributionMap":{"functional-code":{"insertions":30,"deletions":124},"test-code":{"insertions":204,"deletions":78}}},{"hash":"dc9814113cc0a92afdfa02329c035ef25f59aa14","isMergeCommit":true,"messageTitle":"Merge pull request #56 from Xinxiang0257/v1.3-branch","messageBody":"Remove references of tag and patientId in all files except for tests. The addPatientInfoCommand (i-add) is now functional. Test classes will be modified later. ","fileTypesAndContributionMap":{}},{"hash":"8c88bf30cc2dc505aff26b1c0a397fb1d69f560b","isMergeCommit":false,"messageTitle":"Format the code and comment out some tests temporarily","messageBody":"","fileTypesAndContributionMap":{"functional-code":{"insertions":0,"deletions":2},"test-code":{"insertions":451,"deletions":560}}},{"hash":"0d4fd0f4187530a5b30c17fc08cf6f1a108162b6","isMergeCommit":true,"messageTitle":"Merge branch \u0027v1.3-branch\u0027 of https://github.com/Xinxiang0257/tp into v1.3-branch","messageBody":"","fileTypesAndContributionMap":{}},{"hash":"6b28422504bbfc150335c4f5ef51b0005d895f75","isMergeCommit":false,"messageTitle":"Adjust formatting slightly","messageBody":"","fileTypesAndContributionMap":{"functional-code":{"insertions":3,"deletions":3}}},{"hash":"66f2e40227bf26a5c5a2368abc5d8b63d5f7d8a0","isMergeCommit":true,"messageTitle":"Merge pull request #64 from Xinxiang0257/v1.3-branch","messageBody":"Comment out some tests temporarily and resolve formatting issues ","tags":["v1.3"],"fileTypesAndContributionMap":{}}]},{"date":"2025-10-21T00:00:00","commitResults":[{"hash":"78eee59697ae57c76e5b3f33e8d0ac0654ac72d5","isMergeCommit":false,"messageTitle":"Add user guide for i-add and a-delete commands","messageBody":"","fileTypesAndContributionMap":{"functional-code":{"insertions":1,"deletions":3},"docs":{"insertions":17,"deletions":7}}},{"hash":"50fe8928cdf4f60ba9712134729a37904e11be6b","isMergeCommit":true,"messageTitle":"Merge pull request #66 from Xinxiang0257/v1.4-branch","messageBody":"Add user guide for i-add and a-delete commands","fileTypesAndContributionMap":{}}]},{"date":"2025-10-23T00:00:00","commitResults":[{"hash":"b373937cdf4ab122b734ad74f86c5984d522b3f5","isMergeCommit":false,"messageTitle":"Implement delete appointment command","messageBody":"","fileTypesAndContributionMap":{"functional-code":{"insertions":188,"deletions":13},"docs":{"insertions":12,"deletions":5},"test-code":{"insertions":5,"deletions":0}}},{"hash":"3c2f86d3c25f3ca8932a6e5d7b59ad707a7f5f11","isMergeCommit":false,"messageTitle":"Rename some variables","messageBody":"","fileTypesAndContributionMap":{"test-code":{"insertions":1,"deletions":1}}},{"hash":"61cd3b128984cb7d2f5fa84f41594374e71421f8","isMergeCommit":false,"messageTitle":"Add tests for delete appointment command","messageBody":"","fileTypesAndContributionMap":{"functional-code":{"insertions":8,"deletions":0},"test-code":{"insertions":195,"deletions":0}}}]}],"coberculidae":[{"date":"2025-10-01T00:00:00","commitResults":[{"hash":"3317c917688e9c119eaf7f090afb46238bb22ccc","isMergeCommit":false,"messageTitle":"Update Mai\u0027s AboutUs","messageBody":"","fileTypesAndContributionMap":{"docs":{"insertions":5,"deletions":44}}},{"hash":"a027ab6c3c8c7d49a1d128b5f5a6625fed27b216","isMergeCommit":true,"messageTitle":"Merge branch \u0027master\u0027 into branch-AboutUs","messageBody":"","fileTypesAndContributionMap":{}},{"hash":"19346087d9a24e74d5c6d1a6af2ea066d8ebbde7","isMergeCommit":true,"messageTitle":"Merge branch \u0027master\u0027 into branch-AboutUs","messageBody":"","fileTypesAndContributionMap":{}},{"hash":"0a20aab68f549b435a99226fefb1f259424b375c","isMergeCommit":true,"messageTitle":"Merge pull request #18 from Jiru-code/branch-AboutUs","messageBody":"Update Jiong Rui\u0027s About Us","fileTypesAndContributionMap":{}}]},{"date":"2025-10-05T00:00:00","commitResults":[{"hash":"5543b9019e0909287cbc782768b63c1d502b0680","isMergeCommit":false,"messageTitle":"Add remark to Person","messageBody":"","fileTypesAndContributionMap":{"functional-code":{"insertions":2,"deletions":0},"other":{"insertions":580,"deletions":0}}},{"hash":"3cebb5cc21a7d85fa04e49d7a2431dd84b22e100","isMergeCommit":false,"messageTitle":"Update README information","messageBody":"","fileTypesAndContributionMap":{"other":{"insertions":2,"deletions":2},"docs":{"insertions":3,"deletions":1}}},{"hash":"a14d5b7d2bf574f2cf399920f391cc4336382962","isMergeCommit":true,"messageTitle":"Merge pull request #25 from coberculidae/update-readme","messageBody":"Update README","fileTypesAndContributionMap":{}},{"hash":"d7a751a59e53f3f7c71a2b6dc816311ebbbc643a","isMergeCommit":false,"messageTitle":"Update project scope","messageBody":"","fileTypesAndContributionMap":{"docs":{"insertions":4,"deletions":9}}},{"hash":"4fbbe121cda45d8a4b4328089b548b8e1622de7a","isMergeCommit":false,"messageTitle":"Update user stories","messageBody":"","fileTypesAndContributionMap":{"docs":{"insertions":6,"deletions":6}}},{"hash":"dd81ddf4b47f1a0f3a28c7b7d6ff7ecbac0794af","isMergeCommit":true,"messageTitle":"Merge pull request #27 from coberculidae/update-developerguide","messageBody":"Update Developer Guide","fileTypesAndContributionMap":{}},{"hash":"5b503c36c619a0e728dca1458db8d939455bf1f1","isMergeCommit":false,"messageTitle":"Update user case","messageBody":"","fileTypesAndContributionMap":{"docs":{"insertions":13,"deletions":9}}},{"hash":"d8411ba72f9680455790d1551ba5ff2e596fb09b","isMergeCommit":false,"messageTitle":"Update user stories","messageBody":"","fileTypesAndContributionMap":{"docs":{"insertions":2,"deletions":2}}},{"hash":"b0227ad48680fef1bd75aca68db9b4c74d03f7f5","isMergeCommit":true,"messageTitle":"Merge pull request #28 from coberculidae/update-developerguide","messageBody":"Update user case","fileTypesAndContributionMap":{}}]},{"date":"2025-10-06T00:00:00","commitResults":[{"hash":"b7fa9ca627e28e87e356cb84f54e75f6a836842f","isMergeCommit":false,"messageTitle":"Delete AB3 mentions","messageBody":"","fileTypesAndContributionMap":{"docs":{"insertions":1,"deletions":12}}},{"hash":"143d9256badd583c137b3dfc957c162d64ea254b","isMergeCommit":true,"messageTitle":"Merge pull request #29 from coberculidae/update-readme","messageBody":"Delete AB3 mentions","fileTypesAndContributionMap":{}},{"hash":"1c475a184c01a28fcbc33fafdaea30b7fe895c9b","isMergeCommit":false,"messageTitle":"Delete trailing whitespace AboutUs","messageBody":"","fileTypesAndContributionMap":{"docs":{"insertions":2,"deletions":2}}},{"hash":"d603cea4a3d64d6f477d3989044414a541f29a88","isMergeCommit":false,"messageTitle":"Format README","messageBody":"","fileTypesAndContributionMap":{"docs":{"insertions":1,"deletions":1}}},{"hash":"cc8b8b9924784af535385e1d60a7eb11a59d4dec","isMergeCommit":true,"messageTitle":"Merge pull request #30 from coberculidae/master","messageBody":"Delete trailing whitespace in AboutUs","fileTypesAndContributionMap":{}}]},{"date":"2025-10-09T00:00:00","commitResults":[{"hash":"dcc96bce994981811b28377d579ff28a0c22712d","isMergeCommit":false,"messageTitle":"Add ViewDoctorsCommand","messageBody":"","fileTypesAndContributionMap":{"functional-code":{"insertions":37,"deletions":0}}},{"hash":"7e2a40a4bcc5f2f98d7f56b5c8c4643d2bb36389","isMergeCommit":false,"messageTitle":"Delete trailing whitespace","messageBody":"","fileTypesAndContributionMap":{"functional-code":{"insertions":2,"deletions":2}}}]},{"date":"2025-10-12T00:00:00","commitResults":[{"hash":"533ae122d4f2c51a1a7f2694a35bf8054a8427a5","isMergeCommit":true,"messageTitle":"Merge pull request #35 from Jiru-code/feature/appointments-storage","messageBody":"Add appointment storage","fileTypesAndContributionMap":{}}]},{"date":"2025-10-15T00:00:00","commitResults":[{"hash":"3d0620bb5940043313b74edc666a9e7ee332bd0d","isMergeCommit":false,"messageTitle":"Change Person mentions to Patient","messageBody":"","fileTypesAndContributionMap":{"functional-code":{"insertions":412,"deletions":388},"other":{"insertions":153,"deletions":153},"test-code":{"insertions":560,"deletions":560}}},{"hash":"850eb3e28564babdb142b3ed38c2978f8d372db5","isMergeCommit":false,"messageTitle":"Implement Patient class","messageBody":"","fileTypesAndContributionMap":{"functional-code":{"insertions":81,"deletions":29}}},{"hash":"59a40f13a4f08390959ecee9ebb8ce6a4237403a","isMergeCommit":false,"messageTitle":"Change file names","messageBody":"","fileTypesAndContributionMap":{"functional-code":{"insertions":8,"deletions":6},"other":{"insertions":0,"deletions":0}}},{"hash":"3f18aa11331ae392b789bc390ca3b331f6c5d9c5","isMergeCommit":true,"messageTitle":"Merge https://github.com/AY2526S1-CS2103T-T17-1/tp into add-view-patient-command","messageBody":"","fileTypesAndContributionMap":{}},{"hash":"f543780e46a7f0b536c150804139319294b27f5a","isMergeCommit":false,"messageTitle":"Formatting","messageBody":"","fileTypesAndContributionMap":{"functional-code":{"insertions":9,"deletions":13},"test-code":{"insertions":4,"deletions":4}}},{"hash":"84cc04d14ed7abf8a59a9c4b899722f795e8be5f","isMergeCommit":false,"messageTitle":"Improve CI","messageBody":"","fileTypesAndContributionMap":{"functional-code":{"insertions":14,"deletions":13}}},{"hash":"154a79ff1fb054a93a7421c5b2fb85e7569b2be6","isMergeCommit":false,"messageTitle":"Delete trailing white spaces","messageBody":"","fileTypesAndContributionMap":{"functional-code":{"insertions":4,"deletions":4}}},{"hash":"19df9902c1bfaff80f5e927034afe634fcba89c0","isMergeCommit":false,"messageTitle":"Add JavaDoc for ViewPatientCommand","messageBody":"","fileTypesAndContributionMap":{"functional-code":{"insertions":4,"deletions":0}}},{"hash":"23ff2e9a8226622f7839796f4ddeacf7c0e85f99","isMergeCommit":false,"messageTitle":"Change line length","messageBody":"","fileTypesAndContributionMap":{"test-code":{"insertions":9,"deletions":5}}},{"hash":"50f69f4bb9a6f9afb168315001c3c36f364b3a67","isMergeCommit":false,"messageTitle":"Delete trailing whitespaces","messageBody":"","fileTypesAndContributionMap":{"test-code":{"insertions":4,"deletions":4}}},{"hash":"6243e2113c1d65661648658f2de087cc82e23997","isMergeCommit":false,"messageTitle":"Change line length","messageBody":"","fileTypesAndContributionMap":{"test-code":{"insertions":3,"deletions":2}}}]},{"date":"2025-10-16T00:00:00","commitResults":[{"hash":"43639d965c272f2b22bb229b74a5630041d740b3","isMergeCommit":true,"messageTitle":"Merge pull request #58 from coberculidae/add-view-patient-command","messageBody":"Change Person mentions to Patient","fileTypesAndContributionMap":{}},{"hash":"d79e97307dcf595e4777d0f5637e829074d2f069","isMergeCommit":false,"messageTitle":"Integrate View Patient command","messageBody":"","fileTypesAndContributionMap":{"functional-code":{"insertions":32,"deletions":6}}},{"hash":"415213ac846aa0f6b36bdbac5c0197586ec728ce","isMergeCommit":true,"messageTitle":"Merge branch \u0027master\u0027 into add-view-patient-info-command","messageBody":"","fileTypesAndContributionMap":{}},{"hash":"41432c1e4675c80173997a65b7ac92f67213c681","isMergeCommit":true,"messageTitle":"Merge pull request #63 from coberculidae/add-view-patient-info-command","messageBody":"Integrate View Patient command","fileTypesAndContributionMap":{}}]},{"date":"2025-10-29T00:00:00","commitResults":[{"hash":"9c0e5d593aa3245e54c9e5a2ccfce946b2f4de73","isMergeCommit":false,"messageTitle":"Update user guide","messageBody":"","fileTypesAndContributionMap":{"docs":{"insertions":21,"deletions":19}}},{"hash":"bfc7ec2d1d9987c0382ab60595746808b81a12a5","isMergeCommit":false,"messageTitle":"Update view patient command","messageBody":"","fileTypesAndContributionMap":{"functional-code":{"insertions":25,"deletions":10}}},{"hash":"b90052bc47c3c064bd92e8bd0b8d15679eaab1d7","isMergeCommit":false,"messageTitle":"Delete trailing whitespaces","messageBody":"","fileTypesAndContributionMap":{"docs":{"insertions":5,"deletions":5}}},{"hash":"69f18c4b4e4c447f54ccbea45f80a697aa996e6c","isMergeCommit":true,"messageTitle":"Merge pull request #109 from coberculidae/update-view-patient-command","messageBody":"Update view patient command","fileTypesAndContributionMap":{}},{"hash":"c47e1f5a9c87827f3fe1a686b9ce04b7f0d1e255","isMergeCommit":true,"messageTitle":"Merge pull request #110 from coberculidae/update-user-guide","messageBody":"Update user guide","fileTypesAndContributionMap":{}}]}],"NgoHoangNhatMinh":[{"date":"2025-10-01T00:00:00","commitResults":[{"hash":"fe4fed60c11d371152a9b2e19f722a1e7451abb4","isMergeCommit":false,"messageTitle":"Update About Us","messageBody":"","fileTypesAndContributionMap":{"docs":{"insertions":5,"deletions":44}}},{"hash":"6f40c466a4dc300b89a0f0516307d641282a7250","isMergeCommit":true,"messageTitle":"Merge branch \u0027master\u0027 into about-us","messageBody":"","fileTypesAndContributionMap":{}},{"hash":"6f5a12788f79ecdea5e6b28cb0915de3079dd3b3","isMergeCommit":true,"messageTitle":"Merge pull request #19 from Tan-Guan-Lin/about-us","messageBody":"Add Guan Lin\u0027s AboutUs","fileTypesAndContributionMap":{}}]},{"date":"2025-10-09T00:00:00","commitResults":[{"hash":"6b4e976c629c2a70d4ff1105f4e4b0f189a1260f","isMergeCommit":false,"messageTitle":"Initialise prescription\u0027s models and dummy prescribe command","messageBody":"","fileTypesAndContributionMap":{"functional-code":{"insertions":136,"deletions":0}}},{"hash":"8dd3a9e85b56f0e796de3dfc283497086b1c92b8","isMergeCommit":true,"messageTitle":"Merge pull request #36 from NgoHoangNhatMinh/adding-prescription-add-command","messageBody":"Initialise prescription\u0027s models and dummy prescribe command","fileTypesAndContributionMap":{}},{"hash":"929e7b21a86bfdd9939f004250ed9099c3766068","isMergeCommit":true,"messageTitle":"Merge branch \u0027master\u0027 into add-view-doctors-add-command","messageBody":"","fileTypesAndContributionMap":{}},{"hash":"016a2587e695cac8eff5214e7bc1c1057b61f735","isMergeCommit":true,"messageTitle":"Merge pull request #37 from coberculidae/add-view-doctors-add-command","messageBody":"Add ViewDoctorsCommand","fileTypesAndContributionMap":{}},{"hash":"98d22b34bbfcd3df1a3302b9cb74f7bbc784323b","isMergeCommit":false,"messageTitle":"Fix linting and remove bin folder","messageBody":"","fileTypesAndContributionMap":{"functional-code":{"insertions":2,"deletions":2},"other":{"insertions":0,"deletions":580}}},{"hash":"1eb6773c3dc0d464d9b6ab12d6fb2415dd6d9b44","isMergeCommit":true,"messageTitle":"Merge pull request #42 from NgoHoangNhatMinh/remove-bin","messageBody":"Fix linting and remove bin folder","fileTypesAndContributionMap":{}},{"hash":"baea9a3509f981c4d59f49f2af12e354cee75bd3","isMergeCommit":true,"messageTitle":"Merge pull request #40 from Xinxiang0257/master","messageBody":"Add models for Patient and Birthday","fileTypesAndContributionMap":{}},{"hash":"adbec05875be487b670efd56336b4d52ce9840b0","isMergeCommit":false,"messageTitle":"Fix linting (line endings from /r/n to /n) for CICD","messageBody":"","fileTypesAndContributionMap":{"functional-code":{"insertions":107,"deletions":107}}},{"hash":"6a963e8c518c58039bb999b7f095fec699a84783","isMergeCommit":true,"messageTitle":"Merge branch \u0027master\u0027 into fix-lint-check-cicd","messageBody":"","fileTypesAndContributionMap":{}},{"hash":"9d63ed7b7585eedd7e84ea090ba6adf8d626b50d","isMergeCommit":false,"messageTitle":"Fix linting to comply with gradle checkstyle","messageBody":"","fileTypesAndContributionMap":{"functional-code":{"insertions":14,"deletions":5}}},{"hash":"c64838c294ee388014da91fc68f69387f8afaa27","isMergeCommit":true,"messageTitle":"Merge branch \u0027master\u0027 into fix-lint-check-cicd","messageBody":"","fileTypesAndContributionMap":{}},{"hash":"7be2b3535d88ea8dd5c3c3c994609fba6470b34b","isMergeCommit":true,"messageTitle":"Merge pull request #45 from NgoHoangNhatMinh/fix-lint-check-cicd","messageBody":"Fix lint check cicd","fileTypesAndContributionMap":{}}]},{"date":"2025-10-14T00:00:00","commitResults":[{"hash":"c486b462083fa97cc9faaad3f80c685f01be50dd","isMergeCommit":false,"messageTitle":"Add command parsing and link with prescription model","messageBody":"","fileTypesAndContributionMap":{"functional-code":{"insertions":128,"deletions":28}}},{"hash":"77285a77515acaca421ed3dd41239c4bc87d8b81","isMergeCommit":false,"messageTitle":"Fix checkstyle","messageBody":"","fileTypesAndContributionMap":{"functional-code":{"insertions":81,"deletions":27}}}]},{"date":"2025-10-15T00:00:00","commitResults":[{"hash":"8dfe08b3e3f5f9fbf31a49982d95bd3330624ebd","isMergeCommit":true,"messageTitle":"Merge pull request #50 from Tan-Guan-Lin/ViewPrescriptionCommand","messageBody":"Add Feature: ViewPrescriptionsCommand","fileTypesAndContributionMap":{}},{"hash":"b0656e7eb995c4f21b9b7696f35983eab49f96a3","isMergeCommit":false,"messageTitle":"Change add-prescription COMMAND_WORD","messageBody":"","fileTypesAndContributionMap":{"functional-code":{"insertions":6,"deletions":6}}},{"hash":"5406716b018f1fb2f4651e7037b236850e642576","isMergeCommit":true,"messageTitle":"Merge pull request #50 from GuanLin/ViewPrescriptionCommand","messageBody":"","fileTypesAndContributionMap":{}},{"hash":"cc953dc1de043ba2dd09680f0b81466d27e52cfe","isMergeCommit":true,"messageTitle":"Merge pull request #52 from NgoHoangNhatMinh/add-AddPrescription-command","messageBody":"Add add-prescription command","fileTypesAndContributionMap":{}},{"hash":"dff257cd2ebe5de907acc3a919c4e59f5dbca0c1","isMergeCommit":false,"messageTitle":"Link add prescription command to storage","messageBody":"","fileTypesAndContributionMap":{"functional-code":{"insertions":56,"deletions":7}}},{"hash":"23423bf94ca974936be0b8e94a8f932d467a7cb6","isMergeCommit":true,"messageTitle":"Merge branch \u0027master\u0027 into link-addPrescription-to-storage","messageBody":"","fileTypesAndContributionMap":{}},{"hash":"dfdd9c08363c305dfbafd9876f0db4cef09a6834","isMergeCommit":false,"messageTitle":"Fix checkstyle","messageBody":"","fileTypesAndContributionMap":{"functional-code":{"insertions":2,"deletions":2},"test-code":{"insertions":13,"deletions":0}}},{"hash":"c34ce1c415a3d1e274aa8cc0643a6addf9a63a7d","isMergeCommit":true,"messageTitle":"Merge pull request #59 from NgoHoangNhatMinh/link-addPrescription-to-storage","messageBody":"Link add prescription to storage","fileTypesAndContributionMap":{}}]},{"date":"2025-10-22T00:00:00","commitResults":[{"hash":"562e3ece451cdfabc82c2617b63da9394e494452","isMergeCommit":false,"messageTitle":"Update UserGuide.md with prescription commands","messageBody":"","fileTypesAndContributionMap":{"functional-code":{"insertions":9,"deletions":8},"docs":{"insertions":53,"deletions":37},"test-code":{"insertions":5,"deletions":4}}},{"hash":"e2cd680f32952b9ca2c2356d073315339dcfe71e","isMergeCommit":true,"messageTitle":"Merge pull request #67 from NgoHoangNhatMinh/update-UserGuide-for-prescription-command","messageBody":"Update UserGuide.md with prescription commands","fileTypesAndContributionMap":{}}]},{"date":"2025-10-28T00:00:00","commitResults":[{"hash":"28fe17ec39b257589958ffe95b08e686c29213ef","isMergeCommit":false,"messageTitle":"Add delete patient info command","messageBody":"","fileTypesAndContributionMap":{"functional-code":{"insertions":111,"deletions":17},"other":{"insertions":4,"deletions":0}}},{"hash":"6e56d5d64fdaeda3b2c48afc9f2e7debb47e059a","isMergeCommit":false,"messageTitle":"Parallel PR","messageBody":"","fileTypesAndContributionMap":{"functional-code":{"insertions":1,"deletions":1}}},{"hash":"45e79f6ba2e67a0d7beb6c6c4c8400333740e6da","isMergeCommit":false,"messageTitle":"Linting","messageBody":"","fileTypesAndContributionMap":{"functional-code":{"insertions":38,"deletions":13}}},{"hash":"9ad14f7f4c05315f204b9164844fcffa9732751c","isMergeCommit":true,"messageTitle":"Merge pull request #84 from NgoHoangNhatMinh/add-delete-patientinfocommand","messageBody":"Add delete patient info command","fileTypesAndContributionMap":{}},{"hash":"ea395f63eae6249c93ebb56d9e9ffd82044d24a9","isMergeCommit":true,"messageTitle":"Merge pull request #86 from NgoHoangNhatMinh/parallel-pr","messageBody":"Parallel PR","fileTypesAndContributionMap":{}}]},{"date":"2025-10-29T00:00:00","commitResults":[{"hash":"5ed6e5dcc92e3a5cedf27ef8421182e106b81b63","isMergeCommit":false,"messageTitle":"Update DG","messageBody":"","fileTypesAndContributionMap":{"docs":{"insertions":32,"deletions":1}}},{"hash":"14ef49ce6519240451337da90cb8c470b2edbf42","isMergeCommit":true,"messageTitle":"Merge pull request #106 from NgoHoangNhatMinh/update-dg","messageBody":"Update DG","fileTypesAndContributionMap":{}}]}],"Jiru-code":[{"date":"2025-09-19T00:00:00","commitResults":[{"hash":"7024a7815383e64708c510528fde79a75ce87e3e","isMergeCommit":false,"messageTitle":"Add placeholder comment in README.md","messageBody":"","fileTypesAndContributionMap":{"docs":{"insertions":2,"deletions":0}}}]},{"date":"2025-10-01T00:00:00","commitResults":[{"hash":"4028a495ff1273da035c5ea849eb0383dce8f01e","isMergeCommit":false,"messageTitle":"Update About Us for Jiong","messageBody":"","fileTypesAndContributionMap":{"docs":{"insertions":4,"deletions":43}}},{"hash":"c3fba76f70b7ea4706a82d5239c2ed2b899b10f1","isMergeCommit":true,"messageTitle":"Merge pull request #16 from coberculidae/improve-aboutus","messageBody":"Update Mai\u0027s AboutUs","fileTypesAndContributionMap":{}}]},{"date":"2025-10-08T00:00:00","commitResults":[{"hash":"2fd927540aced96ca77140dd6164da6b76164424","isMergeCommit":false,"messageTitle":"Update picture in AboutUs","messageBody":"","fileTypesAndContributionMap":{"other":{"insertions":580,"deletions":0}}},{"hash":"5ad58c31e465c82a8ded3f1366ab50c021f8cb3d","isMergeCommit":false,"messageTitle":"Initilaise appointment as a model","messageBody":"","fileTypesAndContributionMap":{"functional-code":{"insertions":184,"deletions":0},"test-code":{"insertions":40,"deletions":0}}},{"hash":"1e882aa0bac23b240edaf6bfd3a26ed6d3bba63b","isMergeCommit":false,"messageTitle":"Resolve conflicts","messageBody":"","fileTypesAndContributionMap":{"other":{"insertions":0,"deletions":580}}},{"hash":"1d68fbbcc84ea0ea5a195fa9416a5b4ab24c97f8","isMergeCommit":false,"messageTitle":"Patch up on my tests","messageBody":"","fileTypesAndContributionMap":{"test-code":{"insertions":113,"deletions":17}}}]},{"date":"2025-10-09T00:00:00","commitResults":[{"hash":"f7dd22c6b42c8a69ade8a08aa681d40e9d3eaafd","isMergeCommit":false,"messageTitle":"Initialise AddressBook to hold Appointments along with Persons","messageBody":"","fileTypesAndContributionMap":{"functional-code":{"insertions":172,"deletions":64},"test-code":{"insertions":11,"deletions":1}}},{"hash":"e71ebeb0951cc6dd42448c626a44fc449f74ace1","isMergeCommit":true,"messageTitle":"Merge pull request #33 from Jiru-code/feature/appointments-model","messageBody":"Add appointment domain model","fileTypesAndContributionMap":{}}]},{"date":"2025-10-12T00:00:00","commitResults":[{"hash":"7cfc56e054ff6ad8f0312f6561663653b8f92633","isMergeCommit":false,"messageTitle":"Add parsing logic for appt add command","messageBody":"","fileTypesAndContributionMap":{"functional-code":{"insertions":258,"deletions":4},"test-code":{"insertions":16,"deletions":0}}},{"hash":"dd62ec6993971d7133b1b8029d8c6da2873f48df","isMergeCommit":false,"messageTitle":"Fix checkstyle errors","messageBody":"","fileTypesAndContributionMap":{"functional-code":{"insertions":3,"deletions":11}}},{"hash":"a9acd5841047c63e0669225a2e45a3b2f0116600","isMergeCommit":false,"messageTitle":"Add test patches for appt storage","messageBody":"","fileTypesAndContributionMap":{"test-code":{"insertions":82,"deletions":0}}},{"hash":"3c77c96fe2ebb2e333d346bc6a835864c6bd50a0","isMergeCommit":false,"messageTitle":"Add tests for parsing and logic","messageBody":"","fileTypesAndContributionMap":{"test-code":{"insertions":137,"deletions":0}}}]},{"date":"2025-10-15T00:00:00","commitResults":[{"hash":"163f9f90e9c67928485631e7fb515f3e5d428415","isMergeCommit":false,"messageTitle":"Fix command to parse a-appt","messageBody":"","fileTypesAndContributionMap":{"functional-code":{"insertions":34,"deletions":35},"test-code":{"insertions":40,"deletions":14}}},{"hash":"3c572307e1f561d2141dba30e05e68289e6c7fd6","isMergeCommit":true,"messageTitle":"Merge branch \u0027master\u0027 into feature/appointments-storage","messageBody":"","fileTypesAndContributionMap":{}},{"hash":"7bf766ae2b16db1dc23662d8b1944940ef159ff6","isMergeCommit":true,"messageTitle":"Merge pull request #48 from Jiru-code/feature/appointments-storage","messageBody":"Add parsing logic for appt add command","fileTypesAndContributionMap":{}}]},{"date":"2025-10-21T00:00:00","commitResults":[{"hash":"f116c579650846e1614bbcf0c92fc0683f29943b","isMergeCommit":false,"messageTitle":"Modify UserGuide file for appointment commands","messageBody":"","fileTypesAndContributionMap":{"docs":{"insertions":43,"deletions":22}}},{"hash":"ce107d9d71ba90e756f21819f72b88bf50eb8ed5","isMergeCommit":false,"messageTitle":"Fix newline EOF error","messageBody":"","fileTypesAndContributionMap":{"docs":{"insertions":2,"deletions":1}}},{"hash":"bd2158259764e9c1b43c8e3817a321d1efd603ad","isMergeCommit":true,"messageTitle":"Merge pull request #65 from Jiru-code/feature/appointments","messageBody":"Modify UserGuide file for appointment commands","fileTypesAndContributionMap":{}}]},{"date":"2025-10-23T00:00:00","commitResults":[{"hash":"fcf890014432c0a5e5f66c1d4042b22922d4dc49","isMergeCommit":false,"messageTitle":"Update appointment classes in the model","messageBody":"","fileTypesAndContributionMap":{"functional-code":{"insertions":40,"deletions":17}}},{"hash":"03f6ba035fc2213203338e99c75dc472f6ea52a0","isMergeCommit":false,"messageTitle":"Change person to patient","messageBody":"","fileTypesAndContributionMap":{"docs":{"insertions":12,"deletions":12}}}]},{"date":"2025-10-26T00:00:00","commitResults":[{"hash":"ac4843073f332c04c20f8abb5a41e63b1a6a66d6","isMergeCommit":false,"messageTitle":"Add view appointment command logic","messageBody":"","fileTypesAndContributionMap":{"functional-code":{"insertions":200,"deletions":1},"other":{"insertions":7,"deletions":0},"test-code":{"insertions":166,"deletions":0}}},{"hash":"e197138939c3d87c91229984b9b290a91c2e6a16","isMergeCommit":true,"messageTitle":"Merge branch \u0027master\u0027 into feature/appointments","messageBody":"","fileTypesAndContributionMap":{}}]},{"date":"2025-10-27T00:00:00","commitResults":[{"hash":"508488b6b674691138139e1022a8844dfbcdd82a","isMergeCommit":false,"messageTitle":"Add view appointments UI","messageBody":"","fileTypesAndContributionMap":{"functional-code":{"insertions":143,"deletions":2},"test-code":{"insertions":0,"deletions":1}}},{"hash":"f3da479aa2c74449109a2b85116688c4ea770442","isMergeCommit":true,"messageTitle":"Merge branch \u0027feature/appointments\u0027 of https://github.com/Jiru-code/tp into feature/appointments merge with latest commit","messageBody":"","fileTypesAndContributionMap":{}},{"hash":"18a0a65ba28e3936d4b00e2c4d50bb400cb2dfdf","isMergeCommit":false,"messageTitle":"View command with UI implemented","messageBody":"","fileTypesAndContributionMap":{"functional-code":{"insertions":2,"deletions":2},"test-code":{"insertions":0,"deletions":5}}},{"hash":"e57a22d140c57ead67f8cf4470545ce1e34b269c","isMergeCommit":false,"messageTitle":"Fix full UI rendering of view appoointments","messageBody":"","fileTypesAndContributionMap":{"functional-code":{"insertions":3,"deletions":1}}}]},{"date":"2025-10-28T00:00:00","commitResults":[{"hash":"18a7764f2c8b3e82634538d9f8755b28a490fca0","isMergeCommit":true,"messageTitle":"Merge pull request #87 from Tan-Guan-Lin/feature/list-prescription","messageBody":"Feature/list prescription","fileTypesAndContributionMap":{}}]},{"date":"2025-10-29T00:00:00","commitResults":[{"hash":"53a256016048baf587a381d595e7bea47d89a758","isMergeCommit":true,"messageTitle":"Merge branch \u0027master\u0027 into feature/appointments","messageBody":"","fileTypesAndContributionMap":{}},{"hash":"8f36e5d4efb7c3a84cf27ead864fa797e67c0bc4","isMergeCommit":true,"messageTitle":"Merge pull request #81 from Jiru-code/feature/appointments","messageBody":"Add view command","fileTypesAndContributionMap":{}}]}]},"authorFileTypeContributionMap":{"Tan-Guan-Lin":{"docs":38,"functional-code":913,"test-code":948},"Xinxiang0257":{"docs":26,"functional-code":608,"test-code":738},"coberculidae":{"docs":44,"functional-code":479,"test-code":551,"other":3},"NgoHoangNhatMinh":{"docs":76,"functional-code":427,"test-code":16,"other":4},"Jiru-code":{"docs":32,"functional-code":897,"test-code":561,"other":7}},"authorContributionVariance":{"Tan-Guan-Lin":42920.59,"Xinxiang0257":90543.914,"coberculidae":149712.95,"NgoHoangNhatMinh":23602.777,"Jiru-code":62683.23},"authorDisplayNameMap":{"Tan-Guan-Lin":"CS2103T-T17-1 TAN .. LIN","Xinxiang0257":"CS2103T-T17-1 HOU ..IANG","coberculidae":"CS2103T-T17-1 TRUO.. MAI","NgoHoangNhatMinh":"CS2103T-T17-1 NGO ..MINH","Jiru-code":"CS2103T-T17-1 TAN .. RUI"}}
