{"authorDailyContributionsMap":{"jeroylim":[{"date":"2025-10-03T00:00:00","commitResults":[{"hash":"6767d067bbcf714b8c05472bbcc11cc9bcc052df","isMergeCommit":false,"messageTitle":"update jeroy details in AboutUs.md","messageBody":"","fileTypesAndContributionMap":{"docs":{"insertions":3,"deletions":3}}}]},{"date":"2025-10-06T00:00:00","commitResults":[{"hash":"81fd631feb4e5e5a0963b6957914869ceb146a87","isMergeCommit":true,"messageTitle":"Merge pull request #8 from jeroylim/Update-jeroy-aboutus","messageBody":"update jeroy details in AboutUs.md","fileTypesAndContributionMap":{}}]},{"date":"2025-10-09T00:00:00","commitResults":[{"hash":"9e0dc37751d4f70ed59428a43c17f2c22e1cded1","isMergeCommit":true,"messageTitle":"Merge pull request #40 from divyashahhh/add-mark-unmark-feature","messageBody":"Add mark and unmark present feature ","fileTypesAndContributionMap":{}},{"hash":"89d4291ab4463395e1819c3474de8392f7030735","isMergeCommit":false,"messageTitle":"Add attendance command and tests","messageBody":"","fileTypesAndContributionMap":{"functional-code":{"insertions":50,"deletions":1},"test-code":{"insertions":82,"deletions":1}}},{"hash":"ab5a82f77710bebbadc0accbbea9a13122018efb","isMergeCommit":false,"messageTitle":"Fix AttendanceCommandTest checkstyle","messageBody":"","fileTypesAndContributionMap":{"test-code":{"insertions":1,"deletions":2}}}]},{"date":"2025-10-16T00:00:00","commitResults":[{"hash":"f1c51e3dee9738e0a53f2873ff4783795fc96b95","isMergeCommit":true,"messageTitle":"Merge pull request #53 from divyashahhh/improve-GUI","messageBody":"Improving GUI ","fileTypesAndContributionMap":{}},{"hash":"06ee842457d5f1b3f68a7d4a6077ba341e0fdf7d","isMergeCommit":false,"messageTitle":"Add tag class and functions","messageBody":"","fileTypesAndContributionMap":{"functional-code":{"insertions":235,"deletions":8},"test-code":{"insertions":119,"deletions":4}}},{"hash":"74f3dc2a4340b9ad17ee5070f9bbb390550ecbeb","isMergeCommit":true,"messageTitle":"Merge branch \u0027master\u0027 into Add-tag-function","messageBody":"","fileTypesAndContributionMap":{}},{"hash":"611e7396fa563ba7973e939b6572f55e45167201","isMergeCommit":false,"messageTitle":"Fix ubuntu checkstyles","messageBody":"","fileTypesAndContributionMap":{"functional-code":{"insertions":1,"deletions":1},"docs":{"insertions":1,"deletions":1}}},{"hash":"3bc85fa9d8d49b4563be61db2e7ceb2c6c5a84a6","isMergeCommit":false,"messageTitle":"Fix conflicting ubuntu checkstyles","messageBody":"","fileTypesAndContributionMap":{"functional-code":{"insertions":2,"deletions":2}}},{"hash":"f656596c2a91f5c1047272c1eca86f6d32310558","isMergeCommit":false,"messageTitle":"Fix import inconsistency for checkstyle","messageBody":"","fileTypesAndContributionMap":{"test-code":{"insertions":2,"deletions":2}}}]},{"date":"2025-10-21T00:00:00","commitResults":[{"hash":"50ff53a71f9f98051126f7cbda266c982d6c854a","isMergeCommit":false,"messageTitle":"Add switch and remove commands","messageBody":"","fileTypesAndContributionMap":{"functional-code":{"insertions":256,"deletions":2},"other":{"insertions":5,"deletions":0}}},{"hash":"cae5269131c0728df09d6a305635b651141fd96b","isMergeCommit":false,"messageTitle":"Add tests for switch feature","messageBody":"","fileTypesAndContributionMap":{"functional-code":{"insertions":34,"deletions":0},"test-code":{"insertions":117,"deletions":0}}}]},{"date":"2025-10-22T00:00:00","commitResults":[{"hash":"44feec49d28e2b1c468f73fbd6225850327060e9","isMergeCommit":false,"messageTitle":"Abstract new switch feature from LogicManager","messageBody":"","fileTypesAndContributionMap":{"functional-code":{"insertions":111,"deletions":64},"test-code":{"insertions":179,"deletions":0}}}]},{"date":"2025-10-23T00:00:00","commitResults":[{"hash":"faa5f9651e935e0ada694778fa6a8e2785c608d5","isMergeCommit":false,"messageTitle":"Fix Tag imports","messageBody":"","fileTypesAndContributionMap":{"functional-code":{"insertions":0,"deletions":62},"test-code":{"insertions":3,"deletions":1}}},{"hash":"7059128a792fc42f73a6f2891929a69687c33af1","isMergeCommit":true,"messageTitle":"Merge branch \u0027master\u0027 into Add-switch-feature","messageBody":"","fileTypesAndContributionMap":{}},{"hash":"f67c31361f1d4c4ec95dad328da3ab9ca99bcd4a","isMergeCommit":true,"messageTitle":"Merge pull request #68 from jasonleexc/tagBugs","messageBody":"Fix bugs relating to usage of \u0027tag\u0027 to allow test cases to pass.","fileTypesAndContributionMap":{}},{"hash":"f3e443ba6b0c6ed2754327b507e987dc92a4dea8","isMergeCommit":false,"messageTitle":"Fix test cases","messageBody":"","fileTypesAndContributionMap":{"functional-code":{"insertions":50,"deletions":17},"test-code":{"insertions":47,"deletions":8}}},{"hash":"16cb0bfa7c0b4d2e66cd377762393baa24bbe8cc","isMergeCommit":false,"messageTitle":"Fix Ui crash","messageBody":"","fileTypesAndContributionMap":{"functional-code":{"insertions":38,"deletions":3}}},{"hash":"229338434b60f50c20d4e487fed7022f7d8540bd","isMergeCommit":true,"messageTitle":"Merge branch \u0027master\u0027 into Fix-tag-imports","messageBody":"","fileTypesAndContributionMap":{}}]},{"date":"2025-10-29T00:00:00","commitResults":[{"hash":"8da781005d2a0f36a5b02f636b57c2e2c121d1ef","isMergeCommit":true,"messageTitle":"Merge pull request #117 from javierchuaby/branch-uiclassdiagram","messageBody":"Fix class diagrams","fileTypesAndContributionMap":{}},{"hash":"b4e49709ab882a53c3e7248648da529dab44a0ab","isMergeCommit":false,"messageTitle":"Add parser UML","messageBody":"","fileTypesAndContributionMap":{"docs":{"insertions":98,"deletions":0}}},{"hash":"0bb33ab0f08affeb9a8422bf4a6921d7cf389088","isMergeCommit":false,"messageTitle":"Updated UG switch and remove command syntax","messageBody":"","fileTypesAndContributionMap":{"docs":{"insertions":6,"deletions":5}}},{"hash":"33b40ed4541da7e5bb9bea08ca654ef0e638ece5","isMergeCommit":false,"messageTitle":"Fix initial ui display to clubtrack","messageBody":"","fileTypesAndContributionMap":{"functional-code":{"insertions":11,"deletions":10},"docs":{"insertions":1,"deletions":1},"test-code":{"insertions":2,"deletions":1}}},{"hash":"e818008e3ed1d6a5a612636dcc7d2aaaa916cd23","isMergeCommit":false,"messageTitle":"Updated ui to show correct list upon switching","messageBody":"","fileTypesAndContributionMap":{"functional-code":{"insertions":18,"deletions":1}}}]}],"javierchuaby":[{"date":"2025-10-03T00:00:00","commitResults":[{"hash":"1d622263f143d80fbe45b8ff7e4358e608d082ce","isMergeCommit":false,"messageTitle":"Add Javier Chua image","messageBody":"","fileTypesAndContributionMap":{"docs":{"insertions":1,"deletions":1}}}]},{"date":"2025-10-06T00:00:00","commitResults":[{"hash":"04c673263d89dc5b2976ea8830f314c64c6fe442","isMergeCommit":true,"messageTitle":"Merge pull request #3 from javierchuaby/javierchuaby","messageBody":"Add Javier Chua image","fileTypesAndContributionMap":{}},{"hash":"84cfa2d48f8765596db2e2132b2f7b3597e11468","isMergeCommit":false,"messageTitle":"Update Developer Guide","messageBody":"","fileTypesAndContributionMap":{"docs":{"insertions":95,"deletions":335}}},{"hash":"3197f00d81f301dca54a4a311ed6c80295f31d74","isMergeCommit":false,"messageTitle":"Update Developer Guide AGAIN","messageBody":"","fileTypesAndContributionMap":{"docs":{"insertions":1,"deletions":1}}}]},{"date":"2025-10-08T00:00:00","commitResults":[{"hash":"7ccf84f927c97cc926925b3c1aeb8bedd41d8b6e","isMergeCommit":false,"messageTitle":"Update AddCommand.java","messageBody":"","fileTypesAndContributionMap":{"functional-code":{"insertions":44,"deletions":20}}},{"hash":"e7d3a909416b9ef8edef81e5f545e9b60841ab81","isMergeCommit":true,"messageTitle":"Merge pull request #38 from javierchuaby/branch-Add","messageBody":"Update AddCommand.java","fileTypesAndContributionMap":{}}]},{"date":"2025-10-16T00:00:00","commitResults":[{"hash":"688ce6b06fc54387fdfc35eff554404b0a56be26","isMergeCommit":false,"messageTitle":"Implement point system","messageBody":"","fileTypesAndContributionMap":{"functional-code":{"insertions":217,"deletions":20},"test-code":{"insertions":10,"deletions":2}}},{"hash":"51d36a55f8ee42d3b4b7010474eaaa6944f457c3","isMergeCommit":false,"messageTitle":"Fix JsonAdaptedPersonTest to use new constructor with isPresent and points parameters","messageBody":"","fileTypesAndContributionMap":{"test-code":{"insertions":11,"deletions":9}}},{"hash":"65ec3c12c58c14ec9744be30b0adc6412e48db7f","isMergeCommit":false,"messageTitle":"Amend JsonAdaptedPerson","messageBody":"","fileTypesAndContributionMap":{"functional-code":{"insertions":17,"deletions":5}}},{"hash":"b3ee400d95448f3097f0b26e2bc9d0cbc8b8bf18","isMergeCommit":true,"messageTitle":"Merge branch \u0027master\u0027 of github.com:javierchuaby/tp","messageBody":"","fileTypesAndContributionMap":{}},{"hash":"7cb171ed3333b51cf1523044a931aa444966127c","isMergeCommit":false,"messageTitle":"Fix PersonBuilder to initialize points field in constructor","messageBody":"","fileTypesAndContributionMap":{"test-code":{"insertions":3,"deletions":1}}},{"hash":"db683492118d753e8be486e68a1f5ff9bc85365a","isMergeCommit":false,"messageTitle":"Fix MarkCommandTest to include Points parameter in Person constructor","messageBody":"","fileTypesAndContributionMap":{"test-code":{"insertions":5,"deletions":3}}},{"hash":"13afc6b60f247a2cd39661394fe07bdf20362743","isMergeCommit":false,"messageTitle":"Fix UnmarkCommandTest to include Points parameter in Person constructor","messageBody":"","fileTypesAndContributionMap":{"test-code":{"insertions":3,"deletions":2}}},{"hash":"af2c6e7998ea090a6ea1c51e41d65a830e19f867","isMergeCommit":false,"messageTitle":"Fix PersonTest toStringMethod to include points field in expected output","messageBody":"","fileTypesAndContributionMap":{"test-code":{"insertions":2,"deletions":2}}},{"hash":"8cb2869f4f932c466f7fb4987d3938b96f5cda3d","isMergeCommit":false,"messageTitle":"Align MarkCommandTest expected messages with MarkCommand implementation","messageBody":"","fileTypesAndContributionMap":{"test-code":{"insertions":5,"deletions":3}}},{"hash":"011bd54fb2b584a7acc7124356ae089e9280dd51","isMergeCommit":false,"messageTitle":"Align UnmarkCommandTest expected messages with UnmarkCommand implementation","messageBody":"","fileTypesAndContributionMap":{"test-code":{"insertions":7,"deletions":3}}},{"hash":"a7e7b7b4087edeaad41cc35387a8f4954a53d456","isMergeCommit":false,"messageTitle":"Fix UnmarkCommandTest to handle already-absent persons correctly","messageBody":"","fileTypesAndContributionMap":{"test-code":{"insertions":45,"deletions":24}}},{"hash":"862e8a8afdd08ca7041626ff3ee960605a92cf95","isMergeCommit":false,"messageTitle":"style: sort imports, remove redundant same-package import in AddressBookParser","messageBody":"","fileTypesAndContributionMap":{"functional-code":{"insertions":1,"deletions":2}}},{"hash":"7198cbcf5a35b10e7b770a066ce3b27a00c48ea5","isMergeCommit":false,"messageTitle":"docs: add class-level Javadoc to PointsCommandParser","messageBody":"","fileTypesAndContributionMap":{"functional-code":{"insertions":3,"deletions":0}}},{"hash":"d53ca6869548ce75a5d95718898cd2803eb7024c","isMergeCommit":false,"messageTitle":"style: wrap long constructor and add Javadocs in Person to satisfy checkstyle","messageBody":"","fileTypesAndContributionMap":{"functional-code":{"insertions":16,"deletions":1}}},{"hash":"e19d78ca7475103795d6f8478a065a3776df8bae","isMergeCommit":false,"messageTitle":"docs: add Javadocs to subtract and subtractPoint in Points","messageBody":"","fileTypesAndContributionMap":{"functional-code":{"insertions":9,"deletions":0}}},{"hash":"41c6f8012de7cf0fbcc1f76dd1c2fc39a0ea217c","isMergeCommit":false,"messageTitle":"Amend style","messageBody":"","fileTypesAndContributionMap":{"functional-code":{"insertions":2,"deletions":2},"test-code":{"insertions":26,"deletions":14}}},{"hash":"8d2706831c4150caadb06abc415840529fcee9a9","isMergeCommit":true,"messageTitle":"Merge branch \u0027master\u0027 into master","messageBody":"","fileTypesAndContributionMap":{}},{"hash":"61009879eb796f31b27906c7d5928cd5bb930e66","isMergeCommit":true,"messageTitle":"Merge pull request #52 from javierchuaby/master","messageBody":"Add point system","fileTypesAndContributionMap":{}},{"hash":"574b2178e5c07c60a2802a941b581f83e4854861","isMergeCommit":false,"messageTitle":"Fix MarkCommandTest to properly handle Points and expected messages","messageBody":"","fileTypesAndContributionMap":{"test-code":{"insertions":79,"deletions":78}}},{"hash":"8afde880630285713727a5e823f94d94d308e804","isMergeCommit":false,"messageTitle":"Fix UnmarkCommandTest to properly handle Points and expected messages","messageBody":"","fileTypesAndContributionMap":{"test-code":{"insertions":53,"deletions":15}}},{"hash":"c683969802424a48925938e30d5362fbbc40a3fb","isMergeCommit":false,"messageTitle":"Fix MarkCommand to properly handle Points when marking attendance","messageBody":"","fileTypesAndContributionMap":{"functional-code":{"insertions":3,"deletions":2}}},{"hash":"53a1f664ba555d1273dc080d3aaab0665941cbe8","isMergeCommit":true,"messageTitle":"Merge pull request #56 from javierchuaby/master","messageBody":"Fix Mark/UnmarkCommandTest","fileTypesAndContributionMap":{}}]},{"date":"2025-10-17T00:00:00","commitResults":[{"hash":"cb816642506cf39bcef7e24350a56359799f7ed7","isMergeCommit":false,"messageTitle":"Fix Person constructor: initialize yearOfStudy and faculty in third constructor","messageBody":"","fileTypesAndContributionMap":{"functional-code":{"insertions":10,"deletions":2}}},{"hash":"9fef15ae7159efe17c9b73f7e4c9e6810b44ac53","isMergeCommit":false,"messageTitle":"Fix TagCommand: update Person constructor call to include yearOfStudy and faculty","messageBody":"","fileTypesAndContributionMap":{"functional-code":{"insertions":5,"deletions":2}}},{"hash":"238a0a1e01c2586182d43a684f5b7d8d65e3d6e0","isMergeCommit":false,"messageTitle":"Fix UntagCommand: update Person constructor call to include yearOfStudy and faculty","messageBody":"","fileTypesAndContributionMap":{"functional-code":{"insertions":5,"deletions":2}}},{"hash":"6bd7a45f71843bf59d4025add1acab0ce1ecad4d","isMergeCommit":false,"messageTitle":"Fix AddCommandParser: include yearOfStudy and faculty in tokenization and validation","messageBody":"","fileTypesAndContributionMap":{"functional-code":{"insertions":7,"deletions":4}}},{"hash":"a4c6a9beffb03c98b3e73de8ca19a6f2fc495486","isMergeCommit":false,"messageTitle":"Fix EditCommand: preserve isPresent status and points when editing person","messageBody":"","fileTypesAndContributionMap":{"functional-code":{"insertions":4,"deletions":2}}},{"hash":"a2cc4c86576de152ccd4df66b61088f309531ee5","isMergeCommit":false,"messageTitle":"Fix UnmarkCommand: preserve points and deduct correctly when unmarking person","messageBody":"","fileTypesAndContributionMap":{"functional-code":{"insertions":10,"deletions":3}}},{"hash":"c1cc833dce28df9dcba98a4b8670e68d9daf8f5e","isMergeCommit":false,"messageTitle":"Update AddCommand usage message to include yearOfStudy and faculty parameters","messageBody":"","fileTypesAndContributionMap":{"functional-code":{"insertions":7,"deletions":1}}},{"hash":"6ad2eb35fde65769258a09749efabd7b7b0057ed","isMergeCommit":false,"messageTitle":"Fix EditCommandParser: add parsing for yearOfStudy and faculty fields","messageBody":"","fileTypesAndContributionMap":{"functional-code":{"insertions":12,"deletions":3}}},{"hash":"62555614a5bc3fc4429fb5a4705ea06776be01c3","isMergeCommit":false,"messageTitle":"Fix JsonAdaptedPerson: update constructor and JSON serialization for yearOfStudy and faculty","messageBody":"","fileTypesAndContributionMap":{"functional-code":{"insertions":10,"deletions":6}}},{"hash":"45115d04768bc929bb2a2a48665d827a36246103","isMergeCommit":false,"messageTitle":"Fix JsonAdaptedPersonTest: update test cases for new JsonAdaptedPerson constructor","messageBody":"","fileTypesAndContributionMap":{"test-code":{"insertions":36,"deletions":10}}},{"hash":"0a8e3e8f86a26f95f3addd0fc95fdce63f8ad369","isMergeCommit":false,"messageTitle":"Update Messages.format to include yearOfStudy and faculty in person display","messageBody":"","fileTypesAndContributionMap":{"functional-code":{"insertions":9,"deletions":1}}},{"hash":"e04482f57ca25172211fcbb69bb0967a91a9f722","isMergeCommit":false,"messageTitle":"Fix TagCommandTest: use full Person constructor with yearOfStudy, faculty, and points","messageBody":"","fileTypesAndContributionMap":{"test-code":{"insertions":9,"deletions":2}}},{"hash":"26b6ff6e409885337ae17bada7651457dc126cd5","isMergeCommit":false,"messageTitle":"Fix UntagCommandTest: use full Person constructor with yearOfStudy, faculty, and points","messageBody":"","fileTypesAndContributionMap":{"test-code":{"insertions":7,"deletions":2}}},{"hash":"85473829b8b7387c36dcb2cffb9593db7ff6c91f","isMergeCommit":false,"messageTitle":"Fix UnmarkCommandTest: update Person constructor usage to include yearOfStudy and faculty","messageBody":"","fileTypesAndContributionMap":{"test-code":{"insertions":4,"deletions":1}}},{"hash":"5b88a65540cb945df09b727791d6747df738b100","isMergeCommit":false,"messageTitle":"Add yearOfStudy and faculty constants to CommandTestUtil for test consistency","messageBody":"","fileTypesAndContributionMap":{"test-code":{"insertions":18,"deletions":2}}},{"hash":"2a3a361239c1d52f236208a7ed26a1003ddfdf9d","isMergeCommit":false,"messageTitle":"Update EditPersonDescriptorBuilder to support yearOfStudy and faculty fields","messageBody":"","fileTypesAndContributionMap":{"test-code":{"insertions":18,"deletions":0}}},{"hash":"9a8af88eb329704ea0032387c8d941a5abe22c3c","isMergeCommit":false,"messageTitle":"Fix AddCommandParserTest: include yearOfStudy and faculty in all test commands","messageBody":"","fileTypesAndContributionMap":{"test-code":{"insertions":68,"deletions":33}}},{"hash":"3bbaf32b4977678645706a7adbbc0c335abb524f","isMergeCommit":false,"messageTitle":"Fix failing tests: Add missing yearOfStudy and faculty fields to AMY and BOB in TypicalPersons","messageBody":"","fileTypesAndContributionMap":{"test-code":{"insertions":9,"deletions":3}}},{"hash":"973e5909a34867d26d570c20c17292de65ea1d70","isMergeCommit":false,"messageTitle":"Fix failing tests: Add missing yearOfStudy and faculty fields in LogicManagerTest add command","messageBody":"","fileTypesAndContributionMap":{"test-code":{"insertions":4,"deletions":2}}},{"hash":"d6ae9b2b05a0f49c05a01b2b1a0f387151de4a0a","isMergeCommit":false,"messageTitle":"Fix Points class: Remove requireNonNull for primitive int parameter","messageBody":"","fileTypesAndContributionMap":{"functional-code":{"insertions":1,"deletions":4}}},{"hash":"a5dce8e2af9bbb29abb951a261fc973e4cbb8dee","isMergeCommit":false,"messageTitle":"Fix PersonTest: Update toString test to include yearOfStudy and faculty fields","messageBody":"","fileTypesAndContributionMap":{"test-code":{"insertions":3,"deletions":2}}},{"hash":"ad9d0bd502b86bb2dace1b77a4c1baa13b3a117e","isMergeCommit":false,"messageTitle":"Fix EditPersonDescriptorTest: Update toString test to include yearOfStudy and faculty fields","messageBody":"","fileTypesAndContributionMap":{"test-code":{"insertions":4,"deletions":2}}},{"hash":"f44941574ef8530f14968744e510d315f1e994c3","isMergeCommit":false,"messageTitle":"Fix MarkCommandTest: Correct marked person creation in tests","messageBody":"","fileTypesAndContributionMap":{"test-code":{"insertions":4,"deletions":8}}},{"hash":"37c1a4ef11f12108caaaf0eb1eb54b51fa953ff0","isMergeCommit":false,"messageTitle":"Fix EditCommand: Correct getYearOfStudy to return proper Optional","messageBody":"","fileTypesAndContributionMap":{"functional-code":{"insertions":4,"deletions":2}}},{"hash":"bb25cea73c663be46eca5c2ed8d1d87c149c2a80","isMergeCommit":false,"messageTitle":"Align MarkCommandTest expected tags with command behavior (no tag mutation)","messageBody":"","fileTypesAndContributionMap":{"test-code":{"insertions":1,"deletions":6}}},{"hash":"07d2abe1c9091882eec9575fa59805e1523b3540","isMergeCommit":false,"messageTitle":"Update AddCommandParserTest duplicate prefix expectation to include yearOfStudy and faculty","messageBody":"","fileTypesAndContributionMap":{"test-code":{"insertions":3,"deletions":18}}},{"hash":"8293fe7812dc19869b6d349fe127ef144312ed89","isMergeCommit":false,"messageTitle":"test: Align MarkCommandTest with command behavior (preserve tags, set isPresent\u003dtrue, increment points, expect exact message)","messageBody":"","fileTypesAndContributionMap":{"test-code":{"insertions":4,"deletions":2}}},{"hash":"e09cb44c87606108c2b22e6d25e8585489b1e1cc","isMergeCommit":false,"messageTitle":"fix: MarkCommand should preserve tags, only set isPresent\u003dtrue and increment points; align with tests","messageBody":"","fileTypesAndContributionMap":{"functional-code":{"insertions":4,"deletions":6}}},{"hash":"14e0dc0718c8f83cdb07da0bf6f8976458b5dd54","isMergeCommit":false,"messageTitle":"ui: Show points on PersonCard and bind label text to person\u0027s points value","messageBody":"","fileTypesAndContributionMap":{"functional-code":{"insertions":4,"deletions":0}}},{"hash":"9eda75876c8d94a5783eda1bf545f1f53182ad21","isMergeCommit":false,"messageTitle":"feat: Prevent double-award on present command; no-op with message if member already present","messageBody":"","fileTypesAndContributionMap":{"functional-code":{"insertions":6,"deletions":0}}},{"hash":"a134b73cd0db9cfbf3888657b89ffca7d0081411","isMergeCommit":false,"messageTitle":"feat: Prevent unmarking already absent members; no-op with message. Stop auto point deduction on absence.","messageBody":"","fileTypesAndContributionMap":{"functional-code":{"insertions":16,"deletions":15}}},{"hash":"13b8eeb3d778984bcd3862d5e3c49fdcef335de9","isMergeCommit":false,"messageTitle":"test: Align UnmarkCommandTest with new behavior (no point deduction; no tags change; require present first)","messageBody":"","fileTypesAndContributionMap":{"test-code":{"insertions":68,"deletions":57}}},{"hash":"6b660ddb669edc4bee812e9523147e735b53c7a5","isMergeCommit":false,"messageTitle":"ui: Show ResultDisplay in MainWindow (restore visibility \u0026 layout)","messageBody":"","fileTypesAndContributionMap":{"functional-code":{"insertions":5,"deletions":3}}},{"hash":"c562d0ed215c67eeef803688b90e0fd6ce55e1ba","isMergeCommit":false,"messageTitle":"ui: Theme the ResultDisplay area to match dark theme and ensure legible text","messageBody":"","fileTypesAndContributionMap":{"functional-code":{"insertions":19,"deletions":44}}},{"hash":"c58dd87d2284a5a5b35c9d79dee8b00b6d55eb95","isMergeCommit":true,"messageTitle":"Merge branch \u0027master\u0027 of https://github.com/AY2526S1-CS2103T-W10-4/tp","messageBody":"# Conflicts:\n#\tsrc/main/java/seedu/address/logic/commands/AddCommand.java\n#\tsrc/main/java/seedu/address/logic/commands/EditCommand.java\n#\tsrc/main/java/seedu/address/logic/commands/TagCommand.java\n#\tsrc/main/java/seedu/address/logic/commands/UntagCommand.java\n#\tsrc/main/java/seedu/address/logic/parser/AddCommandParser.java\n#\tsrc/main/java/seedu/address/logic/parser/EditCommandParser.java\n#\tsrc/main/java/seedu/address/model/person/Person.java\n#\tsrc/main/java/seedu/address/storage/JsonAdaptedPerson.java\n#\tsrc/main/java/seedu/address/ui/PersonCard.java\n#\tsrc/main/resources/view/MainWindow.fxml\n#\tsrc/main/resources/view/clubtrack-theme.css\n#\tsrc/test/java/seedu/address/logic/commands/CommandTestUtil.java\n#\tsrc/test/java/seedu/address/logic/commands/EditPersonDescriptorTest.java\n#\tsrc/test/java/seedu/address/logic/commands/MarkCommandTest.java\n#\tsrc/test/java/seedu/address/logic/commands/TagCommandTest.java\n#\tsrc/test/java/seedu/address/logic/commands/UnmarkCommandTest.java\n#\tsrc/test/java/seedu/address/logic/commands/UntagCommandTest.java\n#\tsrc/test/java/seedu/address/logic/parser/AddCommandParserTest.java\n#\tsrc/test/java/seedu/address/model/person/PersonTest.java\n#\tsrc/test/java/seedu/address/storage/JsonAdaptedPersonTest.java\n#\tsrc/test/java/seedu/address/testutil/EditPersonDescriptorBuilder.java\n#\tsrc/test/java/seedu/address/testutil/TypicalPersons.java\n","fileTypesAndContributionMap":{}}]},{"date":"2025-10-21T00:00:00","commitResults":[{"hash":"f53a70d67ef5c75149007ace89e0ae003d1ba4ae","isMergeCommit":false,"messageTitle":"Amend point system implementation","messageBody":"","fileTypesAndContributionMap":{"functional-code":{"insertions":288,"deletions":25},"test-code":{"insertions":38,"deletions":45}}}]},{"date":"2025-10-22T00:00:00","commitResults":[{"hash":"c8dbc7043a78f39b01c5de073323ce7c386e3e5e","isMergeCommit":true,"messageTitle":"Merge pull request #62 from javierchuaby/branch-morePoints","messageBody":"Change implementation of Points system","fileTypesAndContributionMap":{}}]},{"date":"2025-10-23T00:00:00","commitResults":[{"hash":"9d10d2d02d9965d1a1f0480aacab71aced8602ad","isMergeCommit":true,"messageTitle":"Merge pull request #67 from seanowww/branch-UpdateUserGuide","messageBody":"Update user guide","fileTypesAndContributionMap":{}},{"hash":"835756b8fc2c5b2879862d72939bafa94a7edf35","isMergeCommit":true,"messageTitle":"Merge pull request #71 from divyashahhh/fix-GUI-bugs","messageBody":"Fixing bugs with GUI and test case related files","tags":["v1.4"],"fileTypesAndContributionMap":{}}]},{"date":"2025-10-28T00:00:00","commitResults":[{"hash":"bef71bc444a3adef02c8c66ec2649e1a44abb94e","isMergeCommit":false,"messageTitle":"Fix: Preserve points when marking/unmarking attendance","messageBody":"","fileTypesAndContributionMap":{"functional-code":{"insertions":4,"deletions":2}}},{"hash":"b9b6bf904255b36b8ceeeb4a055b044d8f21a9d5","isMergeCommit":false,"messageTitle":"Fix: Add integer overflow protection in AddPointsCommand","messageBody":"","fileTypesAndContributionMap":{"functional-code":{"insertions":11,"deletions":1}}},{"hash":"4e3016a1f8c664df7a94da7862aa0c30d84e50e3","isMergeCommit":false,"messageTitle":"Fix: Add missing equals() and hashCode() for points commands","messageBody":"","fileTypesAndContributionMap":{"functional-code":{"insertions":42,"deletions":0}}},{"hash":"579ae36b73624003a3025b76625dc91325f6398c","isMergeCommit":false,"messageTitle":"Fix: Include points field in Person.toString()","messageBody":"","fileTypesAndContributionMap":{"functional-code":{"insertions":1,"deletions":0},"test-code":{"insertions":11,"deletions":4}}},{"hash":"3ee982a5b7b6a1514ee5da3a75e4251fc557623d","isMergeCommit":false,"messageTitle":"Fix: Add comprehensive test coverage for points system","messageBody":"","fileTypesAndContributionMap":{"test-code":{"insertions":57,"deletions":4}}},{"hash":"7a30f14b08466a4fe635f93d301f421e5c00b336","isMergeCommit":false,"messageTitle":"Fix: Add maximum points validation and business rules","messageBody":"","fileTypesAndContributionMap":{"functional-code":{"insertions":10,"deletions":13}}}]},{"date":"2025-10-29T00:00:00","commitResults":[{"hash":"8d66cc3c8daf2366fe6656a8aba9e261af4a55ff","isMergeCommit":true,"messageTitle":"Merge pull request #92 from javierchuaby/fix/issue-1-points-reset-critical","messageBody":"Fix: Preserve points when marking/unmarking attendance","fileTypesAndContributionMap":{}},{"hash":"56ac950ca622ee022f0b5d26287ff8bb834410c6","isMergeCommit":true,"messageTitle":"Merge pull request #93 from javierchuaby/fix/issue-2-integer-overflow-high","messageBody":"Fix: Add integer overflow protection in AddPointsCommand","fileTypesAndContributionMap":{}},{"hash":"883b7ed141baa926ec7d442a508a1f6cd99d8b4e","isMergeCommit":true,"messageTitle":"Merge pull request #94 from javierchuaby/fix/issue-3-missing-equals-hashcode","messageBody":"Fix: Add missing equals() and hashCode() for points commands","fileTypesAndContributionMap":{}},{"hash":"faefc78986c85501ecb7108c2ff6fd941944cabc","isMergeCommit":true,"messageTitle":"Merge pull request #95 from javierchuaby/fix/issue-4-person-tostring-points","messageBody":"Fix: Include points field in Person.toString()","fileTypesAndContributionMap":{}},{"hash":"069216749bfd3f2f870c7f92effa5e8e20a05de6","isMergeCommit":true,"messageTitle":"Merge pull request #96 from javierchuaby/fix/issue-5-missing-test-coverage","messageBody":"Fix: Add missing test coverage","fileTypesAndContributionMap":{}},{"hash":"068572cc479f6742a069a09040fe0e371adbcbf9","isMergeCommit":true,"messageTitle":"Merge pull request #97 from javierchuaby/fix/issue-6-points-validation-gap","messageBody":"Fix: Add maximum points validation and business rules","fileTypesAndContributionMap":{}},{"hash":"e9a792d3abb43d75569fb05a0ccd4bbd126f4e6b","isMergeCommit":false,"messageTitle":"Add StorageClassDiagram.puml","messageBody":"","fileTypesAndContributionMap":{"functional-code":{"insertions":13,"deletions":13},"other":{"insertions":22,"deletions":22},"docs":{"insertions":86,"deletions":0},"test-code":{"insertions":5,"deletions":5}}},{"hash":"2569eae085b41a9091b0aed61fe08470abeecd73","isMergeCommit":true,"messageTitle":"Merge pull request #115 from divyashahhh/add-uml","messageBody":"Added UML diagram for UI classes","fileTypesAndContributionMap":{}},{"hash":"47316462996c4770f214549bfe3d5086d8212195","isMergeCommit":true,"messageTitle":"Merge branch \u0027master\u0027 into branch-storageclassdiagram","messageBody":"","fileTypesAndContributionMap":{}},{"hash":"c28e4641f60566fff05ac54689c38a15ef0deead","isMergeCommit":true,"messageTitle":"Merge pull request #116 from javierchuaby/branch-storageclassdiagram","messageBody":"Add StorageClassDiagram.puml","fileTypesAndContributionMap":{}},{"hash":"51f3a171bd7b08093fe8767ddf6eafd7ae4ec540","isMergeCommit":false,"messageTitle":"Fix class diagrams","messageBody":"","fileTypesAndContributionMap":{"functional-code":{"insertions":102,"deletions":101},"other":{"insertions":85,"deletions":85},"docs":{"insertions":105,"deletions":59},"test-code":{"insertions":109,"deletions":109}}}]},{"date":"2025-10-30T00:00:00","commitResults":[{"hash":"84725c63739bc84bf047dff6c6a3cd5aca9874f6","isMergeCommit":true,"messageTitle":"Merge pull request #119 from jeroylim/Add-parser-uml","messageBody":"Add parser uml","fileTypesAndContributionMap":{}},{"hash":"9b974840da10cf94c9584bd3e82507c5c00cd044","isMergeCommit":false,"messageTitle":"Minor fixes","messageBody":"","fileTypesAndContributionMap":{"functional-code":{"insertions":6,"deletions":7},"docs":{"insertions":63,"deletions":5},"test-code":{"insertions":294,"deletions":31}}},{"hash":"3345a0ba957f06d51efec76c466c5bbf133317be","isMergeCommit":true,"messageTitle":"Merge pull request #122 from javierchuaby/branch-fixes","messageBody":"Minor fixes","fileTypesAndContributionMap":{}},{"hash":"4eed234803de1471e77c3fbba9deba8bd46728f9","isMergeCommit":false,"messageTitle":"Revise README for improved clarity and details","messageBody":"Updated README.md to enhance project description and features.","fileTypesAndContributionMap":{"docs":{"insertions":30,"deletions":18}}},{"hash":"a5e3d874bd7e831ddd547c69962b5daf4250f7de","isMergeCommit":false,"messageTitle":"Minor fixes","messageBody":"","fileTypesAndContributionMap":{"docs":{"insertions":22,"deletions":7}}},{"hash":"bb2f3a36b31a41c688624049d738514df2cdc300","isMergeCommit":true,"messageTitle":"Merge pull request #123 from javierchuaby/branch-morefixes","messageBody":"Minor fixes","fileTypesAndContributionMap":{}},{"hash":"33a0f7c99c3a02054d88f1f1a28c50518ac7b7f7","isMergeCommit":false,"messageTitle":"more fixes","messageBody":"","fileTypesAndContributionMap":{"functional-code":{"insertions":18,"deletions":0},"docs":{"insertions":23,"deletions":15},"test-code":{"insertions":153,"deletions":0}}},{"hash":"971d28ff09687ee4a9eabf96bb0bb981b5bd344e","isMergeCommit":true,"messageTitle":"Merge pull request #124 from javierchuaby/branch-morefixes","messageBody":"more fixes","fileTypesAndContributionMap":{}},{"hash":"77b3175f04655d4b3d394c8501a5e6a16d217a21","isMergeCommit":true,"messageTitle":"Merge branch \u0027master\u0027 into pointSystemBugs","messageBody":"","fileTypesAndContributionMap":{}},{"hash":"48218f95c854566736308e7e377601df4e9b3061","isMergeCommit":true,"messageTitle":"Merge pull request #107 from jasonleexc/pointSystemBugs","messageBody":"Fix point system bugs","fileTypesAndContributionMap":{}},{"hash":"877b8a074f82e88b5d7ad9baa64350207e50183e","isMergeCommit":true,"messageTitle":"Merge branch \u0027master\u0027 into fixfind","messageBody":"","fileTypesAndContributionMap":{}},{"hash":"a230eb2f1489ddc5f01bf375c653194a91c5ed57","isMergeCommit":true,"messageTitle":"Merge pull request #108 from jasonleexc/fixfind","messageBody":"Fix \u0027Find\u0027 Feature to filter using both first \u0026 last names","fileTypesAndContributionMap":{}},{"hash":"20047ba1f4eff3ef6623ae0e30eb5d6b4bfdcf3e","isMergeCommit":true,"messageTitle":"Merge pull request #110 from seanowww/branch-FixPersonList","messageBody":"PersonCard: Display YoS and Faculty","fileTypesAndContributionMap":{}},{"hash":"f67ef82fb77d63ab7582eab01937d2b570472c7d","isMergeCommit":true,"messageTitle":"Merge branch \u0027master\u0027 into branch-MakeYOSandFacultyCompulsory","messageBody":"","fileTypesAndContributionMap":{}},{"hash":"b565483843c9179e4b1bb0980dfd32b4fb8034de","isMergeCommit":true,"messageTitle":"Merge pull request #111 from seanowww/branch-MakeYOSandFacultyCompulsory","messageBody":"Make YoS and Faculty Fields Compulsory","fileTypesAndContributionMap":{}},{"hash":"2e76a5ac50a41b392a0c7a82219c0335837fdf36","isMergeCommit":true,"messageTitle":"Merge pull request #120 from jeroylim/Update-ug","messageBody":"Update UG syntax mismatch and respective gui display","fileTypesAndContributionMap":{}},{"hash":"9c41a4ed881f69aba0858a015be3e4ab31ef4167","isMergeCommit":false,"messageTitle":"Fix errors","messageBody":"","fileTypesAndContributionMap":{"functional-code":{"insertions":5,"deletions":11},"test-code":{"insertions":21,"deletions":51}}},{"hash":"d1ca5f2261cdde7c4389174101f2fa4f02f73f9c","isMergeCommit":true,"messageTitle":"Merge pull request #125 from javierchuaby/branch-evenmorefixes","messageBody":"Fix errors","fileTypesAndContributionMap":{}},{"hash":"ebbdefd16ac1d691254b021d977a6bc61ddfc1e0","isMergeCommit":false,"messageTitle":"Amend DG","messageBody":"","fileTypesAndContributionMap":{"docs":{"insertions":1,"deletions":1}}},{"hash":"7f4c46d3ef476e474e31e9edad5c13a63e8f18e7","isMergeCommit":false,"messageTitle":"Add JaCoCo report generation and deployment steps","messageBody":"Added steps to generate and deploy JaCoCo coverage reports to GitHub Pages.","fileTypesAndContributionMap":{"other":{"insertions":11,"deletions":0}}},{"hash":"7c428c7150e9630743adacc8802f9e7f0e8e2949","isMergeCommit":false,"messageTitle":"Revert \"Add JaCoCo report generation and deployment steps\"","messageBody":"This reverts commit 7f4c46d3ef476e474e31e9edad5c13a63e8f18e7.\n","fileTypesAndContributionMap":{"other":{"insertions":0,"deletions":11}}},{"hash":"6e0a6ad607a79eeca2aa6606160701b101e4a49c","isMergeCommit":true,"messageTitle":"Merge pull request #126 from javierchuaby/master","messageBody":"Revert \"Add JaCoCo report generation and deployment steps\"","fileTypesAndContributionMap":{}}]}],"seanowww":[{"date":"2025-10-03T00:00:00","commitResults":[{"hash":"4b4df30b6f34c75a435b2a72c5eb65c4b3f83f12","isMergeCommit":false,"messageTitle":"Update AboutUs.md","messageBody":"","fileTypesAndContributionMap":{"docs":{"insertions":5,"deletions":5}}},{"hash":"f3a5c1c445b0bf1e804dc31715cb3049a747c0ce","isMergeCommit":false,"messageTitle":"Add Sean Ow Image","messageBody":"","fileTypesAndContributionMap":{"docs":{"insertions":1,"deletions":1}}}]},{"date":"2025-10-05T00:00:00","commitResults":[{"hash":"015864a971b4bc8158e565c191e7dbfff215fa35","isMergeCommit":false,"messageTitle":"Add GitHub Link and Update Portfolio Directory","messageBody":"","fileTypesAndContributionMap":{"docs":{"insertions":50,"deletions":4}}}]},{"date":"2025-10-06T00:00:00","commitResults":[{"hash":"dfc050a8b7ab64d7f9f371642213afc1007efa18","isMergeCommit":true,"messageTitle":"Merge pull request #4 from seanowww/branch-AddSeanPhoto","messageBody":"Add Sean Ow Image","fileTypesAndContributionMap":{}},{"hash":"84f17f2b1a55973c07d32018f074f426c225bbdf","isMergeCommit":true,"messageTitle":"Merge pull request #16 from seanowww/branch-AboutUsSean","messageBody":"Update About Us for Sean","fileTypesAndContributionMap":{}},{"hash":"8452b790088be091e1464021922bf979541af847","isMergeCommit":false,"messageTitle":"Update title","messageBody":"","fileTypesAndContributionMap":{"other":{"insertions":1,"deletions":1}}},{"hash":"6bb6ef5b3a5e854b2ef3cc14f66b5a1c5ccbf9fd","isMergeCommit":true,"messageTitle":"Merge pull request #22 from seanowww/branch-UpdateConfig","messageBody":"Update title","fileTypesAndContributionMap":{}},{"hash":"92814e87d1544b5d974a7cb720390ae7853b57fc","isMergeCommit":true,"messageTitle":"Merge pull request #26 from javierchuaby/branch-UpdateDG","messageBody":"Update Developer Guide","fileTypesAndContributionMap":{}},{"hash":"a2a65172f7dc3ef4271df3c90badddc125430724","isMergeCommit":true,"messageTitle":"Merge pull request #27 from seanowww/branch-UpdateConfig","messageBody":"Update navbar","fileTypesAndContributionMap":{}}]},{"date":"2025-10-08T00:00:00","commitResults":[{"hash":"572d6c5c02aa87eed4c59ba71903215df7e24876","isMergeCommit":false,"messageTitle":"Update repository link in _config.yml","messageBody":"","fileTypesAndContributionMap":{"other":{"insertions":1,"deletions":1}}},{"hash":"6900180fe7f6dbe4344b726b28b87e63d46ee6a9","isMergeCommit":true,"messageTitle":"Merge pull request #28 from seanowww/branch-UpdateRepository","messageBody":"Update repository link in _config.yml","fileTypesAndContributionMap":{}},{"hash":"c15f6d07dc0e9c4db175f11e12797fd8b57272c7","isMergeCommit":false,"messageTitle":"Update ListCommand.java","messageBody":"","fileTypesAndContributionMap":{"functional-code":{"insertions":34,"deletions":2}}}]},{"date":"2025-10-09T00:00:00","commitResults":[{"hash":"f6bd640e7192432befff2d98e137f77d34379399","isMergeCommit":true,"messageTitle":"Merge pull request #37 from seanowww/branch-ListMembers","messageBody":"Update ListCommand.java","fileTypesAndContributionMap":{}}]},{"date":"2025-10-16T00:00:00","commitResults":[{"hash":"46edacfc3ca2b250aa7219f9d5335524e70880a8","isMergeCommit":false,"messageTitle":"Add Search Classes and Predicates","messageBody":"","fileTypesAndContributionMap":{"functional-code":{"insertions":154,"deletions":2},"other":{"insertions":2,"deletions":1},"test-code":{"insertions":6,"deletions":5}}},{"hash":"ea4047972b2af946355bee9354ecda71d43e90ea","isMergeCommit":false,"messageTitle":"Fix parsing for Search","messageBody":"","fileTypesAndContributionMap":{"functional-code":{"insertions":116,"deletions":32}}},{"hash":"83ee4d9fab62b6716c9fd47985fd2f877688f8e0","isMergeCommit":false,"messageTitle":"Fix style","messageBody":"","fileTypesAndContributionMap":{"functional-code":{"insertions":144,"deletions":22},"test-code":{"insertions":2,"deletions":2}}},{"hash":"08b6dc92e591a50147e8410142a4fa76223d0857","isMergeCommit":false,"messageTitle":"Update User Guide with Search","messageBody":"","fileTypesAndContributionMap":{"docs":{"insertions":21,"deletions":0}}},{"hash":"f2f7368528df6781fd11ea57799351529b776ae7","isMergeCommit":false,"messageTitle":"Update user guide","messageBody":"","fileTypesAndContributionMap":{"docs":{"insertions":61,"deletions":63}}},{"hash":"64f43a59efed6e5799367b95ae529309b952f388","isMergeCommit":true,"messageTitle":"Merge pull request #55 from seanowww/branch-AddSearchCommand","messageBody":"Branch add search command","fileTypesAndContributionMap":{}},{"hash":"c6d99c777b32639b40ff21d3d05b998ec1109369","isMergeCommit":true,"messageTitle":"Merge pull request #58 from jasonleexc/updatePerson","messageBody":"Update Person class and test classes with updated constructor ","tags":["v1.3"],"fileTypesAndContributionMap":{}},{"hash":"2d37d0f014aceb073a5cfe78a2eef0d62ecc2f8f","isMergeCommit":false,"messageTitle":"Fix bugs","messageBody":"","fileTypesAndContributionMap":{"functional-code":{"insertions":432,"deletions":174},"test-code":{"insertions":158,"deletions":113}}}]},{"date":"2025-10-17T00:00:00","commitResults":[{"hash":"0bbdc52061fbafb04742f9c41be98cbb4b46ab0d","isMergeCommit":false,"messageTitle":"Update test files","messageBody":"","fileTypesAndContributionMap":{"functional-code":{"insertions":2,"deletions":0},"test-code":{"insertions":274,"deletions":89}}},{"hash":"86d92acff653c8d12dd926e25b304382fedc992f","isMergeCommit":false,"messageTitle":"Undo delete MainWindow.fxml","messageBody":"","fileTypesAndContributionMap":{"functional-code":{"insertions":2,"deletions":2}}},{"hash":"960c98e41f5bd0fcb598babbe5668b8eadb241e9","isMergeCommit":false,"messageTitle":"Fix result display in Main Window","messageBody":"","fileTypesAndContributionMap":{"functional-code":{"insertions":11,"deletions":6}}},{"hash":"68452ee67864f0292fcf1c555c4c632dee39cf5a","isMergeCommit":false,"messageTitle":"Fix Add Command and Add Command Parser","messageBody":"","fileTypesAndContributionMap":{"functional-code":{"insertions":33,"deletions":67}}},{"hash":"0629418bf980dbda9450a673cd75f30d1b269170","isMergeCommit":false,"messageTitle":"Fix Checkstyle and Failing Test Cases","messageBody":"","fileTypesAndContributionMap":{"functional-code":{"insertions":14,"deletions":20},"test-code":{"insertions":153,"deletions":95}}},{"hash":"989387b842fbd1c84e4bff0cd016da44382b0187","isMergeCommit":false,"messageTitle":"Fix Points System","messageBody":"","fileTypesAndContributionMap":{"functional-code":{"insertions":2,"deletions":1}}},{"hash":"e5070cea07e44ed63189959c18eea75cd4d3483e","isMergeCommit":true,"messageTitle":"Merge pull request #59 from seanowww/branch-FixCheckstyle","messageBody":"Branch fix checkstyle","fileTypesAndContributionMap":{}}]},{"date":"2025-10-22T00:00:00","commitResults":[{"hash":"09796655ce43ce1a475c832e31aa474defeb91b5","isMergeCommit":false,"messageTitle":"Update user guide","messageBody":"","fileTypesAndContributionMap":{"functional-code":{"insertions":0,"deletions":1},"other":{"insertions":4,"deletions":0},"docs":{"insertions":240,"deletions":86}}}]},{"date":"2025-10-23T00:00:00","commitResults":[{"hash":"f8da9ddb4a833a7333017b2bc98928ee20047cd1","isMergeCommit":true,"messageTitle":"Merge pull request #65 from jasonleexc/fixTestCases","messageBody":"Fix usage of Member to Person, and change test cases","fileTypesAndContributionMap":{}}]},{"date":"2025-10-28T00:00:00","commitResults":[{"hash":"b7a85bfd71a8b6082cba4c3f28dc7e602f624b0d","isMergeCommit":false,"messageTitle":"AddCommand.java: Edit MESSAGE_USAGE","messageBody":"","fileTypesAndContributionMap":{"functional-code":{"insertions":26,"deletions":13}}},{"hash":"a625a6d068a4611e0d3703ba2b7b50771e95c296","isMergeCommit":false,"messageTitle":"Person: update identity check to use email/phone","messageBody":"","fileTypesAndContributionMap":{"functional-code":{"insertions":4,"deletions":2},"test-code":{"insertions":50,"deletions":20}}},{"hash":"5906430b51606a120899def2f0fb85ddb0fba638","isMergeCommit":false,"messageTitle":"Phone: Fix input validation","messageBody":"","fileTypesAndContributionMap":{"functional-code":{"insertions":24,"deletions":12},"test-code":{"insertions":22,"deletions":18}}}]},{"date":"2025-10-29T00:00:00","commitResults":[{"hash":"e9c7bbcbb9fef4638f4782ad264067d874fcd8f8","isMergeCommit":true,"messageTitle":"Merge pull request #101 from seanowww/branch-FixAddCommand","messageBody":"Branch fix add command","fileTypesAndContributionMap":{}},{"hash":"0487aa5dda83fef5dc539888dfb54154a450b8f5","isMergeCommit":false,"messageTitle":"PersonCard: Display YoS and Faculty","messageBody":"","fileTypesAndContributionMap":{"functional-code":{"insertions":62,"deletions":41}}},{"hash":"253318eb68326cca565721c6657471788fe65efe","isMergeCommit":false,"messageTitle":"Make YoS and Faculty Fields Compulsory","messageBody":"","fileTypesAndContributionMap":{"functional-code":{"insertions":43,"deletions":58},"test-code":{"insertions":112,"deletions":38}}},{"hash":"7193f4207a47777e8603a592a16258ef81161ed8","isMergeCommit":false,"messageTitle":"Abstract UML Diagrams","messageBody":"","fileTypesAndContributionMap":{"docs":{"insertions":85,"deletions":680}}}]}],"jasonleexc":[{"date":"2025-10-04T00:00:00","commitResults":[{"hash":"a96640d12f736ec2191f2d09a42defa23b227258","isMergeCommit":false,"messageTitle":"Add Jason\u0027s photo and change AboutUs page","messageBody":"","fileTypesAndContributionMap":{"docs":{"insertions":1,"deletions":1}}}]},{"date":"2025-10-05T00:00:00","commitResults":[{"hash":"ff8afe755afe2aa7b1f10ef8d3d0c891c4fa6dd4","isMergeCommit":false,"messageTitle":"Amend AboutUs page with GitHub link","messageBody":"","fileTypesAndContributionMap":{"docs":{"insertions":1,"deletions":1}}},{"hash":"6066e9c8e13e565acb9ec4fe377c924e2d00afb7","isMergeCommit":false,"messageTitle":"Update AboutUs for Jason","messageBody":"","fileTypesAndContributionMap":{"docs":{"insertions":1,"deletions":1}}}]},{"date":"2025-10-06T00:00:00","commitResults":[{"hash":"5ec75babc8cae048005596baa8ad702123a6a665","isMergeCommit":true,"messageTitle":"Merge pull request #9 from jasonleexc/branch-pfp","messageBody":"Add Jason\u0027s photo and change AboutUs page","fileTypesAndContributionMap":{}},{"hash":"91b6cf80da1d2da3ecc6ab4b1ae6ef032be7f591","isMergeCommit":true,"messageTitle":"Merge pull request #14 from jasonleexc/personalDescription","messageBody":"Update AboutUs for Jason","fileTypesAndContributionMap":{}},{"hash":"3a8c7c571867e68a3134eec38b040cc7e46e6ab7","isMergeCommit":false,"messageTitle":"Amend README page content","messageBody":"","fileTypesAndContributionMap":{"docs":{"insertions":20,"deletions":0}}},{"hash":"b47684727d203b3dfe23307279ed7f412323b5dc","isMergeCommit":true,"messageTitle":"Merge pull request #24 from jasonleexc/updateReadMe","messageBody":"Amend README page content","fileTypesAndContributionMap":{}},{"hash":"fda247847bf76e6103289ad50e2cb016a12914a7","isMergeCommit":true,"messageTitle":"Merge pull request #25 from divyashahhh/UI-ReadMe","messageBody":"Add UI Photo for ReadMe","fileTypesAndContributionMap":{}}]},{"date":"2025-10-08T00:00:00","commitResults":[{"hash":"06f815484271ca65677829938e4fc373b595c170","isMergeCommit":false,"messageTitle":"Amend README based on website-updated requirements","messageBody":"","fileTypesAndContributionMap":{"docs":{"insertions":3,"deletions":12}}},{"hash":"8f6b959919ea84af29bb15dbf2ce3f8818646cd7","isMergeCommit":false,"messageTitle":"Amend DeleteCommand feature","messageBody":"","fileTypesAndContributionMap":{"functional-code":{"insertions":19,"deletions":0}}}]},{"date":"2025-10-16T00:00:00","commitResults":[{"hash":"16856fee9dd2332dc939870112da6fe1e1a6e751","isMergeCommit":false,"messageTitle":"Add Year of Study \u0026 Faculty to Person class","messageBody":"","fileTypesAndContributionMap":{"functional-code":{"insertions":29,"deletions":12},"test-code":{"insertions":59,"deletions":7}}},{"hash":"598939e00b051b503cdb51316dd043fd809c3704","isMergeCommit":false,"messageTitle":"Add Year of Study \u0026 Faculty to Person class and Amend test classes \u0026 other classes with updated constructor","messageBody":"","fileTypesAndContributionMap":{"functional-code":{"insertions":104,"deletions":25},"other":{"insertions":2,"deletions":1},"test-code":{"insertions":37,"deletions":23}}},{"hash":"d0a0233cff8f1779163d7d453ce9c190edb6ecd8","isMergeCommit":true,"messageTitle":"Merge branch \u0027master\u0027 into updatePerson","messageBody":"","fileTypesAndContributionMap":{}},{"hash":"2959730f657656ab7a876027d96e9eb79de969d7","isMergeCommit":false,"messageTitle":"Update settings.gradle","messageBody":"","fileTypesAndContributionMap":{"other":{"insertions":1,"deletions":1}}}]},{"date":"2025-10-22T00:00:00","commitResults":[{"hash":"50a26fa10a1ea257573d9ef1e4b275ef08ef2b75","isMergeCommit":false,"messageTitle":"Fix usage of Member to Person, and change test cases","messageBody":"","fileTypesAndContributionMap":{"functional-code":{"insertions":216,"deletions":254},"test-code":{"insertions":235,"deletions":530}}}]},{"date":"2025-10-23T00:00:00","commitResults":[{"hash":"ee860ee0dc6079de1f9aa5740e4730e9f67cfd9e","isMergeCommit":false,"messageTitle":"Fix bugs relating to usage of \u0027tag\u0027 to allow test cases to pass.","messageBody":"","fileTypesAndContributionMap":{"functional-code":{"insertions":8,"deletions":5},"test-code":{"insertions":3,"deletions":3}}},{"hash":"925d52526a4e090e6bba8fb82e28a4b70e195fe1","isMergeCommit":false,"messageTitle":"Fix bugs related to AddCommandParserTest, CommandTestUtil \u0026 PersonTest","messageBody":"","fileTypesAndContributionMap":{"test-code":{"insertions":34,"deletions":43}}}]},{"date":"2025-10-28T00:00:00","commitResults":[{"hash":"bf9571ecc1933613c32c950dae56f053bae09626","isMergeCommit":false,"messageTitle":"Fix point system bugs","messageBody":"","fileTypesAndContributionMap":{"functional-code":{"insertions":40,"deletions":24},"test-code":{"insertions":60,"deletions":0}}}]},{"date":"2025-10-29T00:00:00","commitResults":[{"hash":"6613cfe099037fc7c501ea2b2f009f27d9f28929","isMergeCommit":false,"messageTitle":"Fix \u0027Find\u0027 Feature to filter using both first \u0026 last names","messageBody":"","fileTypesAndContributionMap":{"functional-code":{"insertions":8,"deletions":1},"test-code":{"insertions":10,"deletions":8}}},{"hash":"af2c9206ffb051302c6f85d22842442d22047102","isMergeCommit":false,"messageTitle":"chore(diagram): add PlantUML jar and rendered class diagram PNG","messageBody":"","fileTypesAndContributionMap":{"docs":{"insertions":153,"deletions":0}}},{"hash":"22b16a43903926d676c80dce984661c2007c34df","isMergeCommit":false,"messageTitle":"Add plantUML diagram","messageBody":"","fileTypesAndContributionMap":{"docs":{"insertions":19,"deletions":0}}},{"hash":"45cb436f8f9fd6be32ff9954c899f418d09c38c2","isMergeCommit":false,"messageTitle":"umlDiagram v2.0","messageBody":"","fileTypesAndContributionMap":{"docs":{"insertions":1,"deletions":3}}},{"hash":"cd2c2038516784508da253407eaa137c2664cc20","isMergeCommit":false,"messageTitle":"Add class diagram relating to Person, UniquePersonList","messageBody":"","fileTypesAndContributionMap":{"docs":{"insertions":2,"deletions":109}}}]}],"divyashahhh":[{"date":"2025-10-05T00:00:00","commitResults":[{"hash":"1a79173cbfaddf2fbd228404e0a0a85d63d86f5c","isMergeCommit":false,"messageTitle":"Update AboutUs.md for Divya","messageBody":"","fileTypesAndContributionMap":{"docs":{"insertions":2,"deletions":2}}}]},{"date":"2025-10-06T00:00:00","commitResults":[{"hash":"f31c5cf1764c2ba55c98addb834aeade0a9a8f0a","isMergeCommit":false,"messageTitle":"Update AboutUs Page for Divya","messageBody":"","fileTypesAndContributionMap":{"docs":{"insertions":1,"deletions":1}}},{"hash":"78bdeefd8ffe4ebd39f4f5be9fa5a5507a6afc18","isMergeCommit":true,"messageTitle":"Merge pull request #11 from divyashahhh/add-photo","messageBody":"Add Divya\u0027s photo","fileTypesAndContributionMap":{}},{"hash":"aa3bc79b18a9cd31da3efb1730cd6bdb889bef9a","isMergeCommit":true,"messageTitle":"Merge pull request #18 from divyashahhh/update-page-divya","messageBody":"Update AboutUs Page for Divya","fileTypesAndContributionMap":{}},{"hash":"d7d658eb99fed61ae1bb5c3307735feb910ecdcc","isMergeCommit":false,"messageTitle":"Update README.md","messageBody":"","fileTypesAndContributionMap":{"docs":{"insertions":1,"deletions":1}}}]},{"date":"2025-10-08T00:00:00","commitResults":[{"hash":"3720534c2be90b2c472f3c2f39b4cf2e451d186f","isMergeCommit":true,"messageTitle":"Merge pull request #30 from jasonleexc/updateReadMe","messageBody":"Amend README based on website-updated requirements","fileTypesAndContributionMap":{}},{"hash":"805bd39fe031e8e9e26150787c0174a3aea3c8ad","isMergeCommit":true,"messageTitle":"Merge pull request #36 from jasonleexc/deleteMember","messageBody":"Add \u0027DeleteCommand\u0027 feature","fileTypesAndContributionMap":{}}]},{"date":"2025-10-09T00:00:00","commitResults":[{"hash":"f8c7db271a558666675e67ba6159ef555ac5f679","isMergeCommit":false,"messageTitle":"Implementing mark and unmark feature to remark members as present and absent","messageBody":"","fileTypesAndContributionMap":{"functional-code":{"insertions":290,"deletions":2},"test-code":{"insertions":276,"deletions":1}}},{"hash":"ceaedc0053741a3b35eaeab32dde724eb30e9604","isMergeCommit":true,"messageTitle":"Merge pull request #41 from jeroylim/Add-show-attendance","messageBody":"Add attendance command and tests","fileTypesAndContributionMap":{}}]},{"date":"2025-10-16T00:00:00","commitResults":[{"hash":"1fb801c03b96b345c3b62391c2693cbe5807cc02","isMergeCommit":false,"messageTitle":"Improving GUI aesthetics and layout, to optimise usability and intuitive UI","messageBody":"","fileTypesAndContributionMap":{"functional-code":{"insertions":312,"deletions":89},"other":{"insertions":23,"deletions":6}}},{"hash":"c288ee4bf0f31dead59892631b20253f6454791b","isMergeCommit":false,"messageTitle":"Amending checkstyle again","messageBody":"","fileTypesAndContributionMap":{"test-code":{"insertions":88,"deletions":68}}},{"hash":"c6a63ddfaf0b4c0c45637e6718aa293906b5a6a2","isMergeCommit":false,"messageTitle":"Amending checkstyle once more","messageBody":"","fileTypesAndContributionMap":{"other":{"insertions":4,"deletions":1}}},{"hash":"42e45fb3df1fe7db9ca8dabb0b92e0e2e27f2ec8","isMergeCommit":true,"messageTitle":"Merge pull request #57 from jeroylim/Add-tag-function","messageBody":"Add tag class and functions","fileTypesAndContributionMap":{}}]},{"date":"2025-10-23T00:00:00","commitResults":[{"hash":"85736d75e01c4f109fa2881ecd868cf46d9877a4","isMergeCommit":true,"messageTitle":"Merge pull request #63 from jeroylim/Add-switch-feature","messageBody":"Add switch feature and related functionalities ","fileTypesAndContributionMap":{}},{"hash":"28d030f5401fbbc3ff47e7461a939155c9910fde","isMergeCommit":true,"messageTitle":"Merge pull request #69 from jeroylim/Fix-tag-imports","messageBody":"Fix tag imports","fileTypesAndContributionMap":{}},{"hash":"662454bfe3e2dcfa368358b31e58d953ffaada11","isMergeCommit":false,"messageTitle":"Fixing bugs with GUI and test case related files","messageBody":"","fileTypesAndContributionMap":{"functional-code":{"insertions":30,"deletions":20},"test-code":{"insertions":209,"deletions":149}}}]},{"date":"2025-10-29T00:00:00","commitResults":[{"hash":"86762e426290775d6f817c5bde47337c85582ecf","isMergeCommit":false,"messageTitle":"Fixing alpha-bug issues with Edit Command","messageBody":"","fileTypesAndContributionMap":{"functional-code":{"insertions":10,"deletions":0},"test-code":{"insertions":1,"deletions":1}}},{"hash":"d0533011a272c07b0345f948f49413113c8db1ee","isMergeCommit":false,"messageTitle":"Fixing alpha-bug issues with Search and Find Commands, and a cleanup for Edit Command too","messageBody":"","fileTypesAndContributionMap":{"functional-code":{"insertions":89,"deletions":49},"test-code":{"insertions":2,"deletions":2}}},{"hash":"8ca17fdb65f94589cdc87073ab5524c8cb584ac1","isMergeCommit":true,"messageTitle":"Merge pull request #109 from jasonleexc/umlDiagram","messageBody":"Add UML Diagram to Developer\u0027s Guide ","fileTypesAndContributionMap":{}},{"hash":"bab54cc85dd71ac07337da88e098996e5d017bf1","isMergeCommit":true,"messageTitle":"Merge pull request #114 from seanowww/branch-AddUMLDiagram","messageBody":"Abstract UML Diagrams","fileTypesAndContributionMap":{}},{"hash":"3da9f4a616c2abfc8bd39da230c67ba6555faffd","isMergeCommit":false,"messageTitle":"Added UML diagram for UI classes","messageBody":"","fileTypesAndContributionMap":{"docs":{"insertions":78,"deletions":0}}}]},{"date":"2025-10-30T00:00:00","commitResults":[{"hash":"83eba0e2443ede8ce91929e0c8c7a055d1bef5bf","isMergeCommit":true,"messageTitle":"Merge pull request #113 from divyashahhh/fix-bugs-again","messageBody":"Fixing alpha-bug issues with Search and Find Commands","fileTypesAndContributionMap":{}},{"hash":"6371f205fcdd7ccb34a5a6ac2198a1fee70637b9","isMergeCommit":true,"messageTitle":"Merge pull request #112 from divyashahhh/fix-issues","messageBody":"Fixing bug issues with Edit Command","fileTypesAndContributionMap":{}}]}]},"authorFileTypeContributionMap":{"jeroylim":{"docs":107,"functional-code":594,"test-code":449,"other":5},"javierchuaby":{"docs":348,"functional-code":671,"test-code":715},"seanowww":{"docs":362,"functional-code":841,"test-code":267,"other":6},"jasonleexc":{"docs":12,"functional-code":177,"test-code":166,"other":2},"divyashahhh":{"docs":54,"functional-code":583,"test-code":359,"other":27}},"authorContributionVariance":{"jeroylim":11142.775,"javierchuaby":56624.17,"seanowww":92641.61,"jasonleexc":38870.688,"divyashahhh":19417.434},"authorDisplayNameMap":{"jeroylim":"CS2103T-W10-4 JERO..ZHEN","javierchuaby":"CS2103T-W10-4 JAVI.. YAN","seanowww":"CS2103T-W10-4 SEAN..RONG","jasonleexc":"CS2103T-W10-4 JASO..HENG","divyashahhh":"CS2103T-W10-4 SHAH..UMAR"}}
