{"authorDailyContributionsMap":{"NownuJ":[{"date":"2025-09-19T00:00:00","commitResults":[{"hash":"ec03ce856d5b396242e95613784770fb27d97d46","isMergeCommit":false,"messageTitle":"Update AboutUs Page","messageBody":"","fileTypesAndContributionMap":{"docs":{"insertions":4,"deletions":4}}},{"hash":"3fa9f8754fd49011023291032599900fc7f41b86","isMergeCommit":true,"messageTitle":"Merge branch \u0027master\u0027 into branch-UpdateAboutUspage","messageBody":"","fileTypesAndContributionMap":{}},{"hash":"2903c6d7ed0726582673b2c21c52e9cde349033a","isMergeCommit":true,"messageTitle":"Merge pull request #21 from serenelwt/branch-UpdateAboutUspage","messageBody":"Update AboutUs page","fileTypesAndContributionMap":{}}]},{"date":"2025-09-26T00:00:00","commitResults":[{"hash":"dbcf4a5c391e5a58f90ff11875d6461c9a2710e0","isMergeCommit":true,"messageTitle":"Merge pull request #28 from serenelwt/branch-AddNFR","messageBody":"Add NFR in DG","fileTypesAndContributionMap":{}}]}],"hansonpoh":[{"date":"2025-09-19T00:00:00","commitResults":[{"hash":"407ae8d5cee40547e9d0e923792192fd9cfda5f9","isMergeCommit":true,"messageTitle":"Merge branch \u0027master\u0027 into UpdateAboutUs","messageBody":"","fileTypesAndContributionMap":{}},{"hash":"88eb6dfa652f3c7aa3e9ac6eb34177756871b9ad","isMergeCommit":true,"messageTitle":"Merge pull request #17 from Meckss/UpdateAboutUs","messageBody":"Update AboutUs.md","fileTypesAndContributionMap":{}},{"hash":"61a490a506bf0e13043da4128a413941561f6fec","isMergeCommit":false,"messageTitle":"Add project website","messageBody":"","fileTypesAndContributionMap":{"docs":{"insertions":8,"deletions":7}}}]},{"date":"2025-09-22T00:00:00","commitResults":[{"hash":"e7aad09a8344d559e7203d0b826ff5854726855a","isMergeCommit":false,"messageTitle":"Update product scope and user stories","messageBody":"","fileTypesAndContributionMap":{"docs":{"insertions":25,"deletions":13}}}]}],"Javier-Lua":[{"date":"2025-09-19T00:00:00","commitResults":[{"hash":"6eaa631b9498417b735c82e9a0b64c42a0700ff1","isMergeCommit":false,"messageTitle":"Add info in docs/AboutUs","messageBody":"Add information in docs/AboutUs\nand also created \u0027javier.md\u0027\nfile under docs/team\n","fileTypesAndContributionMap":{"docs":{"insertions":4,"deletions":6}}},{"hash":"c0b913cfe3036c156c915b7f08f0e2c70a8e046f","isMergeCommit":true,"messageTitle":"Merge branch \u0027master\u0027 into branch-UpdateAboutUsPage","messageBody":"","fileTypesAndContributionMap":{}},{"hash":"cd5ec539756e37f7dfdead572a61ef466a954b1a","isMergeCommit":true,"messageTitle":"Merge pull request #20 from NownuJ/branch-UpdateAboutUsPage","messageBody":"Update AboutUs Page","fileTypesAndContributionMap":{}}]}],"Meckss":[{"date":"2025-09-19T00:00:00","commitResults":[{"hash":"db655a44649a7ca82ce6f08108a86a1c9a83435a","isMergeCommit":false,"messageTitle":"Update AboutUs.md","messageBody":"","fileTypesAndContributionMap":{"docs":{"insertions":3,"deletions":4}}},{"hash":"c2ef49df086cf7cc25907bbd4a70f414be15be8d","isMergeCommit":true,"messageTitle":"Merge branch \u0027master\u0027 into branch-AboutUs","messageBody":"","fileTypesAndContributionMap":{}},{"hash":"915cc432110db5082d2548950cd2928c68ffd758","isMergeCommit":true,"messageTitle":"Merge pull request #18 from Javier-Lua/branch-AboutUs","messageBody":"Add info in docs/AboutUs","fileTypesAndContributionMap":{}}]}],"serenelwt":[{"date":"2025-09-19T00:00:00","commitResults":[{"hash":"10782642fe6a801e58b888fa984e9a8f3a32d09f","isMergeCommit":false,"messageTitle":"Update AboutUs page","messageBody":"","fileTypesAndContributionMap":{"docs":{"insertions":4,"deletions":5}}},{"hash":"d9631b00b5183780d04b35ccfb6f1ca2f0a689a9","isMergeCommit":true,"messageTitle":"Merge pull request #16 from hansonpoh/Update-AboutUs","messageBody":"Update about us","fileTypesAndContributionMap":{}}]},{"date":"2025-09-26T00:00:00","commitResults":[{"hash":"ba3637e002de3c5eb099e9ec7a631c1249c7b991","isMergeCommit":true,"messageTitle":"Merge pull request #27 from hansonpoh/Update-DevGuide","messageBody":"Update product scope and user stories","fileTypesAndContributionMap":{}},{"hash":"e38c803349f87d53ecabfbbe4b2ce819c93cf305","isMergeCommit":false,"messageTitle":"Add NFR in DG","messageBody":"","fileTypesAndContributionMap":{"docs":{"insertions":24,"deletions":5}}}]}]},"authorFileTypeContributionMap":{"NownuJ":{"docs":4,"functional-code":0,"test-code":0},"hansonpoh":{"docs":36,"functional-code":0,"test-code":0},"Javier-Lua":{"docs":4,"functional-code":0,"test-code":0},"Meckss":{"docs":6,"functional-code":0,"test-code":0},"serenelwt":{"docs":24,"functional-code":0,"test-code":0}},"authorContributionVariance":{"NownuJ":7.0,"hansonpoh":164.73438,"Javier-Lua":10.9375,"Meckss":5.359375,"serenelwt":92.6875},"authorDisplayNameMap":{"NownuJ":"CS2103T-T15-4 LEE ..NWON","hansonpoh":"CS2103T-T15-4 POH ..NSON","Javier-Lua":"CS2103T-T15-4 LUA ..VIER","Meckss":"CS2103T-T15-4 MAX ..NING","serenelwt":"CS2103T-T15-4 SERE..TING"}}
