{"authorDailyContributionsMap":{"mizzat03":[{"date":"2025-10-01T00:00:00","commitResults":[{"hash":"57920976ca0d7bc9e3f2ab209b94a68a65f1bbb7","isMergeCommit":false,"messageTitle":"Add AboutUs page information","messageBody":"","fileTypesAndContributionMap":{"docs":{"insertions":49,"deletions":3}}}]},{"date":"2025-10-03T00:00:00","commitResults":[{"hash":"b17ecccf6db27f3c6c9d9d41c6e84370b1ecfcb3","isMergeCommit":true,"messageTitle":"Merge pull request #41 from itisnotjord/branch-Update-Sitewide-Settings","messageBody":"Update Site-wide Settings","fileTypesAndContributionMap":{}},{"hash":"892b294c1261a920602fff9946fe1f14b4ce4003","isMergeCommit":true,"messageTitle":"Merge pull request #43 from wucx-0/master","messageBody":"Modify Readme.md for FoodBook","fileTypesAndContributionMap":{}},{"hash":"c9c5e4891b5f057463b6034091aa0d74ebc5a17a","isMergeCommit":true,"messageTitle":"Merge pull request #44 from Nsohko/sai/branch-update-dg-2","messageBody":"Update developer guide","fileTypesAndContributionMap":{}},{"hash":"a49a00e75b2e24f35f0c58b2584131453dc7dcb9","isMergeCommit":false,"messageTitle":"Add Developer Guide Pt3","messageBody":"","fileTypesAndContributionMap":{"docs":{"insertions":38,"deletions":0}}}]},{"date":"2025-10-08T00:00:00","commitResults":[{"hash":"1f1af766a445a3696085f8292ac199b1979bb8a4","isMergeCommit":true,"messageTitle":"Merge pull request #51 from hyhy987/branch-add-delivery","messageBody":"Implemented Add Delivery Feature","fileTypesAndContributionMap":{}}]},{"date":"2025-10-09T00:00:00","commitResults":[{"hash":"e85655c0fcc426b00e329ce4fe4ff3082396172b","isMergeCommit":false,"messageTitle":"Implement find_delivery command","messageBody":"","fileTypesAndContributionMap":{"functional-code":{"insertions":426,"deletions":6},"test-code":{"insertions":111,"deletions":0}}},{"hash":"eacd6506fc6859c6c0b77a26c3847ddaee4b4fe7","isMergeCommit":true,"messageTitle":"Resolve merge conflicts with latest PR","messageBody":"","fileTypesAndContributionMap":{}},{"hash":"a98c26cce6270d5f6ebcb989e21855b4a3cc31f3","isMergeCommit":true,"messageTitle":"Merge pull request #72 from Nsohko/sai/branch-update-add-client","messageBody":"Refactor add command into add client","fileTypesAndContributionMap":{}},{"hash":"2bfc8fd321500be688a4c25a9463f578ba3fa35e","isMergeCommit":false,"messageTitle":"Add test cases","messageBody":"","fileTypesAndContributionMap":{"functional-code":{"insertions":1,"deletions":1},"test-code":{"insertions":90,"deletions":0}}},{"hash":"02c4f9b479904d74f375535c705ddaacfc3139fc","isMergeCommit":true,"messageTitle":"Fix merge conflicts from Sai PR","messageBody":"","fileTypesAndContributionMap":{}},{"hash":"7d90dc04d192faeb04a46e08b54c1aaadb8847d3","isMergeCommit":false,"messageTitle":"Fix TypicalFoodBook under testutil","messageBody":"","fileTypesAndContributionMap":{"test-code":{"insertions":0,"deletions":35}}},{"hash":"dae7835aab419c616f13d86026e6600f776d8e60","isMergeCommit":false,"messageTitle":"Fix no newline error at EOF for DeliveryListCard.fxml","messageBody":"","fileTypesAndContributionMap":{"functional-code":{"insertions":1,"deletions":1}}}]},{"date":"2025-10-12T00:00:00","commitResults":[{"hash":"ba0e78c9d0c2fb8b84c06aaa4a86e0beef30709d","isMergeCommit":true,"messageTitle":"Merge pull request #78 from Nsohko/sai/branch-add-test-cases","messageBody":"Add more test cases","fileTypesAndContributionMap":{}},{"hash":"34adbe1c52730383a2941f05f6c98da652e381a1","isMergeCommit":false,"messageTitle":"Add more tests","messageBody":"","fileTypesAndContributionMap":{"test-code":{"insertions":91,"deletions":0}}},{"hash":"3090c156c51b5bbd4e8ccaf15c2f76d4ce5765e7","isMergeCommit":false,"messageTitle":"WIP","messageBody":"","fileTypesAndContributionMap":{"functional-code":{"insertions":340,"deletions":0}}}]},{"date":"2025-10-13T00:00:00","commitResults":[{"hash":"eb6964891f37ec03b6f1596703f41143f0617d8f","isMergeCommit":false,"messageTitle":"Add EditClientCommand and its test","messageBody":"","fileTypesAndContributionMap":{"functional-code":{"insertions":82,"deletions":380},"other":{"insertions":118,"deletions":102},"test-code":{"insertions":11,"deletions":11}}},{"hash":"772d1fdc14a3ec78104f375015658affd43bfdfc","isMergeCommit":false,"messageTitle":"Fix bugs and add more test cases","messageBody":"","fileTypesAndContributionMap":{"functional-code":{"insertions":5,"deletions":1},"test-code":{"insertions":123,"deletions":7}}},{"hash":"e9a351d5b14cac055510b5063368d084b2928de8","isMergeCommit":true,"messageTitle":"Merge branch \u0027master\u0027 into edit_client_command","messageBody":"","fileTypesAndContributionMap":{}}]},{"date":"2025-10-19T00:00:00","commitResults":[{"hash":"a2776f0eb1d79c92855e558aca965f6d17974c57","isMergeCommit":false,"messageTitle":"Refactor delete_client command to cascade into deliveries and minor UI tweaks","messageBody":"","fileTypesAndContributionMap":{"functional-code":{"insertions":124,"deletions":109},"other":{"insertions":9,"deletions":8},"test-code":{"insertions":137,"deletions":129}}},{"hash":"db64e618aa29f3d9486834b2f4fe8399d9132b55","isMergeCommit":false,"messageTitle":"Change getDeliveryList() to getFilteredDeliveryList() in DeleteClientCommand","messageBody":"","fileTypesAndContributionMap":{"functional-code":{"insertions":2,"deletions":1}}}]},{"date":"2025-10-22T00:00:00","commitResults":[{"hash":"55594361df08b18e037f8efdbf0bfec6b4190278","isMergeCommit":true,"messageTitle":"Merge pull request #115 from hyhy987/update-storage-diagram","messageBody":"Docs: update Storage UML to include DeliveryBook","fileTypesAndContributionMap":{}},{"hash":"a8d87ac75ec95a49bcf40c2861528e6ac27561c2","isMergeCommit":true,"messageTitle":"Merge pull request #105 from hyhy987/update-user-guide","messageBody":"Docs: align UserGuide with v0.3 command set","fileTypesAndContributionMap":{}},{"hash":"09886a957e24e25e402ed17d8c91aaa48609bf8d","isMergeCommit":false,"messageTitle":"Merge master","messageBody":"","fileTypesAndContributionMap":{"docs":{"insertions":18,"deletions":11}}}]},{"date":"2025-10-26T00:00:00","commitResults":[{"hash":"0205e11f981a2051dd5490a455c066447a8b246c","isMergeCommit":true,"messageTitle":"Merge pull request #122 from itisnotjord/branch-Combine-Predicate","messageBody":"Merge listrevenuepredicate and DeliveryPredicate","fileTypesAndContributionMap":{}},{"hash":"210a4a248218c732a137a6761745c24aa8de0cdb","isMergeCommit":false,"messageTitle":"Add some deliveries and clients, and amend rename ListCommand","messageBody":"","fileTypesAndContributionMap":{"functional-code":{"insertions":3,"deletions":3},"other":{"insertions":2,"deletions":2},"test-code":{"insertions":12,"deletions":12}}},{"hash":"4bca63d81e5579736886e1351253fe5637c2e28d","isMergeCommit":true,"messageTitle":"Merge branch \u0027master\u0027 into Populate-JSON-storage-and-ammend-ListCommandWord","messageBody":"","fileTypesAndContributionMap":{}},{"hash":"afa9a59b343adadc97fd191ed18d40e0a88022da","isMergeCommit":false,"messageTitle":"Populate SampleDataUtil with clients and deliveries","messageBody":"","fileTypesAndContributionMap":{"functional-code":{"insertions":77,"deletions":18}}}]},{"date":"2025-10-27T00:00:00","commitResults":[{"hash":"e7a9ab9fee16e0dad64b8916c43769321fbd4975","isMergeCommit":false,"messageTitle":"Amend ListCommandTest to ListClientCommandTest","messageBody":"","fileTypesAndContributionMap":{"other":{"insertions":2,"deletions":2}}},{"hash":"72be0f52f14fbbc919ea92d643af9144031c951a","isMergeCommit":true,"messageTitle":"Merge pull request #124 from hyhy987/branch-refactor-delivery-tag","messageBody":"Refactor delivery tag","fileTypesAndContributionMap":{}},{"hash":"177f3bf86e4c095a3c930d32e265a18b6d62a0fa","isMergeCommit":true,"messageTitle":"Merge branch \u0027master\u0027 into Populate-JSON-Storage-and-ammend-ListCommandWord","messageBody":"","fileTypesAndContributionMap":{}}]},{"date":"2025-10-28T00:00:00","commitResults":[{"hash":"6fc0e5ebad982c8c43b9af11d7033209bf0583f6","isMergeCommit":false,"messageTitle":"Update UiClassDiagram","messageBody":"","fileTypesAndContributionMap":{"functional-code":{"insertions":1,"deletions":1},"docs":{"insertions":7,"deletions":0}}}]},{"date":"2025-10-29T00:00:00","commitResults":[{"hash":"d6c276a253dc011e5db973f6a18fd3512217ffff","isMergeCommit":false,"messageTitle":"Fix example usage of EditClientCommand","messageBody":"","fileTypesAndContributionMap":{"functional-code":{"insertions":1,"deletions":1}}},{"hash":"2b93d51444fa45937d64bfad9d280fbf794d50d7","isMergeCommit":false,"messageTitle":"Amended User Guide","messageBody":"","fileTypesAndContributionMap":{"docs":{"insertions":10,"deletions":10}}},{"hash":"eb4f2345ffcd101be5cc69dcf2032cbfa807f4c7","isMergeCommit":true,"messageTitle":"Merge pull request #159 from hyhy987/branch-fix-alpha-bugs","messageBody":"Fix alpha bugs (UI)","fileTypesAndContributionMap":{}},{"hash":"5463c8deb3805ab082f874cb03a2bc4cf7d3de6a","isMergeCommit":true,"messageTitle":"Merge branch \u0027master\u0027 into Alpha-Fixes","messageBody":"","fileTypesAndContributionMap":{}}]},{"date":"2025-11-02T00:00:00","commitResults":[{"hash":"952a874d5842b933e363774df59bf5dfcb76fc34","isMergeCommit":true,"messageTitle":"Merge pull request #251 from hyhy987/branch-enhance-ui","messageBody":"Fix missing background style in empty list","fileTypesAndContributionMap":{}}]},{"date":"2025-11-03T00:00:00","commitResults":[{"hash":"00cc00c111ce13458617001d0bbbbbe11629b2f9","isMergeCommit":true,"messageTitle":"Merge branch \u0027master\u0027 into branch-enhance-ui","messageBody":"","fileTypesAndContributionMap":{}}]},{"date":"2025-11-04T00:00:00","commitResults":[{"hash":"fdbe29f108dcca9014bf627722cd7356a386511a","isMergeCommit":false,"messageTitle":"Allowed name to contain /","messageBody":"","fileTypesAndContributionMap":{"functional-code":{"insertions":1,"deletions":1}}},{"hash":"6d108a17505960b708d8e389e040a393babf689c","isMergeCommit":true,"messageTitle":"Merge branch \u0027master\u0027 into Bug_Fixes","messageBody":"","fileTypesAndContributionMap":{}},{"hash":"c55310e7d15fccdb60568b33d8011fc1696b5457","isMergeCommit":true,"messageTitle":"Merge pull request #260 from Nsohko/sai/add-planned-enhancements","messageBody":"Update ug and dg","fileTypesAndContributionMap":{}},{"hash":"7db36e3b25ea54f7dff7802c2ea06e512b634d0c","isMergeCommit":false,"messageTitle":"Fix list_revenue command error","messageBody":"","fileTypesAndContributionMap":{"functional-code":{"insertions":10,"deletions":0}}},{"hash":"fbb1ab351f895babb5d2b314ce8d0b361ea32c37","isMergeCommit":true,"messageTitle":"Merge branch \u0027master\u0027 into Bug_Fixes","messageBody":"","fileTypesAndContributionMap":{}},{"hash":"852939a7743b50751bb921f65646eae6eb2d229f","isMergeCommit":false,"messageTitle":"Fix email top-level-domain issue","messageBody":"","fileTypesAndContributionMap":{"functional-code":{"insertions":3,"deletions":3}}},{"hash":"ded8405f0f69ff4a475f1790a09fced93215ec80","isMergeCommit":false,"messageTitle":"Edited edit_delivery and delete_delivery details in UG","messageBody":"","fileTypesAndContributionMap":{"docs":{"insertions":3,"deletions":1}}},{"hash":"271def4e061b5815dc66d5a42736e20c458d98f6","isMergeCommit":false,"messageTitle":"Fix minor regex issue in Name.java","messageBody":"","fileTypesAndContributionMap":{"functional-code":{"insertions":3,"deletions":2},"test-code":{"insertions":6,"deletions":6}}},{"hash":"cd2de389d91564be9aff4f94deddec4bc513e96d","isMergeCommit":false,"messageTitle":"Add some tests","messageBody":"","fileTypesAndContributionMap":{"test-code":{"insertions":23,"deletions":0}}},{"hash":"0d54f240d2395c49d725d37da804bc7dda96e660","isMergeCommit":false,"messageTitle":"Amend MESSAGES_CONSTRAINTS in Name.java","messageBody":"","fileTypesAndContributionMap":{"functional-code":{"insertions":2,"deletions":1},"docs":{"insertions":1,"deletions":1}}},{"hash":"55c788b962985d9bc9073045ae6cc7a61f7c634f","isMergeCommit":true,"messageTitle":"Merge branch \u0027master\u0027 into Bug_Fixes","messageBody":"","fileTypesAndContributionMap":{}},{"hash":"0f889e8e454607d98590341b6b44aa3c793e81f2","isMergeCommit":false,"messageTitle":"Amend UG details for mark/unmark command","messageBody":"","fileTypesAndContributionMap":{"docs":{"insertions":2,"deletions":0}}},{"hash":"1cd71b486efe36b021a2ce09400ce37bda868480","isMergeCommit":true,"messageTitle":"Merge branch \u0027master\u0027 into Bug_Fixes","messageBody":"","fileTypesAndContributionMap":{}},{"hash":"ef297b30b92ecf6622f040438d2a4a1b0d077d59","isMergeCommit":false,"messageTitle":"Allow capital letters in s/o and d/o","messageBody":"","fileTypesAndContributionMap":{"functional-code":{"insertions":2,"deletions":2},"docs":{"insertions":1,"deletions":1}}},{"hash":"9909d08c19418e3f1261bd6ddf0786bee4daac48","isMergeCommit":false,"messageTitle":"Fixed checkstyle issues","messageBody":"","fileTypesAndContributionMap":{"functional-code":{"insertions":5,"deletions":3}}}]}],"hyhy987":[{"date":"2025-09-30T00:00:00","commitResults":[{"hash":"5a44b9b40b2189f3e2b2ddfbe89311489a6a758d","isMergeCommit":false,"messageTitle":"Update AboutUs Page","messageBody":"","fileTypesAndContributionMap":{"docs":{"insertions":8,"deletions":8}}}]},{"date":"2025-10-01T00:00:00","commitResults":[{"hash":"9660a4878366c3eab6b127d8403b6578427b5d89","isMergeCommit":true,"messageTitle":"Resolve merge conflicts","messageBody":"","fileTypesAndContributionMap":{}}]},{"date":"2025-10-03T00:00:00","commitResults":[{"hash":"d899c522d74de4129d3dab2345778bbd3bae9ed3","isMergeCommit":false,"messageTitle":"Update developer guide","messageBody":"","fileTypesAndContributionMap":{"docs":{"insertions":43,"deletions":364}}},{"hash":"9f8dfa4e05d21064bb3aa9c6aaca9579be7a9517","isMergeCommit":false,"messageTitle":"Update developer guide, with user stories","messageBody":"","fileTypesAndContributionMap":{"docs":{"insertions":0,"deletions":4}}}]},{"date":"2025-10-04T00:00:00","commitResults":[{"hash":"b8acdd8db0149acff070b49b5d17e6f2b263cf0f","isMergeCommit":true,"messageTitle":"Merge pull request #47 from Nsohko/sai/branch-add-base-classes","messageBody":"Add base classes","fileTypesAndContributionMap":{}},{"hash":"5f8745243773b767231937713134b02a72b21345","isMergeCommit":true,"messageTitle":"Merge pull request #49 from Nsohko/sai/branch-update-website","messageBody":"Update website home page","fileTypesAndContributionMap":{}}]},{"date":"2025-10-06T00:00:00","commitResults":[{"hash":"1af74f16b5294205d1e6445437f1d50f309e1112","isMergeCommit":false,"messageTitle":"Add delivery feature","messageBody":"","fileTypesAndContributionMap":{"functional-code":{"insertions":360,"deletions":3},"test-code":{"insertions":0,"deletions":9}}},{"hash":"d4c475e028a9ca9263d2e22e9c32d86120cc6ba5","isMergeCommit":false,"messageTitle":"Add storage of delivery objects","messageBody":"","fileTypesAndContributionMap":{"functional-code":{"insertions":163,"deletions":9},"test-code":{"insertions":291,"deletions":54}}}]},{"date":"2025-10-08T00:00:00","commitResults":[{"hash":"00ca7375a626a8597b8f5be57c1bf2b6845a4067","isMergeCommit":false,"messageTitle":"Change datetime object","messageBody":"","fileTypesAndContributionMap":{"functional-code":{"insertions":18,"deletions":11},"test-code":{"insertions":1,"deletions":1}}},{"hash":"406e0a85b087264f2ec6dca2d67dd0c9ea9a27a1","isMergeCommit":false,"messageTitle":"Fix serialization logic for deliveries","messageBody":"","fileTypesAndContributionMap":{"functional-code":{"insertions":1,"deletions":0}}},{"hash":"ce1b9bacb989c7eb820c135209ff24bd317a094a","isMergeCommit":true,"messageTitle":"Merge pull request #66 from hyhy987/branch-add-delivery","messageBody":"Fix serialization logic for deliveries","fileTypesAndContributionMap":{}}]},{"date":"2025-10-13T00:00:00","commitResults":[{"hash":"4677d912f0dc6700d798e41c4ac8dfb44124977c","isMergeCommit":true,"messageTitle":"Merge pull request #85 from Nsohko/sai/branch-rename-address-to-foodbook","messageBody":"Refactor all AddressBook to FoodBook","fileTypesAndContributionMap":{}}]},{"date":"2025-10-14T00:00:00","commitResults":[{"hash":"dbc861e6202b71e7a4b78cfe2fd58d621208a9e8","isMergeCommit":false,"messageTitle":"Add delivery tag","messageBody":"","fileTypesAndContributionMap":{"functional-code":{"insertions":214,"deletions":30},"test-code":{"insertions":3,"deletions":2}}},{"hash":"029c1c9bb7db64b1e77aed5a35d7618ee6cd9a1d","isMergeCommit":false,"messageTitle":"Change delivery tests to include tags","messageBody":"","fileTypesAndContributionMap":{"test-code":{"insertions":92,"deletions":65}}},{"hash":"1dfe39c9825530450d0ec482c5eef1910a5b2902","isMergeCommit":false,"messageTitle":"Fix EOF error","messageBody":"","fileTypesAndContributionMap":{"docs":{"insertions":1,"deletions":2}}},{"hash":"2a8979817a6b5fc276570e4511e2a543cfa54a54","isMergeCommit":false,"messageTitle":"Fix more checkstyle errors","messageBody":"","fileTypesAndContributionMap":{"functional-code":{"insertions":1,"deletions":1},"docs":{"insertions":1,"deletions":1}}},{"hash":"cf7b53b947ca65540fde794466c1677e4e9f0410","isMergeCommit":true,"messageTitle":"Merge branch \u0027master\u0027 into branch-add-delivery-tag","messageBody":"","fileTypesAndContributionMap":{}},{"hash":"ae45469270a5ef31232ac268c8066cff4f0d5a30","isMergeCommit":false,"messageTitle":"Merge with edit delivery","messageBody":"","fileTypesAndContributionMap":{"functional-code":{"insertions":1,"deletions":1},"test-code":{"insertions":3,"deletions":15}}},{"hash":"6975da01b17488151b2a1803735d2acfe71ebcfb","isMergeCommit":false,"messageTitle":"Add tests for add delivery command","messageBody":"","fileTypesAndContributionMap":{"test-code":{"insertions":98,"deletions":0}}},{"hash":"5a8e36bc9cfcd3048290084e1b86d7792844ecfc","isMergeCommit":false,"messageTitle":"Add tests for ParserUtil","messageBody":"","fileTypesAndContributionMap":{"test-code":{"insertions":136,"deletions":1}}},{"hash":"24e73a595a979d5b427d69a48f8d09aaca4c6350","isMergeCommit":false,"messageTitle":"Add tests for delivery and tag kind","messageBody":"","fileTypesAndContributionMap":{"test-code":{"insertions":65,"deletions":0}}},{"hash":"9e8d165c7aa3e2566fba4e4887151eaae207bbb8","isMergeCommit":false,"messageTitle":"Fix checkstyle","messageBody":"","fileTypesAndContributionMap":{"test-code":{"insertions":1,"deletions":1}}},{"hash":"7c844f4a60d75769dec74e94da1046379dc94f99","isMergeCommit":false,"messageTitle":"Add tests for deliery command parser :q","messageBody":"","fileTypesAndContributionMap":{"test-code":{"insertions":34,"deletions":1}}},{"hash":"dde386754b4074575da9b8b7f11fe9d459c582a9","isMergeCommit":false,"messageTitle":"Add more tests","messageBody":"","fileTypesAndContributionMap":{"test-code":{"insertions":67,"deletions":1}}},{"hash":"fede0cd3cef43561417ad93f92f5099ed9fe729c","isMergeCommit":false,"messageTitle":"Add tests for JsonAdaptedDelivery","messageBody":"","fileTypesAndContributionMap":{"test-code":{"insertions":117,"deletions":46}}},{"hash":"4e4f49b5d2be3a32e7a806a9fe63ef7ddf4ed044","isMergeCommit":false,"messageTitle":"Change tests for json adadpted delivery","messageBody":"","fileTypesAndContributionMap":{"test-code":{"insertions":76,"deletions":83}}}]},{"date":"2025-10-20T00:00:00","commitResults":[{"hash":"21600045c08524f85cf6b4f4c829ba5e01b61faf","isMergeCommit":true,"messageTitle":"Merge pull request #94 from mizzat03/cascading_delete_client","messageBody":"Refactor delete_client command to cascade into deliveries and minor UI tweaks","fileTypesAndContributionMap":{}},{"hash":"ba7a2e910965b18cf00307b1ddfd2ceee7db894f","isMergeCommit":false,"messageTitle":"Change to light theme ui","messageBody":"","fileTypesAndContributionMap":{"functional-code":{"insertions":251,"deletions":15}}},{"hash":"3ffa1960312ee369bcd0efa524e4f6fedf4e60a1","isMergeCommit":false,"messageTitle":"Refactor light theme","messageBody":"","fileTypesAndContributionMap":{"functional-code":{"insertions":465,"deletions":420}}}]},{"date":"2025-10-21T00:00:00","commitResults":[{"hash":"a134300e6c98e15e442c57965c3abe9df988c749","isMergeCommit":false,"messageTitle":"Fix delivery tag color","messageBody":"","fileTypesAndContributionMap":{"functional-code":{"insertions":85,"deletions":62}}},{"hash":"5d216e28052615effaddc9a944fc3b64d1850876","isMergeCommit":false,"messageTitle":"UI: Render person tags as dark blue bubbles","messageBody":"Person tags currently share delivery tag styling, which makes it hard to\ndistinguish at a glance who the tags belong to in the UI.\n\nMake person (client) tags display as separate dark-blue bubbles so they\nare visually distinct from delivery tags and easier to scan in lists.\nThis keeps delivery pills unchanged.\n","fileTypesAndContributionMap":{"functional-code":{"insertions":2,"deletions":3}}},{"hash":"033c33f8b640087e399e4780379c3f51c150e558","isMergeCommit":false,"messageTitle":"Fix checkstyle errors","messageBody":"","fileTypesAndContributionMap":{"functional-code":{"insertions":12,"deletions":5}}},{"hash":"bc341ef79ecce14dca99b673c7a199de01211921","isMergeCommit":false,"messageTitle":"Remove old css file","messageBody":"","fileTypesAndContributionMap":{"functional-code":{"insertions":0,"deletions":338}}},{"hash":"be3d1a2d742b6fb7f7eaf6691c337991d78c1e5b","isMergeCommit":false,"messageTitle":"DeliveryListCard: Refactor card layout and style","messageBody":"* Move cost to top-right and tag to bottom-left\n* Convert info labels to TextFlow for bolded headers\n* Add vertical spacing and update datetime format\n","fileTypesAndContributionMap":{"functional-code":{"insertions":88,"deletions":16}}},{"hash":"35815b81a386fe94fbd073224cfc7510c70a6dfd","isMergeCommit":false,"messageTitle":"Docs: align UserGuide with v0.3 command set","messageBody":"Synchronize command names, formats, and wording with v0.3 release\nnotes so the guide matches current behavior. Update examples,\ncommand summaries, and tips; clarify case-sensitive prefixes and\ndate/time formats; note tag colour behavior (Personal/Corporate).\nAlso tighten Quick Start and Troubleshooting for first-time users.\n\nThis improves accuracy and reduces confusion between docs and the\napp UI/CLI.\n","fileTypesAndContributionMap":{"docs":{"insertions":325,"deletions":125}}},{"hash":"a88ff8889a3c6e4d4e909f75a1f476a81d69d03c","isMergeCommit":false,"messageTitle":"Fix checkstyle error","messageBody":"","fileTypesAndContributionMap":{"docs":{"insertions":1,"deletions":1}}}]},{"date":"2025-10-22T00:00:00","commitResults":[{"hash":"e18f1e105a73e2f812748e84cc45f2d915b6d687","isMergeCommit":false,"messageTitle":"Docs: update Storage UML to include DeliveryBook","messageBody":"Add DeliveryBook storage to the Storage UML:\n- New interface: DeliveryBookStorage\n- Implementations: JsonDeliveryBookStorage, JsonSerializableDeliveryBook\n- Adapter: JsonAdaptedDelivery\n- Wire StorageManager to DeliveryBookStorage\n- Show JsonAdaptedDelivery referencing JsonAdaptedPerson\n\nThis keeps the diagram in sync with the current codebase, improves\naccuracy for readers, and reduces onboarding confusion.\n\nNo production code changes.\n","fileTypesAndContributionMap":{"docs":{"insertions":37,"deletions":13}}},{"hash":"f438b287425802f3d79fb65e2a23dc2ab99cf52a","isMergeCommit":false,"messageTitle":"Docs: update Storage UML to reflect FoodBook architecture","messageBody":"Update the Storage UML diagram to match the current implementation:\n- Replace AddressBook storage with FoodBook storage\n- Add FoodBookStorage, JsonFoodBookStorage, JsonSerializableFoodBook\n- Include JsonAdaptedPerson, JsonAdaptedDelivery, and JsonAdaptedTag\n- Retain UserPrefsStorage and JsonUserPrefsStorage\n- Show StorageManager managing both FoodBook and UserPrefs storages\n\nThis improves documentation accuracy and helps new contributors\nunderstand the updated storage layer structure.\n","fileTypesAndContributionMap":{"docs":{"insertions":16,"deletions":32}}},{"hash":"facc4c11ca9281fb4c0a7866aa6305fd71968abf","isMergeCommit":true,"messageTitle":"Merge branch \u0027master\u0027 into update-user-guide","messageBody":"","fileTypesAndContributionMap":{}},{"hash":"948cde56cd43c9d79256d62a99f7d9c756c30c48","isMergeCommit":true,"messageTitle":"Merge pull request #116 from mizzat03/UML_Diagram","messageBody":"Update UML Diagram","fileTypesAndContributionMap":{}}]},{"date":"2025-10-23T00:00:00","commitResults":[{"hash":"30b56304780183512d5f68b630dac8cf7b4dac94","isMergeCommit":true,"messageTitle":"Merge pull request #113 from Nsohko/sai/branch-undo-command","messageBody":"Add undo (and more)","fileTypesAndContributionMap":{}},{"hash":"735718d9410bf5e383ffca63c84299a627b7d5cf","isMergeCommit":true,"messageTitle":"Merge pull request #117 from Nsohko/sai/update-command-activity-diagram","messageBody":"Update UML","tags":["v1.1"],"fileTypesAndContributionMap":{}}]},{"date":"2025-10-25T00:00:00","commitResults":[{"hash":"aac46a6cf85f14e1a9bba8517b9f01563fcc2332","isMergeCommit":true,"messageTitle":"Merge pull request #120 from Nsohko/sai/branch-misc-fixes","messageBody":"Add limit to client tags","fileTypesAndContributionMap":{}},{"hash":"940fdf0a24cbd3dc59a75d80c9ea3a8485e51535","isMergeCommit":false,"messageTitle":"PersonListCard: Fix tag positioning and alignment","messageBody":"* Refactor card layout from GridPane to AnchorPane\n* Pin tags VBox to the bottom-right of the card\n* Align tags to the right within their container\n","fileTypesAndContributionMap":{"functional-code":{"insertions":24,"deletions":21}}},{"hash":"21671dc9c14c97f03e3d5cd15ad3a4b38fefc0ad","isMergeCommit":false,"messageTitle":"Fix newline eof error","messageBody":"","fileTypesAndContributionMap":{"functional-code":{"insertions":1,"deletions":1}}}]},{"date":"2025-10-26T00:00:00","commitResults":[{"hash":"c27081bd712440bee8a7dfd548cd09c61d620e29","isMergeCommit":false,"messageTitle":"Add delivery tag class","messageBody":"* Introduce DeliveryTag\n* Use Optional\u003cDeliveryTag\u003e in Delivery\n* Enforce ≤1 t/ in parsers; allow no tag\n","fileTypesAndContributionMap":{"functional-code":{"insertions":140,"deletions":75}}}]},{"date":"2025-10-27T00:00:00","commitResults":[{"hash":"1532240935037daf60a059435d3085220769f477","isMergeCommit":false,"messageTitle":"Add delivery tag test","messageBody":"* Add DeliveryTagTest (validation, lowercase canonicalization, kind derivation,\nequals/hashCode/toString)\n* Fix predicate/storage/parser tests to use Optional\u003cDeliveryTag\u003e and safe unwrapping\n* Align AddDeliveryCommand toStringMethod test with name-or-(none) output\n","fileTypesAndContributionMap":{"functional-code":{"insertions":57,"deletions":5},"test-code":{"insertions":143,"deletions":17}}},{"hash":"da2051c840652741fb82545e0c5af081dff23bfa","isMergeCommit":false,"messageTitle":"Add test cases for the equals method in delivery tag","messageBody":"","fileTypesAndContributionMap":{"functional-code":{"insertions":5,"deletions":10},"test-code":{"insertions":53,"deletions":0}}}]},{"date":"2025-10-28T00:00:00","commitResults":[{"hash":"c12891212dd26d2d67cdbcb5a99d0c1331c6cbfc","isMergeCommit":false,"messageTitle":"Update commit activity diagram","messageBody":"* Add explicit `undo` path\n* Push snapshot before mutating commands; auto-save to JSON\n* Replace AddressBook wording with FoodBook\n* Delete uml diagrams not used\n","fileTypesAndContributionMap":{"docs":{"insertions":44,"deletions":206}}}]},{"date":"2025-10-29T00:00:00","commitResults":[{"hash":"0ebba072b7e43094caa0d3c4fd53f84815d70a6f","isMergeCommit":true,"messageTitle":"Merge pull request #152 from itisnotjord/branch-User-Guide","messageBody":"Redoing User Guide","fileTypesAndContributionMap":{}},{"hash":"014b258eb21f5abc3194df19ddfcb98b302cc10b","isMergeCommit":false,"messageTitle":"Bold delivery status","messageBody":"","fileTypesAndContributionMap":{"functional-code":{"insertions":9,"deletions":6}}},{"hash":"9711aabc7ae3cee5bcc1a5c5af3fa6d1b3869463","isMergeCommit":false,"messageTitle":"Update result display","messageBody":"","fileTypesAndContributionMap":{"functional-code":{"insertions":12,"deletions":7}}},{"hash":"4d813d9af266bba197857a9a73bc67403bfe9bcc","isMergeCommit":false,"messageTitle":"Add javadocs for ResultDisplay","messageBody":"","fileTypesAndContributionMap":{"functional-code":{"insertions":9,"deletions":0}}}]},{"date":"2025-11-02T00:00:00","commitResults":[{"hash":"59fa138e63333381c8aa7b1ab6fa8a2698388ccf","isMergeCommit":false,"messageTitle":"Fix missing background style in empty list","messageBody":"","fileTypesAndContributionMap":{"functional-code":{"insertions":13,"deletions":1}}}]},{"date":"2025-11-03T00:00:00","commitResults":[{"hash":"d37cd175694d113162540ba70d2eea9ae4cdd3cc","isMergeCommit":false,"messageTitle":"Fix typos in developer guide","messageBody":"","fileTypesAndContributionMap":{"docs":{"insertions":18,"deletions":20}}},{"hash":"e3b602639e939e9b476846a2487b65a5eff97436","isMergeCommit":false,"messageTitle":"Add instructions for manual testing under developer guide","messageBody":"","fileTypesAndContributionMap":{"docs":{"insertions":85,"deletions":0}}},{"hash":"1465c473ed4d337629eeaf416e6d95c371834afc","isMergeCommit":false,"messageTitle":"Change delivery status box","messageBody":"","fileTypesAndContributionMap":{"functional-code":{"insertions":21,"deletions":0}}},{"hash":"2866dbff8598f26173da7293ac51ab07119ae3fb","isMergeCommit":true,"messageTitle":"Merge pull request #253 from Nsohko/bug-fixes","messageBody":"Fix Issues","fileTypesAndContributionMap":{}},{"hash":"a4567e0e08d04658a8d05f8bcfea19e1d2b12367","isMergeCommit":false,"messageTitle":"Update use cases in developer guide","messageBody":"","fileTypesAndContributionMap":{"docs":{"insertions":142,"deletions":120}}},{"hash":"85126f65bd1b9789fec541ac443487cd09eed8e2","isMergeCommit":true,"messageTitle":"Merge branch \u0027master\u0027 into branch-enhance-DG","messageBody":"","fileTypesAndContributionMap":{}},{"hash":"3c539856bc0f3fbd8601f1e6f30609a165ade857","isMergeCommit":false,"messageTitle":"Fix convention issues in commit activity diagram","messageBody":"","fileTypesAndContributionMap":{"docs":{"insertions":6,"deletions":5}}}]},{"date":"2025-11-04T00:00:00","commitResults":[{"hash":"0e8534a9f768a699e27dcf9f52532cd07a6ea50f","isMergeCommit":true,"messageTitle":"Merge pull request #264 from Nsohko/sai/add-scroll","messageBody":"Add scroll bar","tags":["v1.6"],"fileTypesAndContributionMap":{}}]}],"wucx-0":[{"date":"2025-10-02T00:00:00","commitResults":[{"hash":"aba62e51a0a2c5aa19d993a9fc195230270e82d6","isMergeCommit":false,"messageTitle":"Change johndoe to wucx throughout all /docs/ files","messageBody":"","fileTypesAndContributionMap":{"docs":{"insertions":4,"deletions":4}}}]},{"date":"2025-10-03T00:00:00","commitResults":[{"hash":"1cd2ec3aa1a8a667b8af021364436aadbef211f9","isMergeCommit":false,"messageTitle":"Modify README.md in root dir","messageBody":"","fileTypesAndContributionMap":{"docs":{"insertions":59,"deletions":12}}},{"hash":"6fea5c7034f9162cacdbf1c05f75fb4ffce23cff","isMergeCommit":false,"messageTitle":"Remove Build Status","messageBody":"","fileTypesAndContributionMap":{"docs":{"insertions":2,"deletions":6}}},{"hash":"83f36f948b1b733121bcb72e14ade9adcddbce85","isMergeCommit":false,"messageTitle":"Remove AB3 notes","messageBody":"","fileTypesAndContributionMap":{"docs":{"insertions":0,"deletions":2}}},{"hash":"33a10d8721dcd4d6855e7b9ec6f9dc27e89bfa7f","isMergeCommit":true,"messageTitle":"Merge branch \u0027branch-README-Modification\u0027","messageBody":"","fileTypesAndContributionMap":{}}]},{"date":"2025-10-09T00:00:00","commitResults":[{"hash":"daf593a4be3eecfc6538d127f7f206ebc427e410","isMergeCommit":false,"messageTitle":"Add FindClientCommand and modify addressbookparser","messageBody":"","fileTypesAndContributionMap":{"functional-code":{"insertions":228,"deletions":0},"docs":{"insertions":1,"deletions":1}}},{"hash":"144171d473ed56abe2743815c2f1de6294242d6e","isMergeCommit":false,"messageTitle":"Fix minor error with command not recognising space between prefix and variable","messageBody":"","fileTypesAndContributionMap":{"functional-code":{"insertions":1,"deletions":1}}},{"hash":"37a29112e14a981ac23784503f6a68f6f8e7399b","isMergeCommit":false,"messageTitle":"remove tailing white space and missing newline","messageBody":"","fileTypesAndContributionMap":{"functional-code":{"insertions":1,"deletions":1}}},{"hash":"625744c3a515fb17af3962f0b0abac6eef802cf7","isMergeCommit":true,"messageTitle":"Merge branch \u0027master\u0027 into branch-Search-Client","messageBody":"","fileTypesAndContributionMap":{}},{"hash":"8b6d6c7cd2701c531816f4ce0403d21b23abb2e9","isMergeCommit":false,"messageTitle":"Add single empty line at modified files","messageBody":"","fileTypesAndContributionMap":{"functional-code":{"insertions":3,"deletions":3}}},{"hash":"3631312050cdd04915989d7e51592ca837fe888a","isMergeCommit":false,"messageTitle":"Revert Readme spelling error","messageBody":"","fileTypesAndContributionMap":{"docs":{"insertions":1,"deletions":1}}},{"hash":"8ad8c5d93b3c7cd2f10ef4fa70027cf9e4ac82fa","isMergeCommit":false,"messageTitle":"Add testcases to files changed","messageBody":"","fileTypesAndContributionMap":{"test-code":{"insertions":308,"deletions":0}}},{"hash":"fabb78c913f9ff6f2750dcde38302ded2307f470","isMergeCommit":false,"messageTitle":"Fix styling with checkstyle guidelines","messageBody":"","fileTypesAndContributionMap":{"test-code":{"insertions":1,"deletions":4}}},{"hash":"e1cf844a1b36d457f32e4da4b35274e3f1ad4d53","isMergeCommit":false,"messageTitle":"Add FindClientCommandParserTest","messageBody":"","fileTypesAndContributionMap":{"test-code":{"insertions":145,"deletions":0}}},{"hash":"9993357b48353f86e563e46ff2667728cf36f5aa","isMergeCommit":true,"messageTitle":"Merge branch \u0027branch-Search-Client\u0027","messageBody":"","fileTypesAndContributionMap":{}}]},{"date":"2025-10-10T00:00:00","commitResults":[{"hash":"895cf2cec518145eff852d975c2b95fdac73af16","isMergeCommit":false,"messageTitle":"minor changes","messageBody":"","fileTypesAndContributionMap":{"functional-code":{"insertions":1,"deletions":1}}},{"hash":"dc72a8ef2f436379db7f5aa54d8b4ff42933f654","isMergeCommit":true,"messageTitle":"Merge pull request #75 from wucx-0/branch-Search-Client-Test","messageBody":"Branch search client test","fileTypesAndContributionMap":{}}]},{"date":"2025-10-15T00:00:00","commitResults":[{"hash":"fbcef1884a620f06df746b8b18f9f301feadf0d8","isMergeCommit":false,"messageTitle":"change delete command word to delete_client","messageBody":"","fileTypesAndContributionMap":{"functional-code":{"insertions":71,"deletions":2}}},{"hash":"a6c8581115bae9ff6f9fbbc1f161b8f819ab9913","isMergeCommit":false,"messageTitle":"Transfer error message to Messages.java","messageBody":"","fileTypesAndContributionMap":{"functional-code":{"insertions":49,"deletions":21}}},{"hash":"b29ccd470139e0feff8dd41913efd5d43cfc4ce7","isMergeCommit":false,"messageTitle":"Add delete delivery command and respective test cases","messageBody":"","fileTypesAndContributionMap":{"test-code":{"insertions":263,"deletions":0}}},{"hash":"38a20070992df4738664d448198abe29a23c255f","isMergeCommit":false,"messageTitle":"Fix style issue","messageBody":"","fileTypesAndContributionMap":{"functional-code":{"insertions":30,"deletions":18}}},{"hash":"9722215d61932b817b2ad08609e2be34f1a0914b","isMergeCommit":false,"messageTitle":"Fix failed test-cases","messageBody":"","fileTypesAndContributionMap":{"functional-code":{"insertions":12,"deletions":8},"test-code":{"insertions":223,"deletions":120}}},{"hash":"fafbd465c481ebd479bd120c96f9dd40b1960b45","isMergeCommit":false,"messageTitle":"Minor fix on checkstyle","messageBody":"","fileTypesAndContributionMap":{"functional-code":{"insertions":1,"deletions":2}}},{"hash":"6696eaad01f67acf828b3356ac71d529581ea176","isMergeCommit":false,"messageTitle":"Modify return value of CommandResult to list delivery automatically after deleting","messageBody":"","fileTypesAndContributionMap":{"functional-code":{"insertions":4,"deletions":1},"test-code":{"insertions":1,"deletions":0}}}]},{"date":"2025-10-16T00:00:00","commitResults":[{"hash":"05b993b033bb27505e24717f3e996e5fb8c8b618","isMergeCommit":false,"messageTitle":"Change all int id to Index type id","messageBody":"","fileTypesAndContributionMap":{"functional-code":{"insertions":8,"deletions":6},"test-code":{"insertions":61,"deletions":236}}},{"hash":"429510ce478210df8eae2c5b594c463e778e6282","isMergeCommit":true,"messageTitle":"Merge branch \u0027master\u0027 into branch-Delete-Delivery","messageBody":"","fileTypesAndContributionMap":{}},{"hash":"a9a29fe73a9ae1629c321e755b82212035b5fb71","isMergeCommit":false,"messageTitle":"Minor fix in coding style","messageBody":"","fileTypesAndContributionMap":{"functional-code":{"insertions":1,"deletions":1}}},{"hash":"f7693a6f711ab9acbe2aa4d4c15d0afafa89b2de","isMergeCommit":false,"messageTitle":"Minor fix to LogicManagerTest","messageBody":"","fileTypesAndContributionMap":{"test-code":{"insertions":1,"deletions":1}}}]},{"date":"2025-10-21T00:00:00","commitResults":[{"hash":"59a110e7603bc27c32c1e1353449320cf1f21fe9","isMergeCommit":false,"messageTitle":"Modify FindDeliveryCommand and FindDeliveryParser for empty/plural keywords","messageBody":"","fileTypesAndContributionMap":{"functional-code":{"insertions":168,"deletions":16}}},{"hash":"847a198263dbb80efe0f6bfccaa7822c2625d8be","isMergeCommit":false,"messageTitle":"Add relevant test cases","messageBody":"","fileTypesAndContributionMap":{"functional-code":{"insertions":1,"deletions":2},"test-code":{"insertions":145,"deletions":34}}},{"hash":"4bda79350297ca50bebae4fff3e6c5a407bf7125","isMergeCommit":false,"messageTitle":"Fix test coverage issue","messageBody":"","fileTypesAndContributionMap":{"test-code":{"insertions":258,"deletions":0}}}]},{"date":"2025-10-22T00:00:00","commitResults":[{"hash":"f09bf21de0071d439f813d1623fd038d4c1c4f2b","isMergeCommit":false,"messageTitle":"Fix: Change representation of Tag from array to string in DeliveryPredicate class and minor error message change.","messageBody":"Current Delivery class uses enumeration of Tag which are mutually exclusive. A delivery object should\nnot have more than 1 tag at a time.\n","fileTypesAndContributionMap":{"functional-code":{"insertions":33,"deletions":82},"docs":{"insertions":582,"deletions":0}}},{"hash":"702ead6915f304df1a3f30da15bf251390cb282f","isMergeCommit":false,"messageTitle":"Fix: Testcases incompatibility with new class structure","messageBody":"","fileTypesAndContributionMap":{"functional-code":{"insertions":47,"deletions":14},"test-code":{"insertions":34,"deletions":85}}},{"hash":"5f15df0d85e85016960ecac80f84e4c0e171cfc7","isMergeCommit":true,"messageTitle":"Merge branch \u0027master\u0027 of https://github.com/AY2526S1-CS2103T-F14a-1/tp into branch-New-FilterDelivery","messageBody":"","fileTypesAndContributionMap":{}},{"hash":"7f4dd95515771b81523f5a4583211b17541aa510","isMergeCommit":false,"messageTitle":"Fix: Checkstyle","messageBody":"","fileTypesAndContributionMap":{"test-code":{"insertions":0,"deletions":2}}}]},{"date":"2025-10-23T00:00:00","commitResults":[{"hash":"f164be71c5a0effd0e3a1193b37db1b2696b6d5c","isMergeCommit":false,"messageTitle":"Docs: rename DeleteSequenceDiagram.puml to DeleteClientSequenceDiagram.puml. Changes: Incorporate the new logic of deleting related delivery info in model when a client is deleted.","messageBody":"","fileTypesAndContributionMap":{"docs":{"insertions":76,"deletions":70}}}]},{"date":"2025-10-28T00:00:00","commitResults":[{"hash":"e522fd5366f8f41838d927a4985849818ea731d8","isMergeCommit":false,"messageTitle":"Modify EditDelivery to accept t/ prefix to edit DeliveryTag","messageBody":"","fileTypesAndContributionMap":{"functional-code":{"insertions":45,"deletions":7}}},{"hash":"f9b96c1513725fd824494431851aa925f8508207","isMergeCommit":false,"messageTitle":"Added new testcases","messageBody":"","fileTypesAndContributionMap":{"test-code":{"insertions":26,"deletions":0}}},{"hash":"8212e1a994c43a82277fe2f36f6ee995232fb02f","isMergeCommit":false,"messageTitle":"Added new testcases","messageBody":"","fileTypesAndContributionMap":{"test-code":{"insertions":20,"deletions":1}}},{"hash":"cc24ba9c0db70ddd67ff322c5b8c73afc19e2c8a","isMergeCommit":false,"messageTitle":"Fix misleading messages and relevant testcases for FindDelivery","messageBody":"","fileTypesAndContributionMap":{"functional-code":{"insertions":1,"deletions":4},"test-code":{"insertions":1,"deletions":2}}}]},{"date":"2025-10-29T00:00:00","commitResults":[{"hash":"63096931fc2c7017fb0bd418a572cdb070e0f61d","isMergeCommit":true,"messageTitle":"Merge branch \u0027master\u0027 into branch-EditDelivery-W-Tag","messageBody":"","fileTypesAndContributionMap":{}},{"hash":"5e9223ffb3e403e03a7b71aab5c4cf32c098bfbf","isMergeCommit":false,"messageTitle":"Change from using DeliveryTagParser to OptionalDeliveryTagParser","messageBody":"","fileTypesAndContributionMap":{"functional-code":{"insertions":6,"deletions":18},"test-code":{"insertions":0,"deletions":23}}},{"hash":"f20634decf3c290840d8535e8e607b46a0f8482e","isMergeCommit":true,"messageTitle":"Merge branch \u0027master\u0027 into branch-EditDelivery-W-Tag","messageBody":"","fileTypesAndContributionMap":{}},{"hash":"ae6cb4dae81ddbdf4bb6f9efe60c5c91ade10cd1","isMergeCommit":false,"messageTitle":"Fix alphabug and related testcase issue for FindDelivery","messageBody":"","fileTypesAndContributionMap":{"functional-code":{"insertions":4,"deletions":3},"test-code":{"insertions":21,"deletions":14}}}]},{"date":"2025-10-30T00:00:00","commitResults":[{"hash":"9f707ef9f9460802c956194f56da0470007d9922","isMergeCommit":true,"messageTitle":"Merge branch \u0027master\u0027 of https://github.com/AY2526S1-CS2103T-F14a-1/tp into branch-FindDelivery_AlphaBugFix","messageBody":"","fileTypesAndContributionMap":{}},{"hash":"c5d3e5e6983ef17fdcf3607b9dd1ba0bfc937114","isMergeCommit":false,"messageTitle":"Modify Message_USAGE for updated FindDeliveryCommand","messageBody":"","fileTypesAndContributionMap":{"functional-code":{"insertions":6,"deletions":6}}},{"hash":"10c5f6d63cf12da06907018bbf1d8a79d017cc80","isMergeCommit":false,"messageTitle":"Fix Testcase checkstyleTest violations","messageBody":"","fileTypesAndContributionMap":{"test-code":{"insertions":1,"deletions":1}}},{"hash":"516dc4a927a6b83e721be57c24c88117d2fd6c45","isMergeCommit":false,"messageTitle":"Improve HelpWindow layout","messageBody":"","fileTypesAndContributionMap":{"functional-code":{"insertions":188,"deletions":18}}},{"hash":"5e30ea9d2d92424d614e9ee51df37d0455ac08d9","isMergeCommit":false,"messageTitle":"Fix inconsistencey in handling 0 delivery returned.","messageBody":"","fileTypesAndContributionMap":{"functional-code":{"insertions":1,"deletions":1},"test-code":{"insertions":6,"deletions":2}}},{"hash":"2221bc65d4feb031a2fc5774a2867648f9d75311","isMergeCommit":true,"messageTitle":"Merge pull request #168 from AY2526S1-CS2103T-F14a-1/Nsohko-patch-1","messageBody":"Fix link to Developer Guide in index.md","fileTypesAndContributionMap":{}},{"hash":"e29114c07042fa8ebfc94c501baa8c63eb029b8c","isMergeCommit":true,"messageTitle":"Merge branch \u0027master\u0027 into sai/last-changes","messageBody":"","fileTypesAndContributionMap":{}},{"hash":"3648bcb99012be37002ba4f43a0a7ae4b06dd4aa","isMergeCommit":true,"messageTitle":"Merge pull request #169 from Nsohko/sai/last-changes","messageBody":"Fix minor docs","fileTypesAndContributionMap":{}},{"hash":"21266415e6d73550c9587bf87c182a48d34b799a","isMergeCommit":false,"messageTitle":"Add more use cases to DG","messageBody":"","fileTypesAndContributionMap":{"docs":{"insertions":80,"deletions":0}}}]},{"date":"2025-10-31T00:00:00","commitResults":[{"hash":"91bc34b3676e20041087e00189daf698da1f3d64","isMergeCommit":true,"messageTitle":"Merge branch \u0027master\u0027 into branch-Update-DG","messageBody":"","fileTypesAndContributionMap":{}},{"hash":"75dc4ef91f80020c0c97e9725e3f3281762cf272","isMergeCommit":false,"messageTitle":"Minor changes to UG","messageBody":"","fileTypesAndContributionMap":{"docs":{"insertions":5,"deletions":5}}}]},{"date":"2025-11-03T00:00:00","commitResults":[{"hash":"bbfbc7eb181a9c9ae2843aa292151d2fe20e93f2","isMergeCommit":false,"messageTitle":"Fix issue #219","messageBody":"","fileTypesAndContributionMap":{"docs":{"insertions":3,"deletions":3}}},{"hash":"d685d63231d8f90d305d60216f9afad9fd15e781","isMergeCommit":true,"messageTitle":"Merge pull request #256 from itisnotjord/fix-UG-Alphabugs","messageBody":"Fix UG Alphabugs","fileTypesAndContributionMap":{}},{"hash":"0ed85396b1338d33aece1494a44bff21da7ee7f5","isMergeCommit":false,"messageTitle":"Fix UG bug partially","messageBody":"","fileTypesAndContributionMap":{"docs":{"insertions":4,"deletions":5}}},{"hash":"b8f8a94239303ed5e566d13f1bcb9280faf68dfe","isMergeCommit":false,"messageTitle":"Fix UG bugs, confusing issues left untouched.","messageBody":"","fileTypesAndContributionMap":{"functional-code":{"insertions":2,"deletions":2},"docs":{"insertions":2,"deletions":2}}},{"hash":"a9ac8e28867a2101d7ca8d793eba4a42769646b2","isMergeCommit":true,"messageTitle":"resolve merge conflicts","messageBody":"","fileTypesAndContributionMap":{}},{"hash":"ae80344eb4f063cd3b1011e5b99c1285b08a54a3","isMergeCommit":false,"messageTitle":"Fix merge conflicts in EditClient","messageBody":"","fileTypesAndContributionMap":{"functional-code":{"insertions":0,"deletions":4}}},{"hash":"d610b3c87259e20aeea0d451a78ca57328b43f7e","isMergeCommit":false,"messageTitle":"Fix phrasing","messageBody":"","fileTypesAndContributionMap":{"docs":{"insertions":2,"deletions":2}}},{"hash":"48fcbbef84b2806d6f374ecd34da4557d14c188f","isMergeCommit":false,"messageTitle":"Fix UG bugs","messageBody":"","fileTypesAndContributionMap":{"docs":{"insertions":18,"deletions":18}}}]}],"itisnotjord":[{"date":"2025-09-19T00:00:00","commitResults":[{"hash":"01ab20eca3560e344a446bc141574fce0f725773","isMergeCommit":false,"messageTitle":"Update README.md to verify Codecov.","messageBody":"","fileTypesAndContributionMap":{"docs":{"insertions":1,"deletions":1}}},{"hash":"5b615a684a74e7abcc6c5f1a1caaf258d3437120","isMergeCommit":false,"messageTitle":"Update README.md - Add Codecov badge","messageBody":"","fileTypesAndContributionMap":{"docs":{"insertions":1,"deletions":0}}},{"hash":"52e03a8dce1c6eddf0ff7141714c774d3324615b","isMergeCommit":true,"messageTitle":"Merge pull request #1 from AY2526S1-CS2103T-F14a-1/switch-docs-to-markbind","messageBody":"Merge switch-docs-to-markbind branch to the master branch.","fileTypesAndContributionMap":{}}]},{"date":"2025-10-01T00:00:00","commitResults":[{"hash":"3b0b8342563e97dda383b7920a390b91f1f08365","isMergeCommit":false,"messageTitle":"Add AboutUs Info","messageBody":"","fileTypesAndContributionMap":{"docs":{"insertions":52,"deletions":6}}},{"hash":"be2a814dd802bb95f42fa310bcbe6bb393382864","isMergeCommit":true,"messageTitle":"Merge pull request #21 from Nsohko/sai/branch-add-about-us","messageBody":"Add AboutUs info","fileTypesAndContributionMap":{}}]},{"date":"2025-10-02T00:00:00","commitResults":[{"hash":"518db87440ad5cff73394e8b55a96ad1a215b2b8","isMergeCommit":true,"messageTitle":"Merge pull request #32 from wucx-0/branch-AboutMe","messageBody":"Add AboutUs page (Chenxiao) ","fileTypesAndContributionMap":{}}]},{"date":"2025-10-03T00:00:00","commitResults":[{"hash":"f3a214697555cf3eafed31d89cf2979a1dd56f22","isMergeCommit":false,"messageTitle":"Update AB-3 to FoodBook","messageBody":"","fileTypesAndContributionMap":{"docs":{"insertions":1,"deletions":1}}}]},{"date":"2025-10-08T00:00:00","commitResults":[{"hash":"1f9599222c3ba55d736ff9a8b84f57233f211eff","isMergeCommit":false,"messageTitle":"Implement delivery status tracking with mark/unmark commands","messageBody":"","fileTypesAndContributionMap":{"functional-code":{"insertions":288,"deletions":0},"test-code":{"insertions":331,"deletions":0}}}]},{"date":"2025-10-09T00:00:00","commitResults":[{"hash":"60412a3e729adea206df79e2f94d0862f2db9cdb","isMergeCommit":false,"messageTitle":"Fix Checkstyle issues","messageBody":"","fileTypesAndContributionMap":{"test-code":{"insertions":13,"deletions":15}}},{"hash":"f45178aa75db0102593a63d5f3e1ae51b05fdd92","isMergeCommit":false,"messageTitle":"Add tests for AddDeliveryCommand, MarkCommand, and UnmarkCommand to AddressBookParserTest","messageBody":"","fileTypesAndContributionMap":{"test-code":{"insertions":22,"deletions":0}}},{"hash":"bb2eda899294322858956b64ffac3dd5b5f714aa","isMergeCommit":true,"messageTitle":"Merge pull request #73 from mizzat03/find_delivery","messageBody":"Add search and list delivery command and display pages for deliveries and people ","fileTypesAndContributionMap":{}}]},{"date":"2025-10-13T00:00:00","commitResults":[{"hash":"bbbee6eae412a6858dfc2efa22ea52c74c30a568","isMergeCommit":false,"messageTitle":"Add Edit Delivery Command and tests","messageBody":"","fileTypesAndContributionMap":{"functional-code":{"insertions":353,"deletions":2},"test-code":{"insertions":408,"deletions":0}}},{"hash":"625ce2a7aff75c8ec50f114e0778901162371d5e","isMergeCommit":true,"messageTitle":"Refactor addressbook to foodbook","messageBody":"","fileTypesAndContributionMap":{}}]},{"date":"2025-10-15T00:00:00","commitResults":[{"hash":"b5daae3e947c3f765cf41872472a1a2cc2491d72","isMergeCommit":true,"messageTitle":"Merge pull request #88 from hyhy987/branch-add-delivery-tag","messageBody":"Branch add delivery tag","fileTypesAndContributionMap":{}}]},{"date":"2025-10-16T00:00:00","commitResults":[{"hash":"e49f7a8117e25215362de2e61e205406447cf672","isMergeCommit":true,"messageTitle":"Merge pull request #90 from wucx-0/branch-Delete-Delivery","messageBody":"Add command to delete delivery","fileTypesAndContributionMap":{}}]},{"date":"2025-10-17T00:00:00","commitResults":[{"hash":"78229c194a025d75b422b9c3c8bb01ec75743f76","isMergeCommit":false,"messageTitle":"Add list_revenue and tests","messageBody":"","fileTypesAndContributionMap":{"functional-code":{"insertions":395,"deletions":0},"test-code":{"insertions":906,"deletions":0}}}]},{"date":"2025-10-21T00:00:00","commitResults":[{"hash":"383302724e51e1f1f0403de3010250dd9aa5b711","isMergeCommit":true,"messageTitle":"Merge branch \u0027master\u0027 into branch-list-revenue","messageBody":"","fileTypesAndContributionMap":{}},{"hash":"f4d7507502ecce66ee356aef00ef8963256d5e4d","isMergeCommit":false,"messageTitle":"Changed diagram for how the architecture components interact with each other","messageBody":"","fileTypesAndContributionMap":{"docs":{"insertions":5,"deletions":5}}},{"hash":"fb5b0bddf847841af5819bed06de64da0b5901b8","isMergeCommit":false,"messageTitle":"Fix Checkstyle","messageBody":"","fileTypesAndContributionMap":{"docs":{"insertions":1,"deletions":1}}}]},{"date":"2025-10-23T00:00:00","commitResults":[{"hash":"9457338fc11bece609c9785effe23b6d87c76c7a","isMergeCommit":true,"messageTitle":"Merge pull request #118 from wucx-0/branch-DeleteSequenceDiagram","messageBody":"Update UML","tags":["v1.4"],"fileTypesAndContributionMap":{}}]},{"date":"2025-10-24T00:00:00","commitResults":[{"hash":"4d12c7053fe1f04e8133448c4660b9a13eee4e7a","isMergeCommit":false,"messageTitle":"Combine RevenuePredicate and DeliveryPredicate","messageBody":"","fileTypesAndContributionMap":{"functional-code":{"insertions":118,"deletions":162},"test-code":{"insertions":140,"deletions":366}}},{"hash":"fa139c418dbe0325c84430a891bacfa9d802ac11","isMergeCommit":false,"messageTitle":"Combine RevenuePredicate and DeliveryPredicate","messageBody":"","fileTypesAndContributionMap":{"test-code":{"insertions":20,"deletions":18}}}]},{"date":"2025-10-25T00:00:00","commitResults":[{"hash":"1ea46f80fd2e12878600bbe00bc95a60fbf8bb1a","isMergeCommit":false,"messageTitle":"Change list revenue to use optional strings","messageBody":"","fileTypesAndContributionMap":{"functional-code":{"insertions":64,"deletions":118},"test-code":{"insertions":104,"deletions":57}}},{"hash":"d742da94b48ec9f90d340b53e312d2dab08c7bd4","isMergeCommit":false,"messageTitle":"Changed list revenue logic for start date to remain consistent with find delivery","messageBody":"","fileTypesAndContributionMap":{"functional-code":{"insertions":12,"deletions":11},"test-code":{"insertions":2,"deletions":3}}},{"hash":"1704cca33788c68ea0c5f576be849feb8a0f178f","isMergeCommit":true,"messageTitle":"Merge branch \u0027master\u0027 into branch-Combine-Predicate","messageBody":"","fileTypesAndContributionMap":{}}]},{"date":"2025-10-26T00:00:00","commitResults":[{"hash":"b544d2c776808a9b3044f0ab56ac77d9a772298d","isMergeCommit":true,"messageTitle":"Merge pull request #123 from hyhy987/branch-update-ui-tag","messageBody":"PersonListCard: Fix tag positioning and alignment","fileTypesAndContributionMap":{}}]},{"date":"2025-10-27T00:00:00","commitResults":[{"hash":"d933c807bf8a370fff4ff83133c646551e688239","isMergeCommit":false,"messageTitle":"Fix matchesClientName in DeliveryPredicate","messageBody":"","fileTypesAndContributionMap":{"functional-code":{"insertions":1,"deletions":1}}},{"hash":"0d41c5b1bf502d864980a05b6b106e9d9ec03772","isMergeCommit":false,"messageTitle":"Remove unused import","messageBody":"","fileTypesAndContributionMap":{"functional-code":{"insertions":0,"deletions":1}}}]},{"date":"2025-10-28T00:00:00","commitResults":[{"hash":"8356c7f54d8e05c114663740ce4567019dfc6287","isMergeCommit":false,"messageTitle":"Change User Guide","messageBody":"","fileTypesAndContributionMap":{"docs":{"insertions":177,"deletions":244}}},{"hash":"58394840514f96d75bb3c175423c75960cbee468","isMergeCommit":false,"messageTitle":"Edit Userguide","messageBody":"","fileTypesAndContributionMap":{"docs":{"insertions":41,"deletions":4}}},{"hash":"e6f7b5f81adf314501abce925f23d89caa52a9c4","isMergeCommit":false,"messageTitle":"Beautify User guide","messageBody":"","fileTypesAndContributionMap":{"docs":{"insertions":308,"deletions":45}}},{"hash":"82ee5c7c37df31e28e99d15de173e02ef20567f0","isMergeCommit":true,"messageTitle":"Merge pull request #149 from mizzat03/UML-Diagram-2","messageBody":"Update UiClassDiagram","fileTypesAndContributionMap":{}},{"hash":"48bc2809a5fd0b48d4201073400e0ec4098a10a9","isMergeCommit":true,"messageTitle":"Merge branch \u0027master\u0027 into branch-update-puml","messageBody":"","fileTypesAndContributionMap":{}},{"hash":"97ffacad23a720beb1336e0484833a7969f25c4c","isMergeCommit":true,"messageTitle":"Merge pull request #145 from hyhy987/branch-update-puml","messageBody":"Update commit activity diagram","fileTypesAndContributionMap":{}},{"hash":"22bede0247d37cab54b8147d413384e1cf0d494b","isMergeCommit":true,"messageTitle":"Merge branch \u0027master\u0027 into small-bug-fix","messageBody":"","fileTypesAndContributionMap":{}},{"hash":"fac109cf0669475f747563ee9264dac3a031881f","isMergeCommit":true,"messageTitle":"Merge pull request #129 from Nsohko/small-bug-fix","messageBody":"Fix minor bugs","fileTypesAndContributionMap":{}},{"hash":"c34bf4f8e5594086667bb813c7067c397780a9f1","isMergeCommit":true,"messageTitle":"Merge branch \u0027master\u0027 into branch-FindDelivery-Bugfix","messageBody":"","fileTypesAndContributionMap":{}},{"hash":"0028aa986420f7aecc83393bedfeb876e9f4fde4","isMergeCommit":true,"messageTitle":"Merge pull request #150 from wucx-0/branch-FindDelivery-Bugfix","messageBody":"Fix minor issues with find_delivery","fileTypesAndContributionMap":{}}]},{"date":"2025-10-29T00:00:00","commitResults":[{"hash":"566f00c748e8b361e82c496059df7d6cc7ca2763","isMergeCommit":true,"messageTitle":"Merge branch \u0027master\u0027 into branch-User-Guide","messageBody":"","fileTypesAndContributionMap":{}}]},{"date":"2025-10-30T00:00:00","commitResults":[{"hash":"e0635edaa480bb5617bb1f8d4aa468f7f9f77a45","isMergeCommit":true,"messageTitle":"Merge branch \u0027master\u0027 into branch-EditDelivery-W-Tag","messageBody":"","fileTypesAndContributionMap":{}},{"hash":"ae3cea1b53bf64575fd591eb89fae6e9847fcc82","isMergeCommit":true,"messageTitle":"Merge pull request #151 from wucx-0/branch-EditDelivery-W-Tag","messageBody":"Let users edit tags when editing delivery","fileTypesAndContributionMap":{}},{"hash":"536adfbd8bc9e7fa223e5e324f5c06812c67da66","isMergeCommit":true,"messageTitle":"Merge branch \u0027master\u0027 into small-bug","messageBody":"","fileTypesAndContributionMap":{}},{"hash":"021c294e498458316852cd2b82e7852b70474014","isMergeCommit":true,"messageTitle":"Merge pull request #160 from Nsohko/small-bug","messageBody":"Fix delivery tag bug to avoid auto lower case","fileTypesAndContributionMap":{}},{"hash":"91ae3c329db0a471ca480074f1fab1da6c48d0f6","isMergeCommit":true,"messageTitle":"Merge branch \u0027master\u0027 into Alpha-Fixes","messageBody":"","fileTypesAndContributionMap":{}},{"hash":"686b21557a12c9bf123af8085f5a04945f102dea","isMergeCommit":true,"messageTitle":"Merge pull request #158 from mizzat03/Alpha-Fixes","messageBody":"Alpha fixes","fileTypesAndContributionMap":{}},{"hash":"520b608385b046cc90f2d505afc63e6066da91d9","isMergeCommit":false,"messageTitle":"Fix alpha bugs","messageBody":"","fileTypesAndContributionMap":{"functional-code":{"insertions":4,"deletions":4}}},{"hash":"fb157aaaa651caa2c69edf137b3e1b2f6eb99d9f","isMergeCommit":false,"messageTitle":"Fix Alpha Bugs","messageBody":"","fileTypesAndContributionMap":{"functional-code":{"insertions":7,"deletions":7}}},{"hash":"77fc28369d3472040d3a12053d54fe904e660c28","isMergeCommit":true,"messageTitle":"Merge branch \u0027master\u0027 into sai/update-dg","messageBody":"","fileTypesAndContributionMap":{}},{"hash":"73537554f278f37bc669ff8a32275f8a13e284df","isMergeCommit":true,"messageTitle":"Merge branch \u0027master\u0027 into sai/update-dg","messageBody":"","fileTypesAndContributionMap":{}},{"hash":"30b0b2ebe8dd8d3ef8586f855171b426cd24131b","isMergeCommit":true,"messageTitle":"Merge pull request #165 from Nsohko/sai/update-dg","messageBody":"Update developer guide","fileTypesAndContributionMap":{}},{"hash":"fccd536d22d93f9e59166448cb9648e99e3b7113","isMergeCommit":false,"messageTitle":"Minor Change to DG","messageBody":"","fileTypesAndContributionMap":{"docs":{"insertions":1,"deletions":0}}}]},{"date":"2025-11-03T00:00:00","commitResults":[{"hash":"d5cb9104a1611f0a266ca99c7dfd0bae1d9427fa","isMergeCommit":true,"messageTitle":"Merge branch \u0027master\u0027 into branch-Update-UG","messageBody":"","fileTypesAndContributionMap":{}},{"hash":"e8b4f2b16913d1ddada33a2dff99321e3d324c43","isMergeCommit":true,"messageTitle":"Merge pull request #171 from wucx-0/branch-Update-UG","messageBody":"Minor changes to UG","fileTypesAndContributionMap":{}},{"hash":"2d90e9333bd39533109d02cfcd6d1de2513ab538","isMergeCommit":true,"messageTitle":"Merge pull request #255 from hyhy987/branch-enhance-DG","messageBody":"Fix bugs in developer guide ","fileTypesAndContributionMap":{}},{"hash":"2f4f5a394f5df14d90ed44f453b8d2794ca6ac39","isMergeCommit":false,"messageTitle":"Fix UG bugs","messageBody":"","fileTypesAndContributionMap":{"docs":{"insertions":32,"deletions":21}}},{"hash":"3d7dfe41b535f85b15868f1abfd7065913fd5766","isMergeCommit":true,"messageTitle":"Merge branch \u0027master\u0027 into fix-UG-Alphabugs","messageBody":"","fileTypesAndContributionMap":{}},{"hash":"23a701399466d69c18010bc8c60e37756c48945c","isMergeCommit":true,"messageTitle":"Merge pull request #257 from wucx-0/branch-BugFix","messageBody":"BugFix","fileTypesAndContributionMap":{}},{"hash":"1001e9282ca46c9a9db737a77e4d0d340313dc56","isMergeCommit":true,"messageTitle":"Merge branch \u0027master\u0027 into branch-MinorUGFix","messageBody":"","fileTypesAndContributionMap":{}},{"hash":"041e191dbb4a939b4a071ce5f150bdf2f93654de","isMergeCommit":true,"messageTitle":"Merge pull request #258 from wucx-0/branch-MinorUGFix","messageBody":"Fix UG bugs","fileTypesAndContributionMap":{}}]}],"Nsohko":[{"date":"2025-09-30T00:00:00","commitResults":[{"hash":"c1218cdcadf092a476daaabd4aab072340410ca5","isMergeCommit":false,"messageTitle":"Add AboutUs info","messageBody":"","fileTypesAndContributionMap":{"docs":{"insertions":51,"deletions":5}}}]},{"date":"2025-10-01T00:00:00","commitResults":[{"hash":"919a84b41b9876963a1185c7db4e3d5a09d7de2d","isMergeCommit":true,"messageTitle":"Merge pull request #29 from itisnotjord/AboutUs","messageBody":"","fileTypesAndContributionMap":{}},{"hash":"cc00785e1b14b9bc17c9369ab18f961936f36e39","isMergeCommit":true,"messageTitle":"Merge pull request #30 from mizzat03/AboutUs","messageBody":"","fileTypesAndContributionMap":{}},{"hash":"cd21184189427c0b7cc6fd1c38a09e830b686554","isMergeCommit":true,"messageTitle":"Merge pull request #25 from hyhy987/branch-update-aboutus","messageBody":"","fileTypesAndContributionMap":{}},{"hash":"8ecb872ecdfef0a92ce6a8c875f21bd15ec8f369","isMergeCommit":false,"messageTitle":"Update aboutme","messageBody":"","fileTypesAndContributionMap":{"docs":{"insertions":1,"deletions":1}}}]},{"date":"2025-10-03T00:00:00","commitResults":[{"hash":"10ddbc96c1e31305e895e1c871efa86ba04a199e","isMergeCommit":true,"messageTitle":"Merge pull request #39 from hyhy987/branch-update-DG","messageBody":"","fileTypesAndContributionMap":{}},{"hash":"d742b75653ffbe1a0951275009d48362c95e92c0","isMergeCommit":false,"messageTitle":"Update developer guide","messageBody":"","fileTypesAndContributionMap":{"docs":{"insertions":98,"deletions":19}}}]},{"date":"2025-10-04T00:00:00","commitResults":[{"hash":"3f7bd662174d042dda98bf1be16801785f82411b","isMergeCommit":true,"messageTitle":"Merge pull request #45 from mizzat03/DG_Part3","messageBody":"","fileTypesAndContributionMap":{}},{"hash":"97fc9d608d9e14a172092d4d5f27e13cdd99a1e5","isMergeCommit":false,"messageTitle":"Add base classes","messageBody":"","fileTypesAndContributionMap":{"functional-code":{"insertions":502,"deletions":10},"test-code":{"insertions":563,"deletions":26}}},{"hash":"4c9301cb8d04926619ebb3ad49194278e8a2565a","isMergeCommit":false,"messageTitle":"Update website home page","messageBody":"","fileTypesAndContributionMap":{"docs":{"insertions":3,"deletions":4}}}]},{"date":"2025-10-09T00:00:00","commitResults":[{"hash":"69909a2ef21e4a12e697be2fdd4102164ecc48d2","isMergeCommit":true,"messageTitle":"Merge pull request #67 from itisnotjord/branch-Track-Delivery-Status","messageBody":"","fileTypesAndContributionMap":{}},{"hash":"2c475b3e922828b10f378eca56faef2eaa86410b","isMergeCommit":true,"messageTitle":"Merge pull request #69 from itisnotjord/branch-Track-Delivery-Status","messageBody":"","fileTypesAndContributionMap":{}},{"hash":"69c12f428e957f8a8d40c2ff2a8c25f9a1f5d88c","isMergeCommit":false,"messageTitle":"Refactor add command into add client","messageBody":"1. Renamed AddCommand to AddClientCommand\n2. Refactored test cases to reuse code\n","fileTypesAndContributionMap":{"functional-code":{"insertions":49,"deletions":15},"other":{"insertions":33,"deletions":31},"test-code":{"insertions":403,"deletions":113}}},{"hash":"ea667c5f25684bb99e060dc3a353d33031a1f342","isMergeCommit":true,"messageTitle":"Merge with master","messageBody":"","fileTypesAndContributionMap":{}},{"hash":"212314f95ab4484d3934c2a9822c044ec8da005e","isMergeCommit":false,"messageTitle":"Reorder imports","messageBody":"","fileTypesAndContributionMap":{"test-code":{"insertions":9,"deletions":8}}},{"hash":"958604a8982fd3b366a5b4c88b2178834830cdec","isMergeCommit":true,"messageTitle":"Merge pull request #71 from wucx-0/branch-Search-Client","messageBody":"","fileTypesAndContributionMap":{}}]},{"date":"2025-10-10T00:00:00","commitResults":[{"hash":"527bba37e9c13d72add096ab5c2226c200a91807","isMergeCommit":false,"messageTitle":"Add more test cases","messageBody":"","fileTypesAndContributionMap":{"functional-code":{"insertions":2,"deletions":96},"test-code":{"insertions":332,"deletions":162}}},{"hash":"ffe3925f055dbaeeaa2b19ab1556ff4ec990a677","isMergeCommit":true,"messageTitle":"Merge with master","messageBody":"","fileTypesAndContributionMap":{}},{"hash":"992d8c4e5b3a33d8e934e79b40e4c3a73cdd38c1","isMergeCommit":false,"messageTitle":"Modify test case","messageBody":"","fileTypesAndContributionMap":{"test-code":{"insertions":3,"deletions":2}}},{"hash":"46daebaa6e2d751d52d7cdc97c9f4b61d9b2479f","isMergeCommit":false,"messageTitle":"Fix lint","messageBody":"","fileTypesAndContributionMap":{"functional-code":{"insertions":0,"deletions":1},"test-code":{"insertions":13,"deletions":64}}}]},{"date":"2025-10-13T00:00:00","commitResults":[{"hash":"49841d52585caf472aace118d1240bd35ff5f031","isMergeCommit":true,"messageTitle":"Merge pull request #79 from mizzat03/MoreTests","messageBody":"","fileTypesAndContributionMap":{}},{"hash":"deb73216369c9f6124abf76ec8dfab60b60b32f4","isMergeCommit":true,"messageTitle":"Merge pull request #80 from mizzat03/edit_client_command","messageBody":"","fileTypesAndContributionMap":{}},{"hash":"b2cb78d1ab8f55667d746e0cc50aa543e817572f","isMergeCommit":false,"messageTitle":"Refactor all address to food","messageBody":"","fileTypesAndContributionMap":{"functional-code":{"insertions":237,"deletions":237},"other":{"insertions":1278,"deletions":1269},"docs":{"insertions":6,"deletions":5},"test-code":{"insertions":456,"deletions":431}}},{"hash":"dd8c35bc5949993edfeab7ba9083c87cae635a88","isMergeCommit":true,"messageTitle":"Merge pull request #86 from itisnotjord/branch-Edit-Delivery","messageBody":"","fileTypesAndContributionMap":{}}]},{"date":"2025-10-21T00:00:00","commitResults":[{"hash":"a4ecd22bc70abb04d755311ec45540607e139706","isMergeCommit":true,"messageTitle":"Merge pull request #95 from hyhy987/branch-update-UI","messageBody":"","fileTypesAndContributionMap":{}},{"hash":"8e6139e4ceb22c7b8672f54006bdda280a0aa92b","isMergeCommit":true,"messageTitle":"Merge pull request #98 from itisnotjord/branch-Create-Uml","messageBody":"","fileTypesAndContributionMap":{}},{"hash":"95cd6368621f93044efba354340fe79deef8acdb","isMergeCommit":true,"messageTitle":"Merge branch \u0027master\u0027 into branch-list-revenue","messageBody":"","fileTypesAndContributionMap":{}},{"hash":"b847d5f25549a7416243cf08d02f24b4ef8f66ca","isMergeCommit":false,"messageTitle":"Add first phase of undo","messageBody":"","fileTypesAndContributionMap":{"functional-code":{"insertions":419,"deletions":141},"test-code":{"insertions":164,"deletions":187}}},{"hash":"6961b89dc59bb0696db5ab9082172c9c0d610a64","isMergeCommit":true,"messageTitle":"Merge branch \u0027master\u0027 into sai/branch-undo-command","messageBody":"","fileTypesAndContributionMap":{}},{"hash":"7029df4f16a718ea34cf52c556743e200a1d1679","isMergeCommit":true,"messageTitle":"Merge pull request #93 from itisnotjord/branch-list-revenue","messageBody":"","fileTypesAndContributionMap":{}},{"hash":"928ddbf62e8f92b9a42b55b87eb9c0d25ba2101e","isMergeCommit":true,"messageTitle":"Merge with latest","messageBody":"","fileTypesAndContributionMap":{}},{"hash":"c70529ff3045433b41b544492a4fa2e4c7c6776d","isMergeCommit":false,"messageTitle":"Refactor deliveries to use equals","messageBody":"","fileTypesAndContributionMap":{"functional-code":{"insertions":24,"deletions":13},"test-code":{"insertions":153,"deletions":69}}}]},{"date":"2025-10-22T00:00:00","commitResults":[{"hash":"ad5dc3ce7a14eb283a60f730a42ca38a1ec9997e","isMergeCommit":false,"messageTitle":"Add tests and lint","messageBody":"","fileTypesAndContributionMap":{"functional-code":{"insertions":99,"deletions":58},"test-code":{"insertions":1013,"deletions":47}}},{"hash":"610801218ffa7632bea5fbabd6cdd44befbef6d7","isMergeCommit":false,"messageTitle":"Enable assertions","messageBody":"","fileTypesAndContributionMap":{"other":{"insertions":4,"deletions":0}}},{"hash":"9f79d2038de61c81e6b32338d9387bcb65862fcb","isMergeCommit":true,"messageTitle":"Merge branch \u0027master\u0027 into sai/branch-undo-command","messageBody":"","fileTypesAndContributionMap":{}},{"hash":"2d412dee991f8e87df157d2d576f438d0d24dcaf","isMergeCommit":true,"messageTitle":"Merge pull request #99 from wucx-0/branch-New-FilterDelivery","messageBody":"","fileTypesAndContributionMap":{}},{"hash":"9c9992d8e96fe498e83503ff48fd43af7607e7a2","isMergeCommit":true,"messageTitle":"Merge and delete unused class","messageBody":"","fileTypesAndContributionMap":{}},{"hash":"3a2216161edf72452b1b2e43550d0a0a9057e570","isMergeCommit":true,"messageTitle":"Merge remote-tracking branch \u0027origin/sai/branch-undo-command\u0027 into sai/branch-undo-command","messageBody":"","fileTypesAndContributionMap":{}}]},{"date":"2025-10-23T00:00:00","commitResults":[{"hash":"5b36989ab409afe14d8ef9c422ea5ee2a02f28c4","isMergeCommit":false,"messageTitle":"Update UML","messageBody":"","fileTypesAndContributionMap":{"docs":{"insertions":21,"deletions":6}}},{"hash":"46d692532077c251c63cb8f736c0604a72edf5e9","isMergeCommit":true,"messageTitle":"Merge branch \u0027master\u0027 into sai/update-command-activity-diagram","messageBody":"","fileTypesAndContributionMap":{}}]},{"date":"2025-10-24T00:00:00","commitResults":[{"hash":"d446620e4e3803e6156d035e477eccbd188e3d8c","isMergeCommit":false,"messageTitle":"Add limit to client tags","messageBody":"","fileTypesAndContributionMap":{"functional-code":{"insertions":15,"deletions":0},"test-code":{"insertions":23,"deletions":2}}},{"hash":"cc04725e6c9bce3ed736dfb7e93de112c8a96214","isMergeCommit":false,"messageTitle":"Add limit to tags","messageBody":"","fileTypesAndContributionMap":{"functional-code":{"insertions":1,"deletions":1},"test-code":{"insertions":0,"deletions":2}}}]},{"date":"2025-10-26T00:00:00","commitResults":[{"hash":"b703d25f29401e66951187a0020ac67f3ed2f706","isMergeCommit":true,"messageTitle":"Merge branch \u0027master\u0027 into branch-Combine-Predicate","messageBody":"","fileTypesAndContributionMap":{}}]},{"date":"2025-10-27T00:00:00","commitResults":[{"hash":"59568f937154c9a1ff9c47c47df9950a43aa896d","isMergeCommit":true,"messageTitle":"Merge pull request #125 from mizzat03/Populate-JSON-Storage-and-ammend-ListCommandWord","messageBody":"","fileTypesAndContributionMap":{}},{"hash":"2de4e5082587c94176a3abaf1077683c606bb947","isMergeCommit":false,"messageTitle":"Fix minor bug","messageBody":"","fileTypesAndContributionMap":{"functional-code":{"insertions":2,"deletions":1}}},{"hash":"c6d142cb5bdbe7c76c7760cf39f736a9fb261679","isMergeCommit":false,"messageTitle":"Fix more bugs","messageBody":"","fileTypesAndContributionMap":{"functional-code":{"insertions":10,"deletions":8},"test-code":{"insertions":12,"deletions":12}}},{"hash":"08c4cd0f78760e5fb1a82033a88d102e500c3f06","isMergeCommit":false,"messageTitle":"Remove CX unused file","messageBody":"","fileTypesAndContributionMap":{"functional-code":{"insertions":0,"deletions":44},"test-code":{"insertions":13,"deletions":91}}}]},{"date":"2025-10-29T00:00:00","commitResults":[{"hash":"5fde7139d5369a0bad7109b433a63bf501255cdb","isMergeCommit":true,"messageTitle":"Merge branch \u0027master\u0027 into branch-Fix-DeliveryPredicate","messageBody":"","fileTypesAndContributionMap":{}},{"hash":"4c820f1440d15a40ed7fd8c0527cad78d8f88357","isMergeCommit":true,"messageTitle":"Merge pull request #134 from itisnotjord/branch-Fix-DeliveryPredicate","messageBody":"","fileTypesAndContributionMap":{}},{"hash":"17629331387e942147cb5432b8e30f07f010822f","isMergeCommit":false,"messageTitle":"Fix delivery tag bug","messageBody":"","fileTypesAndContributionMap":{"functional-code":{"insertions":2,"deletions":2},"test-code":{"insertions":7,"deletions":22}}}]},{"date":"2025-10-30T00:00:00","commitResults":[{"hash":"def905b8a81f59054b81d60428d951e020bde2c0","isMergeCommit":false,"messageTitle":"Add developer guide","messageBody":"","fileTypesAndContributionMap":{"functional-code":{"insertions":0,"deletions":4},"docs":{"insertions":282,"deletions":100}}},{"hash":"0bd0f1736841659c28c3de42b06f360fcec8e3c1","isMergeCommit":true,"messageTitle":"Merge pull request #163 from wucx-0/branch-FinDelivery-MessageFix","messageBody":"","fileTypesAndContributionMap":{}},{"hash":"741f8b81dcd4e238ba80f007a8d3531334ddb20c","isMergeCommit":true,"messageTitle":"Merge branch \u0027master\u0027 into branch-HelpWindow-Modification","messageBody":"","fileTypesAndContributionMap":{}},{"hash":"f83a0d59c220111d1f5a60cf449f209ac44d44c8","isMergeCommit":true,"messageTitle":"Merge pull request #164 from wucx-0/branch-HelpWindow-Modification","messageBody":"","fileTypesAndContributionMap":{}},{"hash":"fdbb934cabeceac571304981deee15a13febfaa9","isMergeCommit":false,"messageTitle":"Fix lint","messageBody":"","fileTypesAndContributionMap":{"docs":{"insertions":0,"deletions":37}}},{"hash":"4e365f91e301df42d412407bd506dcb8707c32a8","isMergeCommit":true,"messageTitle":"Merge branch \u0027master\u0027 into branch-Alpha-Fix","messageBody":"","fileTypesAndContributionMap":{}},{"hash":"b9583517b5c8112e9f7352765aaea8d072ffdc40","isMergeCommit":true,"messageTitle":"Merge pull request #161 from itisnotjord/branch-Alpha-Fix","messageBody":"","fileTypesAndContributionMap":{}},{"hash":"c773f517379a9b6b89d7c122207648e6e64aa89c","isMergeCommit":true,"messageTitle":"Merge branch \u0027master\u0027 into branch-FindDelivery_AlphaBugFix","messageBody":"","fileTypesAndContributionMap":{}},{"hash":"25217a1903dee222eebfdc7ce270dc9be374e7c9","isMergeCommit":true,"messageTitle":"Merge pull request #167 from itisnotjord/branch-Refine-DG","messageBody":"","fileTypesAndContributionMap":{}},{"hash":"96fb06c72985df351458ea345d6dc9bdbb336581","isMergeCommit":true,"messageTitle":"Merge branch \u0027master\u0027 into branch-FindDelivery_AlphaBugFix","messageBody":"","fileTypesAndContributionMap":{}},{"hash":"c634ba11b267c03e2ed23478cd848f73e557082e","isMergeCommit":true,"messageTitle":"Merge pull request #162 from wucx-0/branch-FindDelivery_AlphaBugFix","messageBody":"","tags":["v1.5"],"fileTypesAndContributionMap":{}},{"hash":"718c7065f615468ea8295fc64cac6a74bd852e28","isMergeCommit":false,"messageTitle":"Fix link to Developer Guide in index.md","messageBody":"","fileTypesAndContributionMap":{"docs":{"insertions":1,"deletions":1}}},{"hash":"7df4ed7b93eb5d4d5129c72b11923ac5306e7d5b","isMergeCommit":false,"messageTitle":"Update index.md","messageBody":"","fileTypesAndContributionMap":{"docs":{"insertions":1,"deletions":1}}},{"hash":"283277b6a3f49ea05bfbbc20a830201a7f39f0a5","isMergeCommit":false,"messageTitle":"Fix minor docs","messageBody":"","fileTypesAndContributionMap":{"functional-code":{"insertions":1,"deletions":1}}}]},{"date":"2025-10-31T00:00:00","commitResults":[{"hash":"997319a0fba24ae1aa268540a47ec0b0ba8e70c0","isMergeCommit":true,"messageTitle":"Merge pull request #170 from wucx-0/branch-Update-DG","messageBody":"","fileTypesAndContributionMap":{}}]},{"date":"2025-11-03T00:00:00","commitResults":[{"hash":"2e91c29df80c82ebb84c810dce636a8d114877ec","isMergeCommit":true,"messageTitle":"Merge pull request #252 from hyhy987/branch-enhance-DG","messageBody":"","fileTypesAndContributionMap":{}},{"hash":"c15bac799e0fcf78f375eb8c409ed5541762fe3b","isMergeCommit":false,"messageTitle":"Fix bugs","messageBody":"","fileTypesAndContributionMap":{"functional-code":{"insertions":83,"deletions":29},"docs":{"insertions":1,"deletions":1},"test-code":{"insertions":317,"deletions":8}}},{"hash":"4658482b15cb5303df39bab4243f13d422d84597","isMergeCommit":false,"messageTitle":"Change error message for tags","messageBody":"","fileTypesAndContributionMap":{"functional-code":{"insertions":1,"deletions":1}}},{"hash":"2c1472d49c7ef279a92abcfc6e25651679476eda","isMergeCommit":true,"messageTitle":"Merge with master","messageBody":"","fileTypesAndContributionMap":{}},{"hash":"a62f54311f8fe2228249e142c0dc013859145899","isMergeCommit":false,"messageTitle":"Remove unused comment","messageBody":"","fileTypesAndContributionMap":{"functional-code":{"insertions":1,"deletions":1}}},{"hash":"3a4032a8a3771872ff74694404a7f1760e158e69","isMergeCommit":true,"messageTitle":"Merge pull request #254 from hyhy987/branch-enhance-ui","messageBody":"","fileTypesAndContributionMap":{}}]},{"date":"2025-11-04T00:00:00","commitResults":[{"hash":"1883f3296d98ab1696b7678ce9398906a07e2958","isMergeCommit":false,"messageTitle":"Update ug and dg","messageBody":"","fileTypesAndContributionMap":{"functional-code":{"insertions":1,"deletions":1},"docs":{"insertions":113,"deletions":76}}},{"hash":"5bd736cb19861b29af5459c813a18c15db71d2ba","isMergeCommit":true,"messageTitle":"Merge pull request #261 from mizzat03/Bug_Fixes","messageBody":"","fileTypesAndContributionMap":{}},{"hash":"79af0b097b37d9147e6da2a0796351544568e127","isMergeCommit":true,"messageTitle":"Merge pull request #263 from mizzat03/Bug_Fixes","messageBody":"","fileTypesAndContributionMap":{}},{"hash":"8446d432f015c053ea18baa0dc135696f45314ee","isMergeCommit":false,"messageTitle":"Add scroll bar","messageBody":"","fileTypesAndContributionMap":{"functional-code":{"insertions":20,"deletions":7}}}]}]},"authorFileTypeContributionMap":{"mizzat03":{"docs":105,"functional-code":588,"test-code":483},"hyhy987":{"docs":332,"functional-code":1240,"test-code":778},"wucx-0":{"docs":765,"functional-code":629,"test-code":939},"itisnotjord":{"docs":424,"functional-code":899,"test-code":1349},"Nsohko":{"docs":234,"functional-code":1891,"test-code":3554,"other":4}},"authorContributionVariance":{"mizzat03":31303.094,"hyhy987":92570.21,"wucx-0":47076.805,"itisnotjord":77523.74,"Nsohko":394891.75},"authorDisplayNameMap":{"mizzat03":"CS2103T-F14a-1 MUHA..AFIQ","hyhy987":"CS2103T-F14a-1 SIE ..YANG","wucx-0":"CS2103T-F14a-1 WU C..XIAO","itisnotjord":"CS2103T-F14a-1 GOH ..RDAN","Nsohko":"CS2103T-F14a-1 SARI..EDDY"}}
