{"authorDailyContributionsMap":{"AppDevIn":[{"date":"2025-09-27T00:00:00","commitResults":[{"hash":"6a73780f150447d3d14b58d95660ca11803ce59b","isMergeCommit":true,"messageTitle":"Merge pull request #15 from AppDevIn/docs/jeya-image","messageBody":"Add Jeya\u0027s image","fileTypesAndContributionMap":{}},{"hash":"38f58a6bfa0867fb4c7eff739829d109fc10221e","isMergeCommit":false,"messageTitle":"Add Jeya\u0027s about us page details","messageBody":"","fileTypesAndContributionMap":{"docs":{"insertions":6,"deletions":6}}},{"hash":"daef5c2b70abf358f15dafa4d1b793f2028fc81b","isMergeCommit":false,"messageTitle":"Remove linkdln link from my portfilo","messageBody":"","fileTypesAndContributionMap":{"docs":{"insertions":1,"deletions":1}}},{"hash":"a7cb38f6a113d72def598f1a8e5a44d7ec23a220","isMergeCommit":false,"messageTitle":"Make portfilo link to johndoe","messageBody":"","fileTypesAndContributionMap":{"docs":{"insertions":1,"deletions":1}}},{"hash":"76b582f090c5fcf14ec2d5a0770e5d1ad2456c6d","isMergeCommit":false,"messageTitle":"Update github action badge","messageBody":"","fileTypesAndContributionMap":{"docs":{"insertions":1,"deletions":1}}},{"hash":"65e18d037ad0b6928db1144e3e16cc9455aba232","isMergeCommit":true,"messageTitle":"Merge pull request #31 from AppDevIn/docs/add-ci-status-badge","messageBody":"Update github action badge","fileTypesAndContributionMap":{}},{"hash":"036bfaf2717be6cda055aeaa0458f5d80cc36e6f","isMergeCommit":false,"messageTitle":"Add acknowledgement for AB3 se-edu (#32)","messageBody":"* Add acknowledgement for AB3 se-edu\n\n* Add new line EOF","fileTypesAndContributionMap":{"docs":{"insertions":1,"deletions":0}}},{"hash":"eae05c2ee1c13b7da4b84447d702145bef8cbd00","isMergeCommit":true,"messageTitle":"Merge pull request #34 from orbitalsqwib/update-readme-ui","messageBody":"Update Ui to reflect mockup of end product","fileTypesAndContributionMap":{}},{"hash":"a06053878106ce841c4770c371d72e94bc00d0e7","isMergeCommit":false,"messageTitle":"Add user stories","messageBody":"","fileTypesAndContributionMap":{"docs":{"insertions":23,"deletions":8}}},{"hash":"48244bdf4a484affa52eb8f6e3e6fb2dfcbb4d19","isMergeCommit":false,"messageTitle":"Update to space between asterisks","messageBody":"","fileTypesAndContributionMap":{"docs":{"insertions":18,"deletions":18}}},{"hash":"c033ce47e86c57cafdf095e22bda83d0bf2bbfa9","isMergeCommit":false,"messageTitle":"Fix formatting issue","messageBody":"","fileTypesAndContributionMap":{"docs":{"insertions":1,"deletions":1}}},{"hash":"516d05d8c073218197509d640e7ea6b132ae7829","isMergeCommit":false,"messageTitle":"Reverse the * to match document","messageBody":"","fileTypesAndContributionMap":{"docs":{"insertions":7,"deletions":7}}},{"hash":"ed2c7b0ee35ac7808432cd035114a33353e6b9f5","isMergeCommit":false,"messageTitle":"Undo line 290 and 291","messageBody":"","fileTypesAndContributionMap":{"docs":{"insertions":2,"deletions":2}}},{"hash":"ba8be7d2b49480499856baa5640b68db95bebbb6","isMergeCommit":false,"messageTitle":"Add Glossary terms (#49)","messageBody":"* Add Glossary terms\n\n* Remove unwanted prefix","fileTypesAndContributionMap":{"docs":{"insertions":10,"deletions":2}}}]},{"date":"2025-10-02T00:00:00","commitResults":[{"hash":"6c318cd426e973ec3cf4094032d7bf34ef845b28","isMergeCommit":false,"messageTitle":"Add markbind preview when creating a PR","messageBody":"","fileTypesAndContributionMap":{"other":{"insertions":86,"deletions":0}}},{"hash":"3de17a71a03b150ce78379fb1a708a0156684bb9","isMergeCommit":true,"messageTitle":"Merge pull request #1 from AppDevIn/cicd/markbind-preview","messageBody":"Add markbind preview when creating a PR","fileTypesAndContributionMap":{}},{"hash":"8fb243174f05b838c0bb8589edc1049c34540cb2","isMergeCommit":false,"messageTitle":"Update docs to test markbind preview","messageBody":"","fileTypesAndContributionMap":{"docs":{"insertions":2,"deletions":0}}},{"hash":"f9018f4319cd43d53515a12a4dd7c7c2fe1fe2ba","isMergeCommit":true,"messageTitle":"Merge branch \u0027master\u0027 into test/markbind-preview","messageBody":"","fileTypesAndContributionMap":{}},{"hash":"ab94b11248dad95e58248b18ad4f89613f3144b0","isMergeCommit":false,"messageTitle":"Update the markbind preview","messageBody":"","fileTypesAndContributionMap":{"other":{"insertions":88,"deletions":0}}},{"hash":"0b8d7918f45b7f66d2a2ef7f4d58cbaa3d95caa1","isMergeCommit":true,"messageTitle":"Merge fixed","messageBody":"","fileTypesAndContributionMap":{}},{"hash":"1b5f05ec347349e90bef5e458598dd4805a1d2b8","isMergeCommit":false,"messageTitle":"Fix merge conflict","messageBody":"","fileTypesAndContributionMap":{"other":{"insertions":0,"deletions":13}}},{"hash":"a897902d31c4707e222f44c8743f5e85a29617b4","isMergeCommit":false,"messageTitle":"Revert the changed for testing","messageBody":"","fileTypesAndContributionMap":{"docs":{"insertions":2,"deletions":6}}},{"hash":"5e1ad87b42fd7cbc3242070fe3dd78ce7692bdcd","isMergeCommit":false,"messageTitle":"Fix trailing whitespace error","messageBody":"","fileTypesAndContributionMap":{"docs":{"insertions":4,"deletions":4}}},{"hash":"43a54de027482da93c6bdbe28d10a959ac860f83","isMergeCommit":false,"messageTitle":"Use SURGE login","messageBody":"","fileTypesAndContributionMap":{"other":{"insertions":9,"deletions":6}}},{"hash":"e9e5833d2f0f91b380311ef8eeb1c4a66ec2c8d3","isMergeCommit":false,"messageTitle":"Add write permission to issues","messageBody":"","fileTypesAndContributionMap":{"other":{"insertions":1,"deletions":0}}},{"hash":"840f0757e5b1127f55537fd7fd6de725504b511f","isMergeCommit":false,"messageTitle":"Update the domain name to allow usuage","messageBody":"","fileTypesAndContributionMap":{"other":{"insertions":1,"deletions":1}}},{"hash":"a9d343ccdf0bcef8ea90bc20984799304bc9d5e1","isMergeCommit":false,"messageTitle":"Add CNAME file to properly create the project","messageBody":"","fileTypesAndContributionMap":{"other":{"insertions":3,"deletions":1}}},{"hash":"f0317efe6e700bcb07af606add769997835d6d18","isMergeCommit":false,"messageTitle":"Add echo to be sure surge i reading correctly","messageBody":"","fileTypesAndContributionMap":{"other":{"insertions":1,"deletions":4}}},{"hash":"449b3a7788ef5d6dde91ac1fa6a8318c2756df12","isMergeCommit":false,"messageTitle":"Add echo to check if the email is correct","messageBody":"","fileTypesAndContributionMap":{"other":{"insertions":6,"deletions":2}}},{"hash":"2a2ed7501bb29bfc272d5b10661b7191b25cd17d","isMergeCommit":false,"messageTitle":"Check if the secrets is empty or not","messageBody":"","fileTypesAndContributionMap":{"other":{"insertions":4,"deletions":5}}},{"hash":"d8b61461dd014c3f3059a9de90b87865e1868c0e","isMergeCommit":false,"messageTitle":"List all secrets","messageBody":"","fileTypesAndContributionMap":{"other":{"insertions":3,"deletions":0}}},{"hash":"6b40bde097e7297176c845f2e1825ce278922b7e","isMergeCommit":false,"messageTitle":"Run on pull_request_target","messageBody":"","fileTypesAndContributionMap":{"other":{"insertions":1,"deletions":1}}},{"hash":"c4ebef395abd1a4b36ae385ef461ef3133db67be","isMergeCommit":false,"messageTitle":"Remove debugging logs","messageBody":"","fileTypesAndContributionMap":{"other":{"insertions":0,"deletions":6}}},{"hash":"735df7c648bab45934754ea48b685d8374988915","isMergeCommit":true,"messageTitle":"Merge pull request #59 from AppDevIn/test/markbind-preview","messageBody":"CICD: Markbind preview workflow; Docs: Fix trailing whitespace warning","fileTypesAndContributionMap":{}},{"hash":"956ea494fa84fe36865f190a9e49d5a4565c01e4","isMergeCommit":false,"messageTitle":"Add serach and filter use case","messageBody":"","fileTypesAndContributionMap":{"docs":{"insertions":59,"deletions":0}}},{"hash":"766d19f76748a267d94ae2267c80edaa5e7334b8","isMergeCommit":false,"messageTitle":"Reorder the position from 7 to 4","messageBody":"","fileTypesAndContributionMap":{"docs":{"insertions":60,"deletions":58}}},{"hash":"053637622352b47fe5aeac11dd6420b14c0b2400","isMergeCommit":true,"messageTitle":"Merge pull request #62 from AppDevIn/usecase/filter-patient","messageBody":"Add search and filter use case","fileTypesAndContributionMap":{}},{"hash":"0a2ae209fc46639710d8b1f6ab77651b2e7d4829","isMergeCommit":false,"messageTitle":"Point to the directory to run preview","messageBody":"","fileTypesAndContributionMap":{"other":{"insertions":1,"deletions":1},"docs":{"insertions":1,"deletions":0}}},{"hash":"bbfff936c55c7188d9d3dad28dfe51821f35b61e","isMergeCommit":false,"messageTitle":"Change to on pull_request","messageBody":"","fileTypesAndContributionMap":{"other":{"insertions":1,"deletions":1}}},{"hash":"31b8b389526c0864b36be49d0e6141e312908264","isMergeCommit":false,"messageTitle":"Revert back change","messageBody":"","fileTypesAndContributionMap":{"other":{"insertions":1,"deletions":1},"docs":{"insertions":0,"deletions":1}}},{"hash":"f4314b23cb76a62bbc5e3308ee0abcfe5247527a","isMergeCommit":true,"messageTitle":"Merge pull request #64 from AppDevIn/fix/markbind-preview","messageBody":"Point to the directory to run preview","fileTypesAndContributionMap":{}}]},{"date":"2025-10-09T00:00:00","commitResults":[{"hash":"0ee51cde612e9ca632f70479222709956c95bc10","isMergeCommit":true,"messageTitle":"Merge pull request #70 from orbitalsqwib/update-ui-layout","messageBody":"Update UI layout","fileTypesAndContributionMap":{}},{"hash":"7af483f8e3b891b4a7bf1e494345cd1b379731c9","isMergeCommit":false,"messageTitle":"Refactor the code to use Search instead of Find","messageBody":"","fileTypesAndContributionMap":{"functional-code":{"insertions":20,"deletions":5}}},{"hash":"3a2cb4ec629f993048edcf36c5a425c0383b251e","isMergeCommit":false,"messageTitle":"Refactor to make it into a subcommand function","messageBody":"","fileTypesAndContributionMap":{"functional-code":{"insertions":30,"deletions":11}}},{"hash":"f0df05ab9e46f568165edbf792d2fbc23451acfe","isMergeCommit":false,"messageTitle":"Add test case to support new command","messageBody":"","fileTypesAndContributionMap":{"test-code":{"insertions":36,"deletions":4}}},{"hash":"361f911406c03c3773694615dbce34d530e44804","isMergeCommit":true,"messageTitle":"Merge conflict resolved","messageBody":"","fileTypesAndContributionMap":{}},{"hash":"f4cbc756c0a9fa3299a49ee1ead1692311492975","isMergeCommit":false,"messageTitle":"Remove trailing whitespace","messageBody":"","fileTypesAndContributionMap":{"functional-code":{"insertions":2,"deletions":2}}},{"hash":"ce0c06a40f2104ba92dd10f0b7aefa80187e67ae","isMergeCommit":false,"messageTitle":"Split lines longer then 120 lines","messageBody":"","fileTypesAndContributionMap":{"functional-code":{"insertions":2,"deletions":1},"test-code":{"insertions":6,"deletions":3}}},{"hash":"bb29d949aa6da29dc2498ea074d5f4acc3feb468","isMergeCommit":true,"messageTitle":"Merge pull request #71 from AppDevIn/feat/change-find-to-search","messageBody":"Feat: Change find to search command","fileTypesAndContributionMap":{}}]},{"date":"2025-10-11T00:00:00","commitResults":[{"hash":"fe2108168f75ead72bd8ad7ba399675cbb710281","isMergeCommit":false,"messageTitle":"Add number to search command","messageBody":"","fileTypesAndContributionMap":{"functional-code":{"insertions":5,"deletions":3}}},{"hash":"e4c18eaa44a0a0e2e07727e5024fd0c78574e074","isMergeCommit":false,"messageTitle":"Add phone number filter tests","messageBody":"","fileTypesAndContributionMap":{"functional-code":{"insertions":45,"deletions":0},"test-code":{"insertions":99,"deletions":1}}},{"hash":"caf2344c3db5e6c63386a958665b0976c1244ad0","isMergeCommit":false,"messageTitle":"Fix issues with phone number test case","messageBody":"","fileTypesAndContributionMap":{"functional-code":{"insertions":1,"deletions":1}}},{"hash":"14338019e443f321bc629fd720c83cca3bf843c7","isMergeCommit":false,"messageTitle":"Update doc change from find to search","messageBody":"","fileTypesAndContributionMap":{"docs":{"insertions":9,"deletions":8}}},{"hash":"e4b3603d95ef8529023bcda853f8057cf9cd85fa","isMergeCommit":false,"messageTitle":"Remove unused imports","messageBody":"","fileTypesAndContributionMap":{"functional-code":{"insertions":0,"deletions":1}}},{"hash":"c85f6cd63d44be263f2b79dc919a379962993158","isMergeCommit":false,"messageTitle":"Add search by email","messageBody":"","fileTypesAndContributionMap":{"functional-code":{"insertions":49,"deletions":2}}},{"hash":"1de984062126a3c4f56630eaae7a282aa0d77ca3","isMergeCommit":false,"messageTitle":"Add testing for search by email","messageBody":"","fileTypesAndContributionMap":{"test-code":{"insertions":111,"deletions":2}}},{"hash":"538eaa2b80d36b3ed76b4c414189dabc24ab3e9b","isMergeCommit":false,"messageTitle":"Add docs for search by email","messageBody":"","fileTypesAndContributionMap":{"docs":{"insertions":3,"deletions":2}}},{"hash":"1871c3fb13c85364758a26fc54ac5388a0b63c87","isMergeCommit":false,"messageTitle":"Add search by tag","messageBody":"","fileTypesAndContributionMap":{"functional-code":{"insertions":50,"deletions":2}}},{"hash":"4c99666cd673ded5f2a0c5969940c65e71c4945a","isMergeCommit":false,"messageTitle":"Add test cases for search by tag","messageBody":"","fileTypesAndContributionMap":{"test-code":{"insertions":94,"deletions":0}}},{"hash":"0460410147a687cbac821df6ff89da978386785b","isMergeCommit":false,"messageTitle":"Update docs to support search by tags","messageBody":"","fileTypesAndContributionMap":{"docs":{"insertions":3,"deletions":2}}}]},{"date":"2025-10-12T00:00:00","commitResults":[{"hash":"57f738a0ff689e5ef9e334315b63fc024871a657","isMergeCommit":true,"messageTitle":"Merge pull request #88 from AppDevIn/feat/search-phone-number","messageBody":"Feat: Search phone number","fileTypesAndContributionMap":{}},{"hash":"cce0cb1d00ed46cc2319f3ae6ad977068a190a73","isMergeCommit":false,"messageTitle":"Fix style on test case reduce to 2 underscores","messageBody":"","fileTypesAndContributionMap":{"test-code":{"insertions":1,"deletions":1}}},{"hash":"029a09fb0ae88b4275c0719add31113ed61e1175","isMergeCommit":true,"messageTitle":"Merge pull request #90 from AppDevIn/feat/search-by-email","messageBody":"Feat: Search by Email","fileTypesAndContributionMap":{}},{"hash":"3affcccfef2c96f3d3af8ae2b8feeedd8791edc7","isMergeCommit":false,"messageTitle":"Fix style on test case reduce to 2 underscores","messageBody":"","fileTypesAndContributionMap":{"test-code":{"insertions":1,"deletions":1}}}]},{"date":"2025-10-13T00:00:00","commitResults":[{"hash":"3e781ed0f0be63ba5e5887788189c1a39084a05f","isMergeCommit":false,"messageTitle":"Asset toString from Tag Predicate class","messageBody":"","fileTypesAndContributionMap":{"test-code":{"insertions":10,"deletions":0}}}]},{"date":"2025-10-15T00:00:00","commitResults":[{"hash":"015808620fab9bc03e9d3780286a6c7ea4a5e19f","isMergeCommit":true,"messageTitle":"Merge pull request #92 from AppDevIn/feat/search-by-tags","messageBody":"Feat: Search by tags","fileTypesAndContributionMap":{}}]},{"date":"2025-10-16T00:00:00","commitResults":[{"hash":"2d534a0835c085fc45220e567cd9f648ccf8a7c6","isMergeCommit":true,"messageTitle":"Merge pull request #109 from orbitalsqwib/add-detail-panel","messageBody":"Add detail panel","tags":["v1.3"],"fileTypesAndContributionMap":{}}]},{"date":"2025-10-22T00:00:00","commitResults":[{"hash":"8d894fe912ba3c12c7dc73b01c982795d68e1a33","isMergeCommit":false,"messageTitle":"Add detail guide for search to remove ambiguity","messageBody":"","fileTypesAndContributionMap":{"docs":{"insertions":9,"deletions":4}}},{"hash":"5feea75f9defc057baa2c95dd851a16158779acf","isMergeCommit":false,"messageTitle":"Add country code search support","messageBody":"","fileTypesAndContributionMap":{"functional-code":{"insertions":2,"deletions":1},"test-code":{"insertions":16,"deletions":0}}},{"hash":"38f4eea5553489f10dece79984f12416d3810f98","isMergeCommit":true,"messageTitle":"Merge branch \u0027master\u0027 into search-with-country-code","messageBody":"","fileTypesAndContributionMap":{}}]},{"date":"2025-10-23T00:00:00","commitResults":[{"hash":"c44381b6c89bac43d907750fd2eaf8b25636d685","isMergeCommit":true,"messageTitle":"Merge pull request #142 from AppDevIn/search-with-country-code","messageBody":"","fileTypesAndContributionMap":{}},{"hash":"3c0e38e4a13c2f32d7f09268f1f04a95cfc8eb3f","isMergeCommit":false,"messageTitle":"Update the doc to be more descriptive","messageBody":"","fileTypesAndContributionMap":{"docs":{"insertions":2,"deletions":1}}},{"hash":"dacfe4acd4b8fcefdb464b974d65a666f80cdec8","isMergeCommit":true,"messageTitle":"Merge pull request #140 from AppDevIn/incorrect-search-doc","messageBody":"Add detail guide for search to remove ambiguity","fileTypesAndContributionMap":{}},{"hash":"9b46276f9062f4294612ee31efa3295123001c13","isMergeCommit":false,"messageTitle":"Add runtime assertions to Index class","messageBody":"","fileTypesAndContributionMap":{"functional-code":{"insertions":6,"deletions":1}}},{"hash":"bf0a9e3f4a458b3eb62ef4474df3e8296da461b3","isMergeCommit":true,"messageTitle":"Merge pull request #149 from AppDevIn/index-validation","messageBody":"Add runtime assertions to Index class","fileTypesAndContributionMap":{}},{"hash":"0630284a327432993df9b7b129747d867c0d3155","isMergeCommit":true,"messageTitle":"Merge pull request #151 from AppDevIn/docs/search-command","messageBody":"Add UML for search number","fileTypesAndContributionMap":{}},{"hash":"4919142ebd78d21720761c2921f8ea25e17ba431","isMergeCommit":false,"messageTitle":"Add logging to search command","messageBody":"","fileTypesAndContributionMap":{"functional-code":{"insertions":10,"deletions":1}}},{"hash":"1dea7c935fe1cfa01bd1f6e5f7faf3f12a2d0d9c","isMergeCommit":false,"messageTitle":"Add UML for search number","messageBody":"","fileTypesAndContributionMap":{"docs":{"insertions":111,"deletions":0}}},{"hash":"9c3105bcf3721d7865cb4b53cae19a3cd6c0cca2","isMergeCommit":true,"messageTitle":"Merge pull request #158 from AppDevIn/log/search-command","messageBody":"","tags":["v1.4"],"fileTypesAndContributionMap":{}}]},{"date":"2025-10-26T00:00:00","commitResults":[{"hash":"6d70c57629245cf0746333ba673c10a204a40050","isMergeCommit":false,"messageTitle":"Old information is removed when search command is used","messageBody":"","fileTypesAndContributionMap":{"functional-code":{"insertions":2,"deletions":1},"test-code":{"insertions":8,"deletions":2}}},{"hash":"db153765aa7035a57009777e331bf75a3601fa25","isMergeCommit":true,"messageTitle":"Merge pull request #180 from AppDevIn/bug/serach-command-clear-info","messageBody":"Old information is removed when search command is used","fileTypesAndContributionMap":{}}]},{"date":"2025-10-28T00:00:00","commitResults":[{"hash":"dc70b06e94dce876ad15052c955d0743b9dafceb","isMergeCommit":false,"messageTitle":"Change the address reference to CaseTrack","messageBody":"","fileTypesAndContributionMap":{"docs":{"insertions":9,"deletions":9}}},{"hash":"f3f610d4e9639ffdc982e53ad2b92643fb222ea7","isMergeCommit":false,"messageTitle":"Update to container . \u0027 in names field","messageBody":"","fileTypesAndContributionMap":{"functional-code":{"insertions":3,"deletions":3},"test-code":{"insertions":6,"deletions":0}}},{"hash":"5ee7e62ab427e12856bce340b0dea2335b7220ec","isMergeCommit":false,"messageTitle":"Update the user guide to have parameter constriant","messageBody":"","fileTypesAndContributionMap":{"docs":{"insertions":29,"deletions":0}}},{"hash":"696ee413071a0e6cdd6bbb4f0ee9f905c1ac35d3","isMergeCommit":false,"messageTitle":"Sets the background color of corner elements","messageBody":"","fileTypesAndContributionMap":{"functional-code":{"insertions":8,"deletions":0}}},{"hash":"decf69032d3c09815336620453f96d6f555c3690","isMergeCommit":false,"messageTitle":"Only alpha numeric names are allowed","messageBody":"","fileTypesAndContributionMap":{"functional-code":{"insertions":3,"deletions":2}}},{"hash":"e1391e542a9f3f2f81a3834fda74e0c3e039adb1","isMergeCommit":false,"messageTitle":"Change jar file name","messageBody":"","fileTypesAndContributionMap":{"other":{"insertions":1,"deletions":1}}},{"hash":"34a306d0054beb4b479d900928a8ac63fd5140a7","isMergeCommit":false,"messageTitle":"Fix supoort for all numeric names","messageBody":"","fileTypesAndContributionMap":{"test-code":{"insertions":3,"deletions":1}}},{"hash":"12ff695d23bc80596d47a66db6db67f46213814a","isMergeCommit":false,"messageTitle":"Fix docs to info name constraints","messageBody":"","fileTypesAndContributionMap":{"docs":{"insertions":9,"deletions":1}}},{"hash":"32f7c7781fbceaff30620125adf0d09f1d833601","isMergeCommit":false,"messageTitle":"Update the links to point to our repo","messageBody":"","fileTypesAndContributionMap":{"docs":{"insertions":8,"deletions":8}}},{"hash":"101a93dc1c3da8556e3aff1eec3fdf4110a2ad4e","isMergeCommit":false,"messageTitle":"Set a limit to the length of phone number","messageBody":"","fileTypesAndContributionMap":{"functional-code":{"insertions":10,"deletions":4},"test-code":{"insertions":4,"deletions":0}}},{"hash":"e9173dc01a17752036829f22b11f3906242ea53b","isMergeCommit":false,"messageTitle":"Remove unused code","messageBody":"","fileTypesAndContributionMap":{"functional-code":{"insertions":2,"deletions":8}}},{"hash":"c63923c8bc09f5815863691d1f4499563f86372f","isMergeCommit":false,"messageTitle":"Remove trailing whitespace","messageBody":"","fileTypesAndContributionMap":{"functional-code":{"insertions":1,"deletions":1}}},{"hash":"d1be9d50786696006027f01d76f83493321e234c","isMergeCommit":false,"messageTitle":"Update tag to allow hypen","messageBody":"","fileTypesAndContributionMap":{"functional-code":{"insertions":2,"deletions":2}}},{"hash":"f91b796f99453d31f52cf3a18247b171152a8074","isMergeCommit":false,"messageTitle":"Add tests for Tag","messageBody":"","fileTypesAndContributionMap":{"test-code":{"insertions":17,"deletions":0}}},{"hash":"2a43423b92e1228eae65be7270655c9a9157514d","isMergeCommit":false,"messageTitle":"Support hypen names","messageBody":"","fileTypesAndContributionMap":{"functional-code":{"insertions":2,"deletions":2},"docs":{"insertions":2,"deletions":2},"test-code":{"insertions":3,"deletions":0}}},{"hash":"3ea45297067916086fc967a7beb76e2261a9ec50","isMergeCommit":false,"messageTitle":"Change the address reference to CaseTrack","messageBody":"","fileTypesAndContributionMap":{"docs":{"insertions":9,"deletions":9}}}]},{"date":"2025-10-29T00:00:00","commitResults":[{"hash":"2837245b7e3f52cf05d344d6ba21fbeeb71bdbea","isMergeCommit":true,"messageTitle":"Fix merge conflict","messageBody":"","fileTypesAndContributionMap":{}},{"hash":"6d46433e404bea583151356e903114b086025a21","isMergeCommit":true,"messageTitle":"Merge pull request #206 from AppDevIn/feature-flaw/support-dash-tag","messageBody":"Support dash in Tag","fileTypesAndContributionMap":{}},{"hash":"7470118d2e26ced498df0b678715fa9d75000fd0","isMergeCommit":true,"messageTitle":"Merge pull request #201 from AppDevIn/ui/weird-square-box","messageBody":"Fix white space at the corner","fileTypesAndContributionMap":{}},{"hash":"c227ae1f48fa4ebc1279f0953f6f3270c2e28835","isMergeCommit":true,"messageTitle":"Merge pull request #198 from AppDevIn/feat/add-support-for-names","messageBody":"Add support for . \u0027 and - in name","fileTypesAndContributionMap":{}},{"hash":"f6b748fae41f7d1c1f1979b30bb1fd7b6533ae9b","isMergeCommit":true,"messageTitle":"Merge pull request #204 from AppDevIn/doc/change-reference-to-our-repo","messageBody":"All hyperlinks reference to our repo","fileTypesAndContributionMap":{}},{"hash":"a9483bf13502e43039ed92bbc3119edf6935ff87","isMergeCommit":true,"messageTitle":"Merge pull request #205 from AppDevIn/feature-flow/excessive-phone-number","messageBody":"Max length of phone number 17 excluding country code","fileTypesAndContributionMap":{}},{"hash":"0168f12cae66beaab187b3896a5a26f49eec722a","isMergeCommit":false,"messageTitle":"Reduce length of a line to below 120","messageBody":"","fileTypesAndContributionMap":{"functional-code":{"insertions":4,"deletions":2}}},{"hash":"f1cda135cba460f22c75abf7db8c1c1158852c2b","isMergeCommit":true,"messageTitle":"Merge pull request #202 from AppDevIn/bug/aisallow-numeric-char","messageBody":"Only allow alpha numeric names","fileTypesAndContributionMap":{}},{"hash":"6ff600758c2757d3c07fac666015094783d9d066","isMergeCommit":false,"messageTitle":"Fix constraiant on name allowing other characteres","messageBody":"","fileTypesAndContributionMap":{"docs":{"insertions":1,"deletions":1}}},{"hash":"a103a71ee4d5052f9b2fc7f9c3e294d3a150a469","isMergeCommit":false,"messageTitle":"Add docs on constraiant to prevent full numeric","messageBody":"","fileTypesAndContributionMap":{"docs":{"insertions":1,"deletions":1}}},{"hash":"d211be12de9fcc21051670e3e6383003c1b803f4","isMergeCommit":false,"messageTitle":"Update DG to container 3-17 phone characters","messageBody":"","fileTypesAndContributionMap":{"docs":{"insertions":6,"deletions":6}}},{"hash":"22b0b7e2c67c1c1968a98e33932d4d8ce96102b0","isMergeCommit":false,"messageTitle":"Update phone number documentations","messageBody":"","fileTypesAndContributionMap":{"functional-code":{"insertions":4,"deletions":2},"docs":{"insertions":2,"deletions":1}}},{"hash":"9ed7b8862d7f37eb7e9340a15758647f70f75784","isMergeCommit":false,"messageTitle":"Update phone constraints to mention limit to one character","messageBody":"","fileTypesAndContributionMap":{"docs":{"insertions":5,"deletions":0}}},{"hash":"cd29ba88e634d7c3c2ec93780ffab977ff3c76bf","isMergeCommit":false,"messageTitle":"Fix checkstyle","messageBody":"","fileTypesAndContributionMap":{"functional-code":{"insertions":2,"deletions":1}}},{"hash":"f7ff9a71d27f7ad5f30ac73fd5e17e7a1e9bc00e","isMergeCommit":false,"messageTitle":"Update docs on number more than1","messageBody":"","fileTypesAndContributionMap":{"docs":{"insertions":3,"deletions":1}}},{"hash":"a3e6bda52e586abee0fa191e9e4cba2755adbbaf","isMergeCommit":false,"messageTitle":"Remove unused bullet point","messageBody":"","fileTypesAndContributionMap":{"docs":{"insertions":0,"deletions":1}}},{"hash":"2468dadfc9292962817d8fe13adfb08b609962e1","isMergeCommit":false,"messageTitle":"Add a period","messageBody":"","fileTypesAndContributionMap":{"docs":{"insertions":1,"deletions":1}}},{"hash":"af5a6c4471bc2c561be435c5225be44c9aeaf4f5","isMergeCommit":true,"messageTitle":"Merge pull request #233 from AppDevIn/docs/update-dg-ug","messageBody":"","fileTypesAndContributionMap":{}}]},{"date":"2025-10-30T00:00:00","commitResults":[{"hash":"f93c9cbc317845664373f14cdb9cff97c03e2608","isMergeCommit":true,"messageTitle":"Merge pull request #238 from lhurr/docs/dg-remove-redo","messageBody":"","fileTypesAndContributionMap":{}}]}],"orbitalsqwib":[{"date":"2025-09-19T00:00:00","commitResults":[{"hash":"0890df50f5afcb5b458874eded6ee1b40f2e1658","isMergeCommit":true,"messageTitle":"Merge pull request #1 from AY2526S1-CS2103-F12-3/switch-docs-to-markbind","messageBody":"Switch docs to markbind","fileTypesAndContributionMap":{}}]},{"date":"2025-09-27T00:00:00","commitResults":[{"hash":"818c37093d60c13323163281adb49c89d77a8953","isMergeCommit":true,"messageTitle":"Merge pull request #17 from orbitalsqwib/add-orbitalsqwib-photo","messageBody":"Add orbitalsqwib\u0027s photo to the docs folder","fileTypesAndContributionMap":{}},{"hash":"2b81978dfff01e9123f2407005d1dcfbf3582d45","isMergeCommit":false,"messageTitle":"Add orbitalsqwib\u0027s info to the AboutUs page","messageBody":"","fileTypesAndContributionMap":{"docs":{"insertions":5,"deletions":5}}},{"hash":"a8b09eb9953e94e691123bb99c2766cf9597f263","isMergeCommit":true,"messageTitle":"Merge pull request #21 from AppDevIn/docs/jeya-aboutus","messageBody":"Add Jeya\u0027s about us page details","fileTypesAndContributionMap":{}},{"hash":"63ae70b1fe370806034ce16964e86c1ee98486f1","isMergeCommit":true,"messageTitle":"Merge pull request #26 from orbitalsqwib/update-aboutus-orbitalsqwib","messageBody":"Add orbitalsqwib\u0027s info to the AboutUs page","fileTypesAndContributionMap":{}},{"hash":"386083e39f3bf23c54d0091483f149b1dfe24200","isMergeCommit":true,"messageTitle":"Merge pull request #29 from niyniy123/docs/update-about-us","messageBody":"Add Yin\u0027s details in AboutUs","fileTypesAndContributionMap":{}},{"hash":"9dbba7677b2fafe8e96468366ba4ccfcc00b8de9","isMergeCommit":true,"messageTitle":"Merge branch \u0027master\u0027 into docs/aboutme-limhur","messageBody":"","fileTypesAndContributionMap":{}},{"hash":"375687b96749ea50d76a4cd85140c7752af93e58","isMergeCommit":true,"messageTitle":"Merge pull request #27 from lhurr/docs/aboutme-limhur","messageBody":"Add Lim Hur about us details","fileTypesAndContributionMap":{}},{"hash":"22f626fc11470c4ba7b800bc4a2a95cea93a9522","isMergeCommit":true,"messageTitle":"Merge pull request #39 from hwennnn/docs/update-site-content","messageBody":"Update page content to match casetrack project","fileTypesAndContributionMap":{}},{"hash":"29de839d757bfe6df6d23db5158c4901fcfbc0ed","isMergeCommit":true,"messageTitle":"Merge pull request #40 from lhurr/docs/site-link","messageBody":"Switch repository link","fileTypesAndContributionMap":{}},{"hash":"1d921d407b54486211f81b4980195bd313c37fd3","isMergeCommit":true,"messageTitle":"Merge pull request #42 from niyniy123/docs/update-user-profile-value-prop","messageBody":"Add user profile and value proposition to DG","fileTypesAndContributionMap":{}},{"hash":"42b2541ced9569740211159944f0e36baac19d5d","isMergeCommit":true,"messageTitle":"Merge pull request #38 from AppDevIn/docs/user-stories","messageBody":"Add user stories","fileTypesAndContributionMap":{}},{"hash":"87577324f31b35122ecf2d7dda56b9983ab2a9b1","isMergeCommit":false,"messageTitle":"Update CI badge on index page","messageBody":"","fileTypesAndContributionMap":{"docs":{"insertions":1,"deletions":1}}},{"hash":"33f5838548d0901577b5accccd0c870d256cba16","isMergeCommit":true,"messageTitle":"Merge pull request #46 from orbitalsqwib/update-index-ci-badge","messageBody":"Update CI badge on index page","fileTypesAndContributionMap":{}}]},{"date":"2025-09-28T00:00:00","commitResults":[{"hash":"73af336087abf484bbd94b436d8f0653ab7758e1","isMergeCommit":false,"messageTitle":"Fix se-education.org hyperlink, phrasing","messageBody":"","fileTypesAndContributionMap":{"docs":{"insertions":1,"deletions":1}}},{"hash":"a7e4d0cd93d807710b20e671ddfe6793e40aa0df","isMergeCommit":false,"messageTitle":"Update relative links to fixed addresses","messageBody":"","fileTypesAndContributionMap":{"docs":{"insertions":2,"deletions":2}}}]},{"date":"2025-10-02T00:00:00","commitResults":[{"hash":"f0e8d3ae93ab84f78107521847f7556efabd4fc8","isMergeCommit":true,"messageTitle":"Merge pull request #44 from lhurr/docs/add-usecases","messageBody":"Add \"delete patient\" use cases into developer guide","fileTypesAndContributionMap":{}},{"hash":"49e75fc3333df1ffb79982e9b51fdaf120708b0a","isMergeCommit":false,"messageTitle":"Document View All Patients use case","messageBody":"","fileTypesAndContributionMap":{"docs":{"insertions":10,"deletions":0}}},{"hash":"da8482cfd0efc8ea1c448dcf510377a38ab16afb","isMergeCommit":false,"messageTitle":"Document Remove Quick Note use case","messageBody":"","fileTypesAndContributionMap":{"docs":{"insertions":54,"deletions":0}}},{"hash":"7abafdf8d38de9bef0bcc24f222a4ece7b9ec818","isMergeCommit":false,"messageTitle":"Cleanup formatting","messageBody":"","fileTypesAndContributionMap":{"docs":{"insertions":23,"deletions":24}}}]},{"date":"2025-10-05T00:00:00","commitResults":[{"hash":"ce09ee4a90b0cb42fd504b70ef1a7f482a4d9244","isMergeCommit":false,"messageTitle":"Rename seedu.address packages to casetrack.app","messageBody":"","fileTypesAndContributionMap":{"other":{"insertions":777,"deletions":777},"docs":{"insertions":5,"deletions":5},"test-code":{"insertions":2,"deletions":2}}},{"hash":"a2549eb8d04ae5031ec1223efc83bd31cdc899a6","isMergeCommit":false,"messageTitle":"Fix import order","messageBody":"","fileTypesAndContributionMap":{"test-code":{"insertions":1,"deletions":1}}},{"hash":"2f3afba52f9a45048ed4660f53a3ec96a40a8e8c","isMergeCommit":true,"messageTitle":"Merge pull request #68 from orbitalsqwib/update-package-name","messageBody":"Rename seedu.address packages to casetrack.app","fileTypesAndContributionMap":{}}]},{"date":"2025-10-09T00:00:00","commitResults":[{"hash":"604a90c6118c9e67fd7abecc6572e8eb2b06430f","isMergeCommit":false,"messageTitle":"Ui: Shift person list to top of interface","messageBody":"","fileTypesAndContributionMap":{"functional-code":{"insertions":10,"deletions":13}}},{"hash":"f653038f4cc1cb2b56aee5721ecc9af647b9cab3","isMergeCommit":false,"messageTitle":"Restore SplitPane import","messageBody":"","fileTypesAndContributionMap":{"functional-code":{"insertions":1,"deletions":0}}}]},{"date":"2025-10-16T00:00:00","commitResults":[{"hash":"619875b15e3da5d0a4e50264b475e5e23f263568","isMergeCommit":false,"messageTitle":"Add detail panel ui","messageBody":"","fileTypesAndContributionMap":{"functional-code":{"insertions":258,"deletions":37}}},{"hash":"1b26c492659294da570f86487497a89cbb4af0d8","isMergeCommit":false,"messageTitle":"Add view patient detail command","messageBody":"","fileTypesAndContributionMap":{"functional-code":{"insertions":155,"deletions":20},"test-code":{"insertions":7,"deletions":7}}},{"hash":"740fd9e5b179d0315780686c09c6cdcb4915bfb7","isMergeCommit":false,"messageTitle":"Update detail view on patient edit commands","messageBody":"","fileTypesAndContributionMap":{"functional-code":{"insertions":4,"deletions":3}}},{"hash":"266678117b8796affe45aa00c15fa7f8ef52170b","isMergeCommit":false,"messageTitle":"Fix patient-editing command tests","messageBody":"","fileTypesAndContributionMap":{"functional-code":{"insertions":3,"deletions":1},"test-code":{"insertions":18,"deletions":10}}},{"hash":"ace854e25dfb549680777ef1200c1ce4cd5433e8","isMergeCommit":false,"messageTitle":"Fix package imports","messageBody":"","fileTypesAndContributionMap":{"functional-code":{"insertions":7,"deletions":3}}},{"hash":"14e2f6bbc59b187867fbcf37b9445d947c99826b","isMergeCommit":false,"messageTitle":"Add tests","messageBody":"","fileTypesAndContributionMap":{"functional-code":{"insertions":1,"deletions":1},"test-code":{"insertions":193,"deletions":0}}},{"hash":"189e3f8db73572fb8d8c40fccba3f68c1e18b567","isMergeCommit":false,"messageTitle":"Fix comments","messageBody":"","fileTypesAndContributionMap":{"functional-code":{"insertions":13,"deletions":11},"test-code":{"insertions":0,"deletions":7}}},{"hash":"58dcceb6689513809cf916f148dd188571869c57","isMergeCommit":false,"messageTitle":"Fix unused import","messageBody":"","fileTypesAndContributionMap":{"test-code":{"insertions":0,"deletions":1}}},{"hash":"d2093489b8f659310e9b22a1aafbf662f1f7dd68","isMergeCommit":false,"messageTitle":"Add extra coverage for PersonAttribute","messageBody":"","fileTypesAndContributionMap":{"test-code":{"insertions":8,"deletions":0}}}]},{"date":"2025-10-21T00:00:00","commitResults":[{"hash":"76cf9a7b0d8ab3495dd016b611cf96fa05962e35","isMergeCommit":false,"messageTitle":"Add support for slashes in name","messageBody":"","fileTypesAndContributionMap":{"functional-code":{"insertions":1,"deletions":1},"test-code":{"insertions":1,"deletions":0}}},{"hash":"b280fe9afbf1bcbcf34dd7ff2b0520ba972241b3","isMergeCommit":false,"messageTitle":"Add support for country codes","messageBody":"","fileTypesAndContributionMap":{"functional-code":{"insertions":3,"deletions":2},"test-code":{"insertions":5,"deletions":2}}},{"hash":"28038f5a36c724ecf9fca0d7c339c51f119d07d0","isMergeCommit":false,"messageTitle":"Test full indian name support","messageBody":"","fileTypesAndContributionMap":{"test-code":{"insertions":1,"deletions":1}}},{"hash":"3bbb810fcd64290a6fd73162819589745de3238b","isMergeCommit":false,"messageTitle":"Update message constraints for name","messageBody":"","fileTypesAndContributionMap":{"functional-code":{"insertions":2,"deletions":1}}}]},{"date":"2025-10-22T00:00:00","commitResults":[{"hash":"b18d1728703bf967b10009b7cc8ea5426b10700e","isMergeCommit":true,"messageTitle":"Merge pull request #132 from orbitalsqwib/allow-country-codes","messageBody":"Add support for country codes","fileTypesAndContributionMap":{}},{"hash":"0641bff6f1c43cb95a0a9ed618047a75238214f2","isMergeCommit":false,"messageTitle":"Restrict slashes to use in indian names","messageBody":"","fileTypesAndContributionMap":{"functional-code":{"insertions":2,"deletions":2},"test-code":{"insertions":2,"deletions":1}}},{"hash":"42e465f224cc35f5cc1198d7c57e8f0de513ba70","isMergeCommit":false,"messageTitle":"Add test for continuous s/o","messageBody":"","fileTypesAndContributionMap":{"test-code":{"insertions":1,"deletions":0}}}]},{"date":"2025-10-23T00:00:00","commitResults":[{"hash":"cad331723d4a6bfdccff652eccb1fc3687d2f637","isMergeCommit":true,"messageTitle":"Merge pull request #130 from orbitalsqwib/support-slashes-in-name","messageBody":"Support indian names","fileTypesAndContributionMap":{}},{"hash":"2474103b80ba93e0b439a654390abe7e9402d8cb","isMergeCommit":true,"messageTitle":"Merge pull request #126 from lhurr/fix/delete-detail-panel","messageBody":"Remove patient information from detail panel UI after deletion","fileTypesAndContributionMap":{}},{"hash":"9d9a147cbe230c8a4ff89936defce1daf7c0cfb6","isMergeCommit":true,"messageTitle":"Merge pull request #122 from niyniy123/feature/display-income","messageBody":"Display income in UI","fileTypesAndContributionMap":{}},{"hash":"0c7d07ee8a3f579cd9948382c11e99158467ff47","isMergeCommit":false,"messageTitle":"Model Detail Panel in PlantUml","messageBody":"","fileTypesAndContributionMap":{"docs":{"insertions":5,"deletions":0}}},{"hash":"065e7b35f5e7fecb59e6a38f64eb007d0a0a45ac","isMergeCommit":true,"messageTitle":"Merge pull request #153 from orbitalsqwib/detail-panel-puml","messageBody":"Model Detail Panel in PlantUml","fileTypesAndContributionMap":{}}]},{"date":"2025-10-28T00:00:00","commitResults":[{"hash":"2248b1f0ee12ad900b219becb1c722f2550856d7","isMergeCommit":false,"messageTitle":"Support horizontal scroll on detail list cells","messageBody":"","fileTypesAndContributionMap":{"functional-code":{"insertions":1,"deletions":1}}},{"hash":"0dbe2ded086563619142a31b8bb21d803ce0ede7","isMergeCommit":false,"messageTitle":"Fix minimum pane width","messageBody":"","fileTypesAndContributionMap":{"functional-code":{"insertions":4,"deletions":4}}},{"hash":"fce078027bc59c1eb68e98d8e483318969315f4e","isMergeCommit":false,"messageTitle":"Add patient name to detail pane for untruncated value","messageBody":"","fileTypesAndContributionMap":{"functional-code":{"insertions":1,"deletions":0}}},{"hash":"41b2de9060154005e0c5a83c6b3abef07fdb837f","isMergeCommit":true,"messageTitle":"Merge pull request #211 from hwennnn/refactor/modularize-edit","messageBody":"","fileTypesAndContributionMap":{}}]},{"date":"2025-10-29T00:00:00","commitResults":[{"hash":"d1e501d14c24a047aeb2803f4943d0f13acf9565","isMergeCommit":true,"messageTitle":"Merge pull request #223 from niyniy123/fix/missing-whitespace-medicalinfo-detailpanel","messageBody":"Add whitespace in label for medical info in detail panel","fileTypesAndContributionMap":{}},{"hash":"7f4875474f64e8b211a01206f8808afa5d1ad2fa","isMergeCommit":true,"messageTitle":"Merge pull request #203 from AppDevIn/change-jar-name","messageBody":"Change jar file name","fileTypesAndContributionMap":{}},{"hash":"cc900477904b072b2e5f21904acdafef4a29530c","isMergeCommit":true,"messageTitle":"Merge pull request #226 from niyniy123/docs/update-income-userguide","messageBody":"Update income constraints in UserGuide","fileTypesAndContributionMap":{}},{"hash":"790d62fe8784a855455471da0a6061b3782ed694","isMergeCommit":false,"messageTitle":"Rename default storage file","messageBody":"","fileTypesAndContributionMap":{"functional-code":{"insertions":3,"deletions":3},"test-code":{"insertions":2,"deletions":2}}},{"hash":"0ce08e3cf558ed293ca7f125f4e4e369bc5c30d7","isMergeCommit":false,"messageTitle":"Remove AddressBook mentions from UG","messageBody":"","fileTypesAndContributionMap":{"docs":{"insertions":9,"deletions":12}}},{"hash":"c233f45497c9b57a494142c6d3527c5457161525","isMergeCommit":true,"messageTitle":"Merge pull request #229 from orbitalsqwib/rename-default-storage-file","messageBody":"Rename default storage file","fileTypesAndContributionMap":{}},{"hash":"5002e7793d66a0df2b1fa008df4bada8d8ffe548","isMergeCommit":true,"messageTitle":"Merge pull request #232 from AppDevIn/doc/incorrect-constraiant","messageBody":"Update parameter constraiant on name","fileTypesAndContributionMap":{}},{"hash":"3b3bb9499126c4d9539562d42655835f8a73a5af","isMergeCommit":true,"messageTitle":"Merge pull request #235 from lhurr/docs/ug-rename-format","messageBody":"Rename traces of contact and improve UG format","fileTypesAndContributionMap":{}}]}],"niyniy123":[{"date":"2025-09-27T00:00:00","commitResults":[{"hash":"a674ead1ea31daecaab01d3ca9148f3a0706bf1b","isMergeCommit":false,"messageTitle":"Add Yin\u0027s details in AboutUs.md","messageBody":"","fileTypesAndContributionMap":{"docs":{"insertions":5,"deletions":5}}},{"hash":"12021feadf350d9040b1904184355ac8323f77f0","isMergeCommit":false,"messageTitle":"Add Yin\u0027s details in AboutUs.md","messageBody":"","fileTypesAndContributionMap":{"docs":{"insertions":1,"deletions":1}}},{"hash":"cd68640ae99ac5f23612b757bb32e97316a55a68","isMergeCommit":false,"messageTitle":"Add user profile and value proposition to DG","messageBody":"","fileTypesAndContributionMap":{"docs":{"insertions":3,"deletions":1}}}]},{"date":"2025-10-02T00:00:00","commitResults":[{"hash":"501009bad3195ce68f6a30a02569bf18b4003a27","isMergeCommit":false,"messageTitle":"Add \u0027Add a patient\u0027 use case into developer guide","messageBody":"","fileTypesAndContributionMap":{"docs":{"insertions":61,"deletions":0}}}]},{"date":"2025-10-09T00:00:00","commitResults":[{"hash":"909283dcc50276eae3e412a46261b22149906e16","isMergeCommit":false,"messageTitle":"Add definitions for income and medical info prefixes","messageBody":"","fileTypesAndContributionMap":{"functional-code":{"insertions":2,"deletions":0}}},{"hash":"80e6c774f39148234ea0f9b7ed55fd3ca72fa9bd","isMergeCommit":false,"messageTitle":"Add income class to support noting of patient income info","messageBody":"","fileTypesAndContributionMap":{"functional-code":{"insertions":61,"deletions":0}}},{"hash":"211ab7510198ceede05fcabc3be96512ad0c89e0","isMergeCommit":false,"messageTitle":"Add tests for Income class to increase codecov","messageBody":"","fileTypesAndContributionMap":{"functional-code":{"insertions":3,"deletions":0},"test-code":{"insertions":62,"deletions":0}}},{"hash":"b54f9e464f08b5b7ea21a640e2ba47f3cad72e7a","isMergeCommit":false,"messageTitle":"Add MedicalInfo class and tests","messageBody":"","fileTypesAndContributionMap":{"functional-code":{"insertions":62,"deletions":0},"test-code":{"insertions":57,"deletions":0}}},{"hash":"dfacb29787540c077ebc7f4ae42300e49c684752","isMergeCommit":true,"messageTitle":"Merge branch \u0027AY2526S1-CS2103-F12-3:master\u0027 into feature/add-medinfo-class-tests","messageBody":"","fileTypesAndContributionMap":{}}]},{"date":"2025-10-10T00:00:00","commitResults":[{"hash":"af61c9aa8547db3f64b1446d081e122771c216e6","isMergeCommit":false,"messageTitle":"Add tests for toString and hashCode in MedicalInfoTest.java","messageBody":"","fileTypesAndContributionMap":{"test-code":{"insertions":23,"deletions":0}}},{"hash":"c119db6943f6d7649ee1c5aa40e874c367fb366c","isMergeCommit":false,"messageTitle":"Add tests for toString() and hashCode() in IncomeTest.java","messageBody":"","fileTypesAndContributionMap":{"test-code":{"insertions":23,"deletions":0}}},{"hash":"7e6eab9aa88f40b91f1104a71cc25debe5a8a991","isMergeCommit":false,"messageTitle":"Reorder imports in MedicalInfoTest.java","messageBody":"","fileTypesAndContributionMap":{"test-code":{"insertions":2,"deletions":2}}},{"hash":"32436930d71f24744a94dbb26d81790c73cfa35b","isMergeCommit":true,"messageTitle":"Merge branch \u0027master\u0027 into feature/add-income-class","messageBody":"","fileTypesAndContributionMap":{}}]},{"date":"2025-10-11T00:00:00","commitResults":[{"hash":"c15541d38b75d59eeb5384dd5a27c7300ae0e238","isMergeCommit":false,"messageTitle":"Change income value to be stored as BigDecimal","messageBody":"","fileTypesAndContributionMap":{"functional-code":{"insertions":31,"deletions":17}}},{"hash":"e2ac7c3aa4fd5d4ac76e0eaca0316b4519cd7b31","isMergeCommit":false,"messageTitle":"Add tests for leading zeroes in IncomeTest.java","messageBody":"","fileTypesAndContributionMap":{"test-code":{"insertions":39,"deletions":9}}},{"hash":"a6df04bbd45cc9ef3cbb8a79d35aa9427830bcfb","isMergeCommit":false,"messageTitle":"Add tests for Income.getValue()","messageBody":"","fileTypesAndContributionMap":{"test-code":{"insertions":20,"deletions":0}}},{"hash":"4b3d23b4cdeb5554742fb70d73bb040667edac22","isMergeCommit":false,"messageTitle":"Fix BigDecimal import codestyle violation","messageBody":"","fileTypesAndContributionMap":{"test-code":{"insertions":2,"deletions":1}}}]},{"date":"2025-10-12T00:00:00","commitResults":[{"hash":"ed03a600e846b309b9c7d9f157a9977d245ce0a4","isMergeCommit":true,"messageTitle":"Merge pull request #76 from niyniy123/feature/add-income-class","messageBody":"Add income class to support noting of patient income info","fileTypesAndContributionMap":{}},{"hash":"42c13b00dbb7352c00f753378ad09dfbdf1246fe","isMergeCommit":true,"messageTitle":"Merge pull request #81 from niyniy123/feature/add-medinfo-class-tests","messageBody":"Add MedicalInfo class and tests","fileTypesAndContributionMap":{}}]},{"date":"2025-10-15T00:00:00","commitResults":[{"hash":"3e8bb894041f35778ca4665261b23243eec50c8f","isMergeCommit":false,"messageTitle":"Add support for income field","messageBody":"","fileTypesAndContributionMap":{"functional-code":{"insertions":67,"deletions":20},"test-code":{"insertions":113,"deletions":42}}},{"hash":"1b29dd01235c2273c4c389de88438fe7bbfd4c0b","isMergeCommit":false,"messageTitle":"Fix codestyle violations","messageBody":"","fileTypesAndContributionMap":{"test-code":{"insertions":41,"deletions":23}}},{"hash":"80552863ef496270730058e88137047c69fa0f74","isMergeCommit":true,"messageTitle":"Merge branch \u0027master\u0027 of github.com:AY2526S1-CS2103-F12-3/tp into feature/support-income-field","messageBody":"","fileTypesAndContributionMap":{}},{"hash":"7d929fbe656f5c45ae7b7585543d3e018bc31bc6","isMergeCommit":false,"messageTitle":"Add income to JsonAdaptedPerson constructor","messageBody":"","fileTypesAndContributionMap":{"test-code":{"insertions":1,"deletions":1}}},{"hash":"823ca7e5e8d5a06f6571f337dbf7887ed19b7322","isMergeCommit":false,"messageTitle":"Improve code cov","messageBody":"","fileTypesAndContributionMap":{"test-code":{"insertions":5,"deletions":0}}}]},{"date":"2025-10-16T00:00:00","commitResults":[{"hash":"5026685ef9dad2a9ce1d8b9847561694ec62dfa0","isMergeCommit":false,"messageTitle":"Trigger CI","messageBody":"","fileTypesAndContributionMap":{"functional-code":{"insertions":1,"deletions":1}}},{"hash":"47bf8933ce91964194e0bdc3d76cf6b9de68b29e","isMergeCommit":true,"messageTitle":"Merge pull request #107 from niyniy123/feature/support-income-field","messageBody":"Add support for income field","fileTypesAndContributionMap":{}}]},{"date":"2025-10-19T00:00:00","commitResults":[{"hash":"f23e875b83de0a2f4e1aa2ffde4da7da0229ccd9","isMergeCommit":false,"messageTitle":"Display income in UI","messageBody":"","fileTypesAndContributionMap":{"functional-code":{"insertions":10,"deletions":0}}},{"hash":"dd0a5c0a6b5fc6480170b5799123243a1c665eda","isMergeCommit":false,"messageTitle":"Add support for medicalInfo field","messageBody":"","fileTypesAndContributionMap":{"functional-code":{"insertions":66,"deletions":18},"test-code":{"insertions":34,"deletions":20}}},{"hash":"e249493c18a97e80917f040cf1e6ac1bb0513ff9","isMergeCommit":false,"messageTitle":"Add tests for adding of patients with income and medicalinfo field","messageBody":"","fileTypesAndContributionMap":{"functional-code":{"insertions":6,"deletions":7},"test-code":{"insertions":104,"deletions":1}}},{"hash":"566a06851c895794f5dbb85e5808b385b3ae5d71","isMergeCommit":false,"messageTitle":"Add credits for reuse of currency formatting code","messageBody":"","fileTypesAndContributionMap":{"functional-code":{"insertions":4,"deletions":0}}},{"hash":"c2b53e157ffc8dafb0006473204bbb4102f2a6ff","isMergeCommit":false,"messageTitle":"Update usage for add command to include optional medical info","messageBody":"","fileTypesAndContributionMap":{"functional-code":{"insertions":3,"deletions":0}}},{"hash":"0da5ed6b8f299769e779f5ff716811c4fa35f20b","isMergeCommit":false,"messageTitle":"Improve code coverage","messageBody":"","fileTypesAndContributionMap":{"test-code":{"insertions":25,"deletions":0}}},{"hash":"f864e668d9009db90ab8a03560bc53be29239d07","isMergeCommit":false,"messageTitle":"Fix import order","messageBody":"","fileTypesAndContributionMap":{"test-code":{"insertions":1,"deletions":1}}},{"hash":"cfeb0dbe25b771f35dde98b9e840b7cdf29e348b","isMergeCommit":false,"messageTitle":"Improve code coverage for Person.java","messageBody":"","fileTypesAndContributionMap":{"test-code":{"insertions":8,"deletions":0}}}]},{"date":"2025-10-20T00:00:00","commitResults":[{"hash":"704bd4ac2d19e56ecf021253b1cda028fa03f743","isMergeCommit":false,"messageTitle":"Refactor Income.toString() with formatIncome from DetailListPanel.java","messageBody":"","fileTypesAndContributionMap":{"functional-code":{"insertions":12,"deletions":18},"test-code":{"insertions":10,"deletions":10}}}]},{"date":"2025-10-21T00:00:00","commitResults":[{"hash":"4b1225d2887d736558030a176f93c81bfec11f3a","isMergeCommit":true,"messageTitle":"Merge pull request #124 from niyniy123/feature/support-medicalinfo-field","messageBody":"Feature/support medicalinfo field","fileTypesAndContributionMap":{}},{"hash":"7218e86304512b4ea2fa7760dbc5b376ebf08662","isMergeCommit":true,"messageTitle":"Merge branch \u0027master\u0027 into feature/display-income","messageBody":"","fileTypesAndContributionMap":{}},{"hash":"1ff4212491299490fd86ee4669aacf99efe0e12d","isMergeCommit":false,"messageTitle":"Add whitespace between currency symbol(SGD) and income value","messageBody":"","fileTypesAndContributionMap":{"functional-code":{"insertions":13,"deletions":9},"test-code":{"insertions":6,"deletions":6}}},{"hash":"9cd9d966b2d8646f1a44888c18048dbc7900f382","isMergeCommit":false,"messageTitle":"Add method to return plain string in Income class","messageBody":"","fileTypesAndContributionMap":{"functional-code":{"insertions":5,"deletions":1},"test-code":{"insertions":2,"deletions":2}}}]},{"date":"2025-10-22T00:00:00","commitResults":[{"hash":"9a8bd20cfa90a7f2c9ff3cb703f4b6d2cea0b7ce","isMergeCommit":false,"messageTitle":"Add javadoc for toString and toPlainString in Income.java","messageBody":"","fileTypesAndContributionMap":{"functional-code":{"insertions":13,"deletions":3}}},{"hash":"185e2c8cef881f65c9fd8f057c78023ba62e43c0","isMergeCommit":false,"messageTitle":"Add tests to confirm min/max decimals shown","messageBody":"","fileTypesAndContributionMap":{"test-code":{"insertions":12,"deletions":0}}},{"hash":"17f38bcd6ea79133345b04fe88c6850f4575d245","isMergeCommit":false,"messageTitle":"Update add command usage and examples in UserGuide.md","messageBody":"","fileTypesAndContributionMap":{"docs":{"insertions":5,"deletions":5}}},{"hash":"781cdcf8567aa6d60e03c4376168f03386e527d5","isMergeCommit":false,"messageTitle":"Update javadoc with @return to improve clarity","messageBody":"","fileTypesAndContributionMap":{"functional-code":{"insertions":2,"deletions":0}}},{"hash":"a35b63f87d90a0a54e1d848e5d58011a8f427828","isMergeCommit":true,"messageTitle":"Merge pull request #138 from niyniy123/docs/update-add-command","messageBody":"Update add command usage and examples in UserGuide.md","fileTypesAndContributionMap":{}}]},{"date":"2025-10-23T00:00:00","commitResults":[{"hash":"345ba7e8449fe311aa39d42c26c473b7db146584","isMergeCommit":false,"messageTitle":"Add income and medical info to Model class diagrams","messageBody":"","fileTypesAndContributionMap":{"docs":{"insertions":6,"deletions":0}}},{"hash":"2a96b1883fff3832717266fdcea96d83ce48e579","isMergeCommit":false,"messageTitle":"Add sequence diagram for adding of patients","messageBody":"","fileTypesAndContributionMap":{"docs":{"insertions":72,"deletions":0}}},{"hash":"9eac06620724e3fd42bd6e61f8c0a6d902fc0bee","isMergeCommit":false,"messageTitle":"Add newline at EOF","messageBody":"","fileTypesAndContributionMap":{"docs":{"insertions":1,"deletions":1}}},{"hash":"b6063916324c3bcf76dede9f7bd70f0d4bda24b5","isMergeCommit":true,"messageTitle":"Merge pull request #160 from niyniy123/docs/update-add-command-uml","messageBody":"Docs/update add command uml","fileTypesAndContributionMap":{}}]},{"date":"2025-10-27T00:00:00","commitResults":[{"hash":"924003f066aa396879388c7ae023a03e1cae696e","isMergeCommit":false,"messageTitle":"Support editing of income","messageBody":"","fileTypesAndContributionMap":{"functional-code":{"insertions":28,"deletions":5},"test-code":{"insertions":59,"deletions":3}}},{"hash":"a681926af6c925b8f6ff589400e2813d42938392","isMergeCommit":false,"messageTitle":"Support editing of income","messageBody":"","fileTypesAndContributionMap":{"test-code":{"insertions":0,"deletions":3}}},{"hash":"fdb41e7f8f6ab47427b7a8d1a75e70c5b5b6bbbe","isMergeCommit":false,"messageTitle":"Support editing of medical info","messageBody":"","fileTypesAndContributionMap":{"functional-code":{"insertions":27,"deletions":4},"test-code":{"insertions":63,"deletions":1}}},{"hash":"59e3d32a402437e1905e6bb7ed6e72cc4a1d5ee5","isMergeCommit":false,"messageTitle":"Update use case for edit patient income in DeveloperGuide","messageBody":"","fileTypesAndContributionMap":{"docs":{"insertions":56,"deletions":0}}},{"hash":"099b1dbc97dc635ee087b4b274471c5a2de337c1","isMergeCommit":false,"messageTitle":"Update command usage for editing of patient income in UserGuide","messageBody":"","fileTypesAndContributionMap":{"docs":{"insertions":3,"deletions":2}}},{"hash":"eec7cca17538762641355c3fd11f6ece8929a2eb","isMergeCommit":true,"messageTitle":"Merge pull request #187 from niyniy123/feature/support-edit-income","messageBody":"Support editing of income","fileTypesAndContributionMap":{}},{"hash":"d920052a43afa9e14c5ee97c824e82e5780e21d7","isMergeCommit":true,"messageTitle":"Merge branch \u0027master\u0027 into feature/support-edit-medicalinfo","messageBody":"","fileTypesAndContributionMap":{}},{"hash":"228af85597c93007afcdaff74d100b4ed678890d","isMergeCommit":false,"messageTitle":"Refactor tests for editing of medical info","messageBody":"","fileTypesAndContributionMap":{"test-code":{"insertions":5,"deletions":17}}},{"hash":"63da07f814f645d6e5a39633036e9129e733261b","isMergeCommit":false,"messageTitle":"Update command usage for editing of patient medical info in UserGuide","messageBody":"","fileTypesAndContributionMap":{"docs":{"insertions":3,"deletions":2}}},{"hash":"c78640d380c34bf5752298e300f1c85894862ed2","isMergeCommit":false,"messageTitle":"Update use case for edit patient medical info in DeveloperGuide","messageBody":"","fileTypesAndContributionMap":{"docs":{"insertions":56,"deletions":0}}},{"hash":"56b89ec40d99129652e64096b5a4b78e98353e1c","isMergeCommit":false,"messageTitle":"Improve code cov","messageBody":"","fileTypesAndContributionMap":{"test-code":{"insertions":22,"deletions":0}}},{"hash":"79bbfc8964f1326e6b34dbc5575f769a737cf06b","isMergeCommit":false,"messageTitle":"Refactor EditCommandParser#parseEditPersonCommand()","messageBody":"","fileTypesAndContributionMap":{"functional-code":{"insertions":20,"deletions":16}}},{"hash":"42a08ec4e91a94e117e8f188888591ddbfdf3307","isMergeCommit":false,"messageTitle":"Generalize use cases for edit medical info and edit income in DeveloperGuide","messageBody":"","fileTypesAndContributionMap":{"docs":{"insertions":24,"deletions":36}}},{"hash":"3748ffc4a7bccc80d8aee45eb6bc285d21d04e22","isMergeCommit":true,"messageTitle":"Merge pull request #193 from niyniy123/feature/support-edit-medicalinfo","messageBody":"Feature/support edit medicalinfo","fileTypesAndContributionMap":{}}]},{"date":"2025-10-29T00:00:00","commitResults":[{"hash":"f4a3459f8494eb88374341423c65ac685605a4d4","isMergeCommit":false,"messageTitle":"Update Person format to include income and medical info fields","messageBody":"","fileTypesAndContributionMap":{"functional-code":{"insertions":4,"deletions":0}}},{"hash":"c32a9fd69719ce0c239457c73dd4df2071554232","isMergeCommit":false,"messageTitle":"Modify label for medical info in detail panel","messageBody":"","fileTypesAndContributionMap":{"functional-code":{"insertions":1,"deletions":1}}},{"hash":"65a2b41b3b2614cb095b97ae1ff36256e22a0316","isMergeCommit":false,"messageTitle":"Update Person format to include notes","messageBody":"","fileTypesAndContributionMap":{"functional-code":{"insertions":2,"deletions":0}}},{"hash":"efb8223cf89d6b048896d0f743068c304235e4cb","isMergeCommit":false,"messageTitle":"Update income constraints in UserGuide","messageBody":"","fileTypesAndContributionMap":{"docs":{"insertions":2,"deletions":0}}},{"hash":"caaaf7db372547c6aa9095b4e57ce3897c774311","isMergeCommit":true,"messageTitle":"Merge pull request #222 from niyniy123/fix/missing-fields-in-add-edit-output","messageBody":"Update Person format to include income and medical info fields","fileTypesAndContributionMap":{}}]}],"lhurr":[{"date":"2025-09-25T00:00:00","commitResults":[{"hash":"835ef970192ec5bc2d9b67fc2149282511e9fca6","isMergeCommit":false,"messageTitle":"Add configs for MarkBind","messageBody":"","fileTypesAndContributionMap":{"docs":{"insertions":1,"deletions":1}}}]},{"date":"2025-09-27T00:00:00","commitResults":[{"hash":"18320f04b17c3428b28113c167664abbcc44d68b","isMergeCommit":false,"messageTitle":"Add Lim Hur about us details","messageBody":"","fileTypesAndContributionMap":{"docs":{"insertions":4,"deletions":4}}},{"hash":"7e66a868fe8628601c185c42cee88673a44d1a76","isMergeCommit":false,"messageTitle":"Switch repository link","messageBody":"","fileTypesAndContributionMap":{"docs":{"insertions":1,"deletions":1}}},{"hash":"d782942b9248740fcbe8806d652df6bdcb74fbe3","isMergeCommit":false,"messageTitle":"Add initial basic use cases","messageBody":"","fileTypesAndContributionMap":{"docs":{"insertions":8,"deletions":8}}},{"hash":"b3212fddd335fc07f82cc48a57ab9d25ecbdb0c7","isMergeCommit":true,"messageTitle":"Merge pull request #47 from hwennnn/docs/update-nfr","messageBody":"Update non-functional requirements","fileTypesAndContributionMap":{}}]},{"date":"2025-09-28T00:00:00","commitResults":[{"hash":"7af999d31f63f7d8f0d32c9054b0148da9ac8f43","isMergeCommit":true,"messageTitle":"Merge pull request #54 from orbitalsqwib/fix-readme","messageBody":"Fix se-education.org hyperlink, slight phrasing improvements","fileTypesAndContributionMap":{}}]},{"date":"2025-10-01T00:00:00","commitResults":[{"hash":"ad55b78746955934ab3fcb3260ea6a80dbf11aaa","isMergeCommit":false,"messageTitle":"Update use cases with templates","messageBody":"","fileTypesAndContributionMap":{"docs":{"insertions":24,"deletions":4}}}]},{"date":"2025-10-02T00:00:00","commitResults":[{"hash":"0f2e83fec963587ab003550c1f277d5ff740c516","isMergeCommit":false,"messageTitle":"Update use cases with cancel action","messageBody":"","fileTypesAndContributionMap":{"docs":{"insertions":4,"deletions":0}}},{"hash":"9991cd7a601b180a2cb2e766b63e50bf194846ec","isMergeCommit":false,"messageTitle":"Update delete patient use case format","messageBody":"","fileTypesAndContributionMap":{"docs":{"insertions":3,"deletions":11}}},{"hash":"8bd7923fd87add538a812ddb334c6a7a67abcebc","isMergeCommit":true,"messageTitle":"Update delete use case format","messageBody":"","fileTypesAndContributionMap":{}},{"hash":"ce0179928e86b55f24c375b0c5ab771c625d0bf6","isMergeCommit":false,"messageTitle":"Update CaseTrack to system","messageBody":"","fileTypesAndContributionMap":{"docs":{"insertions":6,"deletions":6}}},{"hash":"19690065cec1b8c8998011718ea45661008e70bb","isMergeCommit":false,"messageTitle":"Update user for delete patient","messageBody":"","fileTypesAndContributionMap":{"docs":{"insertions":1,"deletions":1}}},{"hash":"2745c6e48a3198145bb463b9a2ec8a600aac9e7d","isMergeCommit":true,"messageTitle":"Merge pull request #61 from orbitalsqwib/update-dg-usecase","messageBody":"Update and format Developer Guide use cases","fileTypesAndContributionMap":{}}]},{"date":"2025-10-09T00:00:00","commitResults":[{"hash":"21b453ad83fdcfe91260d5109df2bbc16d88e1f2","isMergeCommit":false,"messageTitle":"Refactor delete patient to allow logic for delete note","messageBody":"","fileTypesAndContributionMap":{"functional-code":{"insertions":19,"deletions":6},"other":{"insertions":28,"deletions":28}}},{"hash":"0a2e65e62c79d78fdf1940587057a33fe872dc64","isMergeCommit":false,"messageTitle":"Modify test class names for delete command","messageBody":"","fileTypesAndContributionMap":{"functional-code":{"insertions":2,"deletions":2},"test-code":{"insertions":12,"deletions":11}}},{"hash":"149db5008730ce063d1404604e666d58dc711842","isMergeCommit":false,"messageTitle":"Modify delete command parse logic","messageBody":"","fileTypesAndContributionMap":{"functional-code":{"insertions":29,"deletions":18},"test-code":{"insertions":2,"deletions":2}}},{"hash":"45ae8c512bf2eb1f7d2c9fda0d4f73f0b1e7f1ba","isMergeCommit":false,"messageTitle":"Modify parseIndex structure for delete command","messageBody":"","fileTypesAndContributionMap":{"functional-code":{"insertions":12,"deletions":14}}},{"hash":"5057f3d4954b70dcc4cb4abed41a7c5ac69eca03","isMergeCommit":false,"messageTitle":"Modify parseIndex structure","messageBody":"","fileTypesAndContributionMap":{"functional-code":{"insertions":3,"deletions":6}}},{"hash":"0ce29c8e125ea0d28b2240364025fd3b41ff32dc","isMergeCommit":false,"messageTitle":"Remove redundant try in delete patient parser","messageBody":"","fileTypesAndContributionMap":{"functional-code":{"insertions":1,"deletions":5}}},{"hash":"70e54f2efa891e63fde0f191e1364f301637c39c","isMergeCommit":false,"messageTitle":"Support patient delete","messageBody":"","fileTypesAndContributionMap":{"functional-code":{"insertions":0,"deletions":3}}},{"hash":"36e75d6ad5b5edfca55d8018380aad7328ff2625","isMergeCommit":false,"messageTitle":"Set patient string in util","messageBody":"","fileTypesAndContributionMap":{"functional-code":{"insertions":3,"deletions":2}}},{"hash":"a62990fc2d3881db384a7d9ec7315026d30cfa4d","isMergeCommit":true,"messageTitle":"Merge pull request #79 from niyniy123/feature/support-income-medical-prefix","messageBody":"Add definitions for income and medical info prefixes","fileTypesAndContributionMap":{}},{"hash":"91264c8e6ae31dca16f7c4bd5ee1de3cda124773","isMergeCommit":true,"messageTitle":"Merge pull request #74 from lhurr/refactor/delete-patient","messageBody":"Refactor delete command to support delete patient logic","fileTypesAndContributionMap":{}}]},{"date":"2025-10-12T00:00:00","commitResults":[{"hash":"d1ef63d377784edc350d7e5b6ace02cde24741ea","isMergeCommit":false,"messageTitle":"Add logic to separate delete note and patient","messageBody":"","fileTypesAndContributionMap":{"functional-code":{"insertions":155,"deletions":44},"test-code":{"insertions":2,"deletions":2}}},{"hash":"9977af3f942e8b2b55aa9667231b5d8608710b9e","isMergeCommit":false,"messageTitle":"Fix trailing whitespace issue","messageBody":"","fileTypesAndContributionMap":{"functional-code":{"insertions":4,"deletions":5}}},{"hash":"42fa90a7fca91ffcc20d5980599ed9aab76cf4d7","isMergeCommit":false,"messageTitle":"Add code comments","messageBody":"","fileTypesAndContributionMap":{"functional-code":{"insertions":3,"deletions":4}}},{"hash":"11f7e279a0b046a7dfb696bdb0e48e88187acdfa","isMergeCommit":false,"messageTitle":"Add javadoc comment for delete note method","messageBody":"","fileTypesAndContributionMap":{"functional-code":{"insertions":10,"deletions":2}}},{"hash":"ee1fbabbc341bc5aae594b850274a37b130fa4dd","isMergeCommit":false,"messageTitle":"Add test cases for coverage for delete command variants","messageBody":"","fileTypesAndContributionMap":{"test-code":{"insertions":331,"deletions":2}}},{"hash":"a9ca92f889241fd1f1e0172c02678f17e4f33082","isMergeCommit":false,"messageTitle":"Update note tests for edge case","messageBody":"","fileTypesAndContributionMap":{"test-code":{"insertions":7,"deletions":21}}},{"hash":"e0a77bae133637011c99ae9d70e3257632959ec4","isMergeCommit":true,"messageTitle":"Merge pull request #89 from lhurr/feat/delete-note-structure","messageBody":"Implement and integrate delete note command","fileTypesAndContributionMap":{}}]},{"date":"2025-10-15T00:00:00","commitResults":[{"hash":"aeb64806cd85aecb6db1cd451619e6fe7fac4f12","isMergeCommit":false,"messageTitle":"Add delete note and patient into user guide","messageBody":"","fileTypesAndContributionMap":{"docs":{"insertions":20,"deletions":5}}},{"hash":"edbc069710328a55440ffab805c0300585f5f2e1","isMergeCommit":true,"messageTitle":"Merge pull request #99 from hwennnn/docs/update-developer-guide","messageBody":"Update developer guide to use index instead of ID for patient","fileTypesAndContributionMap":{}},{"hash":"58ae6beaef8c37145e6fa7cae5b2d08802e15119","isMergeCommit":true,"messageTitle":"Merge pull request #97 from lhurr/docs/delete-note-guide","messageBody":"Update delete note and patient in user guide","fileTypesAndContributionMap":{}}]},{"date":"2025-10-20T00:00:00","commitResults":[{"hash":"5a7c36ddd4ee3755c5f8b439fbb1be0b18f7ddb0","isMergeCommit":false,"messageTitle":"Remove deleted patient from detail panel","messageBody":"","fileTypesAndContributionMap":{"functional-code":{"insertions":115,"deletions":7},"test-code":{"insertions":11,"deletions":4}}},{"hash":"a28c137f4bb7aa4eaf21e08ae6fd059a62c94097","isMergeCommit":false,"messageTitle":"Modify to use original constructor","messageBody":"","fileTypesAndContributionMap":{"functional-code":{"insertions":1,"deletions":5}}},{"hash":"759477c6c84a1c733126119d1ea726b8125e31f6","isMergeCommit":false,"messageTitle":"Modify shouldDisplayNothing to be more appropriate","messageBody":"","fileTypesAndContributionMap":{"functional-code":{"insertions":3,"deletions":3}}},{"hash":"5525e65ae2b660667d3be95585404b2f2f78fb9e","isMergeCommit":false,"messageTitle":"Modularize delete command and logic","messageBody":"","fileTypesAndContributionMap":{"functional-code":{"insertions":36,"deletions":25}}}]},{"date":"2025-10-21T00:00:00","commitResults":[{"hash":"cf33ba37fcc9b8530230631dd13e1dfb7eae9e74","isMergeCommit":false,"messageTitle":"Improve javadoc for delete command","messageBody":"","fileTypesAndContributionMap":{"functional-code":{"insertions":2,"deletions":2}}}]},{"date":"2025-10-22T00:00:00","commitResults":[{"hash":"73ae36c3885cc8a8e88f7c45cea8a90e2c7e171e","isMergeCommit":true,"messageTitle":"Merge pull request #129 from lhurr/refactor/modularize-delete","messageBody":"Modularize delete command and logic","fileTypesAndContributionMap":{}},{"hash":"ceaf8511e7f218b4ed4a671903bee7ca8c0b10ca","isMergeCommit":false,"messageTitle":"Add test cases for command result with detail panel instruction","messageBody":"","fileTypesAndContributionMap":{"test-code":{"insertions":64,"deletions":0}}},{"hash":"6afa2e0c56bb0221ed6800693e30b65807fe9993","isMergeCommit":false,"messageTitle":"Update help link for CaseTrack","messageBody":"","fileTypesAndContributionMap":{"functional-code":{"insertions":1,"deletions":1}}},{"hash":"fbfd2406db605421ef417ad6679ff681851028c1","isMergeCommit":false,"messageTitle":"Add CommandResult test cases","messageBody":"","fileTypesAndContributionMap":{"test-code":{"insertions":64,"deletions":15}}},{"hash":"e8ae0a09c0be32b52ada2116411d53599b2d56aa","isMergeCommit":false,"messageTitle":"Update command result tests","messageBody":"","fileTypesAndContributionMap":{"test-code":{"insertions":1,"deletions":42}}}]},{"date":"2025-10-23T00:00:00","commitResults":[{"hash":"a87bff49fea03c84134879af674db0991ad85b7e","isMergeCommit":false,"messageTitle":"Add detail panel instruction unit and integration tests","messageBody":"","fileTypesAndContributionMap":{"test-code":{"insertions":184,"deletions":0}}},{"hash":"0954839058a54f3600ac1c3577b63302f0019515","isMergeCommit":false,"messageTitle":"Add basic logging for clearing detail panel","messageBody":"","fileTypesAndContributionMap":{"functional-code":{"insertions":4,"deletions":0}}},{"hash":"554ff6d4c3ec7b72532e2e0e1123a39c96a20bb9","isMergeCommit":false,"messageTitle":"Update javadoc for DetailPanelInstruction","messageBody":"","fileTypesAndContributionMap":{"functional-code":{"insertions":6,"deletions":6},"test-code":{"insertions":1,"deletions":17}}},{"hash":"719ed349764da61378b07cd3e71e7327c6ee620e","isMergeCommit":false,"messageTitle":"Fix javadoc error in constructor","messageBody":"","fileTypesAndContributionMap":{"functional-code":{"insertions":1,"deletions":1}}},{"hash":"7f6b9b7e040e4d7ca952994293c6c34fa084bdcc","isMergeCommit":false,"messageTitle":"Update delete note and patient UML","messageBody":"","fileTypesAndContributionMap":{"docs":{"insertions":155,"deletions":0}}},{"hash":"2766953e3f8ef6c4d17e3edda7734a257353493a","isMergeCommit":true,"messageTitle":"Merge pull request #157 from lhurr/docs/delete-command","messageBody":"","fileTypesAndContributionMap":{}}]},{"date":"2025-10-27T00:00:00","commitResults":[{"hash":"3aa1daa97779102cbd4692acada4bd5c7f9b350e","isMergeCommit":false,"messageTitle":"Add logging and assertions to delete note and patient","messageBody":"","fileTypesAndContributionMap":{"functional-code":{"insertions":9,"deletions":0}}},{"hash":"6803bd116f9d9006ce4dbe75e0d28d7475538177","isMergeCommit":false,"messageTitle":"Ensure detail panel clears after clear command","messageBody":"","fileTypesAndContributionMap":{"functional-code":{"insertions":1,"deletions":1},"test-code":{"insertions":6,"deletions":2}}},{"hash":"562c308d6d11d70c8eff59027fe1c4f36c22978b","isMergeCommit":false,"messageTitle":"Modify command summary to include delete patient and note","messageBody":"","fileTypesAndContributionMap":{"docs":{"insertions":2,"deletions":1}}},{"hash":"84b0d3e7b5be356a098f23e4724e199ebe698f9e","isMergeCommit":false,"messageTitle":"Modify delete command format","messageBody":"","fileTypesAndContributionMap":{"docs":{"insertions":1,"deletions":1}}},{"hash":"9541a67d01ac68d40db46cd6cf87ab0ae7987f40","isMergeCommit":true,"messageTitle":"Merge branch \u0027master\u0027 into bug/delete-command-summary-ug","messageBody":"","fileTypesAndContributionMap":{}},{"hash":"11c0d3c23b8809e88c2559340bcc0fddeee55d64","isMergeCommit":false,"messageTitle":"Revert edit in summary","messageBody":"","fileTypesAndContributionMap":{"docs":{"insertions":1,"deletions":1}}},{"hash":"ee260724ca4c7d28758cb3b5c498e9f45cc92d33","isMergeCommit":true,"messageTitle":"Merge branch \u0027bug/delete-command-summary-ug\u0027 of https://github.com/lhurr/tp into bug/delete-command-summary-ug","messageBody":"","fileTypesAndContributionMap":{}},{"hash":"74ebd77666e070d66f32d8e8d9a0b082ca0ff611","isMergeCommit":true,"messageTitle":"Merge branch \u0027master\u0027 into bug/delete-command-summary-ug","messageBody":"","fileTypesAndContributionMap":{}},{"hash":"58efac167bcd9d1baf5d05300aaa12b19e7a453a","isMergeCommit":true,"messageTitle":"Merge pull request #191 from lhurr/bug/delete-command-summary-ug","messageBody":"Modify command summary to include delete patient and note","fileTypesAndContributionMap":{}},{"hash":"02940768a12b45a3b49ad6ab17cb6c4341e59075","isMergeCommit":true,"messageTitle":"Merge pull request #190 from lhurr/bug/clear-command-clear-panel","messageBody":"Ensure detail panel clears after clear command","fileTypesAndContributionMap":{}},{"hash":"d041d39303ed0feadcfa3329ce1f3806bc3dab59","isMergeCommit":false,"messageTitle":"Modify delete to have constructor in parent class","messageBody":"","fileTypesAndContributionMap":{"functional-code":{"insertions":28,"deletions":11},"test-code":{"insertions":1,"deletions":1}}}]},{"date":"2025-10-28T00:00:00","commitResults":[{"hash":"9b90c57acb3b35ca552411c2689d761da2308cd5","isMergeCommit":false,"messageTitle":"Improve javadoc comment for delete note","messageBody":"","fileTypesAndContributionMap":{"functional-code":{"insertions":2,"deletions":5}}},{"hash":"283a30e99ea6cdc0f9c3952ba8ba3a969d0d08e9","isMergeCommit":false,"messageTitle":"Update DG for delete note and patient command","messageBody":"","fileTypesAndContributionMap":{"docs":{"insertions":69,"deletions":15}}},{"hash":"34d32b61ab2c58ee9dc3a5b7c28ddcb30f3d0931","isMergeCommit":false,"messageTitle":"Update delete feature in DG","messageBody":"","fileTypesAndContributionMap":{"docs":{"insertions":3,"deletions":3}}},{"hash":"d649af27f0e40aa1f14605a17290bb9cd446a08e","isMergeCommit":false,"messageTitle":"Add view command to UG","messageBody":"","fileTypesAndContributionMap":{"docs":{"insertions":15,"deletions":0}}},{"hash":"56a6cf32a58d88909618f8aa643acb03d56d014f","isMergeCommit":false,"messageTitle":"Clarify view command purpose in UG","messageBody":"","fileTypesAndContributionMap":{"docs":{"insertions":1,"deletions":1}}},{"hash":"45e2a13b4d246f4b1c1a9d17de5471a5cf12c297","isMergeCommit":false,"messageTitle":"Update person to patient in UG for view command","messageBody":"","fileTypesAndContributionMap":{"docs":{"insertions":6,"deletions":6}}},{"hash":"78e6ac6be64b958985afa1c1d15af9b06ce3d258","isMergeCommit":false,"messageTitle":"Revert person to patient in delete summary","messageBody":"","fileTypesAndContributionMap":{"docs":{"insertions":1,"deletions":1}}},{"hash":"0d998dbd07c4f79510f862426348fc491c741cea","isMergeCommit":true,"messageTitle":"Merge branch \u0027master\u0027 into docs/update-delete-dg","messageBody":"","fileTypesAndContributionMap":{}},{"hash":"a2e57d00580f2ed7371b91a7789aa29148738bc2","isMergeCommit":true,"messageTitle":"Merge pull request #213 from lhurr/docs/update-delete-dg","messageBody":"Update DG to reflect delete note and patient command","fileTypesAndContributionMap":{}},{"hash":"ffcb9a40834469871f8ba739c7661381a45defcd","isMergeCommit":true,"messageTitle":"Merge branch \u0027master\u0027 into docs/ug-view-command","messageBody":"","fileTypesAndContributionMap":{}},{"hash":"1d07c816dd3faa291a6323352f650b3b343740fe","isMergeCommit":false,"messageTitle":"Modify INDEX to use patient prefix in UG","messageBody":"","fileTypesAndContributionMap":{"docs":{"insertions":2,"deletions":2}}},{"hash":"f6165da8af552f5b2d541f26bc3009fbc4206a4a","isMergeCommit":false,"messageTitle":"Update address book to CaseTrack","messageBody":"","fileTypesAndContributionMap":{"docs":{"insertions":1,"deletions":1}}}]},{"date":"2025-10-29T00:00:00","commitResults":[{"hash":"2eb7c4f5f2112a72ac4e2db89a12ef89762803a4","isMergeCommit":true,"messageTitle":"Merge pull request #214 from lhurr/docs/ug-view-command","messageBody":"Add view command to UG","fileTypesAndContributionMap":{}},{"hash":"197f3f6e4451b1fb681817c2835be1453cb42a2e","isMergeCommit":false,"messageTitle":"Refactor and add specific message for delete command parser","messageBody":"","fileTypesAndContributionMap":{"functional-code":{"insertions":76,"deletions":18}}},{"hash":"7f9e81a32fef04b2a8d9ceb7d00794ea8e6dfc7e","isMergeCommit":false,"messageTitle":"Add test case for code coverage","messageBody":"","fileTypesAndContributionMap":{"functional-code":{"insertions":7,"deletions":4},"test-code":{"insertions":12,"deletions":0}}},{"hash":"b3f9f55a84ae7dc545e716379032e9535c463c4e","isMergeCommit":false,"messageTitle":"Remove enum for cleaner implementation","messageBody":"","fileTypesAndContributionMap":{"functional-code":{"insertions":3,"deletions":32}}},{"hash":"7f7d93a0b776c288b2126b61c85e4321866c6d12","isMergeCommit":false,"messageTitle":"Improve javadoc for abstract delete command","messageBody":"","fileTypesAndContributionMap":{"functional-code":{"insertions":8,"deletions":3}}},{"hash":"9be3d73dad2c950b629ff494865cd6d0106f78dc","isMergeCommit":true,"messageTitle":"Merge pull request #196 from lhurr/feat/delete-logging","messageBody":"Logging and centralizing constructor in delete command","fileTypesAndContributionMap":{}},{"hash":"20ff181a09c0e1205a02ed27e9094aa32009430b","isMergeCommit":false,"messageTitle":"Add assert for delete parser","messageBody":"","fileTypesAndContributionMap":{"functional-code":{"insertions":5,"deletions":0}}},{"hash":"de335773f7dd9844c27b468e5a279a85c919937f","isMergeCommit":false,"messageTitle":"Update assert and ensure non null","messageBody":"","fileTypesAndContributionMap":{"functional-code":{"insertions":7,"deletions":2}}},{"hash":"aeb9a9b2396ab8d7dd6aa1d5a46fd7a241d25825","isMergeCommit":false,"messageTitle":"Add null check for delete and note parsing","messageBody":"","fileTypesAndContributionMap":{"functional-code":{"insertions":1,"deletions":4}}},{"hash":"422b7dd94b9612e53e2e060cfd206c390c3e4363","isMergeCommit":false,"messageTitle":"Clarify phone number limit in user guide","messageBody":"","fileTypesAndContributionMap":{"docs":{"insertions":1,"deletions":1}}},{"hash":"6d318a4acdc585a4ab1f4447688cd49d353d74cd","isMergeCommit":true,"messageTitle":"Merge pull request #217 from lhurr/fix/delete-parser-message-refactor","messageBody":"Refactor and add specific message in delete command parser","fileTypesAndContributionMap":{}},{"hash":"888f99252f1efa5e87b8f04e668c5dcf41bd6bc9","isMergeCommit":false,"messageTitle":"Rename traces of contact and improve UG format","messageBody":"","fileTypesAndContributionMap":{"docs":{"insertions":18,"deletions":6}}},{"hash":"fdef64aaa1ae68bb911bbe2a8d56eac1ff9844e7","isMergeCommit":false,"messageTitle":"Improve UG format","messageBody":"","fileTypesAndContributionMap":{"docs":{"insertions":2,"deletions":2}}}]},{"date":"2025-10-30T00:00:00","commitResults":[{"hash":"7acbdc3e640845c9f9ddab978b00de5ec169b643","isMergeCommit":false,"messageTitle":"Remove redo/undo command","messageBody":"","fileTypesAndContributionMap":{"docs":{"insertions":0,"deletions":93}}},{"hash":"9bf169a5e2b02f9bc49f994d4a7eb7616f9f7363","isMergeCommit":false,"messageTitle":"Remove proposed data archiving","messageBody":"","fileTypesAndContributionMap":{"docs":{"insertions":0,"deletions":4}}}]}],"hwennnn":[{"date":"2025-09-27T00:00:00","commitResults":[{"hash":"d5465b2823040885e0686aac54478320bb1e579e","isMergeCommit":true,"messageTitle":"Merge branch \u0027AY2526S1-CS2103-F12-3:master\u0027 into master","messageBody":"","fileTypesAndContributionMap":{}},{"hash":"9c1359694b9d6b1f7e4daffd96bdd5d9275e4e22","isMergeCommit":false,"messageTitle":"Update houman\u0027s details about us (#28)","messageBody":"* Add Houman\u0027s photo to the docs folder\n\n* Update houman details on the about us page","fileTypesAndContributionMap":{"docs":{"insertions":4,"deletions":4}}},{"hash":"956c27c5f2254b87963b9dea0e6fcf06dd99c9b7","isMergeCommit":true,"messageTitle":"Merge branch \u0027AY2526S1-CS2103-F12-3:master\u0027 into master","messageBody":"","fileTypesAndContributionMap":{}},{"hash":"97d9f3eccea5785370815b0acb14ec97b7cb78ee","isMergeCommit":true,"messageTitle":"Merge branch \u0027AY2526S1-CS2103-F12-3:master\u0027 into master","messageBody":"","fileTypesAndContributionMap":{}},{"hash":"e8daa3ed5b98f1409646c832f6d1503a40b3398e","isMergeCommit":false,"messageTitle":"Refactor the use of AB-3 or Addressbook to CaseTrack","messageBody":"","fileTypesAndContributionMap":{"docs":{"insertions":9,"deletions":10}}},{"hash":"4ca395bacaeffbe312d4b27e6b121587d266f6f0","isMergeCommit":false,"messageTitle":"Update developer guide","messageBody":"","fileTypesAndContributionMap":{"docs":{"insertions":1,"deletions":1}}},{"hash":"ebb5684516364c48563b4bc4f8e8e4980e181a16","isMergeCommit":false,"messageTitle":"Update non-functional requirements","messageBody":"","fileTypesAndContributionMap":{"docs":{"insertions":5,"deletions":3}}}]},{"date":"2025-09-28T00:00:00","commitResults":[{"hash":"de9f55f579fcd266be11516563d29e891b1704b6","isMergeCommit":false,"messageTitle":"Clean up readme (#53)","messageBody":"","fileTypesAndContributionMap":{"docs":{"insertions":7,"deletions":9}}}]},{"date":"2025-10-02T00:00:00","commitResults":[{"hash":"15d856d630254f43434c1657cc969d542820a70f","isMergeCommit":false,"messageTitle":"Update add quick note use case into developer guide","messageBody":"","fileTypesAndContributionMap":{"docs":{"insertions":56,"deletions":0}}},{"hash":"990c8f220019584d8010d25ec3fb0f2b46561ecf","isMergeCommit":false,"messageTitle":"Update developer guide to follow the given formatting","messageBody":"","fileTypesAndContributionMap":{"docs":{"insertions":15,"deletions":40}}}]},{"date":"2025-10-11T00:00:00","commitResults":[{"hash":"0bfc888ebdeea6b687f2f3711ea412b60690d443","isMergeCommit":false,"messageTitle":"Add new model for Note and update Person model","messageBody":"","fileTypesAndContributionMap":{"functional-code":{"insertions":98,"deletions":2}}},{"hash":"276f261b00f7e378ac586f2408df904366137f55","isMergeCommit":false,"messageTitle":"Implement add new note functionality","messageBody":"","fileTypesAndContributionMap":{"functional-code":{"insertions":240,"deletions":5},"test-code":{"insertions":19,"deletions":9}}},{"hash":"b1fe3e84b214e0ce3881bad3416f7e873eb8d874","isMergeCommit":false,"messageTitle":"Update add new note UI","messageBody":"","fileTypesAndContributionMap":{"functional-code":{"insertions":21,"deletions":0}}},{"hash":"0700f6c3e84e62e938c6550443af48471cef2181","isMergeCommit":false,"messageTitle":"Add more tests to test add new note functionaloity","messageBody":"","fileTypesAndContributionMap":{"test-code":{"insertions":583,"deletions":0}}},{"hash":"fc204b9b78f9234ad5853098ad966d4234a2afeb","isMergeCommit":false,"messageTitle":"Fix PersonTest toStringMethod","messageBody":"","fileTypesAndContributionMap":{"test-code":{"insertions":2,"deletions":1}}},{"hash":"e59723da3429dfce525f6ab3cd1963282279adbb","isMergeCommit":false,"messageTitle":"Fix linting","messageBody":"","fileTypesAndContributionMap":{"test-code":{"insertions":32,"deletions":30}}},{"hash":"72d2656cbd974d5549bbe6783f25d88e43f18b9e","isMergeCommit":false,"messageTitle":"Fix linting","messageBody":"","fileTypesAndContributionMap":{"test-code":{"insertions":5,"deletions":5}}},{"hash":"9916d967f70fbf2245ade2d32b9e2d80ba374d84","isMergeCommit":false,"messageTitle":"Add test for parser","messageBody":"","fileTypesAndContributionMap":{"test-code":{"insertions":10,"deletions":0}}}]},{"date":"2025-10-15T00:00:00","commitResults":[{"hash":"a8b22a4cba58d952aefece03c64857bc974b5f5b","isMergeCommit":false,"messageTitle":"Add more tests to test equal and hashcode method for person","messageBody":"","fileTypesAndContributionMap":{"test-code":{"insertions":27,"deletions":1}}},{"hash":"4be32862e3bac3b9daee87a2521d3bea7452c627","isMergeCommit":false,"messageTitle":"Add test for handling missing patient reference in AddNoteCommand","messageBody":"","fileTypesAndContributionMap":{"test-code":{"insertions":19,"deletions":0}}},{"hash":"3b12b0e894c2efbcdc8e4dff590dec46baa1e745","isMergeCommit":false,"messageTitle":"Add test for handling case where name and phone are not in filtered list in AddNoteCommand","messageBody":"","fileTypesAndContributionMap":{"test-code":{"insertions":15,"deletions":0}}},{"hash":"3fd6f8f5ee4ada244bd55a75afe8f1cb8534f76e","isMergeCommit":false,"messageTitle":"Update developer guide to use index instead of ID for patient","messageBody":"","fileTypesAndContributionMap":{"docs":{"insertions":6,"deletions":6}}},{"hash":"11b293aedd255c4c34251abcf0e19d02ea1ef444","isMergeCommit":false,"messageTitle":"Enhance JsonAdaptedPerson to validate notes","messageBody":"","fileTypesAndContributionMap":{"functional-code":{"insertions":6,"deletions":2},"test-code":{"insertions":16,"deletions":6}}},{"hash":"773f229f4f09655e7303f0aa6836e4cf9330b2d0","isMergeCommit":false,"messageTitle":"Fix linting","messageBody":"","fileTypesAndContributionMap":{"functional-code":{"insertions":2,"deletions":1}}},{"hash":"376c238748c337304b5ecc54056e93eaaa5878be","isMergeCommit":false,"messageTitle":"Add note functionality to user guide","messageBody":"","fileTypesAndContributionMap":{"docs":{"insertions":18,"deletions":0}}},{"hash":"d7b78f1700301076e3d08d9f2f9dee09bb21c988","isMergeCommit":true,"messageTitle":"Merge pull request #105 from hwennnn/docs/update-quick-note-user-guide","messageBody":"Update user guide for add quick note","fileTypesAndContributionMap":{}},{"hash":"06323abdc2787ebd0f5528ed2558ef0f8ae77503","isMergeCommit":true,"messageTitle":"Merge pull request #103 from hwennnn/handle-invalid-note","messageBody":"Enhance JsonAdaptedPerson to handle invalid notes","fileTypesAndContributionMap":{}}]},{"date":"2025-10-22T00:00:00","commitResults":[{"hash":"be24f800cc86029a641e15a3d44c901505c046e9","isMergeCommit":false,"messageTitle":"Update guides for edit quick note","messageBody":"","fileTypesAndContributionMap":{"docs":{"insertions":74,"deletions":0}}},{"hash":"1e11b2a9e1252db2d585fa9dd93a32624e45ffe8","isMergeCommit":false,"messageTitle":"Add EditNoteCommand and update EditCommandParser","messageBody":"","fileTypesAndContributionMap":{"functional-code":{"insertions":167,"deletions":5}}},{"hash":"5f041edb31ca0d8cdbbd9c36bc39ce2df34f21a2","isMergeCommit":false,"messageTitle":"Add tests for edit quick note","messageBody":"","fileTypesAndContributionMap":{"test-code":{"insertions":338,"deletions":0}}},{"hash":"75ddabaaaf1c426dff2d41a172dea875b0e103d9","isMergeCommit":false,"messageTitle":"Fix checkstyle violation","messageBody":"","fileTypesAndContributionMap":{"test-code":{"insertions":0,"deletions":1}}},{"hash":"374124a037868ad76ad161e2cb25566e762ab559","isMergeCommit":false,"messageTitle":"Handle ParseException for index parsing","messageBody":"","fileTypesAndContributionMap":{"functional-code":{"insertions":13,"deletions":3},"test-code":{"insertions":8,"deletions":4}}},{"hash":"e06eeb2abb64dc9fc73f2b24e00a98920925f26f","isMergeCommit":false,"messageTitle":"Improve edit command parser test coverage","messageBody":"","fileTypesAndContributionMap":{"test-code":{"insertions":47,"deletions":0}}},{"hash":"c4c95972899d9d4f9945caf805bea468bb5d5e36","isMergeCommit":false,"messageTitle":"Fix checkstyle issue","messageBody":"","fileTypesAndContributionMap":{"test-code":{"insertions":2,"deletions":2}}},{"hash":"4bcf65ce48da74dfa4d0d398067e5ba836a669d5","isMergeCommit":false,"messageTitle":"Add tests for tag parsing in EditCommandParser","messageBody":"","fileTypesAndContributionMap":{"test-code":{"insertions":32,"deletions":0}}},{"hash":"91dd6069dd6c6c4f9188edb829d9e22e66067aa3","isMergeCommit":true,"messageTitle":"Merge pull request #133 from hwennnn/edit-quick-note","messageBody":"","fileTypesAndContributionMap":{}},{"hash":"ee4633e9af5d7ef9015d58b0522ff2aab128c3cd","isMergeCommit":true,"messageTitle":"Merge pull request #139 from lhurr/fix/help-link","messageBody":"Update help link to CaseTrack user guide","fileTypesAndContributionMap":{}}]},{"date":"2025-10-23T00:00:00","commitResults":[{"hash":"5c14a656980b39aa7004e84ade3fcf804538f397","isMergeCommit":false,"messageTitle":"Update app name to CaseTrack","messageBody":"","fileTypesAndContributionMap":{"functional-code":{"insertions":1,"deletions":1}}},{"hash":"a3641a81e3bc74b38e73af52caeb1b8864dec7ad","isMergeCommit":false,"messageTitle":"Update app version no to v1.4","messageBody":"","fileTypesAndContributionMap":{"functional-code":{"insertions":1,"deletions":1}}},{"hash":"9da6be39774211ef61d4e325b0c291c0bd57e983","isMergeCommit":true,"messageTitle":"Merge pull request #144 from hwennnn/update-version-v1.4","messageBody":"Update app version no to v1.4","fileTypesAndContributionMap":{}},{"hash":"fa064457504464c36290265cb49b9c092b399031","isMergeCommit":true,"messageTitle":"Merge pull request #143 from hwennnn/update-app-name","messageBody":"Update app name to CaseTrack","fileTypesAndContributionMap":{}},{"hash":"9a2d1d782d0a60e4547233277d1c48ec891d654c","isMergeCommit":false,"messageTitle":"Enable assertions during run","messageBody":"","fileTypesAndContributionMap":{"other":{"insertions":4,"deletions":0}}},{"hash":"d0d6da17d5c71e4d29539be479030e7d00fc0745","isMergeCommit":true,"messageTitle":"Merge pull request #146 from hwennnn/enable-assertions","messageBody":"Enable assertions during run in build.gradle","fileTypesAndContributionMap":{}},{"hash":"f738b40bccfa13bc9b8b4339dfdcbc3dcf9b5897","isMergeCommit":false,"messageTitle":"Add note sequence diagram","messageBody":"","fileTypesAndContributionMap":{"docs":{"insertions":112,"deletions":0}}},{"hash":"666a32a417db92048ad04632725f90b2efabf5b7","isMergeCommit":false,"messageTitle":"Fix trailing whitespace","messageBody":"","fileTypesAndContributionMap":{"docs":{"insertions":1,"deletions":1}}},{"hash":"b91feecc39463a32352fabb16f08b6812211f2ac","isMergeCommit":true,"messageTitle":"Merge pull request #155 from hwennnn/note-sequence-diagram","messageBody":"Add note sequence diagram","fileTypesAndContributionMap":{}}]},{"date":"2025-10-28T00:00:00","commitResults":[{"hash":"7c71a6a364d89e985d3039bd1a3c421603ae4c15","isMergeCommit":false,"messageTitle":"Modularize edit command","messageBody":"","fileTypesAndContributionMap":{"functional-code":{"insertions":161,"deletions":132},"docs":{"insertions":6,"deletions":6}}},{"hash":"2ea0ea3b253f0834d1a0b73de18f4321c0b569bd","isMergeCommit":false,"messageTitle":"Modularise comamnds to EditCommand and EditPatient","messageBody":"","fileTypesAndContributionMap":{"functional-code":{"insertions":290,"deletions":284},"other":{"insertions":26,"deletions":26},"test-code":{"insertions":31,"deletions":30}}},{"hash":"3fe34e3f7ce2ab5802c3b4aef64bc20925ab98a7","isMergeCommit":false,"messageTitle":"Fix EditCommandParserTest cases","messageBody":"","fileTypesAndContributionMap":{"test-code":{"insertions":49,"deletions":44}}},{"hash":"9908a40e622551dd72c51115f6e5fb604f919d30","isMergeCommit":false,"messageTitle":"Fix checkstyle","messageBody":"","fileTypesAndContributionMap":{"test-code":{"insertions":12,"deletions":7}}},{"hash":"6275f627e1175847b789686a1d2db7f0dc2c41a1","isMergeCommit":false,"messageTitle":"Fix checkstyle","messageBody":"","fileTypesAndContributionMap":{"functional-code":{"insertions":2,"deletions":1}}},{"hash":"0292e1cfd531bd4244c76635d2b840578feddf78","isMergeCommit":false,"messageTitle":"Fix checkstyle","messageBody":"","fileTypesAndContributionMap":{"test-code":{"insertions":12,"deletions":6}}},{"hash":"e5894ac38ef80016f049cff8b68109746758f437","isMergeCommit":true,"messageTitle":"Merge pull request #207 from orbitalsqwib/detail-ui-fixes","messageBody":"Detail Pane UI fixes","fileTypesAndContributionMap":{}},{"hash":"6ff69658736bf366b6fc653cf7c95f5dd3881c62","isMergeCommit":true,"messageTitle":"Merge pull request #197 from AppDevIn/docs/replace-address-book","messageBody":"Update UserGuide to user CaseTrack instead of Address Book","fileTypesAndContributionMap":{}},{"hash":"f01657e3441a7a94b770784375303f0f9c889023","isMergeCommit":false,"messageTitle":"Update missing note commands to the summary","messageBody":"","fileTypesAndContributionMap":{"functional-code":{"insertions":4,"deletions":4},"docs":{"insertions":19,"deletions":15}}},{"hash":"142690ee0c42e779a11711c7eae2d7aa84cd0e3a","isMergeCommit":false,"messageTitle":"Update all occurrences of person to patient","messageBody":"","fileTypesAndContributionMap":{"docs":{"insertions":33,"deletions":33}}},{"hash":"ac98c6a332736fd5c9075ad2a34a6db62a9e0364","isMergeCommit":true,"messageTitle":"Merge branch \u0027master\u0027 into docs/update-summary-user-guide","messageBody":"","fileTypesAndContributionMap":{}},{"hash":"16809db594c6437f53576cfa055df9becd94b44b","isMergeCommit":false,"messageTitle":"Update usage of PERSON_INDEX","messageBody":"","fileTypesAndContributionMap":{"functional-code":{"insertions":5,"deletions":5}}},{"hash":"747f5391ea8b4a5fb947e54b696f33794d2fa377","isMergeCommit":false,"messageTitle":"Remove redundant entry in command summary","messageBody":"","fileTypesAndContributionMap":{"docs":{"insertions":0,"deletions":1}}},{"hash":"effcb8fea2ade146b702f28773b3b24e220000e3","isMergeCommit":false,"messageTitle":"Replace occurrences in developer guide","messageBody":"","fileTypesAndContributionMap":{"docs":{"insertions":13,"deletions":13}}},{"hash":"73237cf961535f18a54a56adf8c4deb8cd1afd74","isMergeCommit":true,"messageTitle":"Merge pull request #216 from hwennnn/docs/update-summary-user-guide","messageBody":"Update summary user guide + replace all occurrences of person to patient","fileTypesAndContributionMap":{}}]},{"date":"2025-10-29T00:00:00","commitResults":[{"hash":"7ac0153f27e28165e23e7e26b5d58b94bf5572d4","isMergeCommit":false,"messageTitle":"Handle int overflow for index","messageBody":"","fileTypesAndContributionMap":{"functional-code":{"insertions":6,"deletions":2},"test-code":{"insertions":18,"deletions":0}}},{"hash":"02d093dd2d590d8f27c128edf1ef804f57352db7","isMergeCommit":false,"messageTitle":"Refactor message usage to Patient","messageBody":"","fileTypesAndContributionMap":{"functional-code":{"insertions":3,"deletions":3}}},{"hash":"474c2498adc1de4089801bcf396751479f37b36c","isMergeCommit":false,"messageTitle":"Implement case-insensitive equality for Name class","messageBody":"","fileTypesAndContributionMap":{"functional-code":{"insertions":2,"deletions":2},"test-code":{"insertions":18,"deletions":2}}},{"hash":"72aa9983385d449ec9322806d2ff0bacc6f695eb","isMergeCommit":false,"messageTitle":"Revert \"Handle int overflow for index\"","messageBody":"This reverts commit 7ac0153f27e28165e23e7e26b5d58b94bf5572d4.\n","fileTypesAndContributionMap":{"functional-code":{"insertions":2,"deletions":6},"test-code":{"insertions":0,"deletions":18}}},{"hash":"c7fd5fc7a1f99b16c93a7331a09ac1e99dd54674","isMergeCommit":false,"messageTitle":"Enhance Person equality checks to include phone number","messageBody":"","fileTypesAndContributionMap":{"functional-code":{"insertions":3,"deletions":2},"test-code":{"insertions":107,"deletions":15}}},{"hash":"aa33a76c38371b040e566c151c0bd793ef16e7ea","isMergeCommit":false,"messageTitle":"Enhance name normalization to handle multiple spaces.","messageBody":"","fileTypesAndContributionMap":{"functional-code":{"insertions":9,"deletions":2},"docs":{"insertions":2,"deletions":2},"test-code":{"insertions":43,"deletions":0}}},{"hash":"1ee72c0b74748a32962e19d877e1ec03bd83df52","isMergeCommit":false,"messageTitle":"Update user guide","messageBody":"","fileTypesAndContributionMap":{"docs":{"insertions":17,"deletions":0}}},{"hash":"2e935f4daeb66301326f978a5c02c1d606dc8205","isMergeCommit":true,"messageTitle":"Merge pull request #219 from hwennnn/handle-duplicate-logic","messageBody":"Handle duplicate logic for name","fileTypesAndContributionMap":{}},{"hash":"cd987b03a9880fc90132cd7f50205a04b6bbe421","isMergeCommit":true,"messageTitle":"Merge pull request #225 from lhurr/docs/clarify-phone-limit","messageBody":"Clarify phone number limit in user guide","fileTypesAndContributionMap":{}},{"hash":"079b4ba48b00bfdaa9b1cfe018469e0ca3ffcc96","isMergeCommit":false,"messageTitle":"Update version no to v1.5","messageBody":"","fileTypesAndContributionMap":{"functional-code":{"insertions":1,"deletions":1}}},{"hash":"c763c019495e2f6831a4e30d2b9c30df7efd4a3e","isMergeCommit":true,"messageTitle":"Merge pull request #230 from hwennnn/update-version-v1.5","messageBody":"Update version no to v1.5","fileTypesAndContributionMap":{}}]}]},"authorFileTypeContributionMap":{"AppDevIn":{"docs":276,"functional-code":226,"test-code":406,"other":93},"orbitalsqwib":{"docs":94,"functional-code":713,"test-code":654,"other":1},"niyniy123":{"docs":227,"functional-code":294,"test-code":634},"lhurr":{"docs":278,"functional-code":368,"test-code":607},"hwennnn":{"docs":323,"functional-code":708,"test-code":1350,"other":4}},"authorContributionVariance":{"AppDevIn":11040.734,"orbitalsqwib":69347.71,"niyniy123":9936.432,"lhurr":13773.471,"hwennnn":71929.5},"authorDisplayNameMap":{"AppDevIn":"CS2103-F12-3 JEYA..NIAM","orbitalsqwib":"CS2103-F12-3 LONG..GENE","niyniy123":"CS2103-F12-3 TAN .. YIN","lhurr":"CS2103-F12-3 LIM .. HUR","hwennnn":"CS2103-F12-3 WAI .. MAN"}}
