[{"path":"docs/AboutUs.md","fileType":"docs","lines":[{"lineNumber":1,"author":{"gitId":"-"},"content":"---","lastModifiedDate":"2020-05-23T01:10:16","isFullCredit":false},{"lineNumber":2,"author":{"gitId":"-"},"content":"  layout: default.md","lastModifiedDate":"2023-09-12T01:20:47","isFullCredit":false},{"lineNumber":3,"author":{"gitId":"-"},"content":"  title: \"About Us\"","lastModifiedDate":"2023-09-12T01:20:47","isFullCredit":false},{"lineNumber":4,"author":{"gitId":"-"},"content":"---","lastModifiedDate":"2020-05-23T01:10:16","isFullCredit":false},{"lineNumber":5,"author":{"gitId":"-"},"content":"","lastModifiedDate":"2020-05-23T01:10:16","isFullCredit":false},{"lineNumber":6,"author":{"gitId":"-"},"content":"# About Us","lastModifiedDate":"2023-09-12T01:20:47","isFullCredit":false},{"lineNumber":7,"author":{"gitId":"-"},"content":"","lastModifiedDate":"2023-09-12T01:20:47","isFullCredit":false},{"lineNumber":8,"author":{"gitId":"-"},"content":"We are a team based in the [School of Computing, National University of Singapore](http://www.comp.nus.edu.sg).","lastModifiedDate":"2023-09-12T01:20:47","isFullCredit":false},{"lineNumber":9,"author":{"gitId":"-"},"content":"","lastModifiedDate":"2020-05-23T01:10:16","isFullCredit":false},{"lineNumber":10,"author":{"gitId":"-"},"content":"You can reach us at the email `seer[at]comp.nus.edu.sg`","lastModifiedDate":"2020-06-17T23:33:00","isFullCredit":false},{"lineNumber":11,"author":{"gitId":"-"},"content":"","lastModifiedDate":"2020-06-17T23:33:00","isFullCredit":false},{"lineNumber":12,"author":{"gitId":"-"},"content":"## Project team","lastModifiedDate":"2020-06-07T16:51:22","isFullCredit":false},{"lineNumber":13,"author":{"gitId":"-"},"content":"","lastModifiedDate":"2020-05-23T01:10:16","isFullCredit":false},{"lineNumber":14,"author":{"gitId":"Joulenergy"},"content":"### Huang Kaijuan Joulene","lastModifiedDate":"2025-10-01T22:15:25","isFullCredit":false},{"lineNumber":15,"author":{"gitId":"-"},"content":"","lastModifiedDate":"2020-05-23T01:10:16","isFullCredit":false},{"lineNumber":16,"author":{"gitId":"Joulenergy"},"content":"\u003cimg src\u003d\"images/joulenergy.png\" width\u003d\"200px\"\u003e","lastModifiedDate":"2025-10-01T22:15:25","isFullCredit":false},{"lineNumber":17,"author":{"gitId":"-"},"content":"","lastModifiedDate":"2020-05-23T01:10:16","isFullCredit":false},{"lineNumber":18,"author":{"gitId":"Joulenergy"},"content":"[[homepage]()]","lastModifiedDate":"2025-10-01T22:15:25","isFullCredit":false},{"lineNumber":19,"author":{"gitId":"Joulenergy"},"content":"[[github](https://github.com/joulenergy)]","lastModifiedDate":"2025-10-01T22:15:25","isFullCredit":false},{"lineNumber":20,"author":{"gitId":"-"},"content":"[[portfolio](team/johndoe.md)]","lastModifiedDate":"2020-05-23T01:10:16","isFullCredit":false},{"lineNumber":21,"author":{"gitId":"-"},"content":"","lastModifiedDate":"2020-05-23T01:10:16","isFullCredit":false},{"lineNumber":22,"author":{"gitId":"Joulenergy"},"content":"* Role: Team Lead","lastModifiedDate":"2025-10-01T22:15:25","isFullCredit":false},{"lineNumber":23,"author":{"gitId":"Joulenergy"},"content":"* Responsibilities: Code Quality","lastModifiedDate":"2025-10-01T22:15:25","isFullCredit":false},{"lineNumber":24,"author":{"gitId":"-"},"content":"","lastModifiedDate":"2020-05-23T01:10:16","isFullCredit":false},{"lineNumber":25,"author":{"gitId":"ferroklaser"},"content":"### Win Paing Oo","lastModifiedDate":"2025-10-01T22:08:43","isFullCredit":false},{"lineNumber":26,"author":{"gitId":"-"},"content":"","lastModifiedDate":"2020-05-23T01:10:16","isFullCredit":false},{"lineNumber":27,"author":{"gitId":"ferroklaser"},"content":"\u003cimg src\u003d\"images/ferroklaser.png\" width\u003d\"200px\"\u003e","lastModifiedDate":"2025-10-01T22:08:43","isFullCredit":false},{"lineNumber":28,"author":{"gitId":"-"},"content":"","lastModifiedDate":"2020-05-23T01:10:16","isFullCredit":false},{"lineNumber":29,"author":{"gitId":"ferroklaser"},"content":"[[github](http://github.com/ferroklaser)]","lastModifiedDate":"2025-10-01T22:08:43","isFullCredit":false},{"lineNumber":30,"author":{"gitId":"-"},"content":"[[portfolio](team/johndoe.md)]","lastModifiedDate":"2020-05-23T01:10:16","isFullCredit":false},{"lineNumber":31,"author":{"gitId":"-"},"content":"","lastModifiedDate":"2020-05-23T01:10:16","isFullCredit":false},{"lineNumber":32,"author":{"gitId":"ferroklaser"},"content":"* Role: Project Coordinator","lastModifiedDate":"2025-10-01T22:08:43","isFullCredit":false},{"lineNumber":33,"author":{"gitId":"ferroklaser"},"content":"* Responsibilities: Deliverables, Deadlines, Scheduling, Tracking","lastModifiedDate":"2025-10-01T22:08:43","isFullCredit":false},{"lineNumber":34,"author":{"gitId":"-"},"content":"","lastModifiedDate":"2020-05-23T01:10:16","isFullCredit":false},{"lineNumber":35,"author":{"gitId":"JasonChang419"},"content":"### Jason Nathan Chang","lastModifiedDate":"2025-10-01T22:52:38","isFullCredit":false},{"lineNumber":36,"author":{"gitId":"-"},"content":"","lastModifiedDate":"2020-05-23T01:10:16","isFullCredit":false},{"lineNumber":37,"author":{"gitId":"JasonChang419"},"content":"\u003cimg src\u003d\"images/jasonchang419.png\" width\u003d\"200px\"\u003e","lastModifiedDate":"2025-10-01T22:52:38","isFullCredit":false},{"lineNumber":38,"author":{"gitId":"-"},"content":"","lastModifiedDate":"2020-05-23T01:10:16","isFullCredit":false},{"lineNumber":39,"author":{"gitId":"JasonChang419"},"content":"[[github](http://github.com/jasonchang419)] [[portfolio](team/johndoe.md)]","lastModifiedDate":"2025-10-01T22:52:38","isFullCredit":false},{"lineNumber":40,"author":{"gitId":"-"},"content":"","lastModifiedDate":"2020-05-23T01:10:16","isFullCredit":false},{"lineNumber":41,"author":{"gitId":"JasonChang419"},"content":"* Role: Software Developer","lastModifiedDate":"2025-10-01T22:52:38","isFullCredit":false},{"lineNumber":42,"author":{"gitId":"JasonChang419"},"content":"* Responsibilities: Documentation","lastModifiedDate":"2025-10-01T22:52:38","isFullCredit":false},{"lineNumber":43,"author":{"gitId":"-"},"content":"","lastModifiedDate":"2020-05-23T01:10:16","isFullCredit":false},{"lineNumber":44,"author":{"gitId":"rongkangw"},"content":"### Wong Rong Kang","lastModifiedDate":"2025-10-01T22:18:34","isFullCredit":false},{"lineNumber":45,"author":{"gitId":"-"},"content":"","lastModifiedDate":"2020-05-23T01:10:16","isFullCredit":false},{"lineNumber":46,"author":{"gitId":"rongkangw"},"content":"\u003cimg src\u003d\"images/rongkangw.png\" width\u003d\"200px\"\u003e","lastModifiedDate":"2025-10-01T22:09:30","isFullCredit":false},{"lineNumber":47,"author":{"gitId":"-"},"content":"","lastModifiedDate":"2020-05-23T01:10:16","isFullCredit":false},{"lineNumber":48,"author":{"gitId":"rongkangw"},"content":"[[github](http://github.com/rongkangw)]","lastModifiedDate":"2025-10-01T22:09:30","isFullCredit":false},{"lineNumber":49,"author":{"gitId":"-"},"content":"[[portfolio](team/johndoe.md)]","lastModifiedDate":"2020-05-23T01:10:16","isFullCredit":false},{"lineNumber":50,"author":{"gitId":"-"},"content":"","lastModifiedDate":"2020-05-23T01:10:16","isFullCredit":false},{"lineNumber":51,"author":{"gitId":"-"},"content":"* Role: Developer","lastModifiedDate":"2020-05-23T01:10:16","isFullCredit":false},{"lineNumber":52,"author":{"gitId":"rongkangw"},"content":"* Responsibilities: Testing","lastModifiedDate":"2025-10-01T22:09:30","isFullCredit":false},{"lineNumber":53,"author":{"gitId":"-"},"content":"","lastModifiedDate":"2020-05-23T01:10:16","isFullCredit":false},{"lineNumber":54,"author":{"gitId":"hongxun03"},"content":"### Wong Hong Xun","lastModifiedDate":"2025-10-01T22:09:52","isFullCredit":false},{"lineNumber":55,"author":{"gitId":"-"},"content":"","lastModifiedDate":"2020-05-23T01:10:16","isFullCredit":false},{"lineNumber":56,"author":{"gitId":"hongxun03"},"content":"\u003cimg src\u003d\"images/hongxun03.png\" width\u003d\"200px\"\u003e","lastModifiedDate":"2025-10-01T22:09:52","isFullCredit":false},{"lineNumber":57,"author":{"gitId":"-"},"content":"","lastModifiedDate":"2020-05-23T01:10:16","isFullCredit":false},{"lineNumber":58,"author":{"gitId":"hongxun03"},"content":"[[github](http://github.com/hongxun03)]","lastModifiedDate":"2025-10-01T22:09:52","isFullCredit":false},{"lineNumber":59,"author":{"gitId":"-"},"content":"[[portfolio](team/johndoe.md)]","lastModifiedDate":"2020-05-23T01:10:16","isFullCredit":false},{"lineNumber":60,"author":{"gitId":"-"},"content":"","lastModifiedDate":"2020-05-23T01:10:16","isFullCredit":false},{"lineNumber":61,"author":{"gitId":"hongxun03"},"content":"* Role: Developer, DevOps Engineer","lastModifiedDate":"2025-10-01T22:09:52","isFullCredit":false},{"lineNumber":62,"author":{"gitId":"hongxun03"},"content":"* Responsibilities: Integration","lastModifiedDate":"2025-10-01T22:09:52","isFullCredit":false}],"authorContributionMap":{"Joulenergy":6,"ferroklaser":5,"hongxun03":5,"rongkangw":4,"-":37,"JasonChang419":5}}]
