{"authorDailyContributionsMap":{"zhonggruii":[{"date":"2025-09-25T00:00:00","commitResults":[{"hash":"0f3099efa2aa336731f3a293ed222c8e51d5e32c","isMergeCommit":false,"messageTitle":"Add About us","messageBody":"","fileTypesAndContributionMap":{"docs":{"insertions":4,"deletions":4}}}]},{"date":"2025-09-26T00:00:00","commitResults":[{"hash":"12b1eba0eb380404e336da64842bec6462619288","isMergeCommit":true,"messageTitle":"Merge pull request #18 from Mesutantonio/Add-photo","messageBody":"Merge pull request #1 from Mesutantonio/Add-photo","fileTypesAndContributionMap":{}},{"hash":"e1802ad66dd33cc3109018902d78a581df162c73","isMergeCommit":true,"messageTitle":"Merge pull request #20 from Mesutantonio/About-us","messageBody":"Update about us","fileTypesAndContributionMap":{}}]},{"date":"2025-09-27T00:00:00","commitResults":[{"hash":"6043791a7d4f54bb3ff8c94cce07fa09154e794f","isMergeCommit":false,"messageTitle":"Add Non Functional Requirement and Use Case Fixes #22","messageBody":"","fileTypesAndContributionMap":{"docs":{"insertions":97,"deletions":2}}}]},{"date":"2025-10-01T00:00:00","commitResults":[{"hash":"614cacc50a2cdfbebb95f1cf0efcb91bad103ec0","isMergeCommit":true,"messageTitle":"Merge pull request #34 from darrensimmx/User-Stories","messageBody":"User stories","fileTypesAndContributionMap":{}},{"hash":"7c5d0a82d82e83accfbae5003d60aad0a519e0f7","isMergeCommit":true,"messageTitle":"Merge pull request #36 from Mesutantonio/branch-updateDG","messageBody":"Branch update dg","fileTypesAndContributionMap":{}}]},{"date":"2025-10-08T00:00:00","commitResults":[{"hash":"95ec734a130b71900148dabc3b18b7ddddc01445","isMergeCommit":false,"messageTitle":"Modify delete feature","messageBody":"","fileTypesAndContributionMap":{"functional-code":{"insertions":31,"deletions":7},"test-code":{"insertions":184,"deletions":2}}},{"hash":"4a77d00ad553c7e7cbfe71709f71d7b47438036d","isMergeCommit":false,"messageTitle":"Remove trailing whitespace","messageBody":"","fileTypesAndContributionMap":{"functional-code":{"insertions":1,"deletions":1},"docs":{"insertions":36,"deletions":22}}},{"hash":"924d48ee37e0fcb9821ecc5f8b1ce467433c1fe3","isMergeCommit":false,"messageTitle":"Reorder imports","messageBody":"","fileTypesAndContributionMap":{"functional-code":{"insertions":1,"deletions":1}}},{"hash":"0ccfed908bf41998f5dbdb923daebed06f3491ab","isMergeCommit":false,"messageTitle":"Reorder imports","messageBody":"","fileTypesAndContributionMap":{"functional-code":{"insertions":9,"deletions":9}}},{"hash":"6e7a6eb0f36f7097cc5527dc3b748bdd0deb7143","isMergeCommit":false,"messageTitle":"Reorder imports","messageBody":"","fileTypesAndContributionMap":{"functional-code":{"insertions":1,"deletions":2}}},{"hash":"27e1f442ee5d2493eb627efb688c79ac25adb0d1","isMergeCommit":false,"messageTitle":"Reorder imports","messageBody":"","fileTypesAndContributionMap":{"functional-code":{"insertions":1,"deletions":1}}},{"hash":"79c40ad16b210b7d183960a65928ced899dc2596","isMergeCommit":false,"messageTitle":"Reorder imports","messageBody":"","fileTypesAndContributionMap":{"functional-code":{"insertions":1,"deletions":1}}}]},{"date":"2025-10-09T00:00:00","commitResults":[{"hash":"da85b43e4920e7e7e0ee903564f2d0c7a5d5221f","isMergeCommit":false,"messageTitle":"Reorder import lines","messageBody":"","fileTypesAndContributionMap":{"functional-code":{"insertions":1,"deletions":0},"test-code":{"insertions":3,"deletions":3}}},{"hash":"b6c37ed3c85f02ce868ed292e615701385caa56d","isMergeCommit":false,"messageTitle":"Add StudentTest","messageBody":"","fileTypesAndContributionMap":{"functional-code":{"insertions":2,"deletions":0},"test-code":{"insertions":40,"deletions":0}}},{"hash":"72fa07bca1f2dc6f4c3a672a43e1833521aae5a2","isMergeCommit":true,"messageTitle":"Merge pull request #51 from manishkharthik/v1.2-feat-archives","messageBody":"Add ArchiveCommand and ArchiveCommandParser","fileTypesAndContributionMap":{}}]},{"date":"2025-10-15T00:00:00","commitResults":[{"hash":"7339007dac61221cacdff52eb1e45785f08bfbc1","isMergeCommit":false,"messageTitle":"Add test cases for AddCommand, ArchiveCommand, ArchiveCommandParser","messageBody":"","fileTypesAndContributionMap":{"functional-code":{"insertions":15,"deletions":1},"test-code":{"insertions":342,"deletions":0}}},{"hash":"9f072f7ea1171f4c1bd88f11c5f884ed9e35da4a","isMergeCommit":false,"messageTitle":"Remove unused import","messageBody":"","fileTypesAndContributionMap":{"test-code":{"insertions":0,"deletions":2}}},{"hash":"cfeed7c40e0d4528655e3195b21a1f52580e14b8","isMergeCommit":false,"messageTitle":"Add view archive command","messageBody":"","fileTypesAndContributionMap":{"functional-code":{"insertions":180,"deletions":5}}},{"hash":"1a5923732c7eaf9ff856481b85460afd68145a4d","isMergeCommit":false,"messageTitle":"Fix bugs in ModelStub","messageBody":"","fileTypesAndContributionMap":{"functional-code":{"insertions":7,"deletions":1},"test-code":{"insertions":15,"deletions":0}}}]},{"date":"2025-10-16T00:00:00","commitResults":[{"hash":"d95b267641bca41111daca0a66beedc61318dc98","isMergeCommit":true,"messageTitle":"Merge pull request #71 from darrensimmx/test-coverage","messageBody":"Add test coverage for Student.java","fileTypesAndContributionMap":{}},{"hash":"5679eb56935dd49a67a0060f533b0ebb6b8647e7","isMergeCommit":true,"messageTitle":"Merge pull request #74 from darrensimmx/testing","messageBody":"Add Test Coverage for UniquePersonList","fileTypesAndContributionMap":{}},{"hash":"0c3d3b6a20f17d9cce55f1a6c016e7e099c7b5bf","isMergeCommit":false,"messageTitle":"Add assertions for command","messageBody":"","fileTypesAndContributionMap":{"functional-code":{"insertions":35,"deletions":5}}},{"hash":"521757213b9cde071307bbfddd2f74411c88a5cc","isMergeCommit":false,"messageTitle":"Remove non whitespace","messageBody":"","fileTypesAndContributionMap":{"functional-code":{"insertions":1,"deletions":1}}},{"hash":"765469cdc5f1b4134b38de75c30cf339e95724d9","isMergeCommit":false,"messageTitle":"Add test case for ListArchive and ListArchiveParser","messageBody":"","fileTypesAndContributionMap":{"functional-code":{"insertions":19,"deletions":0},"test-code":{"insertions":150,"deletions":0}}},{"hash":"a2ada749a157eae1a99b7b43a1c1e883208f017b","isMergeCommit":false,"messageTitle":"Add test case for coverage","messageBody":"","fileTypesAndContributionMap":{"test-code":{"insertions":120,"deletions":1}}},{"hash":"f40cbd93ce9641e62d93445a2721f244058898f2","isMergeCommit":true,"messageTitle":"Merge pull request #81 from Mesutantonio/branch-improve-coverage","messageBody":"Branch improve coverage for command files","tags":["v1.3"],"fileTypesAndContributionMap":{}}]},{"date":"2025-10-20T00:00:00","commitResults":[{"hash":"4dfa8b5e5c72a1b94ec49f38e71371b68b2f7b78","isMergeCommit":true,"messageTitle":"Merge pull request #94 from darrensimmx/feature/lesson-subjects-class","messageBody":"Add basic class for lesson, lessonList and Subject","fileTypesAndContributionMap":{}},{"hash":"99f8bf4bf21e3eac0bf686a7b67976cbd215405a","isMergeCommit":false,"messageTitle":"Edit UG for add, help, list","messageBody":"","fileTypesAndContributionMap":{"functional-code":{"insertions":1,"deletions":1},"docs":{"insertions":55,"deletions":10}}},{"hash":"81df1961e80d1902bf37bc1fc124d8f548801a8b","isMergeCommit":false,"messageTitle":"Add Unarchive command and parser","messageBody":"","fileTypesAndContributionMap":{"functional-code":{"insertions":232,"deletions":3},"test-code":{"insertions":227,"deletions":16}}},{"hash":"996787ca703e86338f66599cbf8d233b0451128c","isMergeCommit":false,"messageTitle":"Fix checkstyle","messageBody":"","fileTypesAndContributionMap":{"functional-code":{"insertions":1,"deletions":1},"test-code":{"insertions":9,"deletions":14}}},{"hash":"350c14c148f166710f31f428e88ebe67f4e0c97d","isMergeCommit":false,"messageTitle":"Update AddressBookTest","messageBody":"","fileTypesAndContributionMap":{"test-code":{"insertions":142,"deletions":3}}},{"hash":"60dff319dda48090dd96a150274d2ff48686a43e","isMergeCommit":false,"messageTitle":"Fix checkstyle","messageBody":"","fileTypesAndContributionMap":{"test-code":{"insertions":1,"deletions":1}}},{"hash":"3460c09c2cf3ca27d28b5a1cddc3e51ffc0a68c9","isMergeCommit":false,"messageTitle":"Update JsonSerializableAddressBookTest","messageBody":"","fileTypesAndContributionMap":{"test-code":{"insertions":9,"deletions":0}}},{"hash":"83ade39663dced0b830555e9396d2dc0b67f6e7b","isMergeCommit":false,"messageTitle":"Fix checkstyle","messageBody":"","fileTypesAndContributionMap":{"test-code":{"insertions":2,"deletions":1}}},{"hash":"02e93511ad2e2334fd336ea39e5f951e5228b0f4","isMergeCommit":false,"messageTitle":"Edit comments","messageBody":"","fileTypesAndContributionMap":{"functional-code":{"insertions":1,"deletions":1}}},{"hash":"b3361b6958569ced3650477016a337e396a2d3e4","isMergeCommit":false,"messageTitle":"Edit comments","messageBody":"","fileTypesAndContributionMap":{"functional-code":{"insertions":1,"deletions":1}}}]},{"date":"2025-10-21T00:00:00","commitResults":[{"hash":"797a1ba53855f4141d9b8959d6dfc86d7e01018d","isMergeCommit":true,"messageTitle":"Merge pull request #102 from Mesutantonio/branch-UserGuide","messageBody":"Branch user guide","fileTypesAndContributionMap":{}},{"hash":"72b06332c384e97c8b0c8a9da36602ace3511427","isMergeCommit":true,"messageTitle":"Merge pull request #103 from abhatia2003/branch-v1.4-edit","messageBody":"Branch v1.4 editCommand for Student Bug Fix","fileTypesAndContributionMap":{}}]},{"date":"2025-10-23T00:00:00","commitResults":[{"hash":"b973e3ce760e487aeeedcca491af7478e8283c2c","isMergeCommit":false,"messageTitle":"Add test cases","messageBody":"","fileTypesAndContributionMap":{"other":{"insertions":9,"deletions":0},"test-code":{"insertions":660,"deletions":2}}},{"hash":"55b177ad24c1bbe9b1a1ee3c49cf10c7e30347cb","isMergeCommit":true,"messageTitle":"Merge pull request #126 from abhatia2003/branch-v1.4-editEcBugFix","messageBody":"Update bug fix for Emergency Contact","tags":["v1.4"],"fileTypesAndContributionMap":{}}]},{"date":"2025-10-24T00:00:00","commitResults":[{"hash":"b1cabe11cf8af239269693d7d8bc77293e0d0ff5","isMergeCommit":false,"messageTitle":"Edit Subject Class Diagram","messageBody":"","fileTypesAndContributionMap":{"functional-code":{"insertions":15,"deletions":14},"docs":{"insertions":23,"deletions":1}}},{"hash":"e2687a72fd4f22e6bd5b8d36c8b6f50ce05a72b3","isMergeCommit":false,"messageTitle":"Fix checkstyle","messageBody":"","fileTypesAndContributionMap":{"docs":{"insertions":1,"deletions":1}}},{"hash":"6afc0b1d4221af33f13d6661ecc5b1edf45c75d3","isMergeCommit":false,"messageTitle":"Edit Student Class Diagram","messageBody":"","fileTypesAndContributionMap":{"docs":{"insertions":0,"deletions":17}}}]},{"date":"2025-10-25T00:00:00","commitResults":[{"hash":"0ecf189dfa5626a32fc8dc57c7a0f829154f1aaa","isMergeCommit":true,"messageTitle":"Merge pull request #138 from abhatia2003/branch-v1.4-uml","messageBody":"Update UML Diagram with StudentList and AttendanceStatus","fileTypesAndContributionMap":{}}]}],"Mesutantonio":[{"date":"2025-09-25T00:00:00","commitResults":[{"hash":"37fbad5d9b25cdfb64dc3ebe2e634096ffac8b23","isMergeCommit":true,"messageTitle":"Merge pull request #9 from zhonggruii/master","messageBody":"Add photo for Zhong Rui Fixes #4","fileTypesAndContributionMap":{}}]},{"date":"2025-09-26T00:00:00","commitResults":[{"hash":"467f8584c53243d15fc5effe56883e0a82023176","isMergeCommit":false,"messageTitle":"Update about us","messageBody":"","fileTypesAndContributionMap":{"docs":{"insertions":3,"deletions":3}}},{"hash":"363a64971b7333a6db0c93decf801d849967b217","isMergeCommit":true,"messageTitle":"Merge branch \u0027About-us\u0027 Update about us","messageBody":"","fileTypesAndContributionMap":{}},{"hash":"9bf07b2bb236f7f354b605811fd4a1233ec66ae7","isMergeCommit":true,"messageTitle":"Merge pull request #13 from zhonggruii/Master","messageBody":"Add About us","fileTypesAndContributionMap":{}},{"hash":"ad3347fb6692ab082104c8921ab8f4a41ce550da","isMergeCommit":true,"messageTitle":"Merge remote-tracking branch \u0027upstream/master\u0027","messageBody":"","fileTypesAndContributionMap":{}},{"hash":"1e0b1266749f42bb1750d65e29b5318dcedc83c9","isMergeCommit":true,"messageTitle":"Merge remote-tracking branch \u0027upstream/master\u0027","messageBody":"","fileTypesAndContributionMap":{}}]},{"date":"2025-10-01T00:00:00","commitResults":[{"hash":"39207c2ed0ed5b1b82dbe3f2d3b50cfee6bcb293","isMergeCommit":false,"messageTitle":"Docs: Add glossary","messageBody":"","fileTypesAndContributionMap":{"docs":{"insertions":15,"deletions":3}}}]},{"date":"2025-10-05T00:00:00","commitResults":[{"hash":"d2367f87e95108a94e3dd6e9d8f413b72a6aa0f3","isMergeCommit":false,"messageTitle":"Update responsibility","messageBody":"","fileTypesAndContributionMap":{"docs":{"insertions":1,"deletions":1}}},{"hash":"395af83e447feb94d4f7f2932671f3b74ce27ba5","isMergeCommit":true,"messageTitle":"Merge pull request #42 from Mesutantonio/tutorial-adding-command","messageBody":"Ready for AB3 tutorial","fileTypesAndContributionMap":{}}]},{"date":"2025-10-09T00:00:00","commitResults":[{"hash":"15bc178f722d1f194b7a3b546657b847fc78cd3d","isMergeCommit":false,"messageTitle":"Update ListCommand.java","messageBody":"","fileTypesAndContributionMap":{"functional-code":{"insertions":2,"deletions":2}}},{"hash":"8b67d2aa38c86ded51bc4054a326231e7662e8c6","isMergeCommit":false,"messageTitle":"Create Student class","messageBody":"","fileTypesAndContributionMap":{"functional-code":{"insertions":124,"deletions":0}}},{"hash":"e5854be26672003dae4febfe2bed135e579d02f9","isMergeCommit":false,"messageTitle":"Feat: Update fields and constructor in Student class","messageBody":"","fileTypesAndContributionMap":{"functional-code":{"insertions":10,"deletions":4}}},{"hash":"828f010af0e8dd90be1903a586418979c157831f","isMergeCommit":false,"messageTitle":"Feat: Add Getters and Setters for Student class","messageBody":"","fileTypesAndContributionMap":{"functional-code":{"insertions":46,"deletions":10}}},{"hash":"905227e4ba6daaa805e4de15f16e596e321b6ab8","isMergeCommit":false,"messageTitle":"Feat: Update hashCode and equals method for Student class","messageBody":"","fileTypesAndContributionMap":{"functional-code":{"insertions":3,"deletions":2}}},{"hash":"37555ea757352642545dcf4bec5e2026e3706315","isMergeCommit":false,"messageTitle":"Feat: Update toString method for Student class","messageBody":"","fileTypesAndContributionMap":{"functional-code":{"insertions":8,"deletions":3}}},{"hash":"8983977956bdcacd68b56e77e3411272ae83345c","isMergeCommit":false,"messageTitle":"Feat: Update comments for Student class","messageBody":"","fileTypesAndContributionMap":{"functional-code":{"insertions":5,"deletions":1}}},{"hash":"e3f303f494a4f1990e46015857c1f2e5b88b0328","isMergeCommit":false,"messageTitle":"Feat: Update comments for Student class","messageBody":"","fileTypesAndContributionMap":{"functional-code":{"insertions":1,"deletions":1}}},{"hash":"b1067b8637936f8c6783388c6be1025a200a00fa","isMergeCommit":false,"messageTitle":"Feat: Commented out Student clas","messageBody":"","fileTypesAndContributionMap":{"functional-code":{"insertions":176,"deletions":176}}},{"hash":"62ace95c056b2fe8e4133c6178026d4354d0dbfe","isMergeCommit":false,"messageTitle":"Feat: Comment out Student clas","messageBody":"","fileTypesAndContributionMap":{"functional-code":{"insertions":1,"deletions":1}}},{"hash":"ce3438750261f2e78cf8002d761bb99ceee8503b","isMergeCommit":false,"messageTitle":"Feat: Comment out Student class","messageBody":"","fileTypesAndContributionMap":{"functional-code":{"insertions":1,"deletions":1}}},{"hash":"e06dcc6aa54ec1703c9826b9c6eaa9c4e51af574","isMergeCommit":true,"messageTitle":"Merge pull request #50 from zhonggruii/Add-DeleteFeature","messageBody":"Modify delete feature closes #45","fileTypesAndContributionMap":{}},{"hash":"8422f7f0289ad01b68c9685a060eb675d4834f61","isMergeCommit":false,"messageTitle":"Bug fix","messageBody":"","fileTypesAndContributionMap":{"functional-code":{"insertions":0,"deletions":52}}},{"hash":"740b3ba04a39e081341a727b82135c4e330e6777","isMergeCommit":false,"messageTitle":"Bug fix","messageBody":"","fileTypesAndContributionMap":{"functional-code":{"insertions":1,"deletions":0}}},{"hash":"e3f7c5f01f8d5228dbd63c9ab315f5627ea79219","isMergeCommit":true,"messageTitle":"Merge branch \u0027master\u0027 into branch-ViewFeature","messageBody":"","fileTypesAndContributionMap":{}}]},{"date":"2025-10-13T00:00:00","commitResults":[{"hash":"68eddb1533ca4314b42108dbb421ef0d3f22ba94","isMergeCommit":false,"messageTitle":"Update comments for better clarity","messageBody":"","fileTypesAndContributionMap":{"functional-code":{"insertions":8,"deletions":7}}},{"hash":"923f4375f3f955bb4dbe268b28321d6f67ac28f7","isMergeCommit":false,"messageTitle":"Update comments for better clarity","messageBody":"","fileTypesAndContributionMap":{"functional-code":{"insertions":4,"deletions":3}}},{"hash":"fe3bae7c09c673fc90fad484e13c569680ce2745","isMergeCommit":false,"messageTitle":"Update comments in AttendanceList for better clarity","messageBody":"","fileTypesAndContributionMap":{"functional-code":{"insertions":5,"deletions":4}}},{"hash":"b079ed622d51cfa60d438270733b13b9cc2c790a","isMergeCommit":false,"messageTitle":"Update comments in AttendanceList for better clarity","messageBody":"","fileTypesAndContributionMap":{"functional-code":{"insertions":1,"deletions":1}}},{"hash":"ab1af0dbd9b2d9d38c8141f4ddd727bcb47aaa31","isMergeCommit":false,"messageTitle":"Add field and constructor for AttendanceList","messageBody":"","fileTypesAndContributionMap":{"functional-code":{"insertions":2,"deletions":12}}},{"hash":"c1923655de4b554fbb32064cc57fc020c91f7407","isMergeCommit":false,"messageTitle":"Add toString method for AttendanceList","messageBody":"","fileTypesAndContributionMap":{"functional-code":{"insertions":7,"deletions":9}}},{"hash":"567b87b2be4feb52993cb5eda0ff2178a1063659","isMergeCommit":false,"messageTitle":"Add toString method for AttendanceList","messageBody":"","fileTypesAndContributionMap":{"functional-code":{"insertions":3,"deletions":1}}},{"hash":"b22ebe9b5861e69cab6e7a9bba69218d75583527","isMergeCommit":false,"messageTitle":"Add hashcode method for AttendanceList","messageBody":"","fileTypesAndContributionMap":{"functional-code":{"insertions":3,"deletions":0}}},{"hash":"f019759c0a4c18baf43a8841240c76eb0f533a93","isMergeCommit":false,"messageTitle":"Add markAttendance and getAttendance methods for AttendanceList","messageBody":"","fileTypesAndContributionMap":{"functional-code":{"insertions":26,"deletions":20}}},{"hash":"b25ee71400eec46b178d4e249f5aba64b8c88077","isMergeCommit":false,"messageTitle":"Create attendanceRecordTest to test attendanceRecord class","messageBody":"","fileTypesAndContributionMap":{"test-code":{"insertions":5,"deletions":0}}},{"hash":"8ac801926416d4cb4ebbc08f28afe1b3e27bd180","isMergeCommit":false,"messageTitle":"Update comments for clarity","messageBody":"","fileTypesAndContributionMap":{"functional-code":{"insertions":3,"deletions":1},"other":{"insertions":1,"deletions":1}}},{"hash":"1001a17f9259ec5f7d803c56073fc7478fd4e72b","isMergeCommit":false,"messageTitle":"Update equals and hashcode method to fix bug","messageBody":"","fileTypesAndContributionMap":{"functional-code":{"insertions":16,"deletions":6}}},{"hash":"ad80edc39ccb9e41d082c0289a42f6a24a380669","isMergeCommit":false,"messageTitle":"Update method and comments for better logic","messageBody":"","fileTypesAndContributionMap":{"functional-code":{"insertions":7,"deletions":12}}},{"hash":"593629f66cced62049ef8103e89c10c615b04222","isMergeCommit":false,"messageTitle":"Add dependencies","messageBody":"","fileTypesAndContributionMap":{"test-code":{"insertions":48,"deletions":0}}},{"hash":"12da6dc180f72d1b655a0e1601fe38a25483c50b","isMergeCommit":false,"messageTitle":"Add Junit tests","messageBody":"","fileTypesAndContributionMap":{"test-code":{"insertions":65,"deletions":11}}},{"hash":"661ff8b110c7001edbe865b05452c9564825d448","isMergeCommit":false,"messageTitle":"Finalise AttendanceRecord testing","messageBody":"","fileTypesAndContributionMap":{"test-code":{"insertions":8,"deletions":8}}},{"hash":"fb7acf8829b68d2e68ad6a9215abfed4da341c4c","isMergeCommit":false,"messageTitle":"Fixed naming convention error","messageBody":"","fileTypesAndContributionMap":{"test-code":{"insertions":7,"deletions":1}}},{"hash":"1efa06543b51183a84b1bd070a320ee0fb071aa6","isMergeCommit":false,"messageTitle":"Create AttendanceListTest","messageBody":"","fileTypesAndContributionMap":{"test-code":{"insertions":40,"deletions":0}}},{"hash":"9ae9279a25c6385ecef0ecbd5a57163862481c42","isMergeCommit":false,"messageTitle":"Finalise test cases for AttendanceList","messageBody":"","fileTypesAndContributionMap":{"test-code":{"insertions":78,"deletions":8}}}]},{"date":"2025-10-14T00:00:00","commitResults":[{"hash":"0b3606b9676e058d8a3d73b41dcca1a49be4fa02","isMergeCommit":false,"messageTitle":"Remove whitespaces","messageBody":"","fileTypesAndContributionMap":{"functional-code":{"insertions":4,"deletions":4},"docs":{"insertions":4,"deletions":4},"test-code":{"insertions":0,"deletions":2}}},{"hash":"49bcbfbcf905e85693d6e40225c85458df21d34f","isMergeCommit":false,"messageTitle":"Remove whitespaces","messageBody":"","fileTypesAndContributionMap":{"test-code":{"insertions":5,"deletions":5}}},{"hash":"490f70679ab6c303282622364215e1f842d2eb22","isMergeCommit":false,"messageTitle":"Fix naming issue","messageBody":"","fileTypesAndContributionMap":{"test-code":{"insertions":1,"deletions":1}}},{"hash":"d361f185428dee03539357a8f707f875ce25dea0","isMergeCommit":false,"messageTitle":"Fix naming issue","messageBody":"","fileTypesAndContributionMap":{"test-code":{"insertions":1,"deletions":1}}},{"hash":"6250a59dcae305661e5f750528f2dde81ca220f0","isMergeCommit":false,"messageTitle":"Fix naming issue","messageBody":"","fileTypesAndContributionMap":{"test-code":{"insertions":2,"deletions":0}}},{"hash":"9fb0351e6d10f504b96828e7d58c6230a7b1483a","isMergeCommit":false,"messageTitle":"Remove incorrectly-cased attendanceRecordTest.java","messageBody":"","fileTypesAndContributionMap":{"test-code":{"insertions":0,"deletions":109}}},{"hash":"de54b4853be73b8f6fc0b3fdef26f86d3f005a32","isMergeCommit":false,"messageTitle":"Remove unecessary imports in attendanceRecordTest.java","messageBody":"","fileTypesAndContributionMap":{"test-code":{"insertions":0,"deletions":7}}},{"hash":"325688d81e0f7642c356af620b1736dfdfdbe920","isMergeCommit":false,"messageTitle":"Add back AttendanceRecordTest.java","messageBody":"","fileTypesAndContributionMap":{"test-code":{"insertions":3,"deletions":0}}},{"hash":"9ed33cdf16525b23295a8ac6a37b95a5ba64293b","isMergeCommit":false,"messageTitle":"Add back AttendanceRecordTest.java","messageBody":"","fileTypesAndContributionMap":{"test-code":{"insertions":107,"deletions":1}}},{"hash":"9eee1719068cf39aee5ecfa4eec94937c7ea1e99","isMergeCommit":false,"messageTitle":"Remove unecessary imports in AttendanceRecordTest.java","messageBody":"","fileTypesAndContributionMap":{"test-code":{"insertions":0,"deletions":6}}},{"hash":"2680df4cb0d452bd4dc6cb6a0e62b704db157b92","isMergeCommit":true,"messageTitle":"Merge pull request #69 from manishkharthik/v1.3-feat-command-parser","messageBody":"Refactor AddCommandParser to support and delete Student fields and mo…","fileTypesAndContributionMap":{}}]},{"date":"2025-10-16T00:00:00","commitResults":[{"hash":"9721b6fe1d9068edffa355cb18dfc341808e8117","isMergeCommit":true,"messageTitle":"Merge pull request #78 from darrensimmx/testing","messageBody":"Add assertions for Student Class","fileTypesAndContributionMap":{}},{"hash":"28741c1868ec37c78ec0e80a26190e9558dba93f","isMergeCommit":false,"messageTitle":"Update UserGuide","messageBody":"","fileTypesAndContributionMap":{"docs":{"insertions":44,"deletions":37}}},{"hash":"f5ad5a1cd85316fcd65bf764d107870d5abe0056","isMergeCommit":false,"messageTitle":"Add more test for Archive Command","messageBody":"","fileTypesAndContributionMap":{"test-code":{"insertions":29,"deletions":0}}},{"hash":"2c13b515f5ab876c1df2b30aaa8ac6314b5adcfd","isMergeCommit":false,"messageTitle":"Add more test for Archive Command","messageBody":"","fileTypesAndContributionMap":{"test-code":{"insertions":0,"deletions":11}}},{"hash":"f70fda613cd2f9ceed7bb4fc5883df1d4381b93e","isMergeCommit":false,"messageTitle":"Add more test for ListArchive Command","messageBody":"","fileTypesAndContributionMap":{"test-code":{"insertions":20,"deletions":0}}},{"hash":"2958c458608b32085ba5ec99e6c432ceb9427859","isMergeCommit":false,"messageTitle":"Add more test for ListArchive Command","messageBody":"","fileTypesAndContributionMap":{"test-code":{"insertions":0,"deletions":5}}}]},{"date":"2025-10-20T00:00:00","commitResults":[{"hash":"b961fc450c2ed1ea651c0420aaa9a29f93bc8a4d","isMergeCommit":true,"messageTitle":"Merge pull request #95 from darrensimmx/feature/lesson-subjects-class","messageBody":"Add basic functions for class","fileTypesAndContributionMap":{}}]},{"date":"2025-10-21T00:00:00","commitResults":[{"hash":"46eb4f0de67f3cb5b7ee482fe8bdf30ed311289e","isMergeCommit":false,"messageTitle":"Docs: Update User Guide branding from AB3 to TutorTrack","messageBody":"","fileTypesAndContributionMap":{"docs":{"insertions":17,"deletions":1}}},{"hash":"e5dd7230eb1c24013b7e567d97d49dff0cb37c4a","isMergeCommit":false,"messageTitle":"Docs: Add Using this guide and Useful Notations and Glossary sections","messageBody":"","fileTypesAndContributionMap":{"docs":{"insertions":37,"deletions":7}}},{"hash":"29044be03b3d07d7d9a01abcc43ecab7222bd8f0","isMergeCommit":false,"messageTitle":"Feat(model): add AttendanceList field to Student","messageBody":"","fileTypesAndContributionMap":{"functional-code":{"insertions":3,"deletions":6}}},{"hash":"16c843d5bf1b5e0f75a81f2e9d42d379b021384f","isMergeCommit":false,"messageTitle":"Refactor(attendance): make AttendanceRecord use Lesson+Status (remove dateTime identity)","messageBody":"","fileTypesAndContributionMap":{"functional-code":{"insertions":19,"deletions":20}}},{"hash":"874fed3f7e1dda0a94ad43d2d485b91b8d99e32a","isMergeCommit":false,"messageTitle":"Refactor(attendance): make AttendanceRecord use Lesson+Status (remove dateTime identity)","messageBody":"","fileTypesAndContributionMap":{"functional-code":{"insertions":3,"deletions":4}}},{"hash":"f2b8bac7fc6656dba71e26fe7bbe657e020b9ff8","isMergeCommit":false,"messageTitle":"Refactor(attendance): update AttendanceList to use Lesson instead of LocalDateTime","messageBody":"","fileTypesAndContributionMap":{"functional-code":{"insertions":30,"deletions":44}}},{"hash":"0f0fac24ac1af57298a91d2bb9e954071aa5fe9f","isMergeCommit":false,"messageTitle":"Refactor(attendance): update attendance in Student class","messageBody":"","fileTypesAndContributionMap":{"functional-code":{"insertions":3,"deletions":3}}},{"hash":"b27d07651172aec93caa0d6555c5277cb188788e","isMergeCommit":false,"messageTitle":"Refactor(attendance): update attendance in Student class","messageBody":"","fileTypesAndContributionMap":{"functional-code":{"insertions":2,"deletions":2}}},{"hash":"02b91685a3a67f9fc234eab5694cbc19e605892d","isMergeCommit":false,"messageTitle":"Add MarkAttendanceCommand to record student attendance by lesson","messageBody":"","fileTypesAndContributionMap":{"functional-code":{"insertions":139,"deletions":0}}},{"hash":"46ef967f50d5f442a3e48bb8fbd1d98d31c34d8f","isMergeCommit":false,"messageTitle":"Add new student specific prefix","messageBody":"","fileTypesAndContributionMap":{"functional-code":{"insertions":3,"deletions":1}}},{"hash":"64c962bd79eadaf75e8f53d7b2871b22516879ae","isMergeCommit":false,"messageTitle":"Update AddCommand to reflect new changes to attendance","messageBody":"","fileTypesAndContributionMap":{"functional-code":{"insertions":17,"deletions":22}}},{"hash":"7e51a25020add1d3f7f9d3f0e63f9c3b4c87d231","isMergeCommit":false,"messageTitle":"Refactor(parser): remove attendance from AddCommandParser and align with AddCommand","messageBody":"","fileTypesAndContributionMap":{"functional-code":{"insertions":20,"deletions":35}}},{"hash":"8a6403bfe715aacc962404a6c3bf9e9916b363a4","isMergeCommit":false,"messageTitle":"Create MarkAttendanceCommand parser","messageBody":"","fileTypesAndContributionMap":{"functional-code":{"insertions":72,"deletions":0}}},{"hash":"b17553d445fcf773c30fbf145f8cbb24c2ab04fa","isMergeCommit":false,"messageTitle":"Update AddressBook parser","messageBody":"","fileTypesAndContributionMap":{"functional-code":{"insertions":5,"deletions":0}}},{"hash":"097830387078bb9faccff76aa54fb6fea356a227","isMergeCommit":true,"messageTitle":"Merge pull request #106 from manishkharthik/feat-deletelesson","messageBody":"Feat deletelesson","fileTypesAndContributionMap":{}},{"hash":"87dbfe8e5e86075d906d2e73df5c36af17a0d2ae","isMergeCommit":true,"messageTitle":"Merge branch \u0027master\u0027 into branch-feat-Attendance","messageBody":"","fileTypesAndContributionMap":{}},{"hash":"fa12454a35f30847c7ce6c45d17efeb8f227021f","isMergeCommit":false,"messageTitle":"Update MarkAttendanceCommandParser logic","messageBody":"","fileTypesAndContributionMap":{"functional-code":{"insertions":1,"deletions":1}}},{"hash":"61c34e90e492aa4f6dc7b745885fe1c4a9431669","isMergeCommit":false,"messageTitle":"Refactor(parser): update ParserUtil for lesson-based attendance and remove legacy date logic","messageBody":"","fileTypesAndContributionMap":{"functional-code":{"insertions":33,"deletions":15}}}]},{"date":"2025-10-22T00:00:00","commitResults":[{"hash":"bc61329b1dfeec3238ad9e767e448fe3ad95c818","isMergeCommit":false,"messageTitle":"Feat(storage): update JsonAdaptedPerson to support Lesson-based attendance records","messageBody":"","fileTypesAndContributionMap":{"functional-code":{"insertions":33,"deletions":94}}},{"hash":"d4dded56dc16bd12530295dfaf03202d1ab4537e","isMergeCommit":false,"messageTitle":"EditCommand: drop attendance editing and align with Student constructor","messageBody":"","fileTypesAndContributionMap":{"functional-code":{"insertions":58,"deletions":141}}},{"hash":"2a9f672b7ac384e941d64eebafd06058b6c98953","isMergeCommit":false,"messageTitle":"EditCommandParser: remove attendance parsing (att/) to align with new attendance flow","messageBody":"","fileTypesAndContributionMap":{"functional-code":{"insertions":13,"deletions":20}}},{"hash":"55c2913d9d687407a2255cd9e13a57f238ad98bd","isMergeCommit":false,"messageTitle":"Fix checkstyle error","messageBody":"","fileTypesAndContributionMap":{"functional-code":{"insertions":73,"deletions":21}}},{"hash":"28b2a84656825dc3936bf851626c8f91488e177a","isMergeCommit":true,"messageTitle":"Merge branch \u0027master\u0027 into branch-feat-Attendance Update Attendance Feature","messageBody":"","fileTypesAndContributionMap":{}},{"hash":"93e0700afc1d30c009353b5df34157fd65f7fd2d","isMergeCommit":false,"messageTitle":"Update Junit test in AttendanceListTest","messageBody":"","fileTypesAndContributionMap":{"test-code":{"insertions":47,"deletions":49}}},{"hash":"488cd2ef562ee94427769e9ce0ad579e7c00ae28","isMergeCommit":false,"messageTitle":"Update Junit test in AttendanceRecordTest","messageBody":"","fileTypesAndContributionMap":{"test-code":{"insertions":52,"deletions":67}}},{"hash":"f356ef3e54f486f012aadcf5f99cc2d711aa76a4","isMergeCommit":false,"messageTitle":"Update Junit test in JsonAdaptedPersonTest","messageBody":"","fileTypesAndContributionMap":{"test-code":{"insertions":12,"deletions":6}}},{"hash":"b16a3c830fbdf2459fde44e94bbb7425beccf1f7","isMergeCommit":false,"messageTitle":"Create MarkAttendanceCommandTest Junit test","messageBody":"","fileTypesAndContributionMap":{"test-code":{"insertions":172,"deletions":0}}},{"hash":"10258bb4af1fe4472fb6a7fa785c4ac846ce67e6","isMergeCommit":false,"messageTitle":"Update MarkAttendanceCommandTest Junit test","messageBody":"","fileTypesAndContributionMap":{"test-code":{"insertions":8,"deletions":8}}},{"hash":"6097a16b6c3e89e557c31857310f2ef9236f57c4","isMergeCommit":false,"messageTitle":"Create MarkAttendanceCommandParserTest Junit test","messageBody":"","fileTypesAndContributionMap":{"test-code":{"insertions":76,"deletions":0}}},{"hash":"6732b4dc3b3f736d75dc69f71168fafce682b51a","isMergeCommit":false,"messageTitle":"Fix checkstyle error","messageBody":"","fileTypesAndContributionMap":{"functional-code":{"insertions":5,"deletions":5},"docs":{"insertions":24,"deletions":24}}},{"hash":"c696efba83ae9d6605f72b35d5ae2686c138a7d1","isMergeCommit":false,"messageTitle":"Fix checkstyle errors","messageBody":"","fileTypesAndContributionMap":{"functional-code":{"insertions":19,"deletions":11}}},{"hash":"90bbe8056d0046c25af4df0864c065d52f1a898e","isMergeCommit":false,"messageTitle":"Fix naming error","messageBody":"","fileTypesAndContributionMap":{"functional-code":{"insertions":21,"deletions":25}}},{"hash":"71241221a4b0eb37a57a129b72c1f2dc5a5fb446","isMergeCommit":true,"messageTitle":"Merge pull request #115 from darrensimmx/fix/storage-stylecheck","messageBody":"Fix stylecheck Storage","fileTypesAndContributionMap":{}},{"hash":"7c47ed6f256ac77a513679b3c1ce90095ef039df","isMergeCommit":false,"messageTitle":"Update attendance test files","messageBody":"","fileTypesAndContributionMap":{"functional-code":{"insertions":1,"deletions":1},"test-code":{"insertions":72,"deletions":121}}},{"hash":"da61730527e9d07d62304bec8677490af7dac015","isMergeCommit":true,"messageTitle":"Merge pull request #117 from darrensimmx/fix/student-studentList-testcases","messageBody":"Fix Student and StudentList Test Cases","fileTypesAndContributionMap":{}}]},{"date":"2025-10-23T00:00:00","commitResults":[{"hash":"761803fcb644d032d7a2ecf2d9c3a4431764d2a0","isMergeCommit":true,"messageTitle":"Merge pull request #121 from abhatia2003/branch-v1.4-errorCorrection2","messageBody":"Branch v1.4 EditCommandTest, EditPersonDescriptorTest, EditPersonDescriptorBuilder","fileTypesAndContributionMap":{}},{"hash":"0d2b2d36d39dca56661b7d71cc9bb7699520b651","isMergeCommit":true,"messageTitle":"Merge pull request #119 from manishkharthik/fix-StudentBuilder-test","messageBody":"Change attendance list tp match updated student constructor","fileTypesAndContributionMap":{}},{"hash":"6a899c7fc25df8974ecab27f686eb63969bddb4b","isMergeCommit":true,"messageTitle":"Merge branch \u0027master\u0027 into branch-v1.4-errorCorrection1","messageBody":"","fileTypesAndContributionMap":{}},{"hash":"48f8d4ed7d8b445ee6473081598f7e2ee4afe2a7","isMergeCommit":true,"messageTitle":"Merge pull request #116 from abhatia2003/branch-v1.4-errorCorrection1","messageBody":"Branch v1.4 MarkAttendanceCommandTest","fileTypesAndContributionMap":{}},{"hash":"11ecd3b6d12b9d744e61e085a1c4b2d2fc4369cf","isMergeCommit":false,"messageTitle":"Fix checkstyle errors","messageBody":"","fileTypesAndContributionMap":{"test-code":{"insertions":3,"deletions":80}}},{"hash":"2cbac017152fe98f1c1afe743cdd899e9c0c7b5b","isMergeCommit":false,"messageTitle":"Fix bugs","messageBody":"","fileTypesAndContributionMap":{"test-code":{"insertions":106,"deletions":85}}},{"hash":"6b1a1dbd757664ba08eb1a3927deff738f2c741b","isMergeCommit":false,"messageTitle":"Fix bugs for v1.4","messageBody":"","fileTypesAndContributionMap":{"functional-code":{"insertions":57,"deletions":12}}},{"hash":"ced74f580e00827f6202719baa864449608d2cfb","isMergeCommit":false,"messageTitle":"Fix bugs for v1.4","messageBody":"","fileTypesAndContributionMap":{"functional-code":{"insertions":1,"deletions":4}}},{"hash":"e923d677ccd463de4a9175d9098ad0ecec314c6b","isMergeCommit":true,"messageTitle":"Merge branch \u0027master\u0027 into branch-bug-fix Merge from upstream","messageBody":"","fileTypesAndContributionMap":{}}]},{"date":"2025-10-24T00:00:00","commitResults":[{"hash":"202c54928193fec0553204334bf0e63e3d3d45f2","isMergeCommit":true,"messageTitle":"Merge pull request #134 from zhonggruii/v1.5-EditUG","messageBody":"Edit Subject Class Diagram","fileTypesAndContributionMap":{}},{"hash":"9a49f6510fa9d1c6f379970a0d9c7ecaf71abf22","isMergeCommit":false,"messageTitle":"Update UML to include AttendanceRecord and AttendanceList","messageBody":"","fileTypesAndContributionMap":{"docs":{"insertions":7,"deletions":0}}},{"hash":"a9d5674db9ac6babe1aae390bb44f3a27313f030","isMergeCommit":false,"messageTitle":"Update UML to include AttendanceRecord and AttendanceList","messageBody":"","fileTypesAndContributionMap":{"docs":{"insertions":1,"deletions":1}}}]}],"abhatia2003":[{"date":"2025-09-25T00:00:00","commitResults":[{"hash":"369e5a33930fcff28c1359de35a446e0b2a6ff06","isMergeCommit":true,"messageTitle":"Merge pull request #8 from manishkharthik/add-photo","messageBody":"Add photo (Manish)","fileTypesAndContributionMap":{}},{"hash":"50a4c08ea1a0963e4bcaac3c1bcc6cc96f0a938d","isMergeCommit":false,"messageTitle":"Update AboutUs Page (Aayush)","messageBody":"","fileTypesAndContributionMap":{"docs":{"insertions":3,"deletions":3}}}]},{"date":"2025-09-26T00:00:00","commitResults":[{"hash":"e7299821944199d1e532a0a836c0311a7f1e4c92","isMergeCommit":true,"messageTitle":"Merge pull request #16 from manishkharthik/add-aboutus","messageBody":"Make change to AboutUs.md","fileTypesAndContributionMap":{}}]},{"date":"2025-09-28T00:00:00","commitResults":[{"hash":"0bbb9aa92fced1d43056f54e488f66d28fed8747","isMergeCommit":false,"messageTitle":"Update README.md","messageBody":"Added in the relevant details for TutorTrack.\n","fileTypesAndContributionMap":{"docs":{"insertions":18,"deletions":11}}},{"hash":"26acd12bfba2b36e58e5923b61d28bbdbc7e21f2","isMergeCommit":true,"messageTitle":"Merge pull request #26 from abhatia2003/master","messageBody":"Update README.md Fixes #25","fileTypesAndContributionMap":{}},{"hash":"90b32d69f4267913eb0fb2ab1766a613896dc0ea","isMergeCommit":false,"messageTitle":"Revert \"Update README.md Fixes #25\"","messageBody":"","fileTypesAndContributionMap":{"docs":{"insertions":11,"deletions":18}}},{"hash":"05958f6bebd23676db61f658a7a9a5d8414fe6e3","isMergeCommit":true,"messageTitle":"Merge pull request #27 from AY2526S1-CS2103T-W13-2/revert-26-master","messageBody":"Revert \"Update README.md Fixes #25\"","fileTypesAndContributionMap":{}},{"hash":"1c8e0a40cd5d305e6298ef04d2c816b147ab883c","isMergeCommit":false,"messageTitle":"Update README.md","messageBody":"","fileTypesAndContributionMap":{"docs":{"insertions":1,"deletions":1}}},{"hash":"c093d2fe3c1dbb47f1afdd436cb0815b1d51c143","isMergeCommit":true,"messageTitle":"Merge branch \u0027master\u0027 of https://github.com/AY2526S1-CS2103T-W13-2/tp into branch-v1.1-readme","messageBody":"","fileTypesAndContributionMap":{}},{"hash":"0480d2c83decb1f4f15f18ce654e6cb81d4497f0","isMergeCommit":true,"messageTitle":"Merge pull request #28 from abhatia2003/branch-v1.1-readme","messageBody":"Branch v1.1 readme Fixes #25","fileTypesAndContributionMap":{}}]},{"date":"2025-09-30T00:00:00","commitResults":[{"hash":"5f79a2d6660f4eca9cec0c32cb9eb46a90303fc5","isMergeCommit":true,"messageTitle":"Merge pull request #29 from zhonggruii/Add-NfrAndUseCase","messageBody":"Add Non Functional Requirement and Use Case Fixes #22","fileTypesAndContributionMap":{}}]},{"date":"2025-10-04T00:00:00","commitResults":[{"hash":"2ed53c0d1e0b7d834fba1b078eb82df35f2a180d","isMergeCommit":true,"messageTitle":"Merge pull request #40 from darrensimmx/Product-Scope","messageBody":"","fileTypesAndContributionMap":{}}]},{"date":"2025-10-09T00:00:00","commitResults":[{"hash":"fce97ac9f8c8f652d9d0b00baab0e6bc15682c17","isMergeCommit":true,"messageTitle":"Merge pull request #49 from darrensimmx/feature/add-student","messageBody":"Add adding function for MVP","fileTypesAndContributionMap":{}},{"hash":"c1b40277291a9186211aeebf725e13f5c318532f","isMergeCommit":false,"messageTitle":"Update Storage fields for logging","messageBody":"","fileTypesAndContributionMap":{"functional-code":{"insertions":154,"deletions":49}}},{"hash":"2f3b06bea5d1fff84c7480c772d1f1ca843b356d","isMergeCommit":false,"messageTitle":"Update with checkstyle requirements","messageBody":"","fileTypesAndContributionMap":{"functional-code":{"insertions":55,"deletions":12}}},{"hash":"95125bc793c002eada934be7f2708a87e7847015","isMergeCommit":false,"messageTitle":"Update test files","messageBody":"","fileTypesAndContributionMap":{"functional-code":{"insertions":37,"deletions":30},"test-code":{"insertions":153,"deletions":18}}},{"hash":"c8c4f39b23fe80984c466c657727e995ea2cde14","isMergeCommit":false,"messageTitle":"Update errors","messageBody":"","fileTypesAndContributionMap":{"functional-code":{"insertions":73,"deletions":16}}}]},{"date":"2025-10-13T00:00:00","commitResults":[{"hash":"12ece614673f9e7632194af83f73db4faab55add","isMergeCommit":true,"messageTitle":"Merge pull request #65 from darrensimmx/feature/attendance","messageBody":"Add class for attendance and student list","fileTypesAndContributionMap":{}},{"hash":"68c2ad8e7daec499c4e2d7260dee405d9b3e9579","isMergeCommit":false,"messageTitle":"Update Student and StudentList","messageBody":"Added updates to the Student and StudentList classes, with test cases to\ncheck for errors and ensure everything is working.\n","fileTypesAndContributionMap":{"functional-code":{"insertions":192,"deletions":98},"test-code":{"insertions":282,"deletions":71}}}]},{"date":"2025-10-14T00:00:00","commitResults":[{"hash":"647ecda766413ba44509ce471768f70e96485072","isMergeCommit":false,"messageTitle":"Update Student to include Attendance","messageBody":"","fileTypesAndContributionMap":{"functional-code":{"insertions":46,"deletions":59},"test-code":{"insertions":21,"deletions":8}}},{"hash":"cce5f31eff27de5e1efaa6d19210e27c6457da75","isMergeCommit":false,"messageTitle":"Update test files","messageBody":"","fileTypesAndContributionMap":{"functional-code":{"insertions":6,"deletions":6}}}]},{"date":"2025-10-20T00:00:00","commitResults":[{"hash":"f7067073905100c4ad8f38544f6c5d8939b890b8","isMergeCommit":false,"messageTitle":"Update EditCommand","messageBody":"Edit Command now accepts students, but is still not fully functional,\ndue to preexisting bugs.\n","fileTypesAndContributionMap":{"functional-code":{"insertions":138,"deletions":8}}},{"hash":"9a6ec279b0ae8ba500142a738cc6814a4b1102c6","isMergeCommit":false,"messageTitle":"Update parseSubjects","messageBody":"","fileTypesAndContributionMap":{"functional-code":{"insertions":3,"deletions":1}}}]},{"date":"2025-10-21T00:00:00","commitResults":[{"hash":"88e3398116dd354709b16e8164e575951bdfa485","isMergeCommit":false,"messageTitle":"Update EditCommand (Bug Free)","messageBody":"","fileTypesAndContributionMap":{"functional-code":{"insertions":76,"deletions":16}}},{"hash":"e97874808d4a5020defaf773100f91a3658a2d12","isMergeCommit":false,"messageTitle":"Update editCommand with no errors","messageBody":"","fileTypesAndContributionMap":{"functional-code":{"insertions":19,"deletions":12},"test-code":{"insertions":7,"deletions":1}}},{"hash":"af7c7534085685f9c074be75c25bbcd6090a529e","isMergeCommit":false,"messageTitle":"Update editCommand for Student","messageBody":"","fileTypesAndContributionMap":{"functional-code":{"insertions":0,"deletions":5}}},{"hash":"810359e7034ec380f8f6034fe0b111365a732b88","isMergeCommit":false,"messageTitle":"Fix Test Coverage (Partial)","messageBody":"","fileTypesAndContributionMap":{"test-code":{"insertions":294,"deletions":90}}},{"hash":"8339f2286dc11ccacf50c7138ea869f708c8011b","isMergeCommit":false,"messageTitle":"Increase coverage with more tests","messageBody":"","fileTypesAndContributionMap":{"test-code":{"insertions":378,"deletions":24}}},{"hash":"f59e6ee4e31dd7bf6e375fa54d9ba242d50199c7","isMergeCommit":false,"messageTitle":"Update Tests for Windows","messageBody":"","fileTypesAndContributionMap":{"test-code":{"insertions":0,"deletions":46}}},{"hash":"6aeca41708664522973e62dfe567bb575a9c46d3","isMergeCommit":false,"messageTitle":"Update User Guide","messageBody":"Added in new images and details for edit, archive, listarchive and clear\ncommands.\n","fileTypesAndContributionMap":{"docs":{"insertions":142,"deletions":14}}},{"hash":"993d9ebb082aaece3f46e33ab096e84a7b6bef01","isMergeCommit":false,"messageTitle":"Update UserGuide","messageBody":"","fileTypesAndContributionMap":{"docs":{"insertions":13,"deletions":13}}},{"hash":"cac78507ee9ae2115baa86696a6aac67fbae8459","isMergeCommit":false,"messageTitle":"Update Clear Command Images","messageBody":"","fileTypesAndContributionMap":{"docs":{"insertions":3,"deletions":3}}},{"hash":"d2904aa77a75c1aa610c7d7bd63cf0378f46e091","isMergeCommit":true,"messageTitle":"Merge pull request #113 from abhatia2003/branch-v1.4-userGuideClearCommand","messageBody":"Update Clear Command Images","fileTypesAndContributionMap":{}},{"hash":"f5ddbc42b5a1b455668e5b299a747995af8dca81","isMergeCommit":false,"messageTitle":"Update Caution field","messageBody":"","fileTypesAndContributionMap":{"docs":{"insertions":1,"deletions":1}}},{"hash":"189b1df59526e6f1f1aec2aab89d9ff6aa6f7914","isMergeCommit":true,"messageTitle":"Merge pull request #114 from abhatia2003/branch-v1.4-userGuideClearCommand","messageBody":"Update Caution field","fileTypesAndContributionMap":{}},{"hash":"e7f0c40cffc2635326e143495951c9fcd319d6f6","isMergeCommit":false,"messageTitle":"Update User Guide","messageBody":"Added in new images and details for edit, archive, listarchive and clear\ncommands.\n","fileTypesAndContributionMap":{"docs":{"insertions":141,"deletions":13}}},{"hash":"5e24962ae1c3e0dcdedcce9c72edcbb4cbb7b47e","isMergeCommit":false,"messageTitle":"Update UserGuide","messageBody":"","fileTypesAndContributionMap":{"docs":{"insertions":13,"deletions":13}}},{"hash":"ae7fd6bbff9fefc5e492595c5eae222ae7fbae3a","isMergeCommit":false,"messageTitle":"Update Clear Command Images","messageBody":"","fileTypesAndContributionMap":{"docs":{"insertions":3,"deletions":3}}},{"hash":"249cc40571389a8b6e3eed1a24768aa1d84d12c0","isMergeCommit":false,"messageTitle":"Update Caution field","messageBody":"","fileTypesAndContributionMap":{"docs":{"insertions":1,"deletions":1}}}]},{"date":"2025-10-22T00:00:00","commitResults":[{"hash":"2e3daa2a2a003701cd13964556896354082aa4b4","isMergeCommit":true,"messageTitle":"Merge pull request #107 from Mesutantonio/branch-feat-Attendance","messageBody":"Branch feat attendance","fileTypesAndContributionMap":{}},{"hash":"6012a2daf9aa67a5e8826af88ecafea0d04520d3","isMergeCommit":false,"messageTitle":"Update Main","messageBody":"","fileTypesAndContributionMap":{"functional-code":{"insertions":40,"deletions":14}}},{"hash":"2c9cbb7d038c227abc42f9a37518b6db97370a3d","isMergeCommit":false,"messageTitle":"Update MarkAttendanceCommandTest","messageBody":"","fileTypesAndContributionMap":{"functional-code":{"insertions":12,"deletions":9},"test-code":{"insertions":44,"deletions":40}}},{"hash":"e57d2b5b1f92ff5960e13d241ced6c2ebed2dd19","isMergeCommit":false,"messageTitle":"Update CheckStyle Errors","messageBody":"","fileTypesAndContributionMap":{"functional-code":{"insertions":40,"deletions":14}}},{"hash":"489cdb70df62adc6920cd745930efa073bccd418","isMergeCommit":false,"messageTitle":"Update execute_editStudentAttendance_success()","messageBody":"","fileTypesAndContributionMap":{"test-code":{"insertions":6,"deletions":1}}},{"hash":"1e5dedf229b57e04803541e1e1c95d653c7d902f","isMergeCommit":false,"messageTitle":"Update editCommand classes and tests","messageBody":"","fileTypesAndContributionMap":{"functional-code":{"insertions":12,"deletions":0},"test-code":{"insertions":23,"deletions":12}}},{"hash":"c6812124a5870ca47e47abc010154fac64e0425f","isMergeCommit":false,"messageTitle":"Deconflict merge conflicts","messageBody":"","fileTypesAndContributionMap":{"functional-code":{"insertions":11,"deletions":0}}}]},{"date":"2025-10-23T00:00:00","commitResults":[{"hash":"08e27a80b942a19eea49f843816e47d8d248e87c","isMergeCommit":true,"messageTitle":"Merge pull request #122 from Mesutantonio/branch-bug-fix","messageBody":"Fix checkstyle errors","fileTypesAndContributionMap":{}},{"hash":"9d66c7a368b773773a10657626a9d4b47c7b8596","isMergeCommit":true,"messageTitle":"Merge pull request #123 from Mesutantonio/branch-bug-fix","messageBody":"Branch bug fix","fileTypesAndContributionMap":{}},{"hash":"54580ddd9b61618a4f3c61227a9a7dbdd3355280","isMergeCommit":true,"messageTitle":"Merge pull request #124 from zhonggruii/Add-v1.4Tests","messageBody":"Add test cases","fileTypesAndContributionMap":{}},{"hash":"014b5b38cb924e3562f5113fd1258085ea71efad","isMergeCommit":false,"messageTitle":"Update enableAssertions","messageBody":"","fileTypesAndContributionMap":{"other":{"insertions":1,"deletions":1}}},{"hash":"6b96df2646e283d993bfa9e08ddcc1ff1b0d8f54","isMergeCommit":false,"messageTitle":"Update bug fix for Emergency Contact","messageBody":"","fileTypesAndContributionMap":{"functional-code":{"insertions":1,"deletions":1}}}]},{"date":"2025-10-25T00:00:00","commitResults":[{"hash":"d8ed6cd4ee7630d32a6643b2fdf25bcb2a55cedc","isMergeCommit":true,"messageTitle":"Merge pull request #137 from darrensimmx/docs/UML-diagram","messageBody":"Add Lesson List and Subject to UML diagram","fileTypesAndContributionMap":{}},{"hash":"dd89961a6a69990bcd6935320d28a3b039e11d14","isMergeCommit":false,"messageTitle":"Update UML Diagram","messageBody":"","fileTypesAndContributionMap":{"docs":{"insertions":6,"deletions":0}}}]}],"manishkharthik":[{"date":"2025-09-25T00:00:00","commitResults":[{"hash":"7a10eef08a656b075a543e0d6f98e95ad437c31b","isMergeCommit":true,"messageTitle":"Merge pull request #7 from abhatia2003/master","messageBody":"Add Aayush\u0027s Photo","fileTypesAndContributionMap":{}}]},{"date":"2025-09-26T00:00:00","commitResults":[{"hash":"d0fd33b968997b2fd439e5c73436d15c5e8caa60","isMergeCommit":false,"messageTitle":"Make change to AboutUs.md","messageBody":"","fileTypesAndContributionMap":{"docs":{"insertions":3,"deletions":3}}},{"hash":"9c1c4cd2d633255bbcad7c8de58c729a7c9d7dd5","isMergeCommit":true,"messageTitle":"Merge branch \u0027master\u0027 into master","messageBody":"","fileTypesAndContributionMap":{}},{"hash":"f268285858b57f087705f8f66779b18549f86d55","isMergeCommit":false,"messageTitle":"Update site-wide settings","messageBody":"","fileTypesAndContributionMap":{"other":{"insertions":1,"deletions":1}}},{"hash":"2a2489d8461ea4a02c8caf1f0c9b0924c3718ac9","isMergeCommit":true,"messageTitle":"Merge pull request #23 from manishkharthik/add-site-settings","messageBody":"Update site-wide settings","fileTypesAndContributionMap":{}}]},{"date":"2025-10-03T00:00:00","commitResults":[{"hash":"19893fabb9dd27d9fad72dd9bdf21970fc3fca67","isMergeCommit":false,"messageTitle":"Ready for AB3 tutorial 2","messageBody":"","fileTypesAndContributionMap":{"docs":{"insertions":0,"deletions":1}}},{"hash":"d4856a1b08445ec383769c6c370491a47970ee60","isMergeCommit":true,"messageTitle":"Merge pull request #39 from manishkharthik/tutorial-adding-command","messageBody":"Ready for AB3 tutorial 2 - Manish","fileTypesAndContributionMap":{}}]},{"date":"2025-10-09T00:00:00","commitResults":[{"hash":"6818998f753e6e58fcbb061330775961082d661b","isMergeCommit":false,"messageTitle":"Add ArchiveCommand and ArchiveCommandParser","messageBody":"","fileTypesAndContributionMap":{"functional-code":{"insertions":132,"deletions":0},"docs":{"insertions":14,"deletions":0}}},{"hash":"f78ff60a160bed372674d53358cadf1a354a4be9","isMergeCommit":false,"messageTitle":"Comply with Checkstyle to clear testing","messageBody":"","fileTypesAndContributionMap":{"test-code":{"insertions":5,"deletions":0}}},{"hash":"708d1f5ef97658821c0bdac6e73fd4cb5e9c5bf5","isMergeCommit":true,"messageTitle":"Merge pull request #56 from abhatia2003/branch-v1.2-updated-storage","messageBody":"Branch v1.2 updated storage Fixes #47","fileTypesAndContributionMap":{}}]},{"date":"2025-10-14T00:00:00","commitResults":[{"hash":"07b134244c52ad724947b327864896000c35bd3a","isMergeCommit":false,"messageTitle":"Refactor AddCommandParser to support and delete Student fields and modify tests","messageBody":"","fileTypesAndContributionMap":{"functional-code":{"insertions":225,"deletions":108},"test-code":{"insertions":46,"deletions":229}}}]},{"date":"2025-10-15T00:00:00","commitResults":[{"hash":"cb999e0021a8e474a1e0bd7846955567919da7a4","isMergeCommit":true,"messageTitle":"Merge pull request #70 from zhonggruii/Add-v1.3","messageBody":"Add test cases for AddCommand, ArchiveCommand, ArchiveCommandParser closes #60","fileTypesAndContributionMap":{}}]},{"date":"2025-10-16T00:00:00","commitResults":[{"hash":"4f16b4e5305eb2bd3aeee49290b12a25e949b788","isMergeCommit":true,"messageTitle":"Merge pull request #79 from Mesutantonio/branch-update-UserGuide","messageBody":"Update UserGuide","fileTypesAndContributionMap":{}}]},{"date":"2025-10-20T00:00:00","commitResults":[{"hash":"f91f642887cbba0ebd95c66c04afdc91925feba9","isMergeCommit":false,"messageTitle":"Modify delete command documentation","messageBody":"","fileTypesAndContributionMap":{"other":{"insertions":9,"deletions":4},"docs":{"insertions":9,"deletions":3}}}]},{"date":"2025-10-21T00:00:00","commitResults":[{"hash":"948a2a6e71928a01b15fdd8ce78f82a053818684","isMergeCommit":false,"messageTitle":"Link images in docs/images to command examples in User Guide","messageBody":"","fileTypesAndContributionMap":{"docs":{"insertions":4,"deletions":4}}},{"hash":"16e8fdfdc3246b35c0f6c3f7ec7b7928f70485ac","isMergeCommit":true,"messageTitle":"Merge pull request #99 from zhonggruii/Add-Unarchive","messageBody":"Add unarchive","fileTypesAndContributionMap":{}},{"hash":"69c3bf2fc7b9c96f963b59d52b0e8eab8254f970","isMergeCommit":true,"messageTitle":"Merge pull request #97 from zhonggruii/Edit-UG","messageBody":"Edit UG for add, help, list","fileTypesAndContributionMap":{}},{"hash":"0e336e48884e77a78e5287e37660eacdaa6e1345","isMergeCommit":true,"messageTitle":"Merge branch \u0027master\u0027 into feature/lesson-subjects-class","messageBody":"","fileTypesAndContributionMap":{}},{"hash":"d82728583c8227d4eff2ea6d8bdd5d9294c70643","isMergeCommit":true,"messageTitle":"Merge pull request #96 from darrensimmx/feature/lesson-subjects-class","messageBody":"Add Test coverage for new commands and parser","fileTypesAndContributionMap":{}},{"hash":"3e3fa0308e1b52e43f9d3795900cff297dc7d8ed","isMergeCommit":false,"messageTitle":"Update model for lesson commands","messageBody":"","fileTypesAndContributionMap":{"functional-code":{"insertions":3,"deletions":0}}},{"hash":"dfe2162bf76797a31b6ce662818cd3c9647c1493","isMergeCommit":false,"messageTitle":"Lesson commands: Add parsers and delete feature","messageBody":"Currently, the system only supports adding and listing lessons. There is\nno command to delete lessons or to parse user input for that feature.\n\nThis limits lesson management and prevents users from cleaning up their\nsubject lesson lists when lessons are no longer needed.\n\nChanges made:\n* add DeleteLessonCommand and DeleteLessonCommandParser\n* improve AddLessonCommandParser and ListLessonsCommandParser for\n  consistent validation\n* define corresponding model methods (hasLesson, addLesson, deleteLesson)\n  to support the new command\n\nThis change completes the lesson management flow (Add → List → Delete)\nand improves the overall usability of the lesson feature.\n","fileTypesAndContributionMap":{"functional-code":{"insertions":120,"deletions":1}}},{"hash":"851e714f84381d6e815df5a74450aae48bbee372","isMergeCommit":false,"messageTitle":"Make improvements to pass gradlew build","messageBody":"","fileTypesAndContributionMap":{"functional-code":{"insertions":2,"deletions":2},"test-code":{"insertions":9,"deletions":0}}},{"hash":"a77ff1df7addc7362fc1d6a55ed38b7fa38c4463","isMergeCommit":false,"messageTitle":"Fix to ensure delete lesson command is working","messageBody":"","fileTypesAndContributionMap":{"functional-code":{"insertions":66,"deletions":2},"test-code":{"insertions":5,"deletions":0}}},{"hash":"e44ca7294e13379b08b49d17c0b773052e052c47","isMergeCommit":false,"messageTitle":"Add testing for deletelesson and deletelesson parser, and ensure compliance with gradlew build","messageBody":"","fileTypesAndContributionMap":{"functional-code":{"insertions":0,"deletions":2},"test-code":{"insertions":95,"deletions":0}}},{"hash":"e187f9c0cda72cc83e865acf006f01fb56f768fa","isMergeCommit":true,"messageTitle":"Merge pull request #100 from manishkharthik/fix-user-guide-delete","messageBody":"Modify delete command documentation","fileTypesAndContributionMap":{}},{"hash":"29404e465190003882a5c39ac6366620e0f0aa89","isMergeCommit":false,"messageTitle":"Change to display image for delete command in UG","messageBody":"","fileTypesAndContributionMap":{"docs":{"insertions":1,"deletions":1}}},{"hash":"ae281219a15aef90df030ccc3d1a660c395ec7a3","isMergeCommit":false,"messageTitle":"Edit delete documentation in User Guide to include before and after images for clarity","messageBody":"","fileTypesAndContributionMap":{"docs":{"insertions":6,"deletions":3}}},{"hash":"6d21d57bdb833a13ac240d83fe9e60f9ad7cd42f","isMergeCommit":true,"messageTitle":"Merge pull request #112 from manishkharthik/fix-UG-delete-image","messageBody":"Edit delete documentation in User Guide to include before and after i…","fileTypesAndContributionMap":{}},{"hash":"94a0f29fbd01b978c627c355548c735c8e43ed2c","isMergeCommit":true,"messageTitle":"Merge pull request #111 from abhatia2003/branch-v1.4-userGuide","messageBody":"Branch v1.4 User Guide Fixes #91","fileTypesAndContributionMap":{}},{"hash":"39568518aa94c1bddbe4316715de6ea48e75d76b","isMergeCommit":false,"messageTitle":"Change to display image for delete command in UG","messageBody":"","fileTypesAndContributionMap":{"docs":{"insertions":1,"deletions":1}}},{"hash":"994d6455f5858bf2cb70ae66dcbf28add34a044d","isMergeCommit":false,"messageTitle":"Edit delete documentation in User Guide to include before and after images for clarity","messageBody":"","fileTypesAndContributionMap":{"docs":{"insertions":6,"deletions":3}}}]},{"date":"2025-10-22T00:00:00","commitResults":[{"hash":"a192980c740e75df7981cc2028c26174427091cf","isMergeCommit":false,"messageTitle":"Change attendance list tp match updated student constructor","messageBody":"","fileTypesAndContributionMap":{"test-code":{"insertions":2,"deletions":2}}}]},{"date":"2025-10-23T00:00:00","commitResults":[{"hash":"d4136856cc6c9ea836fd4215830d0d3d481b58c7","isMergeCommit":true,"messageTitle":"Merge pull request #125 from abhatia2003/branch-v1.4-enableAssertions","messageBody":"Update enableAssertions","fileTypesAndContributionMap":{}}]},{"date":"2025-10-25T00:00:00","commitResults":[{"hash":"1330639df1bd693fc2d3e76b3be28cf7a6f7fe56","isMergeCommit":false,"messageTitle":"Made change to UML diagram for ModelClassDiagram","messageBody":"","fileTypesAndContributionMap":{"docs":{"insertions":3,"deletions":0}}},{"hash":"a1712cb58f188b488627221f386f58c67033c8ba","isMergeCommit":false,"messageTitle":"Fix checkstyle error","messageBody":"","fileTypesAndContributionMap":{"docs":{"insertions":2,"deletions":2}}},{"hash":"3c27c6554d62376a9ff7e2190e98995ed3a806d7","isMergeCommit":true,"messageTitle":"Merge pull request #136 from manishkharthik/UML-changes","messageBody":"Made change to UML diagram for ModelClassDiagram","fileTypesAndContributionMap":{}}]}],"darrensimmx":[{"date":"2025-09-25T00:00:00","commitResults":[{"hash":"07a1beda3d93f8b8a3079f367d98b8a0ec831a32","isMergeCommit":true,"messageTitle":"Merge pull request #10 from Mesutantonio/Add-photo","messageBody":"Add photo for Anthony Chow","fileTypesAndContributionMap":{}},{"hash":"423394cd88abbf69609cc7b94e7fadd841c55b8d","isMergeCommit":false,"messageTitle":"Add about us","messageBody":"","fileTypesAndContributionMap":{"docs":{"insertions":3,"deletions":3}}}]},{"date":"2025-09-26T00:00:00","commitResults":[{"hash":"b432f2570147f81a38985c4900960414e90ac3e3","isMergeCommit":true,"messageTitle":"Merge pull request #2 from darrensimmx/add-aboutUs","messageBody":"Add about us","fileTypesAndContributionMap":{}},{"hash":"2e628a985bb8b758f67310fdf1e0475272943cf3","isMergeCommit":true,"messageTitle":"Merge pull request #14 from abhatia2003/master","messageBody":"Update AboutUs Page (Aayush)","fileTypesAndContributionMap":{}},{"hash":"0f206f13a58af51115beec06d29c154e0f7c97cf","isMergeCommit":true,"messageTitle":"Merge pull request #19 from darrensimmx/master","messageBody":"Update aboutUs (Darren)","fileTypesAndContributionMap":{}}]},{"date":"2025-09-30T00:00:00","commitResults":[{"hash":"6468db5f34a35321dab2bac1ba73d91073aa95a3","isMergeCommit":false,"messageTitle":"Add one User story","messageBody":"","fileTypesAndContributionMap":{"docs":{"insertions":10,"deletions":9}}},{"hash":"a96b441edec8674f165693b3b1f97db57fa6be20","isMergeCommit":false,"messageTitle":"Merge cells","messageBody":"","fileTypesAndContributionMap":{"docs":{"insertions":1,"deletions":1}}},{"hash":"ebdb954a338c52a6b840fcb4c9b0f7b734ef8129","isMergeCommit":false,"messageTitle":"Add User Story for Novice Users","messageBody":"","fileTypesAndContributionMap":{"docs":{"insertions":16,"deletions":9}}},{"hash":"b3d8272d04b9899f86cb247a2d6c51304eae911f","isMergeCommit":false,"messageTitle":"Add Semi-Experienced User Stories","messageBody":"","fileTypesAndContributionMap":{"docs":{"insertions":26,"deletions":16}}},{"hash":"2048bccb746ab0d3454150f9d8a61575fd48e323","isMergeCommit":false,"messageTitle":"Add Experienced User Stories","messageBody":"","fileTypesAndContributionMap":{"docs":{"insertions":32,"deletions":25}}},{"hash":"c080110b601b1ae582730d941cd587ffa02f1b8d","isMergeCommit":true,"messageTitle":"Merge pull request #3 from darrensimmx/User-Stories","messageBody":"User stories","fileTypesAndContributionMap":{}}]},{"date":"2025-10-04T00:00:00","commitResults":[{"hash":"34f9caffb445447631c15b6c448d256c1a03bfed","isMergeCommit":false,"messageTitle":"Update Product Scope","messageBody":"","fileTypesAndContributionMap":{"docs":{"insertions":9,"deletions":7}}}]},{"date":"2025-10-08T00:00:00","commitResults":[{"hash":"df6aeb82dba5a39c34690ddb23acbfffba1799e4","isMergeCommit":true,"messageTitle":"Merge branch \u0027master\u0027 of https://github.com/darrensimmx/tp","messageBody":"","fileTypesAndContributionMap":{}},{"hash":"24029dc0fcdbeee8a28304ed6a97b15b9a30eb61","isMergeCommit":false,"messageTitle":"Update fields of form when adding user","messageBody":"","fileTypesAndContributionMap":{"functional-code":{"insertions":29,"deletions":7}}}]},{"date":"2025-10-09T00:00:00","commitResults":[{"hash":"a78b09daa03d16bb45d66a17a4020b99236b6f59","isMergeCommit":false,"messageTitle":"Fix formatting issues","messageBody":"","fileTypesAndContributionMap":{"functional-code":{"insertions":6,"deletions":2}}},{"hash":"02e9717c51e936c3747caf1248083d66219983cf","isMergeCommit":false,"messageTitle":"Add Test Cases for coverage","messageBody":"","fileTypesAndContributionMap":{"test-code":{"insertions":55,"deletions":0}}},{"hash":"7d5f2a770bd0ca176b1bf1637bdfb14a19e10adf","isMergeCommit":false,"messageTitle":"Solve cross platform issues","messageBody":"","fileTypesAndContributionMap":{"test-code":{"insertions":4,"deletions":4}}}]},{"date":"2025-10-10T00:00:00","commitResults":[{"hash":"0b0ce6f202e26d3aab76563d784c6cda14b666eb","isMergeCommit":true,"messageTitle":"Merge pull request #57 from Mesutantonio/branch-ViewFeature","messageBody":"Branch view feature","fileTypesAndContributionMap":{}}]},{"date":"2025-10-13T00:00:00","commitResults":[{"hash":"d55d495181292085fbb641d35a7f147d2c30df32","isMergeCommit":false,"messageTitle":"Add class for attendance and student list","messageBody":"","fileTypesAndContributionMap":{"functional-code":{"insertions":278,"deletions":0}}},{"hash":"17ddafdefe60acda755b2ba592afeef933fb3fd8","isMergeCommit":true,"messageTitle":"Merge pull request #66 from abhatia2003/branch-v1.3-student","messageBody":"Update Student and StudentList Fixes #59","fileTypesAndContributionMap":{}}]},{"date":"2025-10-14T00:00:00","commitResults":[{"hash":"ad64ba6cb7b26b336bc56d439bee3cd1d17c867c","isMergeCommit":true,"messageTitle":"Merge pull request #67 from Mesutantonio/branch-Attendance","messageBody":"Branch attendance","fileTypesAndContributionMap":{}},{"hash":"7c0aa1203e95dc7d7023ad2d7997f4eb5b1824ca","isMergeCommit":true,"messageTitle":"Merge pull request #68 from abhatia2003/branch-v1.3-attendanceList","messageBody":"Branch v1.3 attendance list Fixes #61","fileTypesAndContributionMap":{}}]},{"date":"2025-10-15T00:00:00","commitResults":[{"hash":"1a65963d34c12a11da77341df54590cd613d7880","isMergeCommit":false,"messageTitle":"Add test coverage for Student.java","messageBody":"","fileTypesAndContributionMap":{"test-code":{"insertions":87,"deletions":6}}},{"hash":"85a41f058879dd2d7c6110065de7da41a35b243b","isMergeCommit":false,"messageTitle":"Add test coverage for students","messageBody":"","fileTypesAndContributionMap":{"test-code":{"insertions":61,"deletions":43}}},{"hash":"d3e7bab01191c7003126fa7e9d0d5dca878fb23a","isMergeCommit":true,"messageTitle":"Merge pull request #72 from zhonggruii/Add-ViewArchive","messageBody":"Add view archive","fileTypesAndContributionMap":{}}]},{"date":"2025-10-16T00:00:00","commitResults":[{"hash":"ecf035736aa9cc78a4b0a4d551b850cafd3db978","isMergeCommit":false,"messageTitle":"Add Test Coverage for UniquePersonList","messageBody":"","fileTypesAndContributionMap":{"test-code":{"insertions":64,"deletions":0}}},{"hash":"cbebf4545667214ee4263834e1eb9464e8e93470","isMergeCommit":true,"messageTitle":"Merge pull request #76 from zhonggruii/Add-v1.3AssertionsForCommand","messageBody":"Add assertions for command closes #75","fileTypesAndContributionMap":{}},{"hash":"5f9401e914c1f7ece3e93327861f7001fa728b99","isMergeCommit":false,"messageTitle":"Add assertions for Student Class","messageBody":"","fileTypesAndContributionMap":{"functional-code":{"insertions":73,"deletions":8},"test-code":{"insertions":282,"deletions":152}}},{"hash":"430268c4fcf7c203c7d396ab4514000250e4762b","isMergeCommit":false,"messageTitle":"Add Assertion","messageBody":"","fileTypesAndContributionMap":{"test-code":{"insertions":113,"deletions":0}}}]},{"date":"2025-10-20T00:00:00","commitResults":[{"hash":"5ae47e17cf63013ebfe785661fb3020031887207","isMergeCommit":false,"messageTitle":"Add basic class for lesson, lessonList and Subject","messageBody":"","fileTypesAndContributionMap":{"functional-code":{"insertions":293,"deletions":0}}},{"hash":"c4cee63648db78b69b7446234bd3b488f14bb5e4","isMergeCommit":false,"messageTitle":"Fix Chekckstyle","messageBody":"","fileTypesAndContributionMap":{"functional-code":{"insertions":6,"deletions":31}}},{"hash":"79d916ae2a05441f0390315b4020f22ca7cd41e9","isMergeCommit":false,"messageTitle":"Fix stylecheck","messageBody":"","fileTypesAndContributionMap":{"functional-code":{"insertions":2,"deletions":2}}},{"hash":"d85c72a076416b87434f4bae637a09c2101201d4","isMergeCommit":false,"messageTitle":"Fix stylecheck","messageBody":"","fileTypesAndContributionMap":{"functional-code":{"insertions":0,"deletions":1}}},{"hash":"5059e2c8f26db55bcd75d5344a1889af20240ce0","isMergeCommit":false,"messageTitle":"Add basic functions for class","messageBody":"","fileTypesAndContributionMap":{"functional-code":{"insertions":108,"deletions":5}}},{"hash":"d2e3263c7ebb90a3cf2c27ad8aaf101a2a64c891","isMergeCommit":false,"messageTitle":"Add Test coverage for new commands and parser","messageBody":"","fileTypesAndContributionMap":{"functional-code":{"insertions":321,"deletions":1},"test-code":{"insertions":337,"deletions":31}}},{"hash":"89396590a7b776459e57ac441358fd4805761d0e","isMergeCommit":false,"messageTitle":"Update UserGuide Find Section","messageBody":"","fileTypesAndContributionMap":{"functional-code":{"insertions":8,"deletions":12},"docs":{"insertions":7,"deletions":3}}}]},{"date":"2025-10-21T00:00:00","commitResults":[{"hash":"13309d36a2cf8fdfbe0e797325e10486eb77fea6","isMergeCommit":true,"messageTitle":"Merge pull request #98 from darrensimmx/docs/user-guide-edit-find","messageBody":"Docs/user-guide-edit-find","fileTypesAndContributionMap":{}},{"hash":"616cd4f7183e109f024b4441070340d5ec1106a0","isMergeCommit":true,"messageTitle":"Merge pull request #109 from manishkharthik/fix-delete-UG","messageBody":"Change to display image for delete command in UG","fileTypesAndContributionMap":{}}]},{"date":"2025-10-22T00:00:00","commitResults":[{"hash":"52b00c1c7db086b7e44ed5868c385e0ae0f07f44","isMergeCommit":false,"messageTitle":"Fix stylecheck Storage","messageBody":"","fileTypesAndContributionMap":{"functional-code":{"insertions":51,"deletions":14}}},{"hash":"39eaf9a080f4a41902b3dfc9863e1f0a6c1253c7","isMergeCommit":false,"messageTitle":"Fix Student and StudentList Test Cases","messageBody":"","fileTypesAndContributionMap":{"test-code":{"insertions":0,"deletions":53}}},{"hash":"b550d354be2b8ed61c5145c25ed4ccae6eb6a010","isMergeCommit":true,"messageTitle":"Merge pull request #118 from Mesutantonio/branch-test-attendance","messageBody":"Update attendance test files","fileTypesAndContributionMap":{}}]},{"date":"2025-10-24T00:00:00","commitResults":[{"hash":"834aeb3c6be878b2d7a9e772b0b8b629446ad4e0","isMergeCommit":true,"messageTitle":"Merge pull request #135 from Mesutantonio/branch-updateUML","messageBody":"Update UML Class Diagram","fileTypesAndContributionMap":{}}]},{"date":"2025-10-25T00:00:00","commitResults":[{"hash":"e6480448554ff4e738b5da1259f6f27ae83c68af","isMergeCommit":false,"messageTitle":"Add Lesson List and Subject to UML diagram","messageBody":"","fileTypesAndContributionMap":{"docs":{"insertions":4,"deletions":0}}}]}]},"authorFileTypeContributionMap":{"zhonggruii":{"docs":185,"functional-code":488,"test-code":1800,"other":8},"Mesutantonio":{"docs":104,"functional-code":491,"test-code":513},"abhatia2003":{"docs":164,"functional-code":388,"test-code":845,"other":1},"manishkharthik":{"docs":28,"functional-code":482,"test-code":152,"other":11},"darrensimmx":{"docs":53,"functional-code":976,"test-code":826}},"authorContributionVariance":{"zhonggruii":35570.242,"Mesutantonio":64598.39,"abhatia2003":65495.77,"manishkharthik":12746.028,"darrensimmx":48626.96},"authorDisplayNameMap":{"zhonggruii":"CS2103T-W13-2 LEE .. RUI","Mesutantonio":"CS2103T-W13-2 CHOW..HONY","abhatia2003":"CS2103T-W13-2 AAYU..ATIA","manishkharthik":"CS2103T-W13-2 MANI..URAI","darrensimmx":"CS2103T-W13-2 SIM ..RREN"}}
